run11156.mid.gz 3513390 False 3513390
run11158.mid.gz 463020300 False 463020300
run11166.mid.gz 1080218277 False 1080218277
run11167.mid.gz 1080752903 False 1080752903
run11172.mid.gz 381482394 False 381482394
run11173.mid.gz 382413773 False 382413773
run11180.mid.gz 389141123 False 389141123
run11181.mid.gz 392282909 False 392282909
run11183.mid.gz 388284480 False 388284480
run11185.mid.gz 391995735 False 391995735
run11186.mid.gz 392774825 False 392774825
run11187.mid.gz 380373371 False 380373371
run11188.mid.gz 388319676 False 388319676
run11189.mid.gz 391661445 False 391661445
run11190.mid.gz 388007386 False 388007386
run11192.mid.gz 402121747 False 402121747
run11193.mid.gz 394641153 False 394641153
run11194.mid.gz 395150468 False 395150468
run11195.mid.gz 410760250 False 410760250
run11196.mid.gz 403817188 False 403817188
run11197.mid.gz 403635136 False 403635136
run11199.mid.gz 406573599 False 406573599
run11200.mid.gz 401881259 False 401881259
run11201.mid.gz 407606509 False 407606509
run11202.mid.gz 411621185 False 411621185
run11203.mid.gz 411495164 False 411495164
run11204.mid.gz 408924210 False 408924210
run11205.mid.gz 400670594 False 400670594
run11206.mid.gz 411517065 False 411517065
run11207.mid.gz 405708797 False 405708797
run11209.mid.gz 401494054 False 401494054
run11211.mid.gz 413401542 False 413401542
run11212.mid.gz 412824966 False 412824966
run11213.mid.gz 407258658 False 407258658
run11214.mid.gz 412177217 False 412177217
run11215.mid.gz 404873452 False 404873452
run11216.mid.gz 414033954 False 414033954
run11217.mid.gz 411513178 False 411513178
run11218.mid.gz 406712031 False 406712031
run11219.mid.gz 421323158 False 421323158
run11220.mid.gz 421781072 False 421781072
run11222.mid.gz 414807013 False 414807013
run11223.mid.gz 408765035 False 408765035
run11225.mid.gz 414159590 False 414159590
run11226.mid.gz 416420631 False 416420631
run11227.mid.gz 404857048 False 404857048
run11228.mid.gz 404820650 False 404820650
run11229.mid.gz 411884506 False 411884506
run11230.mid.gz 414263489 False 414263489
run11231.mid.gz 405513590 False 405513590
run11233.mid.gz 411972194 False 411972194
run11234.mid.gz 408031420 False 408031420
run11235.mid.gz 416045580 False 416045580
run11236.mid.gz 417596070 False 417596070
run11237.mid.gz 404610022 False 404610022
run11238.mid.gz 405617342 False 405617342
run11240.mid.gz 411883384 False 411883384
run11242.mid.gz 415857276 False 415857276
run11243.mid.gz 404952715 False 404952715
run11244.mid.gz 406485090 False 406485090
run11245.mid.gz 414571591 False 414571591
run11246.mid.gz 404581930 False 404581930
run11247.mid.gz 411107386 False 411107386
run11248.mid.gz 412992045 False 412992045
run11249.mid.gz 420205760 False 420205760
run11250.mid.gz 415687556 False 415687556
run11251.mid.gz 746317052 False 746317052
run11253.mid.gz 743007112 False 743007112
run11254.mid.gz 862196788 False 862196788
run11255.mid.gz 862164107 False 862164107
run11259.mid.gz 862172127 False 862172127
run11263.mid.gz 118764184 False 118764184
run11264.mid.gz 555494257 False 555494257
run11267.mid.gz 101653661 False 101653661
run11268.mid.gz 101676383 False 101676383
run11269.mid.gz 101682228 False 101682228
run11270.mid.gz 103898437 False 103898437
run11254.mid.gz 862196788 False 862196788
run11259.mid.gz 862172127 False 862172127
run11263.mid.gz 118764184 False 118764184
run11264.mid.gz 555494257 False 555494257
run11268.mid.gz 101676383 False 101676383
run11269.mid.gz 101682228 False 101682228
run11270.mid.gz 103898437 False 103898437
run11296.mid.gz 43293799 False 43293799
run11297.mid.gz 43295886 False 43295886
run11298.mid.gz 43298633 False 43298633
run11299.mid.gz 43296030 False 43296030
run11300.mid.gz 43293369 False 43293369
run11308.mid.gz 107759123 False 107759123
run11309.mid.gz 107769257 False 107769257
run11310.mid.gz 107764465 False 107764465
run11315.mid.gz 55289279 False 55289279
run11316.mid.gz 110540580 False 110540580
run11317.mid.gz 110546838 False 110546838
run11318.mid.gz 110541373 False 110541373
run11319.mid.gz 109659910 False 109659910
run11320.mid.gz 109620387 False 109620387
run11321.mid.gz 109660328 False 109660328
run11329.mid.gz 407099552 False 407099552
run11330.mid.gz 403132360 False 403132360
run11331.mid.gz 403184141 False 403184141
run11332.mid.gz 403084970 False 403084970
run11333.mid.gz 404982260 False 404982260
run11334.mid.gz 403010667 False 403010667
run11335.mid.gz 402833940 False 402833940
run11336.mid.gz 402901289 False 402901289
run11337.mid.gz 402963059 False 402963059
run11338.mid.gz 402771111 False 402771111
run11339.mid.gz 932212804 False 932212804
run11340.mid.gz 932217007 False 932217007
run11341.mid.gz 932351267 False 932351267
run11342.mid.gz 45137 False 45137
run11344.mid.gz 201324508 False 201324508
run11345.mid.gz 201189240 False 201189240
run11346.mid.gz 201230577 False 201230577
run11347.mid.gz 201150929 False 201150929
run11348.mid.gz 201106713 False 201106713
run11349.mid.gz 191946942 False 191946942
run11350.mid.gz 201196564 False 201196564
run11351.mid.gz 18328972 False 18328972
run11353.mid.gz 202475778 False 202475778
run11354.mid.gz 201268353 False 201268353
run11345.mid.gz 201189240 False 201189240
run11346.mid.gz 201230577 False 201230577
run11347.mid.gz 201150929 False 201150929
run11348.mid.gz 201106713 False 201106713
run11349.mid.gz 191946942 False 191946942
run11350.mid.gz 201196564 False 201196564
run11351.mid.gz 18328972 False 18328972
run11353.mid.gz 202475778 False 202475778
run11354.mid.gz 201268353 False 201268353
run11355.mid.gz 201142568 False 201142568
run11356.mid.gz 201122303 False 201122303
run11357.mid.gz 201141864 False 201141864
run11358.mid.gz 202847232 False 202847232
run11359.mid.gz 201216819 False 201216819
run11360.mid.gz 201170658 False 201170658
run11361.mid.gz 201145846 False 201145846
run11362.mid.gz 201068233 False 201068233
run11365.mid.gz 12362261 False 12362261
run11368.mid.gz 45057 False 45057
run11369.mid.gz 16526240 False 16526240
run11370.mid.gz 307005562 False 307005562
run11371.mid.gz 765974148 False 765974148
run11373.mid.gz 53847996 False 53847996
run11375.mid.gz 147455274 False 147455274
run11377.mid.gz 47938046 False 47938046
run11378.mid.gz 37400048 False 37400048
run11379.mid.gz 41106644 False 41106644
run11380.mid.gz 37416932 False 37416932
run11381.mid.gz 44249101 False 44249101
run11382.mid.gz 44242001 False 44242001
run11383.mid.gz 743877912 False 743877912
run11384.mid.gz 37296605 False 37296605
run11385.mid.gz 37589824 False 37589824
run11386.mid.gz 373293850 False 373293850
run11387.mid.gz 380842394 False 380842394
run11388.mid.gz 380784757 False 380784757
run11389.mid.gz 376821452 False 376821452
run11390.mid.gz 372931396 False 372931396
run11391.mid.gz 373122108 False 373122108
run11392.mid.gz 377059605 False 377059605
run11393.mid.gz 380609827 False 380609827
run11394.mid.gz 376926209 False 376926209
run11395.mid.gz 376838017 False 376838017
run11396.mid.gz 380962283 False 380962283
run11397.mid.gz 376851132 False 376851132
run11398.mid.gz 384467549 False 384467549
run11399.mid.gz 380735949 False 380735949
run11400.mid.gz 380419286 False 380419286
run11401.mid.gz 376818065 False 376818065
run11402.mid.gz 377240435 False 377240435
run11403.mid.gz 373119624 False 373119624
run11404.mid.gz 380408545 False 380408545
run11405.mid.gz 380589596 False 380589596
run11406.mid.gz 380568154 False 380568154
run11407.mid.gz 376689605 False 376689605
run11408.mid.gz 373074954 False 373074954
run11409.mid.gz 377020335 False 377020335
run11410.mid.gz 373222355 False 373222355
run11411.mid.gz 380892338 False 380892338
run11412.mid.gz 377049460 False 377049460
run11413.mid.gz 373399836 False 373399836
run11414.mid.gz 380450660 False 380450660
run11415.mid.gz 376795319 False 376795319
run11416.mid.gz 376863421 False 376863421
run11417.mid.gz 373135522 False 373135522
run11418.mid.gz 380749566 False 380749566
run11419.mid.gz 384471124 False 384471124
run11420.mid.gz 373167016 False 373167016
run11421.mid.gz 377209678 False 377209678
run11422.mid.gz 377122212 False 377122212
run11423.mid.gz 381073299 False 381073299
run11424.mid.gz 376797838 False 376797838
run11425.mid.gz 373657161 False 373657161
run11426.mid.gz 384553468 False 384553468
run11427.mid.gz 373441533 False 373441533
run11428.mid.gz 377268139 False 377268139
run11429.mid.gz 373585396 False 373585396
run11430.mid.gz 373222457 False 373222457
run11431.mid.gz 380758426 False 380758426
run11432.mid.gz 376674103 False 376674103
run11433.mid.gz 373609909 False 373609909
run11434.mid.gz 373425369 False 373425369
run11435.mid.gz 376905017 False 376905017
run11436.mid.gz 377152184 False 377152184
run11437.mid.gz 380603273 False 380603273
run11438.mid.gz 381013711 False 381013711
run11439.mid.gz 380759717 False 380759717
run11440.mid.gz 372955690 False 372955690
run11441.mid.gz 376866287 False 376866287
run11442.mid.gz 377002992 False 377002992
run11443.mid.gz 373007680 False 373007680
run11444.mid.gz 373097425 False 373097425
run11445.mid.gz 380823160 False 380823160
run11446.mid.gz 380650296 False 380650296
run11447.mid.gz 377148983 False 377148983
run11448.mid.gz 377215921 False 377215921
run11449.mid.gz 384599346 False 384599346
run11450.mid.gz 372998643 False 372998643
run11451.mid.gz 377166984 False 377166984
run11452.mid.gz 376672812 False 376672812
run11453.mid.gz 388154787 False 388154787
run11454.mid.gz 380607641 False 380607641
run11455.mid.gz 377171179 False 377171179
run11456.mid.gz 372976656 False 372976656
run11457.mid.gz 380707289 False 380707289
run11458.mid.gz 376755116 False 376755116
run11459.mid.gz 377038265 False 377038265
run11460.mid.gz 376627290 False 376627290
run11461.mid.gz 373128811 False 373128811
run11462.mid.gz 384718313 False 384718313
run11463.mid.gz 380566343 False 380566343
run11464.mid.gz 381075965 False 381075965
run11465.mid.gz 376866040 False 376866040
run11466.mid.gz 373259069 False 373259069
run11467.mid.gz 384647026 False 384647026
run11468.mid.gz 376851215 False 376851215
run11469.mid.gz 377017383 False 377017383
run11470.mid.gz 388109275 False 388109275
run11471.mid.gz 373197383 False 373197383
run11472.mid.gz 373116849 False 373116849
run11473.mid.gz 376956535 False 376956535
run11474.mid.gz 377137111 False 377137111
run11475.mid.gz 377177858 False 377177858
run11476.mid.gz 377288516 False 377288516
run11477.mid.gz 377032541 False 377032541
run11478.mid.gz 373261751 False 373261751
run11479.mid.gz 380675302 False 380675302
run11480.mid.gz 373371220 False 373371220
run11481.mid.gz 380696406 False 380696406
run11482.mid.gz 380320205 False 380320205
run11483.mid.gz 380573391 False 380573391
run11484.mid.gz 373201263 False 373201263
run11485.mid.gz 384401128 False 384401128
run11486.mid.gz 377071313 False 377071313
run11487.mid.gz 377032589 False 377032589
run11488.mid.gz 380790799 False 380790799
run11489.mid.gz 376728050 False 376728050
run11490.mid.gz 376797812 False 376797812
run11491.mid.gz 373299743 False 373299743
run11492.mid.gz 384074775 False 384074775
run11493.mid.gz 377241033 False 377241033
run11494.mid.gz 384286436 False 384286436
run11495.mid.gz 373409370 False 373409370
run11496.mid.gz 373244303 False 373244303
run11497.mid.gz 377203077 False 377203077
run11498.mid.gz 376909067 False 376909067
run11499.mid.gz 377134079 False 377134079
run11500.mid.gz 380913431 False 380913431
run11501.mid.gz 377062421 False 377062421
run11502.mid.gz 376824832 False 376824832
run11503.mid.gz 373318907 False 373318907
run11504.mid.gz 380726993 False 380726993
run11505.mid.gz 377071022 False 377071022
run11506.mid.gz 377196861 False 377196861
run11507.mid.gz 377040242 False 377040242
run11508.mid.gz 373709340 False 373709340
run11509.mid.gz 373758022 False 373758022
run11510.mid.gz 384665921 False 384665921
run11511.mid.gz 377769036 False 377769036
run11512.mid.gz 377077480 False 377077480
run11513.mid.gz 373832013 False 373832013
run11514.mid.gz 381155488 False 381155488
run11515.mid.gz 373491151 False 373491151
run11516.mid.gz 380766081 False 380766081
run11517.mid.gz 377523880 False 377523880
run11518.mid.gz 377028299 False 377028299
run11519.mid.gz 376944352 False 376944352
run11520.mid.gz 373737348 False 373737348
run11521.mid.gz 376902278 False 376902278
run11522.mid.gz 380780590 False 380780590
run11523.mid.gz 377111850 False 377111850
run11524.mid.gz 384787861 False 384787861
run11525.mid.gz 380875710 False 380875710
run11526.mid.gz 377464022 False 377464022
run11527.mid.gz 381199519 False 381199519
run11528.mid.gz 373678701 False 373678701
run11529.mid.gz 380922279 False 380922279
run11530.mid.gz 377400386 False 377400386
run11531.mid.gz 373425335 False 373425335
run11532.mid.gz 384760015 False 384760015
run11533.mid.gz 377076774 False 377076774
run11534.mid.gz 374132388 False 374132388
run11535.mid.gz 380905436 False 380905436
run11536.mid.gz 373195571 False 373195571
run11537.mid.gz 376973963 False 376973963
run11538.mid.gz 377034121 False 377034121
run11539.mid.gz 380834278 False 380834278
run11540.mid.gz 376857659 False 376857659
run11541.mid.gz 380696851 False 380696851
run11542.mid.gz 380712913 False 380712913
run11543.mid.gz 377229067 False 377229067
run11544.mid.gz 376824727 False 376824727
run11545.mid.gz 377046108 False 377046108
run11546.mid.gz 373663545 False 373663545
run11547.mid.gz 377531945 False 377531945
run11548.mid.gz 381032941 False 381032941
run11549.mid.gz 384223275 False 384223275
run11550.mid.gz 373093151 False 373093151
run11551.mid.gz 380711290 False 380711290
run11552.mid.gz 380855308 False 380855308
run11553.mid.gz 373303589 False 373303589
run11554.mid.gz 377508580 False 377508580
run11555.mid.gz 373254274 False 373254274
run11556.mid.gz 380850415 False 380850415
run11557.mid.gz 376952044 False 376952044
run11558.mid.gz 377881807 False 377881807
run11559.mid.gz 384524002 False 384524002
run11560.mid.gz 373298729 False 373298729
run11561.mid.gz 376967498 False 376967498
run11562.mid.gz 376998332 False 376998332
run11563.mid.gz 372953178 False 372953178
run11564.mid.gz 384401591 False 384401591
run11565.mid.gz 380888629 False 380888629
run11566.mid.gz 376987977 False 376987977
run11567.mid.gz 380598753 False 380598753
run11568.mid.gz 373591723 False 373591723
run11569.mid.gz 380730253 False 380730253
run11570.mid.gz 373468474 False 373468474
run11571.mid.gz 380779313 False 380779313
run11572.mid.gz 373202127 False 373202127
run11573.mid.gz 380626911 False 380626911
run11574.mid.gz 373854426 False 373854426
run11575.mid.gz 376808655 False 376808655
run11576.mid.gz 373054799 False 373054799
run11577.mid.gz 380620112 False 380620112
run11578.mid.gz 381045925 False 381045925
run11579.mid.gz 373327509 False 373327509
run11580.mid.gz 384527760 False 384527760
run11581.mid.gz 376969603 False 376969603
run11582.mid.gz 384704560 False 384704560
run11583.mid.gz 373641791 False 373641791
run11584.mid.gz 377174404 False 377174404
run11585.mid.gz 377084847 False 377084847
run11586.mid.gz 376869683 False 376869683
run11587.mid.gz 377663206 False 377663206
run11588.mid.gz 377045758 False 377045758
run11589.mid.gz 373477475 False 373477475
run11590.mid.gz 376716626 False 376716626
run11591.mid.gz 373196149 False 373196149
run11592.mid.gz 377149076 False 377149076
run11593.mid.gz 376997141 False 376997141
run11594.mid.gz 376837491 False 376837491
run11595.mid.gz 373003219 False 373003219
run11596.mid.gz 373624970 False 373624970
run11597.mid.gz 380879335 False 380879335
run11598.mid.gz 376813365 False 376813365
run11599.mid.gz 384422024 False 384422024
run11600.mid.gz 376877195 False 376877195
run11601.mid.gz 381135765 False 381135765
run11602.mid.gz 376844833 False 376844833
run11603.mid.gz 377173033 False 377173033
run11604.mid.gz 373493171 False 373493171
run11605.mid.gz 376980138 False 376980138
run11606.mid.gz 376999542 False 376999542
run11607.mid.gz 377095610 False 377095610
run11608.mid.gz 377035582 False 377035582
run11609.mid.gz 373268301 False 373268301
run11610.mid.gz 376953613 False 376953613
run11611.mid.gz 384454856 False 384454856
run11612.mid.gz 380612630 False 380612630
run11613.mid.gz 380560209 False 380560209
run11614.mid.gz 384469805 False 384469805
run11615.mid.gz 373124081 False 373124081
run11616.mid.gz 392201583 False 392201583
run11617.mid.gz 373312645 False 373312645
run11618.mid.gz 376982763 False 376982763
run11619.mid.gz 373662844 False 373662844
run11620.mid.gz 380843136 False 380843136
run11621.mid.gz 376846310 False 376846310
run11622.mid.gz 381127266 False 381127266
run11623.mid.gz 373214512 False 373214512
run11624.mid.gz 377235793 False 377235793
run11625.mid.gz 373330598 False 373330598
run11626.mid.gz 384268458 False 384268458
run11627.mid.gz 376939335 False 376939335
run11628.mid.gz 384695948 False 384695948
run11629.mid.gz 387880071 False 387880071
run11630.mid.gz 380999431 False 380999431
run11631.mid.gz 376811166 False 376811166
run11632.mid.gz 373425490 False 373425490
run11633.mid.gz 387943133 False 387943133
run11634.mid.gz 376945687 False 376945687
run11635.mid.gz 381011292 False 381011292
run11636.mid.gz 751208318 False 751208318
run11637.mid.gz 377254887 False 377254887
run11638.mid.gz 377091538 False 377091538
run11639.mid.gz 373375933 False 373375933
run11640.mid.gz 380693363 False 380693363
run11641.mid.gz 373499965 False 373499965
run11642.mid.gz 384486761 False 384486761
run11643.mid.gz 376715851 False 376715851
run11644.mid.gz 380507958 False 380507958
run11645.mid.gz 384692356 False 384692356
run11646.mid.gz 372892836 False 372892836
run11647.mid.gz 376716586 False 376716586
run11648.mid.gz 380595276 False 380595276
run11649.mid.gz 377201609 False 377201609
run11650.mid.gz 377049647 False 377049647
run11651.mid.gz 373218184 False 373218184
run11652.mid.gz 377120854 False 377120854
run11653.mid.gz 377030031 False 377030031
run11654.mid.gz 384193085 False 384193085
run11655.mid.gz 380666399 False 380666399
run11656.mid.gz 373256092 False 373256092
run11657.mid.gz 373314190 False 373314190
run11658.mid.gz 384462015 False 384462015
run11659.mid.gz 384156751 False 384156751
run11660.mid.gz 377212594 False 377212594
run11661.mid.gz 376993538 False 376993538
run11662.mid.gz 376740643 False 376740643
run11663.mid.gz 384373275 False 384373275
run11664.mid.gz 380957116 False 380957116
run11665.mid.gz 381066397 False 381066397
run11666.mid.gz 380800965 False 380800965
run11667.mid.gz 377237204 False 377237204
run11668.mid.gz 377175939 False 377175939
run11669.mid.gz 376741779 False 376741779
run11670.mid.gz 376727014 False 376727014
run11671.mid.gz 377159566 False 377159566
run11672.mid.gz 380844602 False 380844602
run11673.mid.gz 373714305 False 373714305
run11674.mid.gz 373640154 False 373640154
run11675.mid.gz 380576962 False 380576962
run11676.mid.gz 377328708 False 377328708
run11677.mid.gz 373534619 False 373534619
run11678.mid.gz 381288744 False 381288744
run11679.mid.gz 377404202 False 377404202
run11680.mid.gz 373818580 False 373818580
run11681.mid.gz 381408077 False 381408077
run11682.mid.gz 377335568 False 377335568
run11683.mid.gz 384822598 False 384822598
run11684.mid.gz 373438467 False 373438467
run11685.mid.gz 377298113 False 377298113
run11686.mid.gz 373700837 False 373700837
run11687.mid.gz 743818956 False 743818956
run11688.mid.gz 376719085 False 376719085
run11689.mid.gz 376560131 False 376560131
run11690.mid.gz 380314904 False 380314904
run11691.mid.gz 376609818 False 376609818
run11692.mid.gz 376803824 False 376803824
run11693.mid.gz 372862615 False 372862615
run11694.mid.gz 376778763 False 376778763
run11695.mid.gz 380284917 False 380284917
run11696.mid.gz 372919493 False 372919493
run11697.mid.gz 372765930 False 372765930
run11698.mid.gz 380712313 False 380712313
run11699.mid.gz 376851741 False 376851741
run11700.mid.gz 376811735 False 376811735
run11701.mid.gz 376505116 False 376505116
run11702.mid.gz 380646818 False 380646818
run11703.mid.gz 373077588 False 373077588
run11704.mid.gz 384262059 False 384262059
run11705.mid.gz 380196810 False 380196810
run11706.mid.gz 380583020 False 380583020
run11707.mid.gz 384091559 False 384091559
run11708.mid.gz 380578533 False 380578533
run11709.mid.gz 376975541 False 376975541
run11710.mid.gz 384216955 False 384216955
run11711.mid.gz 384346916 False 384346916
run11712.mid.gz 376667122 False 376667122
run11713.mid.gz 376552281 False 376552281
run11714.mid.gz 376856081 False 376856081
run11715.mid.gz 373106305 False 373106305
run11716.mid.gz 373316332 False 373316332
run11717.mid.gz 380159579 False 380159579
run11718.mid.gz 385079424 False 385079424
run11719.mid.gz 373344395 False 373344395
run11720.mid.gz 373131918 False 373131918
run11721.mid.gz 377130612 False 377130612
run11722.mid.gz 380384143 False 380384143
run11723.mid.gz 373022916 False 373022916
run11724.mid.gz 380836813 False 380836813
run11725.mid.gz 377249179 False 377249179
run11726.mid.gz 377252820 False 377252820
run11727.mid.gz 373320741 False 373320741
run11728.mid.gz 750937737 False 750937737
run11729.mid.gz 376823502 False 376823502
run11730.mid.gz 376425200 False 376425200
run11731.mid.gz 376444933 False 376444933
run11732.mid.gz 376716483 False 376716483
run11733.mid.gz 372530137 False 372530137
run11734.mid.gz 383797277 False 383797277
run11735.mid.gz 380111339 False 380111339
run11736.mid.gz 376366848 False 376366848
run11737.mid.gz 376164013 False 376164013
run11738.mid.gz 376322994 False 376322994
run11739.mid.gz 376673715 False 376673715
run11740.mid.gz 373050847 False 373050847
run11741.mid.gz 227451355 False 227451355
run11742.mid.gz 376404290 False 376404290
run11743.mid.gz 376453497 False 376453497
run11744.mid.gz 372889715 False 372889715
run11745.mid.gz 372697546 False 372697546
run11746.mid.gz 372492556 False 372492556
run11747.mid.gz 372933968 False 372933968
run11748.mid.gz 372767240 False 372767240
run11749.mid.gz 376718760 False 376718760
run11750.mid.gz 376734153 False 376734153
run11751.mid.gz 376575319 False 376575319
run11752.mid.gz 376649898 False 376649898
run11753.mid.gz 372689722 False 372689722
run11754.mid.gz 380279252 False 380279252
run11755.mid.gz 376933051 False 376933051
run11756.mid.gz 372887510 False 372887510
run11757.mid.gz 384337094 False 384337094
run11758.mid.gz 384192036 False 384192036
run11759.mid.gz 376914766 False 376914766
run11760.mid.gz 377090976 False 377090976
run11761.mid.gz 376941562 False 376941562
run11762.mid.gz 373204510 False 373204510
run11763.mid.gz 373133815 False 373133815
run11764.mid.gz 373172575 False 373172575
run11765.mid.gz 376860060 False 376860060
run11766.mid.gz 376886929 False 376886929
run11767.mid.gz 376799863 False 376799863
run11769.mid.gz 51596547 False 51596547
run11768.mid.gz 373057595 False 373057595
run11770.mid.gz 743718913 False 743718913
run11771.mid.gz 383886607 False 383886607
run11772.mid.gz 380119705 False 380119705
run11773.mid.gz 376437522 False 376437522
run11774.mid.gz 372781682 False 372781682
run11775.mid.gz 376460766 False 376460766
run11776.mid.gz 372669168 False 372669168
run11777.mid.gz 384056352 False 384056352
run11778.mid.gz 372629420 False 372629420
run11779.mid.gz 383996136 False 383996136
run11780.mid.gz 380341975 False 380341975
run11781.mid.gz 380460763 False 380460763
run11782.mid.gz 372884020 False 372884020
run11783.mid.gz 376871904 False 376871904
run11784.mid.gz 377034274 False 377034274
run11785.mid.gz 376602365 False 376602365
run11786.mid.gz 376728997 False 376728997
run11787.mid.gz 376653700 False 376653700
run11788.mid.gz 373240374 False 373240374
run11789.mid.gz 380566804 False 380566804
run11790.mid.gz 376405885 False 376405885
run11791.mid.gz 373106643 False 373106643
run11792.mid.gz 384634286 False 384634286
run11793.mid.gz 376772446 False 376772446
run11794.mid.gz 376842652 False 376842652
run11795.mid.gz 376896028 False 376896028
run11796.mid.gz 377093419 False 377093419
run11797.mid.gz 376853766 False 376853766
run11798.mid.gz 376811550 False 376811550
run11799.mid.gz 376561073 False 376561073
run11800.mid.gz 376964623 False 376964623
run11801.mid.gz 377000054 False 377000054
run11802.mid.gz 384959077 False 384959077
run11803.mid.gz 376895960 False 376895960
run11804.mid.gz 377236096 False 377236096
run11805.mid.gz 384588351 False 384588351
run11806.mid.gz 377127006 False 377127006
run11807.mid.gz 373116297 False 373116297
run11808.mid.gz 380850150 False 380850150
run11809.mid.gz 377402083 False 377402083
run11810.mid.gz 377029962 False 377029962
run11811.mid.gz 751488407 False 751488407
run11812.mid.gz 371859353 False 371859353
run11813.mid.gz 375717984 False 375717984
run11814.mid.gz 375504011 False 375504011
run11815.mid.gz 371906218 False 371906218
run11816.mid.gz 371880684 False 371880684
run11817.mid.gz 371785903 False 371785903
run11818.mid.gz 371654784 False 371654784
run11819.mid.gz 386514667 False 386514667
run11820.mid.gz 375383081 False 375383081
run11821.mid.gz 379181878 False 379181878
run11822.mid.gz 375315076 False 375315076
run11823.mid.gz 371558475 False 371558475
run11824.mid.gz 371652489 False 371652489
run11825.mid.gz 371584311 False 371584311
run11826.mid.gz 375475077 False 375475077
run11827.mid.gz 371748487 False 371748487
run11828.mid.gz 375345934 False 375345934
run11829.mid.gz 371560931 False 371560931
run11830.mid.gz 375375445 False 375375445
run11831.mid.gz 371608730 False 371608730
run11832.mid.gz 371671337 False 371671337
run11833.mid.gz 371633674 False 371633674
run11834.mid.gz 375460060 False 375460060
run11835.mid.gz 382856446 False 382856446
run11836.mid.gz 375404322 False 375404322
run11837.mid.gz 371620939 False 371620939
run11838.mid.gz 379091240 False 379091240
run11839.mid.gz 375359270 False 375359270
run11840.mid.gz 375467034 False 375467034
run11841.mid.gz 375437653 False 375437653
run11842.mid.gz 371598730 False 371598730
run11843.mid.gz 379067682 False 379067682
run11844.mid.gz 375306043 False 375306043
run11845.mid.gz 371674593 False 371674593
run11846.mid.gz 371553266 False 371553266
run11847.mid.gz 371576569 False 371576569
run11848.mid.gz 371530259 False 371530259
run11849.mid.gz 371609166 False 371609166
run11850.mid.gz 371651502 False 371651502
run11851.mid.gz 371680695 False 371680695
run11852.mid.gz 45369 False 45369
run11853.mid.gz 742663431 False 742663431
run11854.mid.gz 742681677 False 742681677
run11855.mid.gz 743277903 False 743277903
run11856.mid.gz 376008339 False 376008339
run11857.mid.gz 372258793 False 372258793
run11858.mid.gz 379637773 False 379637773
run11859.mid.gz 372222073 False 372222073
run11860.mid.gz 383442198 False 383442198
run11861.mid.gz 372233357 False 372233357
run11862.mid.gz 375858568 False 375858568
run11863.mid.gz 372188931 False 372188931
run11864.mid.gz 372262198 False 372262198
run11865.mid.gz 372234421 False 372234421
run11866.mid.gz 372463773 False 372463773
run11867.mid.gz 372356407 False 372356407
run11868.mid.gz 375976505 False 375976505
run11869.mid.gz 376065817 False 376065817
run11870.mid.gz 372398071 False 372398071
run11871.mid.gz 372505897 False 372505897
run11872.mid.gz 372344281 False 372344281
run11873.mid.gz 372275956 False 372275956
run11874.mid.gz 372200142 False 372200142
run11875.mid.gz 375927709 False 375927709
run11876.mid.gz 376116609 False 376116609
run11877.mid.gz 376195264 False 376195264
run11878.mid.gz 372392207 False 372392207
run11879.mid.gz 379695457 False 379695457
run11880.mid.gz 376204704 False 376204704
run11881.mid.gz 372537234 False 372537234
run11882.mid.gz 376016447 False 376016447
run11883.mid.gz 372305732 False 372305732
run11884.mid.gz 380466624 False 380466624
run11885.mid.gz 372228796 False 372228796
run11886.mid.gz 372198717 False 372198717
run11887.mid.gz 372120704 False 372120704
run11888.mid.gz 375805965 False 375805965
run11889.mid.gz 372076975 False 372076975
run11890.mid.gz 372016270 False 372016270
run11891.mid.gz 371988057 False 371988057
run11892.mid.gz 383270758 False 383270758
run11893.mid.gz 379499227 False 379499227
run11894.mid.gz 372017277 False 372017277
run11895.mid.gz 375718052 False 375718052
run11896.mid.gz 742949164 False 742949164
run11897.mid.gz 743329776 False 743329776
run11898.mid.gz 379603242 False 379603242
run11899.mid.gz 383277953 False 383277953
run11900.mid.gz 375807699 False 375807699
run11901.mid.gz 372051009 False 372051009
run11902.mid.gz 379525289 False 379525289
run11903.mid.gz 375804019 False 375804019
run11904.mid.gz 375766017 False 375766017
run11905.mid.gz 375767799 False 375767799
run11906.mid.gz 383225232 False 383225232
run11907.mid.gz 372043223 False 372043223
run11908.mid.gz 372141405 False 372141405
run11909.mid.gz 372122483 False 372122483
run11910.mid.gz 375789505 False 375789505
run11911.mid.gz 383296472 False 383296472
run11912.mid.gz 372081541 False 372081541
run11913.mid.gz 372061491 False 372061491
run11914.mid.gz 375788136 False 375788136
run11915.mid.gz 372071439 False 372071439
run11916.mid.gz 375782544 False 375782544
run11917.mid.gz 375783979 False 375783979
run11918.mid.gz 379684184 False 379684184
run11919.mid.gz 372235178 False 372235178
run11920.mid.gz 375917688 False 375917688
run11921.mid.gz 375930220 False 375930220
run11922.mid.gz 372152145 False 372152145
run11923.mid.gz 372111843 False 372111843
run11924.mid.gz 372135194 False 372135194
run11925.mid.gz 375827548 False 375827548
run11926.mid.gz 375875996 False 375875996
run11927.mid.gz 372127277 False 372127277
run11928.mid.gz 375929399 False 375929399
run11929.mid.gz 375940604 False 375940604
run11930.mid.gz 375995197 False 375995197
run11931.mid.gz 375972416 False 375972416
run11932.mid.gz 372218082 False 372218082
run11933.mid.gz 372260329 False 372260329
run11934.mid.gz 375939358 False 375939358
run11935.mid.gz 379715329 False 379715329
run11936.mid.gz 375940473 False 375940473
run11937.mid.gz 375979104 False 375979104
run11938.mid.gz 372242038 False 372242038
run11939.mid.gz 376009118 False 376009118
run11940.mid.gz 372284494 False 372284494
run11941.mid.gz 372288270 False 372288270
run11942.mid.gz 375988502 False 375988502
run11943.mid.gz 379703624 False 379703624
run11944.mid.gz 376023830 False 376023830
run11945.mid.gz 372265224 False 372265224
run11946.mid.gz 375968760 False 375968760
run11947.mid.gz 372284597 False 372284597
run11949.mid.gz 747349840 False 747349840
run11950.mid.gz 372392224 False 372392224
run11951.mid.gz 383551089 False 383551089
run11952.mid.gz 376055024 False 376055024
run11953.mid.gz 372268582 False 372268582
run11954.mid.gz 376009270 False 376009270
run11955.mid.gz 376020703 False 376020703
run11956.mid.gz 372261571 False 372261571
run11957.mid.gz 375981866 False 375981866
run11958.mid.gz 376046461 False 376046461
run11959.mid.gz 372266216 False 372266216
run11960.mid.gz 372335117 False 372335117
run11961.mid.gz 375972627 False 375972627
run11962.mid.gz 375996607 False 375996607
run11963.mid.gz 372276655 False 372276655
run11964.mid.gz 372283656 False 372283656
run11965.mid.gz 372252020 False 372252020
run11966.mid.gz 372265682 False 372265682
run11967.mid.gz 375990790 False 375990790
run11968.mid.gz 383416864 False 383416864
run11969.mid.gz 376023941 False 376023941
run11970.mid.gz 372318739 False 372318739
run11971.mid.gz 376032981 False 376032981
run11972.mid.gz 376024546 False 376024546
run11973.mid.gz 375974454 False 375974454
run11974.mid.gz 375876549 False 375876549
run11975.mid.gz 372224781 False 372224781
run11976.mid.gz 375951663 False 375951663
run11977.mid.gz 379686997 False 379686997
run11978.mid.gz 375959404 False 375959404
run11979.mid.gz 375976434 False 375976434
run11980.mid.gz 383439958 False 383439958
run11981.mid.gz 372233922 False 372233922
run11982.mid.gz 375965687 False 375965687
run11983.mid.gz 375958159 False 375958159
run11984.mid.gz 372164893 False 372164893
run11985.mid.gz 372171403 False 372171403
run11986.mid.gz 375913734 False 375913734
run11987.mid.gz 375941088 False 375941088
run11988.mid.gz 375893657 False 375893657
run11989.mid.gz 372224462 False 372224462
run11990.mid.gz 376018877 False 376018877
run11991.mid.gz 372302470 False 372302470
run11992.mid.gz 372290348 False 372290348
run11993.mid.gz 376003619 False 376003619
run11994.mid.gz 372234546 False 372234546
run11995.mid.gz 383334275 False 383334275
run11996.mid.gz 375883855 False 375883855
run11997.mid.gz 372130029 False 372130029
run11998.mid.gz 372120527 False 372120527
run11999.mid.gz 372094767 False 372094767
run12000.mid.gz 372171518 False 372171518
run12001.mid.gz 375875007 False 375875007
run12002.mid.gz 375879426 False 375879426
run12003.mid.gz 375854256 False 375854256
run12004.mid.gz 379563740 False 379563740
run12005.mid.gz 372134308 False 372134308
run12006.mid.gz 372185345 False 372185345
run12007.mid.gz 383595458 False 383595458
run12008.mid.gz 372430994 False 372430994
run12009.mid.gz 376195200 False 376195200
run12010.mid.gz 376240774 False 376240774
run12011.mid.gz 376186224 False 376186224
run12012.mid.gz 376162242 False 376162242
run12013.mid.gz 376037576 False 376037576
run12014.mid.gz 372368252 False 372368252
run12015.mid.gz 376049984 False 376049984
run12016.mid.gz 372086938 False 372086938
run12017.mid.gz 375746963 False 375746963
run12018.mid.gz 372017519 False 372017519
run12019.mid.gz 372069978 False 372069978
run12020.mid.gz 372118813 False 372118813
run12021.mid.gz 375824675 False 375824675
run12022.mid.gz 372042812 False 372042812
run12023.mid.gz 375801421 False 375801421
run12024.mid.gz 375751570 False 375751570
run12025.mid.gz 375736960 False 375736960
run12026.mid.gz 383247132 False 383247132
run12027.mid.gz 375797786 False 375797786
run12028.mid.gz 375806853 False 375806853
run12029.mid.gz 372065427 False 372065427
run12030.mid.gz 372077394 False 372077394
run12031.mid.gz 375810518 False 375810518
run12032.mid.gz 375798877 False 375798877
run12033.mid.gz 372130504 False 372130504
run12034.mid.gz 372103594 False 372103594
run12035.mid.gz 375861180 False 375861180
run12036.mid.gz 375848259 False 375848259
run12037.mid.gz 375822645 False 375822645
run12038.mid.gz 375837283 False 375837283
run12039.mid.gz 379595348 False 379595348
run12040.mid.gz 372226161 False 372226161
run12041.mid.gz 372165189 False 372165189
run12042.mid.gz 372153746 False 372153746
run12043.mid.gz 379634958 False 379634958
run12044.mid.gz 375882255 False 375882255
run12045.mid.gz 372143444 False 372143444
run12046.mid.gz 375888154 False 375888154
run12047.mid.gz 375911654 False 375911654
run12048.mid.gz 375929727 False 375929727
run12049.mid.gz 372215882 False 372215882
run12050.mid.gz 375966347 False 375966347
run12051.mid.gz 372177624 False 372177624
run12052.mid.gz 375842273 False 375842273
run12053.mid.gz 372121376 False 372121376
run12054.mid.gz 375831392 False 375831392
run12055.mid.gz 375848559 False 375848559
run12056.mid.gz 372176180 False 372176180
run12057.mid.gz 375927842 False 375927842
run12058.mid.gz 375867974 False 375867974
run12059.mid.gz 372169145 False 372169145
run12060.mid.gz 375911518 False 375911518
run12061.mid.gz 375917740 False 375917740
run12062.mid.gz 379625286 False 379625286
run12063.mid.gz 375877837 False 375877837
run12064.mid.gz 372154659 False 372154659
run12065.mid.gz 375923100 False 375923100
run12066.mid.gz 372202549 False 372202549
run12067.mid.gz 375938883 False 375938883
run12068.mid.gz 372199621 False 372199621
run12069.mid.gz 372184394 False 372184394
run12070.mid.gz 372221024 False 372221024
run12071.mid.gz 372192884 False 372192884
run12072.mid.gz 372261101 False 372261101
run12073.mid.gz 372264359 False 372264359
run12074.mid.gz 372210641 False 372210641
run12075.mid.gz 379636157 False 379636157
run12076.mid.gz 372202863 False 372202863
run12077.mid.gz 372250373 False 372250373
run12078.mid.gz 379707831 False 379707831
run12079.mid.gz 379668593 False 379668593
run12080.mid.gz 376015145 False 376015145
run12081.mid.gz 375958614 False 375958614
run12082.mid.gz 379685275 False 379685275
run12083.mid.gz 372212256 False 372212256
run12084.mid.gz 375993524 False 375993524
run12085.mid.gz 375985138 False 375985138
run12086.mid.gz 372248050 False 372248050
run12087.mid.gz 372238509 False 372238509
run12088.mid.gz 375962122 False 375962122
run12089.mid.gz 372222596 False 372222596
run12090.mid.gz 376011859 False 376011859
run12091.mid.gz 375964582 False 375964582
run12092.mid.gz 372247835 False 372247835
run12093.mid.gz 372235096 False 372235096
run12094.mid.gz 375960933 False 375960933
run12095.mid.gz 372182502 False 372182502
run12096.mid.gz 372208265 False 372208265
run12097.mid.gz 379692940 False 379692940
run12098.mid.gz 372222408 False 372222408
run12099.mid.gz 379640683 False 379640683
run12100.mid.gz 750537073 False 750537073
run12101.mid.gz 746943026 False 746943026
run12102.mid.gz 372132191 False 372132191
run12103.mid.gz 372075440 False 372075440
run12104.mid.gz 375841340 False 375841340
run12105.mid.gz 372161392 False 372161392
run12106.mid.gz 379574335 False 379574335
run12107.mid.gz 375842650 False 375842650
run12108.mid.gz 379551764 False 379551764
run12109.mid.gz 375830305 False 375830305
run12110.mid.gz 372079401 False 372079401
run12111.mid.gz 375798478 False 375798478
run12112.mid.gz 375915966 False 375915966
run12113.mid.gz 375827649 False 375827649
run12114.mid.gz 372075361 False 372075361
run12115.mid.gz 372126672 False 372126672
run12116.mid.gz 375791972 False 375791972
run12117.mid.gz 375828385 False 375828385
run12118.mid.gz 372083728 False 372083728
run12119.mid.gz 372095820 False 372095820
run12120.mid.gz 372109258 False 372109258
run12121.mid.gz 375791697 False 375791697
run12122.mid.gz 375913181 False 375913181
run12123.mid.gz 372117699 False 372117699
run12124.mid.gz 375821293 False 375821293
run12125.mid.gz 379524309 False 379524309
run12126.mid.gz 375808793 False 375808793
run12127.mid.gz 375797389 False 375797389
run12128.mid.gz 375828055 False 375828055
run12129.mid.gz 372135905 False 372135905
run12130.mid.gz 375850195 False 375850195
run12131.mid.gz 375821860 False 375821860
run12132.mid.gz 379602076 False 379602076
run12133.mid.gz 372142572 False 372142572
run12134.mid.gz 379523182 False 379523182
run12135.mid.gz 379599917 False 379599917
run12136.mid.gz 372111548 False 372111548
run12137.mid.gz 375806808 False 375806808
run12138.mid.gz 372074218 False 372074218
run12139.mid.gz 375848741 False 375848741
run12140.mid.gz 372327616 False 372327616
run12141.mid.gz 379523057 False 379523057
run12142.mid.gz 372166524 False 372166524
run12143.mid.gz 375857408 False 375857408
run12144.mid.gz 372076507 False 372076507
run12145.mid.gz 375804747 False 375804747
run12146.mid.gz 375786734 False 375786734
run12147.mid.gz 379504183 False 379504183
run12148.mid.gz 375769711 False 375769711
run12149.mid.gz 372079506 False 372079506
run12150.mid.gz 372075360 False 372075360
run12151.mid.gz 379529335 False 379529335
run12152.mid.gz 372093298 False 372093298
run12153.mid.gz 372055608 False 372055608
run12154.mid.gz 375758253 False 375758253
run12155.mid.gz 372079429 False 372079429
run12156.mid.gz 372072301 False 372072301
run12157.mid.gz 372078370 False 372078370
run12158.mid.gz 375851160 False 375851160
run12159.mid.gz 372086177 False 372086177
run12160.mid.gz 372117576 False 372117576
run12161.mid.gz 375804130 False 375804130
run12162.mid.gz 375913917 False 375913917
run12163.mid.gz 375851886 False 375851886
run12164.mid.gz 372148637 False 372148637
run12165.mid.gz 379552375 False 379552375
run12166.mid.gz 375854485 False 375854485
run12167.mid.gz 372136838 False 372136838
run12168.mid.gz 375933301 False 375933301
run12169.mid.gz 375886216 False 375886216
run12170.mid.gz 372188751 False 372188751
run12171.mid.gz 375854688 False 375854688
run12172.mid.gz 372203303 False 372203303
run12173.mid.gz 372159763 False 372159763
run12174.mid.gz 375915476 False 375915476
run12175.mid.gz 375845792 False 375845792
run12176.mid.gz 372122845 False 372122845
run12177.mid.gz 375840617 False 375840617
run12178.mid.gz 375879008 False 375879008
run12179.mid.gz 379574985 False 379574985
run12180.mid.gz 375850344 False 375850344
run12181.mid.gz 372198895 False 372198895
run12182.mid.gz 375871753 False 375871753
run12183.mid.gz 379574029 False 379574029
run12184.mid.gz 375887784 False 375887784
run12185.mid.gz 372175280 False 372175280
run12186.mid.gz 376174088 False 376174088
run12187.mid.gz 380127397 False 380127397
run12188.mid.gz 376469853 False 376469853
run12189.mid.gz 376616882 False 376616882
run12190.mid.gz 376866960 False 376866960
run12191.mid.gz 376775711 False 376775711
run12192.mid.gz 380543614 False 380543614
run12193.mid.gz 372896930 False 372896930
run12194.mid.gz 376528382 False 376528382
run12195.mid.gz 376583538 False 376583538
run12196.mid.gz 372850960 False 372850960
run12197.mid.gz 372906829 False 372906829
run12198.mid.gz 376648704 False 376648704
run12199.mid.gz 372915534 False 372915534
run12200.mid.gz 372887333 False 372887333
run12201.mid.gz 372961552 False 372961552
run12203.mid.gz 162452909 False 162452909
run12204.mid.gz 45282 False 45282
run12205.mid.gz 372357471 False 372357471
run12206.mid.gz 372252248 False 372252248
run12207.mid.gz 372314604 False 372314604
run12208.mid.gz 372308267 False 372308267
run12209.mid.gz 372335037 False 372335037
run12210.mid.gz 372385471 False 372385471
run12211.mid.gz 372378331 False 372378331
run12212.mid.gz 372399702 False 372399702
run12213.mid.gz 372424943 False 372424943
run12214.mid.gz 372391863 False 372391863
run12215.mid.gz 372473416 False 372473416
run12216.mid.gz 134123121 False 134123121
run12217.mid.gz 751416351 False 751416351
run12218.mid.gz 45426 False 45426
run12219.mid.gz 372372857 False 372372857
run12220.mid.gz 372477534 False 372477534
run12221.mid.gz 385394533 False 385394533
run12222.mid.gz 380645824 False 380645824
run12223.mid.gz 372334483 False 372334483
run12224.mid.gz 372379229 False 372379229
run12225.mid.gz 372375842 False 372375842
run12226.mid.gz 372365515 False 372365515
run12227.mid.gz 372388271 False 372388271
run12228.mid.gz 372399436 False 372399436
run12229.mid.gz 372444552 False 372444552
run12230.mid.gz 372455585 False 372455585
run12231.mid.gz 227155620 False 227155620
run12232.mid.gz 751199987 False 751199987
run12234.mid.gz 235683 False 235683
run12235.mid.gz 184052 False 184052
run12237.mid.gz 71357179 False 71357179
run12238.mid.gz 82475914 False 82475914
run12239.mid.gz 70849497 False 70849497
run12240.mid.gz 63337214 False 63337214
run12241.mid.gz 62689384 False 62689384
run12242.mid.gz 62689771 False 62689771
run12243.mid.gz 62686901 False 62686901
run12244.mid.gz 51631422 False 51631422
run12246.mid.gz 62650097 False 62650097
run12249.mid.gz 74444705 False 74444705
run12252.mid.gz 751158780 False 751158780
run12253.mid.gz 376068274 False 376068274
run12254.mid.gz 372312326 False 372312326
run12255.mid.gz 372286627 False 372286627
run12256.mid.gz 376029576 False 376029576
run12257.mid.gz 376010753 False 376010753
run12258.mid.gz 376005528 False 376005528
run12259.mid.gz 372266581 False 372266581
run12260.mid.gz 372237342 False 372237342
run12261.mid.gz 372271392 False 372271392
run12262.mid.gz 376005901 False 376005901
run12263.mid.gz 376034740 False 376034740
run12264.mid.gz 372292616 False 372292616
run12265.mid.gz 379724695 False 379724695
run12266.mid.gz 372296121 False 372296121
run12267.mid.gz 372289412 False 372289412
run12268.mid.gz 372281250 False 372281250
run12269.mid.gz 372274864 False 372274864
run12270.mid.gz 375949273 False 375949273
run12271.mid.gz 375937658 False 375937658
run12272.mid.gz 372228695 False 372228695
run12273.mid.gz 375933749 False 375933749
run12274.mid.gz 372219757 False 372219757
run12275.mid.gz 379681867 False 379681867
run12276.mid.gz 379695718 False 379695718
run12277.mid.gz 383399164 False 383399164
run12278.mid.gz 375920426 False 375920426
run12279.mid.gz 379619372 False 379619372
run12280.mid.gz 372184637 False 372184637
run12281.mid.gz 375886495 False 375886495
run12282.mid.gz 379627072 False 379627072
run12283.mid.gz 372287252 False 372287252
run12284.mid.gz 372257804 False 372257804
run12285.mid.gz 375952735 False 375952735
run12286.mid.gz 375960040 False 375960040
run12287.mid.gz 372207887 False 372207887
run11741.mid.gz 376606151 False 376606151
run12288.mid.gz 375892483 False 375892483
run12289.mid.gz 372170124 False 372170124
run12290.mid.gz 375828765 False 375828765
run12291.mid.gz 375897682 False 375897682
run12292.mid.gz 372146936 False 372146936
run12293.mid.gz 375946130 False 375946130
run12294.mid.gz 372187722 False 372187722
run12295.mid.gz 375917372 False 375917372
run12296.mid.gz 379607428 False 379607428
run12297.mid.gz 379587065 False 379587065
run12298.mid.gz 372146282 False 372146282
run12299.mid.gz 379574784 False 379574784
run12300.mid.gz 379553631 False 379553631
run12301.mid.gz 375912335 False 375912335
run12302.mid.gz 375846706 False 375846706
run12303.mid.gz 372118792 False 372118792
run12304.mid.gz 375840740 False 375840740
run12305.mid.gz 372064692 False 372064692
run12306.mid.gz 375794755 False 375794755
run12307.mid.gz 375816621 False 375816621
run12308.mid.gz 383260731 False 383260731
run12309.mid.gz 375792977 False 375792977
run12310.mid.gz 372071449 False 372071449
run12311.mid.gz 375799464 False 375799464
run12312.mid.gz 375804506 False 375804506
run12313.mid.gz 372222513 False 372222513
run12314.mid.gz 375891405 False 375891405
run12315.mid.gz 372165314 False 372165314
run12316.mid.gz 372120166 False 372120166
run12317.mid.gz 372121050 False 372121050
run12318.mid.gz 375888717 False 375888717
run12319.mid.gz 375859107 False 375859107
run12320.mid.gz 383343407 False 383343407
run12321.mid.gz 379567156 False 379567156
run12322.mid.gz 379600885 False 379600885
run12323.mid.gz 372272296 False 372272296
run12324.mid.gz 372272374 False 372272374
run12325.mid.gz 372258162 False 372258162
run12326.mid.gz 376000075 False 376000075
run12327.mid.gz 372230782 False 372230782
run12328.mid.gz 379737793 False 379737793
run12329.mid.gz 375999111 False 375999111
run12330.mid.gz 375957650 False 375957650
run12331.mid.gz 379681442 False 379681442
run12332.mid.gz 375946531 False 375946531
run12333.mid.gz 372269972 False 372269972
run12334.mid.gz 372298097 False 372298097
run12335.mid.gz 375929690 False 375929690
run12336.mid.gz 375950480 False 375950480
run12337.mid.gz 372244213 False 372244213
run12338.mid.gz 372257954 False 372257954
run12339.mid.gz 375999953 False 375999953
run12340.mid.gz 372248710 False 372248710
run12341.mid.gz 375974514 False 375974514
run12342.mid.gz 376009260 False 376009260
run12343.mid.gz 375992995 False 375992995
run12344.mid.gz 379693487 False 379693487
run12345.mid.gz 376006998 False 376006998
run12346.mid.gz 372281438 False 372281438
run12347.mid.gz 379718509 False 379718509
run12348.mid.gz 372277936 False 372277936
run12349.mid.gz 372261412 False 372261412
run12350.mid.gz 376005290 False 376005290
run12351.mid.gz 372248641 False 372248641
run12352.mid.gz 372280988 False 372280988
run12353.mid.gz 743465433 False 743465433
run12354.mid.gz 376060235 False 376060235
run12355.mid.gz 379716838 False 379716838
run12356.mid.gz 372297569 False 372297569
run12357.mid.gz 376002103 False 376002103
run12358.mid.gz 375979400 False 375979400
run12359.mid.gz 379698094 False 379698094
run12360.mid.gz 372298179 False 372298179
run12361.mid.gz 372229664 False 372229664
run12362.mid.gz 375992595 False 375992595
run12363.mid.gz 375929708 False 375929708
run12364.mid.gz 372249230 False 372249230
run12365.mid.gz 375998710 False 375998710
run12366.mid.gz 379692810 False 379692810
run12367.mid.gz 375973910 False 375973910
run12368.mid.gz 375954170 False 375954170
run12369.mid.gz 375963907 False 375963907
run12370.mid.gz 375970245 False 375970245
run12371.mid.gz 375958658 False 375958658
run12372.mid.gz 375952894 False 375952894
run12373.mid.gz 372229927 False 372229927
run12374.mid.gz 372320491 False 372320491
run12375.mid.gz 375901524 False 375901524
run12376.mid.gz 372214686 False 372214686
run12377.mid.gz 375970069 False 375970069
run12378.mid.gz 372182298 False 372182298
run12379.mid.gz 372177946 False 372177946
run12380.mid.gz 375922823 False 375922823
run12381.mid.gz 375867917 False 375867917
run12382.mid.gz 375860779 False 375860779
run12383.mid.gz 375888523 False 375888523
run12384.mid.gz 372260788 False 372260788
run12385.mid.gz 372226029 False 372226029
run12386.mid.gz 372174519 False 372174519
run12387.mid.gz 372253251 False 372253251
run12388.mid.gz 379645013 False 379645013
run12389.mid.gz 379616056 False 379616056
run12390.mid.gz 375898541 False 375898541
run12391.mid.gz 379581662 False 379581662
run12392.mid.gz 379622764 False 379622764
run12393.mid.gz 375945416 False 375945416
run12394.mid.gz 375837982 False 375837982
run12395.mid.gz 375887409 False 375887409
run12396.mid.gz 383355684 False 383355684
run12397.mid.gz 375877623 False 375877623
run12398.mid.gz 372178040 False 372178040
run12399.mid.gz 372208817 False 372208817
run12400.mid.gz 375868798 False 375868798
run12401.mid.gz 379584921 False 379584921
run12402.mid.gz 375883249 False 375883249
run12403.mid.gz 372167549 False 372167549
run12404.mid.gz 379571804 False 379571804
run12405.mid.gz 375843174 False 375843174
run12406.mid.gz 372067906 False 372067906
run12407.mid.gz 372081795 False 372081795
run12408.mid.gz 372092168 False 372092168
run12409.mid.gz 375813863 False 375813863
run12410.mid.gz 372131176 False 372131176
run12411.mid.gz 375924154 False 375924154
run12412.mid.gz 372266803 False 372266803
run12413.mid.gz 375981879 False 375981879
run12414.mid.gz 376143778 False 376143778
run12415.mid.gz 372347033 False 372347033
run12416.mid.gz 375983404 False 375983404
run12417.mid.gz 372142545 False 372142545
run12418.mid.gz 372152496 False 372152496
run12419.mid.gz 372109298 False 372109298
run12420.mid.gz 375783041 False 375783041
run12421.mid.gz 375747326 False 375747326
run12422.mid.gz 372015825 False 372015825
run12423.mid.gz 371992813 False 371992813
run12424.mid.gz 375805807 False 375805807
run12425.mid.gz 375745134 False 375745134
run12426.mid.gz 372000314 False 372000314
run12427.mid.gz 379427798 False 379427798
run12428.mid.gz 379399085 False 379399085
run12429.mid.gz 371970761 False 371970761
run12430.mid.gz 371903169 False 371903169
run12431.mid.gz 371912610 False 371912610
run12432.mid.gz 375673897 False 375673897
run12433.mid.gz 371922673 False 371922673
run12434.mid.gz 375770631 False 375770631
run12435.mid.gz 375729244 False 375729244
run12436.mid.gz 375703886 False 375703886
run12437.mid.gz 371966156 False 371966156
run12438.mid.gz 375676261 False 375676261
run12439.mid.gz 375748812 False 375748812
run12440.mid.gz 372014516 False 372014516
run12441.mid.gz 379452374 False 379452374
run12442.mid.gz 375804749 False 375804749
run12443.mid.gz 375770504 False 375770504
run12444.mid.gz 375800554 False 375800554
run12445.mid.gz 379548932 False 379548932
run12446.mid.gz 375799875 False 375799875
run12447.mid.gz 372064809 False 372064809
run12448.mid.gz 372078488 False 372078488
run12449.mid.gz 375785569 False 375785569
run12450.mid.gz 372091611 False 372091611
run12451.mid.gz 372068624 False 372068624
run12452.mid.gz 372061834 False 372061834
run12453.mid.gz 375832438 False 375832438
run12454.mid.gz 375833358 False 375833358
run12455.mid.gz 372055418 False 372055418
run12456.mid.gz 379461762 False 379461762
run12457.mid.gz 375790715 False 375790715
run12458.mid.gz 383301050 False 383301050
run12459.mid.gz 375779109 False 375779109
run12460.mid.gz 379500516 False 379500516
run12461.mid.gz 375830182 False 375830182
run12462.mid.gz 375837012 False 375837012
run12463.mid.gz 375871197 False 375871197
run12464.mid.gz 372232783 False 372232783
run12465.mid.gz 372191862 False 372191862
run12466.mid.gz 375885868 False 375885868
run12467.mid.gz 379602354 False 379602354
run12468.mid.gz 372143994 False 372143994
run12469.mid.gz 379596246 False 379596246
run12470.mid.gz 372175614 False 372175614
run12471.mid.gz 375843222 False 375843222
run12472.mid.gz 372180621 False 372180621
run12473.mid.gz 379624987 False 379624987
run12474.mid.gz 379698346 False 379698346
run12475.mid.gz 375959659 False 375959659
run12476.mid.gz 372211482 False 372211482
run12477.mid.gz 372196921 False 372196921
run12478.mid.gz 375873948 False 375873948
run12479.mid.gz 372161477 False 372161477
run12480.mid.gz 372150324 False 372150324
run12481.mid.gz 372164366 False 372164366
run12482.mid.gz 372124328 False 372124328
run12483.mid.gz 379666791 False 379666791
run12484.mid.gz 376028061 False 376028061
run12485.mid.gz 372246901 False 372246901
run12486.mid.gz 372218123 False 372218123
run12487.mid.gz 372205868 False 372205868
run12488.mid.gz 372275198 False 372275198
run12489.mid.gz 375913248 False 375913248
run12490.mid.gz 372223575 False 372223575
run12491.mid.gz 372208926 False 372208926
run12492.mid.gz 372204496 False 372204496
run12493.mid.gz 372212018 False 372212018
run12494.mid.gz 376031259 False 376031259
run12495.mid.gz 376000731 False 376000731
run12496.mid.gz 375954822 False 375954822
run12497.mid.gz 375887683 False 375887683
run12498.mid.gz 375946895 False 375946895
run12499.mid.gz 375963984 False 375963984
run12500.mid.gz 372227736 False 372227736
run12501.mid.gz 372193038 False 372193038
run12502.mid.gz 379651897 False 379651897
run12503.mid.gz 375920100 False 375920100
run12504.mid.gz 747254548 False 747254548
run12505.mid.gz 376110436 False 376110436
run12506.mid.gz 372346182 False 372346182
run12507.mid.gz 376044526 False 376044526
run12508.mid.gz 376027322 False 376027322
run12509.mid.gz 372319459 False 372319459
run12510.mid.gz 376026258 False 376026258
run12511.mid.gz 376004181 False 376004181
run12512.mid.gz 372250170 False 372250170
run12513.mid.gz 376005974 False 376005974
run12514.mid.gz 372255879 False 372255879
run12515.mid.gz 379829743 False 379829743
run12516.mid.gz 372261203 False 372261203
run12517.mid.gz 379787250 False 379787250
run12518.mid.gz 379743154 False 379743154
run12519.mid.gz 372216482 False 372216482
run12520.mid.gz 383331569 False 383331569
run12521.mid.gz 375907064 False 375907064
run12522.mid.gz 376004754 False 376004754
run12523.mid.gz 372256587 False 372256587
run12524.mid.gz 372306681 False 372306681
run12525.mid.gz 372342334 False 372342334
run12526.mid.gz 372472341 False 372472341
run12527.mid.gz 376107031 False 376107031
run12528.mid.gz 391092141 False 391092141
run12529.mid.gz 372389865 False 372389865
run12530.mid.gz 372292483 False 372292483
run12531.mid.gz 379800183 False 379800183
run12532.mid.gz 376078390 False 376078390
run12533.mid.gz 390886899 False 390886899
run12534.mid.gz 372207553 False 372207553
run12535.mid.gz 376089418 False 376089418
run12536.mid.gz 375960614 False 375960614
run12537.mid.gz 375942903 False 375942903
run12538.mid.gz 372233953 False 372233953
run12539.mid.gz 372252273 False 372252273
run12540.mid.gz 379902640 False 379902640
run12541.mid.gz 375994183 False 375994183
run12542.mid.gz 375881623 False 375881623
run12543.mid.gz 375951250 False 375951250
run12544.mid.gz 375903801 False 375903801
run12545.mid.gz 372324827 False 372324827
run12546.mid.gz 375975427 False 375975427
run12547.mid.gz 375970498 False 375970498
run12548.mid.gz 375942640 False 375942640
run12549.mid.gz 375979134 False 375979134
run12550.mid.gz 383380220 False 383380220
run12551.mid.gz 375780222 False 375780222
run12552.mid.gz 376075352 False 376075352
run12553.mid.gz 379742959 False 379742959
run12554.mid.gz 372196911 False 372196911
run12555.mid.gz 40953795 False 40953795
run12556.mid.gz 743428843 False 743428843
run12557.mid.gz 372527277 False 372527277
run12558.mid.gz 379957704 False 379957704
run12559.mid.gz 383625013 False 383625013
run12560.mid.gz 372442409 False 372442409
run12561.mid.gz 372420658 False 372420658
run12562.mid.gz 379916377 False 379916377
run12563.mid.gz 379911094 False 379911094
run12564.mid.gz 372511423 False 372511423
run12565.mid.gz 379910432 False 379910432
run12566.mid.gz 372419337 False 372419337
run12567.mid.gz 376249144 False 376249144
run12568.mid.gz 372487829 False 372487829
run12569.mid.gz 379990081 False 379990081
run12570.mid.gz 372508410 False 372508410
run12571.mid.gz 372484751 False 372484751
run12572.mid.gz 376229101 False 376229101
run12573.mid.gz 372505787 False 372505787
run12574.mid.gz 372521424 False 372521424
run12575.mid.gz 372530356 False 372530356
run12576.mid.gz 372517589 False 372517589
run12577.mid.gz 372595588 False 372595588
run12578.mid.gz 383725417 False 383725417
run12579.mid.gz 372571994 False 372571994
run12580.mid.gz 376263025 False 376263025
run12581.mid.gz 379963378 False 379963378
run12582.mid.gz 379947594 False 379947594
run12583.mid.gz 372526669 False 372526669
run12584.mid.gz 372480000 False 372480000
run12585.mid.gz 379908627 False 379908627
run12586.mid.gz 376173334 False 376173334
run12587.mid.gz 383685591 False 383685591
run12588.mid.gz 372488328 False 372488328
run12589.mid.gz 376226590 False 376226590
run12590.mid.gz 372501002 False 372501002
run12591.mid.gz 379905572 False 379905572
run12592.mid.gz 376194664 False 376194664
run12593.mid.gz 379948437 False 379948437
run12594.mid.gz 376182368 False 376182368
run12595.mid.gz 372512045 False 372512045
run12596.mid.gz 372522260 False 372522260
run12597.mid.gz 372509380 False 372509380
run12598.mid.gz 376226062 False 376226062
run12599.mid.gz 376190974 False 376190974
run12600.mid.gz 376162669 False 376162669
run12601.mid.gz 376170241 False 376170241
run12602.mid.gz 372444383 False 372444383
run12603.mid.gz 376121549 False 376121549
run12604.mid.gz 376099993 False 376099993
run12605.mid.gz 383572485 False 383572485
run12606.mid.gz 372461492 False 372461492
run12607.mid.gz 750618155 False 750618155
run12608.mid.gz 376139577 False 376139577
run12609.mid.gz 376090172 False 376090172
run12610.mid.gz 372390490 False 372390490
run12611.mid.gz 376114792 False 376114792
run12612.mid.gz 383557571 False 383557571
run12613.mid.gz 372366231 False 372366231
run12614.mid.gz 376079453 False 376079453
run12615.mid.gz 372385923 False 372385923
run12616.mid.gz 376124349 False 376124349
run12617.mid.gz 376148605 False 376148605
run12618.mid.gz 372529913 False 372529913
run12619.mid.gz 372566681 False 372566681
run12620.mid.gz 383809932 False 383809932
run12621.mid.gz 376314650 False 376314650
run12622.mid.gz 376402675 False 376402675
run12623.mid.gz 380108783 False 380108783
run12700.mid.gz 376112306 False 376112306
run12701.mid.gz 376103648 False 376103648
run12702.mid.gz 379817307 False 379817307
run12703.mid.gz 376173373 False 376173373
run12704.mid.gz 372451317 False 372451317
run12705.mid.gz 372429112 False 372429112
run12706.mid.gz 372402454 False 372402454
run12707.mid.gz 376116444 False 376116444
run12708.mid.gz 751119231 False 751119231
run12709.mid.gz 372630722 False 372630722
run12710.mid.gz 376291208 False 376291208
run12711.mid.gz 372549720 False 372549720
run12712.mid.gz 376262700 False 376262700
run12713.mid.gz 372545404 False 372545404
run12714.mid.gz 376285816 False 376285816
run12715.mid.gz 372542286 False 372542286
run12716.mid.gz 376246762 False 376246762
run12717.mid.gz 372579726 False 372579726
run12718.mid.gz 376299137 False 376299137
run12719.mid.gz 372630523 False 372630523
run12720.mid.gz 376289745 False 376289745
run12721.mid.gz 376299184 False 376299184
run12722.mid.gz 376340621 False 376340621
run12723.mid.gz 372523863 False 372523863
run12724.mid.gz 380054014 False 380054014
run12725.mid.gz 372550758 False 372550758
run12726.mid.gz 376342962 False 376342962
run12727.mid.gz 376298581 False 376298581
run12728.mid.gz 372584065 False 372584065
run12729.mid.gz 379901214 False 379901214
run12730.mid.gz 372540835 False 372540835
run12731.mid.gz 383710071 False 383710071
run12732.mid.gz 372525056 False 372525056
run12733.mid.gz 376267433 False 376267433
run12734.mid.gz 372588012 False 372588012
run12735.mid.gz 372465304 False 372465304
run12736.mid.gz 383734611 False 383734611
run12737.mid.gz 376275291 False 376275291
run12738.mid.gz 380053249 False 380053249
run12739.mid.gz 376292303 False 376292303
run12740.mid.gz 372509329 False 372509329
run12741.mid.gz 372571974 False 372571974
run12742.mid.gz 372521266 False 372521266
run12743.mid.gz 372481609 False 372481609
run12744.mid.gz 379926600 False 379926600
run12745.mid.gz 376211003 False 376211003
run12746.mid.gz 372450349 False 372450349
run12747.mid.gz 372483094 False 372483094
run12748.mid.gz 372473401 False 372473401
run12749.mid.gz 376230284 False 376230284
run12750.mid.gz 376203288 False 376203288
run12751.mid.gz 379926139 False 379926139
run12752.mid.gz 372455694 False 372455694
run12753.mid.gz 376193888 False 376193888
run12754.mid.gz 376127737 False 376127737
run12755.mid.gz 372472011 False 372472011
run12756.mid.gz 372442035 False 372442035
run12757.mid.gz 372384421 False 372384421
run12758.mid.gz 376145219 False 376145219
run12759.mid.gz 379900548 False 379900548
run12760.mid.gz 379920157 False 379920157
run12761.mid.gz 372409703 False 372409703
run12762.mid.gz 372440645 False 372440645
run12763.mid.gz 372412621 False 372412621
run12764.mid.gz 372458033 False 372458033
run12765.mid.gz 376206099 False 376206099
run12766.mid.gz 372484775 False 372484775
run12767.mid.gz 376257763 False 376257763
run12768.mid.gz 376269755 False 376269755
run12769.mid.gz 380160083 False 380160083
run12770.mid.gz 372704109 False 372704109
run12771.mid.gz 376438077 False 376438077
run12772.mid.gz 372778092 False 372778092
run12773.mid.gz 372655637 False 372655637
run12774.mid.gz 376340782 False 376340782
run12775.mid.gz 376306039 False 376306039
run12776.mid.gz 376243766 False 376243766
run12777.mid.gz 376248893 False 376248893
run12778.mid.gz 372486097 False 372486097
run12779.mid.gz 376128880 False 376128880
run12780.mid.gz 379835144 False 379835144
run12781.mid.gz 376128655 False 376128655
run12782.mid.gz 372401644 False 372401644
run12783.mid.gz 379797720 False 379797720
run12784.mid.gz 376137778 False 376137778
run12785.mid.gz 376115879 False 376115879
run12786.mid.gz 379789823 False 379789823
run12787.mid.gz 376088492 False 376088492
run12788.mid.gz 376112719 False 376112719
run12789.mid.gz 372342969 False 372342969
run12790.mid.gz 376116611 False 376116611
run12791.mid.gz 372363616 False 372363616
run12792.mid.gz 379873633 False 379873633
run12793.mid.gz 376114969 False 376114969
run12794.mid.gz 376107310 False 376107310
run12795.mid.gz 376101986 False 376101986
run12796.mid.gz 372390384 False 372390384
run12797.mid.gz 376187909 False 376187909
run12798.mid.gz 379872669 False 379872669
run12799.mid.gz 379933987 False 379933987
run12800.mid.gz 376144351 False 376144351
run12801.mid.gz 376162772 False 376162772
run12802.mid.gz 376111144 False 376111144
run12803.mid.gz 372437143 False 372437143
run12804.mid.gz 376056963 False 376056963
run12805.mid.gz 376080569 False 376080569
run12806.mid.gz 376070514 False 376070514
run12807.mid.gz 376078691 False 376078691
run12808.mid.gz 372440578 False 372440578
run12809.mid.gz 376104409 False 376104409
run12810.mid.gz 376114431 False 376114431
run12811.mid.gz 372390782 False 372390782
run12812.mid.gz 372367086 False 372367086
run12813.mid.gz 379829297 False 379829297
run12814.mid.gz 372395084 False 372395084
run12815.mid.gz 372392346 False 372392346
run12816.mid.gz 376136470 False 376136470
run12817.mid.gz 376130182 False 376130182
run12818.mid.gz 376148877 False 376148877
run12624.mid.gz 376379541 False 376379541
run12625.mid.gz 372637913 False 372637913
run12626.mid.gz 372621348 False 372621348
run12627.mid.gz 376295451 False 376295451
run12628.mid.gz 376027385 False 376027385
run12629.mid.gz 372302740 False 372302740
run12630.mid.gz 372369034 False 372369034
run12631.mid.gz 383483732 False 383483732
run12632.mid.gz 376071567 False 376071567
run12633.mid.gz 376011531 False 376011531
run12634.mid.gz 372274796 False 372274796
run12635.mid.gz 372296420 False 372296420
run12636.mid.gz 376087369 False 376087369
run12637.mid.gz 376008837 False 376008837
run12638.mid.gz 372320008 False 372320008
run12639.mid.gz 372257835 False 372257835
run12640.mid.gz 372367250 False 372367250
run12641.mid.gz 372316856 False 372316856
run12642.mid.gz 372382192 False 372382192
run12643.mid.gz 376049481 False 376049481
run12644.mid.gz 379832653 False 379832653
run12645.mid.gz 376090915 False 376090915
run12646.mid.gz 376107779 False 376107779
run12647.mid.gz 372336946 False 372336946
run12648.mid.gz 379999547 False 379999547
run12649.mid.gz 372407747 False 372407747
run12650.mid.gz 372447636 False 372447636
run12651.mid.gz 372448008 False 372448008
run12652.mid.gz 372406264 False 372406264
run12653.mid.gz 376118792 False 376118792
run12654.mid.gz 372413499 False 372413499
run12655.mid.gz 376107057 False 376107057
run12656.mid.gz 376143897 False 376143897
run12657.mid.gz 372381843 False 372381843
run12658.mid.gz 376095357 False 376095357
run12659.mid.gz 376033606 False 376033606
run12660.mid.gz 379813804 False 379813804
run12661.mid.gz 372385038 False 372385038
run12662.mid.gz 372353189 False 372353189
run12663.mid.gz 383502100 False 383502100
run12664.mid.gz 376050236 False 376050236
run12665.mid.gz 372360257 False 372360257
run12666.mid.gz 372351307 False 372351307
run12667.mid.gz 376089352 False 376089352
run12668.mid.gz 376238431 False 376238431
run12669.mid.gz 376109699 False 376109699
run12670.mid.gz 376145161 False 376145161
run12671.mid.gz 376148016 False 376148016
run12672.mid.gz 379885720 False 379885720
run12673.mid.gz 376112637 False 376112637
run12674.mid.gz 376146697 False 376146697
run12675.mid.gz 383555628 False 383555628
run12676.mid.gz 376148131 False 376148131
run12677.mid.gz 376136186 False 376136186
run12678.mid.gz 372413907 False 372413907
run12679.mid.gz 376157632 False 376157632
run12680.mid.gz 372381928 False 372381928
run12681.mid.gz 376145410 False 376145410
run12682.mid.gz 376110887 False 376110887
run12683.mid.gz 376192274 False 376192274
run12684.mid.gz 372422933 False 372422933
run12685.mid.gz 376133401 False 376133401
run12686.mid.gz 372492709 False 372492709
run12687.mid.gz 376161616 False 376161616
run12688.mid.gz 376242623 False 376242623
run12689.mid.gz 372500912 False 372500912
run12690.mid.gz 376174052 False 376174052
run12691.mid.gz 372503732 False 372503732
run12692.mid.gz 376129052 False 376129052
run12693.mid.gz 372401934 False 372401934
run12694.mid.gz 372372819 False 372372819
run12695.mid.gz 383622001 False 383622001
run12696.mid.gz 376169140 False 376169140
run12697.mid.gz 372426797 False 372426797
run12698.mid.gz 376209066 False 376209066
run12699.mid.gz 372454925 False 372454925
run12819.mid.gz 379964488 False 379964488
run12820.mid.gz 379902496 False 379902496
run12821.mid.gz 372447935 False 372447935
run12822.mid.gz 372444567 False 372444567
run12823.mid.gz 379881257 False 379881257
run12824.mid.gz 372471400 False 372471400
run12825.mid.gz 376137753 False 376137753
run12826.mid.gz 372433122 False 372433122
run12827.mid.gz 372436549 False 372436549
run12828.mid.gz 372484570 False 372484570
run12829.mid.gz 379879733 False 379879733
run12830.mid.gz 379902003 False 379902003
run12831.mid.gz 372447543 False 372447543
run12832.mid.gz 372404545 False 372404545
run12833.mid.gz 372468570 False 372468570
run12834.mid.gz 376158892 False 376158892
run12835.mid.gz 376175963 False 376175963
run12836.mid.gz 376122430 False 376122430
run12837.mid.gz 379871317 False 379871317
run12838.mid.gz 376185729 False 376185729
run12839.mid.gz 372530327 False 372530327
run12840.mid.gz 372471758 False 372471758
run12841.mid.gz 376138841 False 376138841
run12842.mid.gz 376157992 False 376157992
run12843.mid.gz 379950393 False 379950393
run12844.mid.gz 372460031 False 372460031
run12845.mid.gz 372440422 False 372440422
run12846.mid.gz 372452762 False 372452762
run12847.mid.gz 376214920 False 376214920
run12848.mid.gz 376179547 False 376179547
run12849.mid.gz 372480378 False 372480378
run12850.mid.gz 376193383 False 376193383
run12851.mid.gz 372444965 False 372444965
run12852.mid.gz 372482260 False 372482260
run12853.mid.gz 376159167 False 376159167
run12854.mid.gz 372447645 False 372447645
run12855.mid.gz 376173093 False 376173093
run12856.mid.gz 376198684 False 376198684
run12857.mid.gz 376205723 False 376205723
run12858.mid.gz 372395006 False 372395006
run12859.mid.gz 743941449 False 743941449
run12860.mid.gz 372731801 False 372731801
run12861.mid.gz 376298042 False 376298042
run12862.mid.gz 380083204 False 380083204
run12863.mid.gz 376328900 False 376328900
run12864.mid.gz 372532929 False 372532929
run12865.mid.gz 376292108 False 376292108
run12866.mid.gz 376308689 False 376308689
run12867.mid.gz 376262108 False 376262108
run12868.mid.gz 379966908 False 379966908
run12869.mid.gz 372555248 False 372555248
run12870.mid.gz 372713281 False 372713281
run12871.mid.gz 372671559 False 372671559
run12872.mid.gz 376325580 False 376325580
run12873.mid.gz 380017331 False 380017331
run12874.mid.gz 379965737 False 379965737
run12875.mid.gz 379972908 False 379972908
run12876.mid.gz 383732566 False 383732566
run12877.mid.gz 376245578 False 376245578
run12878.mid.gz 376269838 False 376269838
run12879.mid.gz 372570397 False 372570397
run12880.mid.gz 108234142 False 108234142
run12881.mid.gz 380131378 False 380131378
run12880.mid.gz 108234142 False 108234142
run12882.mid.gz 372626030 False 372626030
run12883.mid.gz 376340125 False 376340125
run12884.mid.gz 376340328 False 376340328
run12885.mid.gz 376438578 False 376438578
run12886.mid.gz 372759589 False 372759589
run12887.mid.gz 376416188 False 376416188
run12888.mid.gz 372697848 False 372697848
run12889.mid.gz 380058554 False 380058554
run12890.mid.gz 383754388 False 383754388
run12891.mid.gz 376301146 False 376301146
run12892.mid.gz 372605880 False 372605880
run12893.mid.gz 372581874 False 372581874
run12894.mid.gz 376255291 False 376255291
run12895.mid.gz 376268479 False 376268479
run12896.mid.gz 372572841 False 372572841
run12897.mid.gz 372654539 False 372654539
run12898.mid.gz 379949578 False 379949578
run12899.mid.gz 379967679 False 379967679
run12900.mid.gz 376096130 False 376096130
run12901.mid.gz 372467569 False 372467569
run12902.mid.gz 376150908 False 376150908
run12903.mid.gz 383617912 False 383617912
run12904.mid.gz 379919825 False 379919825
run12905.mid.gz 376263464 False 376263464
run12906.mid.gz 383556058 False 383556058
run12907.mid.gz 376194587 False 376194587
run12908.mid.gz 376064560 False 376064560
run12909.mid.gz 376066768 False 376066768
run12910.mid.gz 376209867 False 376209867
run12911.mid.gz 376212099 False 376212099
run12912.mid.gz 376136771 False 376136771
run12913.mid.gz 379770962 False 379770962
run12914.mid.gz 376140715 False 376140715
run12915.mid.gz 372388637 False 372388637
run12916.mid.gz 372429292 False 372429292
run12917.mid.gz 372337159 False 372337159
run12918.mid.gz 376081647 False 376081647
run12919.mid.gz 379730322 False 379730322
run12920.mid.gz 379945503 False 379945503
run12921.mid.gz 372465089 False 372465089
run12922.mid.gz 376140739 False 376140739
run12923.mid.gz 376234137 False 376234137
run12924.mid.gz 376294051 False 376294051
run12925.mid.gz 372529662 False 372529662
run12926.mid.gz 380124086 False 380124086
run12927.mid.gz 383754295 False 383754295
run12928.mid.gz 376141870 False 376141870
run12929.mid.gz 376105310 False 376105310
run12930.mid.gz 379975641 False 379975641
run12931.mid.gz 372481717 False 372481717
run12932.mid.gz 376063953 False 376063953
run12933.mid.gz 372444020 False 372444020
run12934.mid.gz 376174886 False 376174886
run12935.mid.gz 372434382 False 372434382
run12936.mid.gz 383496924 False 383496924
run12937.mid.gz 376064815 False 376064815
run12938.mid.gz 379642805 False 379642805
run12939.mid.gz 372367441 False 372367441
run12940.mid.gz 372396753 False 372396753
run12941.mid.gz 372248258 False 372248258
run12942.mid.gz 379879795 False 379879795
run12943.mid.gz 376058296 False 376058296
run12944.mid.gz 383424221 False 383424221
run12945.mid.gz 375990300 False 375990300
run12946.mid.gz 375916462 False 375916462
run12947.mid.gz 372293539 False 372293539
run12948.mid.gz 376003881 False 376003881
run12949.mid.gz 379789937 False 379789937
run12950.mid.gz 379744350 False 379744350
run12951.mid.gz 376059173 False 376059173
run12952.mid.gz 372238911 False 372238911
run12953.mid.gz 372255522 False 372255522
run12954.mid.gz 376065503 False 376065503
run12955.mid.gz 372235881 False 372235881
run12956.mid.gz 376000741 False 376000741
run12957.mid.gz 383554657 False 383554657
run12958.mid.gz 372376717 False 372376717
run12959.mid.gz 372344047 False 372344047
run12960.mid.gz 376083452 False 376083452
run12961.mid.gz 376012799 False 376012799
run12962.mid.gz 375892805 False 375892805
run12963.mid.gz 376002485 False 376002485
run12964.mid.gz 372203623 False 372203623
run12965.mid.gz 372300510 False 372300510
run12966.mid.gz 372370083 False 372370083
run12967.mid.gz 376102044 False 376102044
run12968.mid.gz 376038775 False 376038775
run12969.mid.gz 383446866 False 383446866
run12970.mid.gz 376197310 False 376197310
run12971.mid.gz 372349530 False 372349530
run12972.mid.gz 379829141 False 379829141
run12973.mid.gz 372481416 False 372481416
run12974.mid.gz 372503484 False 372503484
run12975.mid.gz 379863842 False 379863842
run12976.mid.gz 383576750 False 383576750
run12977.mid.gz 376284509 False 376284509
run12978.mid.gz 379795353 False 379795353
run12979.mid.gz 372413321 False 372413321
run12980.mid.gz 376287934 False 376287934
run12981.mid.gz 387384395 False 387384395
run12982.mid.gz 376222719 False 376222719
run12983.mid.gz 383696383 False 383696383
run12984.mid.gz 376193379 False 376193379
run12985.mid.gz 372460960 False 372460960
run12986.mid.gz 372401608 False 372401608
run12987.mid.gz 376081199 False 376081199
run12988.mid.gz 376014862 False 376014862
run12989.mid.gz 379988306 False 379988306
run12990.mid.gz 372470408 False 372470408
run12991.mid.gz 379842547 False 379842547
run12992.mid.gz 376095224 False 376095224
run12993.mid.gz 372304841 False 372304841
run12994.mid.gz 372456700 False 372456700
run12995.mid.gz 379920803 False 379920803
run12996.mid.gz 379866454 False 379866454
run12997.mid.gz 376235698 False 376235698
run12998.mid.gz 372346709 False 372346709
run12999.mid.gz 372468893 False 372468893
run13000.mid.gz 383569103 False 383569103
run13001.mid.gz 376127969 False 376127969
run13002.mid.gz 376087770 False 376087770
run13003.mid.gz 376210286 False 376210286
run13004.mid.gz 372341956 False 372341956
run13005.mid.gz 372465886 False 372465886
run13006.mid.gz 372499650 False 372499650
run13007.mid.gz 372413167 False 372413167
run13008.mid.gz 372340110 False 372340110
run13009.mid.gz 372428866 False 372428866
run13010.mid.gz 743530537 False 743530537
run13011.mid.gz 376425928 False 376425928
run13012.mid.gz 376422299 False 376422299
run13013.mid.gz 376480869 False 376480869
run13014.mid.gz 380040736 False 380040736
run13015.mid.gz 379965467 False 379965467
run13016.mid.gz 376396103 False 376396103
run13017.mid.gz 376284902 False 376284902
run13018.mid.gz 372555605 False 372555605
run13019.mid.gz 376269556 False 376269556
run13020.mid.gz 372494258 False 372494258
run13021.mid.gz 372601763 False 372601763
run13022.mid.gz 383730089 False 383730089
run13023.mid.gz 379944150 False 379944150
run13024.mid.gz 376272951 False 376272951
run13025.mid.gz 372503891 False 372503891
run13026.mid.gz 372580014 False 372580014
run13027.mid.gz 376311251 False 376311251
run13028.mid.gz 376278479 False 376278479
run13029.mid.gz 380002126 False 380002126
run13030.mid.gz 376267115 False 376267115
run13031.mid.gz 376226099 False 376226099
run13032.mid.gz 372517848 False 372517848
run13033.mid.gz 379903516 False 379903516
run13034.mid.gz 372468879 False 372468879
run13035.mid.gz 383638061 False 383638061
run13036.mid.gz 376149342 False 376149342
run13037.mid.gz 383512584 False 383512584
run13038.mid.gz 372427067 False 372427067
run13039.mid.gz 372512678 False 372512678
run13040.mid.gz 372423093 False 372423093
run13041.mid.gz 379829295 False 379829295
run13042.mid.gz 376112977 False 376112977
run13043.mid.gz 383600802 False 383600802
run13044.mid.gz 376129354 False 376129354
run13045.mid.gz 379824183 False 379824183
run13046.mid.gz 376053049 False 376053049
run13047.mid.gz 372326992 False 372326992
run13048.mid.gz 376211850 False 376211850
run13049.mid.gz 372376212 False 372376212
run13050.mid.gz 372427622 False 372427622
run13051.mid.gz 376218502 False 376218502
run13052.mid.gz 379873546 False 379873546
run13053.mid.gz 379756176 False 379756176
run13054.mid.gz 372378674 False 372378674
run13055.mid.gz 383626690 False 383626690
run13056.mid.gz 379863050 False 379863050
run13057.mid.gz 372380297 False 372380297
run13058.mid.gz 379757912 False 379757912
run13059.mid.gz 376070133 False 376070133
run13060.mid.gz 376012361 False 376012361
run13061.mid.gz 379836623 False 379836623
run13062.mid.gz 376070783 False 376070783
run13063.mid.gz 375962815 False 375962815
run13064.mid.gz 379791485 False 379791485
run13065.mid.gz 376004003 False 376004003
run13066.mid.gz 375984253 False 375984253
run13067.mid.gz 372307238 False 372307238
run13068.mid.gz 372235230 False 372235230
run13069.mid.gz 372187303 False 372187303
run13070.mid.gz 372332906 False 372332906
run13071.mid.gz 376107894 False 376107894
run13072.mid.gz 372293060 False 372293060
run13073.mid.gz 372316492 False 372316492
run13074.mid.gz 372440936 False 372440936
run13075.mid.gz 375989108 False 375989108
run13076.mid.gz 372341576 False 372341576
run13077.mid.gz 379790020 False 379790020
run13078.mid.gz 376120007 False 376120007
run13079.mid.gz 376080432 False 376080432
run13080.mid.gz 376061340 False 376061340
run13081.mid.gz 372467072 False 372467072
run13082.mid.gz 376190469 False 376190469
run13083.mid.gz 379891376 False 379891376
run13084.mid.gz 383586193 False 383586193
run13085.mid.gz 376081843 False 376081843
run13086.mid.gz 376112139 False 376112139
run13087.mid.gz 376188101 False 376188101
run13088.mid.gz 376168379 False 376168379
run13089.mid.gz 379998720 False 379998720
run13090.mid.gz 383643713 False 383643713
run13091.mid.gz 372453059 False 372453059
run13092.mid.gz 376195593 False 376195593
run13093.mid.gz 379856892 False 379856892
run13094.mid.gz 383478017 False 383478017
run13095.mid.gz 379843000 False 379843000
run13096.mid.gz 376481918 False 376481918
run13097.mid.gz 372271667 False 372271667
run13098.mid.gz 379742805 False 379742805
run13099.mid.gz 376083108 False 376083108
run13100.mid.gz 376321387 False 376321387
run13101.mid.gz 376280712 False 376280712
run13102.mid.gz 375974282 False 375974282
run13103.mid.gz 379775253 False 379775253
run13104.mid.gz 375864163 False 375864163
run13105.mid.gz 372361260 False 372361260
run13106.mid.gz 383270604 False 383270604
run13107.mid.gz 375891133 False 375891133
run13108.mid.gz 383330066 False 383330066
run13109.mid.gz 379548676 False 379548676
run13110.mid.gz 375884051 False 375884051
run13111.mid.gz 379701082 False 379701082
run13112.mid.gz 379564731 False 379564731
run13113.mid.gz 376018614 False 376018614
run13114.mid.gz 372118041 False 372118041
run13115.mid.gz 375949334 False 375949334
run13116.mid.gz 379569240 False 379569240
run13117.mid.gz 375914764 False 375914764
run13118.mid.gz 372097758 False 372097758
run13119.mid.gz 376008045 False 376008045
run13120.mid.gz 375781232 False 375781232
run13121.mid.gz 372247771 False 372247771
run13122.mid.gz 372251972 False 372251972
run13123.mid.gz 375923838 False 375923838
run13124.mid.gz 375864811 False 375864811
run13125.mid.gz 375909614 False 375909614
run13126.mid.gz 372170438 False 372170438
run13127.mid.gz 379660802 False 379660802
run13128.mid.gz 372162924 False 372162924
run13129.mid.gz 376053042 False 376053042
run13130.mid.gz 372256406 False 372256406
run13131.mid.gz 376100117 False 376100117
run13132.mid.gz 372418109 False 372418109
run13133.mid.gz 372276533 False 372276533
run13134.mid.gz 379728184 False 379728184
run13135.mid.gz 372324920 False 372324920
run13136.mid.gz 372199128 False 372199128
run13137.mid.gz 372317779 False 372317779
run13138.mid.gz 379710070 False 379710070
run13139.mid.gz 372335170 False 372335170
run13140.mid.gz 376048385 False 376048385
run13141.mid.gz 372387004 False 372387004
run13142.mid.gz 376082477 False 376082477
run13143.mid.gz 372233371 False 372233371
run13144.mid.gz 372264042 False 372264042
run13145.mid.gz 379704882 False 379704882
run13146.mid.gz 375881688 False 375881688
run13147.mid.gz 376040945 False 376040945
run13148.mid.gz 376073960 False 376073960
run13149.mid.gz 375923812 False 375923812
run13150.mid.gz 372204047 False 372204047
run13151.mid.gz 372429870 False 372429870
run13152.mid.gz 379821988 False 379821988
run13153.mid.gz 372294864 False 372294864
run13154.mid.gz 376010574 False 376010574
run13155.mid.gz 383427221 False 383427221
run13156.mid.gz 375944971 False 375944971
run13157.mid.gz 376007791 False 376007791
run13158.mid.gz 372298385 False 372298385
run13159.mid.gz 375942237 False 375942237
run13160.mid.gz 376043735 False 376043735
run13162.mid.gz 40966544 False 40966544
run13163.mid.gz 747278382 False 747278382
run13164.mid.gz 387250983 False 387250983
run13165.mid.gz 372363973 False 372363973
run13166.mid.gz 372216640 False 372216640
run13167.mid.gz 372223830 False 372223830
run13168.mid.gz 372245578 False 372245578
run13169.mid.gz 379651702 False 379651702
run13170.mid.gz 375920291 False 375920291
run13171.mid.gz 387201580 False 387201580
run13172.mid.gz 379677093 False 379677093
run13173.mid.gz 376017017 False 376017017
run13174.mid.gz 379655148 False 379655148
run13175.mid.gz 375969535 False 375969535
run13176.mid.gz 375875244 False 375875244
run13177.mid.gz 372129921 False 372129921
run13178.mid.gz 375839724 False 375839724
run13179.mid.gz 379669494 False 379669494
run13180.mid.gz 372202464 False 372202464
run13181.mid.gz 372235069 False 372235069
run13182.mid.gz 375918831 False 375918831
run13183.mid.gz 375782977 False 375782977
run13184.mid.gz 372300408 False 372300408
run13185.mid.gz 372196848 False 372196848
run13186.mid.gz 375973346 False 375973346
run13187.mid.gz 375794441 False 375794441
run13188.mid.gz 383257779 False 383257779
run13189.mid.gz 372164311 False 372164311
run13190.mid.gz 379575746 False 379575746
run13191.mid.gz 372294520 False 372294520
run13192.mid.gz 375890330 False 375890330
run13193.mid.gz 379618519 False 379618519
run13194.mid.gz 376043142 False 376043142
run13195.mid.gz 375941779 False 375941779
run13196.mid.gz 383297429 False 383297429
run13197.mid.gz 375876091 False 375876091
run13198.mid.gz 372227865 False 372227865
run13199.mid.gz 379677609 False 379677609
run13200.mid.gz 372216327 False 372216327
run13201.mid.gz 372153275 False 372153275
run13202.mid.gz 372232913 False 372232913
run13203.mid.gz 372113122 False 372113122
run13204.mid.gz 375830061 False 375830061
run13205.mid.gz 375789457 False 375789457
run13206.mid.gz 375784806 False 375784806
run13207.mid.gz 372110902 False 372110902
run13208.mid.gz 375854693 False 375854693
run13209.mid.gz 372051265 False 372051265
run13210.mid.gz 383255795 False 383255795
run13211.mid.gz 379638367 False 379638367
run13212.mid.gz 372074904 False 372074904
run13213.mid.gz 372214514 False 372214514
run13214.mid.gz 375787242 False 375787242
run13215.mid.gz 372048060 False 372048060
run13216.mid.gz 379441201 False 379441201
run13217.mid.gz 375715297 False 375715297
run13218.mid.gz 375748809 False 375748809
run13219.mid.gz 375774348 False 375774348
run13220.mid.gz 375719266 False 375719266
run13221.mid.gz 375692140 False 375692140
run13222.mid.gz 372005791 False 372005791
run13223.mid.gz 379448559 False 379448559
run13224.mid.gz 372096418 False 372096418
run13225.mid.gz 379689536 False 379689536
run13226.mid.gz 372195298 False 372195298
run13227.mid.gz 379649618 False 379649618
run13228.mid.gz 372187169 False 372187169
run13229.mid.gz 372099775 False 372099775
run13230.mid.gz 376084115 False 376084115
run13231.mid.gz 372244146 False 372244146
run13232.mid.gz 383578637 False 383578637
run13233.mid.gz 375901282 False 375901282
run13234.mid.gz 372330010 False 372330010
run13235.mid.gz 372223737 False 372223737
run13236.mid.gz 383349748 False 383349748
run13237.mid.gz 387027531 False 387027531
run13238.mid.gz 383341159 False 383341159
run13239.mid.gz 375868739 False 375868739
run13240.mid.gz 376111518 False 376111518
run13241.mid.gz 379376265 False 379376265
run13242.mid.gz 375717566 False 375717566
run13243.mid.gz 375635165 False 375635165
run13244.mid.gz 375822857 False 375822857
run13245.mid.gz 375663198 False 375663198
run13246.mid.gz 383222536 False 383222536
run13247.mid.gz 372155151 False 372155151
run13248.mid.gz 379446728 False 379446728
run13249.mid.gz 375741849 False 375741849
run13250.mid.gz 371959891 False 371959891
run13251.mid.gz 375656911 False 375656911
run13252.mid.gz 379331272 False 379331272
run13253.mid.gz 375639288 False 375639288
run13254.mid.gz 371980913 False 371980913
run13255.mid.gz 379531593 False 379531593
run13256.mid.gz 375751517 False 375751517
run13257.mid.gz 379604521 False 379604521
run13258.mid.gz 371954676 False 371954676
run13259.mid.gz 375700212 False 375700212
run13260.mid.gz 371970313 False 371970313
run13261.mid.gz 371936492 False 371936492
run13262.mid.gz 371963605 False 371963605
run13263.mid.gz 379438678 False 379438678
run13264.mid.gz 379464481 False 379464481
run13265.mid.gz 375687395 False 375687395
run13266.mid.gz 383200574 False 383200574
run13267.mid.gz 372138346 False 372138346
run13268.mid.gz 379605046 False 379605046
run13269.mid.gz 379451248 False 379451248
run13270.mid.gz 375771051 False 375771051
run13271.mid.gz 375687673 False 375687673
run13272.mid.gz 372030154 False 372030154
run13273.mid.gz 383285919 False 383285919
run13274.mid.gz 375966479 False 375966479
run13275.mid.gz 372091142 False 372091142
run13276.mid.gz 375762985 False 375762985
run13277.mid.gz 379572978 False 379572978
run13278.mid.gz 375821238 False 375821238
run13279.mid.gz 375873627 False 375873627
run13280.mid.gz 379484555 False 379484555
run13281.mid.gz 372082358 False 372082358
run13282.mid.gz 379482135 False 379482135
run13283.mid.gz 375733793 False 375733793
run13284.mid.gz 375823032 False 375823032
run13285.mid.gz 375859464 False 375859464
run13286.mid.gz 375909531 False 375909531
run13287.mid.gz 375797659 False 375797659
run13288.mid.gz 372103398 False 372103398
run13289.mid.gz 375725302 False 375725302
run13290.mid.gz 379504947 False 379504947
run13291.mid.gz 372126484 False 372126484
run13292.mid.gz 375793398 False 375793398
run13293.mid.gz 372107803 False 372107803
run13294.mid.gz 372249399 False 372249399
run13295.mid.gz 375981791 False 375981791
run13296.mid.gz 375804687 False 375804687
run13297.mid.gz 379620344 False 379620344
run13298.mid.gz 375785630 False 375785630
run13299.mid.gz 375780177 False 375780177
run13300.mid.gz 375895203 False 375895203
run13301.mid.gz 375901011 False 375901011
run13302.mid.gz 383274761 False 383274761
run13303.mid.gz 383297571 False 383297571
run13304.mid.gz 379604688 False 379604688
run13305.mid.gz 383326779 False 383326779
run13306.mid.gz 383317825 False 383317825
run13307.mid.gz 375874061 False 375874061
run13308.mid.gz 372188817 False 372188817
run13309.mid.gz 379503542 False 379503542
run13310.mid.gz 375741148 False 375741148
run13311.mid.gz 372076442 False 372076442
run13312.mid.gz 375798869 False 375798869
run13313.mid.gz 372239760 False 372239760
run13314.mid.gz 375923504 False 375923504
run13315.mid.gz 372195356 False 372195356
run13316.mid.gz 372203822 False 372203822
run13317.mid.gz 375852296 False 375852296
run13318.mid.gz 375796147 False 375796147
run13319.mid.gz 372053966 False 372053966
run13320.mid.gz 375933487 False 375933487
run13321.mid.gz 375788937 False 375788937
run13322.mid.gz 375892059 False 375892059
run13323.mid.gz 379438802 False 379438802
run13324.mid.gz 743065672 False 743065672
run13325.mid.gz 379665098 False 379665098
run13326.mid.gz 379741090 False 379741090
run13327.mid.gz 379677360 False 379677360
run13328.mid.gz 375860669 False 375860669
run13329.mid.gz 383379503 False 383379503
run13330.mid.gz 375900426 False 375900426
run13331.mid.gz 375854713 False 375854713
run13332.mid.gz 379665650 False 379665650
run13333.mid.gz 372197631 False 372197631
run13334.mid.gz 375977210 False 375977210
run13335.mid.gz 379641239 False 379641239
run13336.mid.gz 372142091 False 372142091
run13337.mid.gz 375960964 False 375960964
run13338.mid.gz 375879271 False 375879271
run13339.mid.gz 372249562 False 372249562
run13340.mid.gz 376043297 False 376043297
run13341.mid.gz 379649065 False 379649065
run13342.mid.gz 379690522 False 379690522
run13343.mid.gz 372284557 False 372284557
run13344.mid.gz 375922769 False 375922769
run13345.mid.gz 376072665 False 376072665
run13346.mid.gz 379645343 False 379645343
run13347.mid.gz 375952242 False 375952242
run13348.mid.gz 375882527 False 375882527
run13349.mid.gz 383459184 False 383459184
run13350.mid.gz 372310599 False 372310599
run13351.mid.gz 375914542 False 375914542
run13352.mid.gz 379640940 False 379640940
run13353.mid.gz 372087482 False 372087482
run13354.mid.gz 372144775 False 372144775
run13355.mid.gz 375990326 False 375990326
run13356.mid.gz 372225225 False 372225225
run13357.mid.gz 379591369 False 379591369
run13358.mid.gz 372213121 False 372213121
run13359.mid.gz 376114531 False 376114531
run13360.mid.gz 375998673 False 375998673
run13361.mid.gz 375960868 False 375960868
run13362.mid.gz 379617599 False 379617599
run13363.mid.gz 379665762 False 379665762
run13364.mid.gz 375830950 False 375830950
run13365.mid.gz 372233498 False 372233498
run13366.mid.gz 379693839 False 379693839
run13367.mid.gz 379686709 False 379686709
run13368.mid.gz 379590260 False 379590260
run13369.mid.gz 375895103 False 375895103
run13370.mid.gz 375987655 False 375987655
run13371.mid.gz 372102914 False 372102914
run13372.mid.gz 372267593 False 372267593
run13373.mid.gz 372199263 False 372199263
run13374.mid.gz 379533008 False 379533008
run13375.mid.gz 375973572 False 375973572
run13376.mid.gz 375973405 False 375973405
run13377.mid.gz 375864328 False 375864328
run13378.mid.gz 372139887 False 372139887
run13379.mid.gz 375871158 False 375871158
run13380.mid.gz 375867610 False 375867610
run13381.mid.gz 372178353 False 372178353
run13382.mid.gz 375918482 False 375918482
run13383.mid.gz 372134120 False 372134120
run13384.mid.gz 372109978 False 372109978
run13385.mid.gz 379771042 False 379771042
run13386.mid.gz 387176659 False 387176659
run13387.mid.gz 372208949 False 372208949
run13388.mid.gz 375908202 False 375908202
run13389.mid.gz 379562647 False 379562647
run13390.mid.gz 372127968 False 372127968
run13391.mid.gz 383254875 False 383254875
run13392.mid.gz 379650416 False 379650416
run13393.mid.gz 379579881 False 379579881
run13394.mid.gz 375892131 False 375892131
run13395.mid.gz 375942541 False 375942541
run13396.mid.gz 379726663 False 379726663
run13397.mid.gz 375916908 False 375916908
run13398.mid.gz 372086994 False 372086994
run13399.mid.gz 376025562 False 376025562
run13400.mid.gz 372112018 False 372112018
run13401.mid.gz 375800752 False 375800752
run13402.mid.gz 375901271 False 375901271
run13403.mid.gz 375770076 False 375770076
run13404.mid.gz 379533023 False 379533023
run13405.mid.gz 375974198 False 375974198
run13406.mid.gz 372151230 False 372151230
run13407.mid.gz 375891444 False 375891444
run13408.mid.gz 375979000 False 375979000
run13409.mid.gz 379633565 False 379633565
run13410.mid.gz 372288764 False 372288764
run13411.mid.gz 372327931 False 372327931
run13412.mid.gz 375955849 False 375955849
run13413.mid.gz 372307751 False 372307751
run13414.mid.gz 375970394 False 375970394
run13415.mid.gz 372433529 False 372433529
run13416.mid.gz 376042246 False 376042246
run13417.mid.gz 372229285 False 372229285
run13418.mid.gz 376004753 False 376004753
run13419.mid.gz 375951407 False 375951407
run13420.mid.gz 375949877 False 375949877
run13421.mid.gz 375808880 False 375808880
run13422.mid.gz 376019310 False 376019310
run13423.mid.gz 375847373 False 375847373
run13424.mid.gz 379460029 False 379460029
run13425.mid.gz 372170958 False 372170958
run13426.mid.gz 375700335 False 375700335
run13427.mid.gz 375924335 False 375924335
run13428.mid.gz 375701965 False 375701965
run13429.mid.gz 379477168 False 379477168
run13430.mid.gz 372003031 False 372003031
run13431.mid.gz 375711519 False 375711519
run13432.mid.gz 379421225 False 379421225
run13433.mid.gz 375894220 False 375894220
run13434.mid.gz 375747265 False 375747265
run13435.mid.gz 379467378 False 379467378
run13436.mid.gz 375724400 False 375724400
run13437.mid.gz 375672657 False 375672657
run13438.mid.gz 379461154 False 379461154
run13439.mid.gz 379537273 False 379537273
run13440.mid.gz 383178357 False 383178357
run13441.mid.gz 375858160 False 375858160
run13442.mid.gz 379510017 False 379510017
run13443.mid.gz 375671835 False 375671835
run13444.mid.gz 383177574 False 383177574
run13445.mid.gz 372132558 False 372132558
run13446.mid.gz 375814583 False 375814583
run13447.mid.gz 375886822 False 375886822
run13448.mid.gz 375705839 False 375705839
run13449.mid.gz 383221566 False 383221566
run13450.mid.gz 372107843 False 372107843
run13451.mid.gz 375769909 False 375769909
run13452.mid.gz 383337788 False 383337788
run13453.mid.gz 375673580 False 375673580
run13454.mid.gz 379433658 False 379433658
run13455.mid.gz 375831009 False 375831009
run13456.mid.gz 375792175 False 375792175
run13457.mid.gz 372060210 False 372060210
run13458.mid.gz 379523089 False 379523089
run13459.mid.gz 375731660 False 375731660
run13460.mid.gz 379539188 False 379539188
run13461.mid.gz 372161542 False 372161542
run13462.mid.gz 375726964 False 375726964
run13463.mid.gz 386824615 False 386824615
run13464.mid.gz 375875385 False 375875385
run13626.mid.gz 750688164 False 750688164
run13627.mid.gz 372682272 False 372682272
run13628.mid.gz 380414049 False 380414049
run13629.mid.gz 376490403 False 376490403
run13630.mid.gz 372866715 False 372866715
run13631.mid.gz 372967997 False 372967997
run13632.mid.gz 386178667 False 386178667
run13633.mid.gz 376291037 False 376291037
run13634.mid.gz 385293985 False 385293985
run13635.mid.gz 378357673 False 378357673
run13636.mid.gz 380849818 False 380849818
run13637.mid.gz 45100206 False 45100206
run13639.mid.gz 376082457 False 376082457
run13640.mid.gz 376008433 False 376008433
run13641.mid.gz 375969698 False 375969698
run13642.mid.gz 379707643 False 379707643
run13643.mid.gz 375971355 False 375971355
run13644.mid.gz 376038813 False 376038813
run13645.mid.gz 376060412 False 376060412
run13646.mid.gz 376041168 False 376041168
run13647.mid.gz 372511194 False 372511194
run13648.mid.gz 376108328 False 376108328
run13649.mid.gz 372462603 False 372462603
run13650.mid.gz 376147341 False 376147341
run13651.mid.gz 379778789 False 379778789
run13652.mid.gz 375949288 False 375949288
run13653.mid.gz 390825220 False 390825220
run13654.mid.gz 376007313 False 376007313
run13655.mid.gz 372313530 False 372313530
run13656.mid.gz 376095857 False 376095857
run13657.mid.gz 380015483 False 380015483
run13658.mid.gz 383508573 False 383508573
run13659.mid.gz 372337715 False 372337715
run13660.mid.gz 372911426 False 372911426
run13661.mid.gz 378676125 False 378676125
run13662.mid.gz 378340706 False 378340706
run13663.mid.gz 378300049 False 378300049
run13664.mid.gz 382024804 False 382024804
run13665.mid.gz 374491717 False 374491717
run13666.mid.gz 374407763 False 374407763
run13667.mid.gz 378135127 False 378135127
run13668.mid.gz 374318702 False 374318702
run13669.mid.gz 743357317 False 743357317
run13671.mid.gz 379793401 False 379793401
run13672.mid.gz 376172406 False 376172406
run13673.mid.gz 379689022 False 379689022
run13674.mid.gz 375868739 False 375868739
run13675.mid.gz 379776441 False 379776441
run13676.mid.gz 375948601 False 375948601
run13677.mid.gz 387108505 False 387108505
run13678.mid.gz 383364664 False 383364664
run13679.mid.gz 375873884 False 375873884
run13680.mid.gz 379650263 False 379650263
run13681.mid.gz 383579995 False 383579995
run13682.mid.gz 376020425 False 376020425
run13683.mid.gz 372297425 False 372297425
run13684.mid.gz 379819477 False 379819477
run13685.mid.gz 375865907 False 375865907
run13686.mid.gz 375935669 False 375935669
run13687.mid.gz 379741269 False 379741269
run13688.mid.gz 372370596 False 372370596
run13689.mid.gz 375980376 False 375980376
run13690.mid.gz 383379257 False 383379257
run13691.mid.gz 376020833 False 376020833
run13692.mid.gz 380001478 False 380001478
run13693.mid.gz 376008994 False 376008994
run13694.mid.gz 376144207 False 376144207
run13695.mid.gz 383606168 False 383606168
run13696.mid.gz 379595647 False 379595647
run13697.mid.gz 375994147 False 375994147
run13698.mid.gz 376558679 False 376558679
run13699.mid.gz 376709395 False 376709395
run13700.mid.gz 373014862 False 373014862
run13701.mid.gz 380704040 False 380704040
run13702.mid.gz 376906909 False 376906909
run13703.mid.gz 376458429 False 376458429
run13704.mid.gz 372327814 False 372327814
run13705.mid.gz 376313816 False 376313816
run13706.mid.gz 375995771 False 375995771
run13707.mid.gz 379758745 False 379758745
run13708.mid.gz 376003043 False 376003043
run13709.mid.gz 379684320 False 379684320
run13710.mid.gz 379694801 False 379694801
run13711.mid.gz 376264701 False 376264701
run13712.mid.gz 372328798 False 372328798
run13713.mid.gz 383540764 False 383540764
run13714.mid.gz 379825340 False 379825340
run13715.mid.gz 376116671 False 376116671
run13716.mid.gz 376091801 False 376091801
run13717.mid.gz 379638759 False 379638759
run13718.mid.gz 379701969 False 379701969
run13719.mid.gz 372200317 False 372200317
run13720.mid.gz 379711046 False 379711046
run13721.mid.gz 375976824 False 375976824
run13722.mid.gz 379786454 False 379786454
run13723.mid.gz 372172554 False 372172554
run13724.mid.gz 383473380 False 383473380
run13725.mid.gz 376001951 False 376001951
run13726.mid.gz 372312211 False 372312211
run13727.mid.gz 387171428 False 387171428
run13728.mid.gz 376106775 False 376106775
run13729.mid.gz 376055628 False 376055628
run13730.mid.gz 372343871 False 372343871
run13731.mid.gz 376308257 False 376308257
run13732.mid.gz 376114990 False 376114990
run13733.mid.gz 383449756 False 383449756
run13734.mid.gz 379796985 False 379796985
run13735.mid.gz 379595098 False 379595098
run13736.mid.gz 376044684 False 376044684
run13737.mid.gz 379729029 False 379729029
run13738.mid.gz 372303047 False 372303047
run13739.mid.gz 375999756 False 375999756
run13740.mid.gz 375866482 False 375866482
run13741.mid.gz 372205562 False 372205562
run13742.mid.gz 372216310 False 372216310
run13743.mid.gz 375936136 False 375936136
run13744.mid.gz 375917015 False 375917015
run13745.mid.gz 375971640 False 375971640
run13746.mid.gz 379814613 False 379814613
run13747.mid.gz 375892411 False 375892411
run13748.mid.gz 372159610 False 372159610
run13749.mid.gz 379738872 False 379738872
run13750.mid.gz 372290700 False 372290700
run13751.mid.gz 379952674 False 379952674
run13752.mid.gz 372338131 False 372338131
run13753.mid.gz 376066740 False 376066740
run13754.mid.gz 372457456 False 372457456
run13755.mid.gz 375879372 False 375879372
run13756.mid.gz 376016791 False 376016791
run13757.mid.gz 375830495 False 375830495
run13758.mid.gz 372282167 False 372282167
run13759.mid.gz 376024670 False 376024670
run13760.mid.gz 372080900 False 372080900
run13761.mid.gz 376155319 False 376155319
run13762.mid.gz 383430551 False 383430551
run13763.mid.gz 372233398 False 372233398
run13764.mid.gz 379797179 False 379797179
run13765.mid.gz 372340170 False 372340170
run13766.mid.gz 379747836 False 379747836
run13767.mid.gz 372293702 False 372293702
run13768.mid.gz 379660322 False 379660322
run13769.mid.gz 372324423 False 372324423
run13770.mid.gz 379634265 False 379634265
run13771.mid.gz 383349853 False 383349853
run13772.mid.gz 372240654 False 372240654
run13773.mid.gz 379654725 False 379654725
run13774.mid.gz 372030982 False 372030982
run13775.mid.gz 375744077 False 375744077
run13776.mid.gz 371984619 False 371984619
run13777.mid.gz 379490131 False 379490131
run13778.mid.gz 375799915 False 375799915
run13779.mid.gz 379407513 False 379407513
run13780.mid.gz 379642471 False 379642471
run13781.mid.gz 375849440 False 375849440
run13782.mid.gz 375832839 False 375832839
run13783.mid.gz 379511906 False 379511906
run13784.mid.gz 375830506 False 375830506
run13785.mid.gz 379523494 False 379523494
run13786.mid.gz 372058944 False 372058944
run13787.mid.gz 375828186 False 375828186
run13788.mid.gz 375732118 False 375732118
run13789.mid.gz 375875625 False 375875625
run13790.mid.gz 379725051 False 379725051
run13791.mid.gz 372359336 False 372359336
run13792.mid.gz 383415783 False 383415783
run13793.mid.gz 372350296 False 372350296
run13794.mid.gz 375893622 False 375893622
run13795.mid.gz 375931167 False 375931167
run13796.mid.gz 375930036 False 375930036
run13797.mid.gz 379631574 False 379631574
run13798.mid.gz 375896149 False 375896149
run13799.mid.gz 372379909 False 372379909
run13800.mid.gz 375901343 False 375901343
run13801.mid.gz 376102183 False 376102183
run13802.mid.gz 376037872 False 376037872
run13803.mid.gz 383395175 False 383395175
run13804.mid.gz 379693600 False 379693600
run13805.mid.gz 372216340 False 372216340
run13806.mid.gz 375940576 False 375940576
run13807.mid.gz 372324180 False 372324180
run13808.mid.gz 372228346 False 372228346
run13809.mid.gz 379804130 False 379804130
run13810.mid.gz 376053265 False 376053265
run13811.mid.gz 376062544 False 376062544
run13812.mid.gz 376039425 False 376039425
run13813.mid.gz 376000890 False 376000890
run13814.mid.gz 376032809 False 376032809
run13815.mid.gz 379820177 False 379820177
run13816.mid.gz 383901219 False 383901219
run13817.mid.gz 375991810 False 375991810
run13818.mid.gz 372178667 False 372178667
run13819.mid.gz 383506346 False 383506346
run13820.mid.gz 375930717 False 375930717
run13821.mid.gz 746881914 False 746881914
run13822.mid.gz 376210405 False 376210405
run13823.mid.gz 376110816 False 376110816
run13824.mid.gz 372339737 False 372339737
run13825.mid.gz 376155174 False 376155174
run13826.mid.gz 380048727 False 380048727
run13827.mid.gz 379923533 False 379923533
run13828.mid.gz 376172460 False 376172460
run13829.mid.gz 379813682 False 379813682
run13830.mid.gz 379980198 False 379980198
run13831.mid.gz 372436045 False 372436045
run13832.mid.gz 376306068 False 376306068
run13833.mid.gz 376240753 False 376240753
run13834.mid.gz 376208230 False 376208230
run13835.mid.gz 379811476 False 379811476
run13836.mid.gz 372473522 False 372473522
run13837.mid.gz 379794482 False 379794482
run13838.mid.gz 383564347 False 383564347
run13839.mid.gz 372393749 False 372393749
run13840.mid.gz 376153105 False 376153105
run13841.mid.gz 376183988 False 376183988
run13842.mid.gz 372417492 False 372417492
run13843.mid.gz 376378169 False 376378169
run13844.mid.gz 372453488 False 372453488
run13845.mid.gz 376222834 False 376222834
run13846.mid.gz 379904722 False 379904722
run13847.mid.gz 376314603 False 376314603
run13848.mid.gz 376233202 False 376233202
run13849.mid.gz 376163730 False 376163730
run13850.mid.gz 383573995 False 383573995
run13851.mid.gz 372597377 False 372597377
run13852.mid.gz 372412319 False 372412319
run13853.mid.gz 376043137 False 376043137
run13854.mid.gz 376102581 False 376102581
run13855.mid.gz 376292201 False 376292201
run13856.mid.gz 376206660 False 376206660
run13857.mid.gz 376264437 False 376264437
run13858.mid.gz 372502540 False 372502540
run13859.mid.gz 379847431 False 379847431
run13860.mid.gz 376166466 False 376166466
run13861.mid.gz 376234555 False 376234555
run13862.mid.gz 383700523 False 383700523
run13863.mid.gz 372407402 False 372407402
run13864.mid.gz 376168305 False 376168305
run13865.mid.gz 372466070 False 372466070
run13866.mid.gz 379956336 False 379956336
run13867.mid.gz 376209482 False 376209482
run13868.mid.gz 372297002 False 372297002
run13869.mid.gz 380143370 False 380143370
run13870.mid.gz 377054693 False 377054693
run13871.mid.gz 380608805 False 380608805
run13872.mid.gz 63481602 False 63481602
run13874.mid.gz 743174773 False 743174773
run13877.mid.gz 751133905 False 751133905
run13878.mid.gz 702213099 False 702213099
run13881.mid.gz 750898256 False 750898256
run13883.mid.gz 377987143 False 377987143
run13884.mid.gz 377586012 False 377586012
run13885.mid.gz 381912386 False 381912386
run13886.mid.gz 378217163 False 378217163
run13887.mid.gz 385815301 False 385815301
run13888.mid.gz 382240610 False 382240610
run13889.mid.gz 389693251 False 389693251
run13890.mid.gz 378348582 False 378348582
run13891.mid.gz 378996927 False 378996927
run13892.mid.gz 387983851 False 387983851
run13893.mid.gz 385481023 False 385481023
run13894.mid.gz 374054810 False 374054810
run13895.mid.gz 382059300 False 382059300
run13896.mid.gz 377760049 False 377760049
run13897.mid.gz 384947711 False 384947711
run13898.mid.gz 377591140 False 377591140
run13899.mid.gz 388946200 False 388946200
run13900.mid.gz 378362126 False 378362126
run13901.mid.gz 382733007 False 382733007
run13902.mid.gz 373658429 False 373658429
run13903.mid.gz 384655023 False 384655023
run13904.mid.gz 376925123 False 376925123
run13905.mid.gz 377182654 False 377182654
run13906.mid.gz 378438519 False 378438519
run13907.mid.gz 373716120 False 373716120
run13908.mid.gz 376918769 False 376918769
run13909.mid.gz 377100936 False 377100936
run13910.mid.gz 380746955 False 380746955
run13911.mid.gz 380452493 False 380452493
run13912.mid.gz 377152629 False 377152629
run13917.mid.gz 380982695 False 380982695
run13919.mid.gz 1034182814 False 1034182814
run13920.mid.gz 977040089 False 977040089
run13921.mid.gz 971923209 False 971923209
run13922.mid.gz 976074666 False 976074666
run13923.mid.gz 981736148 False 981736148
run13918.mid.gz 3846231879 False 3846231879
run13924.mid.gz 382886696 False 382886696
run13929.mid.gz 382935950 False 382935950
run13930.mid.gz 928871228 False 928871228
run13931.mid.gz 932436926 False 932436926
run13932.mid.gz 932392749 False 932392749
run13933.mid.gz 932384960 False 932384960
run12218.mid.gz 372439959 False 372439959
run12203.mid.gz 751820285 False 751820285
run13934.mid.gz 18488219 False 18488219
run13935.mid.gz 1562895211 False 1562895211
run13936.mid.gz 1571139172 False 1571139172
run13937.mid.gz 1565420713 False 1565420713
run13938.mid.gz 1563874469 False 1563874469
run13939.mid.gz 1569435757 False 1569435757
run13940.mid.gz 1571631430 False 1571631430
run13941.mid.gz 1575726796 False 1575726796
run13942.mid.gz 1567126980 False 1567126980
run13943.mid.gz 1576905691 False 1576905691
run13944.mid.gz 1577702290 False 1577702290
run13945.mid.gz 1582756718 False 1582756718
run13946.mid.gz 1578288803 False 1578288803
run13947.mid.gz 1572174656 False 1572174656
run13948.mid.gz 1571256296 False 1571256296
run13949.mid.gz 1582063724 False 1582063724
run13950.mid.gz 1575842642 False 1575842642
run13951.mid.gz 1575684193 False 1575684193
run13952.mid.gz 1575052281 False 1575052281
run13953.mid.gz 1585877827 False 1585877827
run13954.mid.gz 1569753644 False 1569753644
run13955.mid.gz 1587313589 False 1587313589
run13956.mid.gz 1570587724 False 1570587724
run13957.mid.gz 1569896112 False 1569896112
run13958.mid.gz 1573925363 False 1573925363
run13959.mid.gz 1577865208 False 1577865208
run13960.mid.gz 1581117577 False 1581117577
run13961.mid.gz 1576016971 False 1576016971
run13962.mid.gz 1575157073 False 1575157073
run13963.mid.gz 1578364080 False 1578364080
run13964.mid.gz 1574568456 False 1574568456
run13965.mid.gz 1569515745 False 1569515745
run13966.mid.gz 1577744311 False 1577744311
run13967.mid.gz 1570666419 False 1570666419
run13968.mid.gz 1574299289 False 1574299289
run13969.mid.gz 1572280196 False 1572280196
run13970.mid.gz 1576158924 False 1576158924
run13971.mid.gz 1571429335 False 1571429335
run13972.mid.gz 1573413987 False 1573413987
run13973.mid.gz 1579986609 False 1579986609
run13974.mid.gz 1578284822 False 1578284822
run13975.mid.gz 1577955968 False 1577955968
run13976.mid.gz 1569426839 False 1569426839
run13977.mid.gz 1574782877 False 1574782877
run13978.mid.gz 1585718592 False 1585718592
run13979.mid.gz 1569024844 False 1569024844
run13980.mid.gz 1571617071 False 1571617071
run13981.mid.gz 1579932368 False 1579932368
run13982.mid.gz 1574284212 False 1574284212
run13983.mid.gz 1574419865 False 1574419865
run13984.mid.gz 1574789403 False 1574789403
run13985.mid.gz 1572170561 False 1572170561
run13986.mid.gz 1587912011 False 1587912011
run13987.mid.gz 1577801110 False 1577801110
run13988.mid.gz 1585747701 False 1585747701
run13989.mid.gz 1583252200 False 1583252200
run13990.mid.gz 1585243514 False 1585243514
run13991.mid.gz 1583301151 False 1583301151
run13992.mid.gz 1590013846 False 1590013846
run13993.mid.gz 1583292439 False 1583292439
run13994.mid.gz 1579011123 False 1579011123
run13995.mid.gz 1586463763 False 1586463763
run13996.mid.gz 1580640684 False 1580640684
run13997.mid.gz 438957060 False 438957060
run13998.mid.gz 375359632 False 375359632
run13999.mid.gz 934413983 False 934413983
run14000.mid.gz 930650645 False 930650645
run14001.mid.gz 934425108 False 934425108
run14002.mid.gz 930381290 False 930381290
run14003.mid.gz 930730206 False 930730206
run14004.mid.gz 930646242 False 930646242
run14005.mid.gz 930444471 False 930444471
run14006.mid.gz 930452665 False 930452665
run14007.mid.gz 937995617 False 937995617
run14008.mid.gz 934051300 False 934051300
run14009.mid.gz 937593249 False 937593249
run14010.mid.gz 937784219 False 937784219
run14011.mid.gz 930445397 False 930445397
run14012.mid.gz 930260875 False 930260875
run14013.mid.gz 930348159 False 930348159
run14014.mid.gz 930480104 False 930480104
run14015.mid.gz 934099681 False 934099681
run14016.mid.gz 933897283 False 933897283
run14017.mid.gz 930307500 False 930307500
run14018.mid.gz 933880653 False 933880653
run14019.mid.gz 934087855 False 934087855
run14020.mid.gz 934088019 False 934088019
run14021.mid.gz 937795182 False 937795182
run14022.mid.gz 934229080 False 934229080
run14023.mid.gz 934188078 False 934188078
run14024.mid.gz 934173538 False 934173538
run14025.mid.gz 930184964 False 930184964
run14026.mid.gz 934059368 False 934059368
run14027.mid.gz 934160865 False 934160865
run14028.mid.gz 930440075 False 930440075
run14029.mid.gz 938056339 False 938056339
run14030.mid.gz 934300111 False 934300111
run14031.mid.gz 938103701 False 938103701
run14032.mid.gz 930070285 False 930070285
run14033.mid.gz 930276062 False 930276062
run14034.mid.gz 933817765 False 933817765
run14035.mid.gz 937628770 False 937628770
run14036.mid.gz 933785778 False 933785778
run14037.mid.gz 930032855 False 930032855
run14038.mid.gz 933825066 False 933825066
run14039.mid.gz 930207984 False 930207984
run14040.mid.gz 937539636 False 937539636
run14041.mid.gz 930193117 False 930193117
run14042.mid.gz 933886109 False 933886109
run14043.mid.gz 930626347 False 930626347
run14044.mid.gz 930535147 False 930535147
run14045.mid.gz 941370333 False 941370333
run14046.mid.gz 934163162 False 934163162
run14047.mid.gz 933970845 False 933970845
run14048.mid.gz 930392044 False 930392044
run14049.mid.gz 934151202 False 934151202
run14050.mid.gz 933912881 False 933912881
run14051.mid.gz 930384969 False 930384969
run14052.mid.gz 933988017 False 933988017
run14053.mid.gz 934097287 False 934097287
run14054.mid.gz 934176980 False 934176980
run14055.mid.gz 934167729 False 934167729
run14056.mid.gz 930230520 False 930230520
run14057.mid.gz 930362289 False 930362289
run14058.mid.gz 930384091 False 930384091
run14059.mid.gz 375457080 False 375457080
run14060.mid.gz 938386099 False 938386099
run14061.mid.gz 934777464 False 934777464
run14062.mid.gz 934647334 False 934647334
run14063.mid.gz 938180962 False 938180962
run14064.mid.gz 938146880 False 938146880
run14065.mid.gz 934320571 False 934320571
run14066.mid.gz 930648763 False 930648763
run14067.mid.gz 934363565 False 934363565
run14068.mid.gz 930668350 False 930668350
run14069.mid.gz 934084462 False 934084462
run14070.mid.gz 930270466 False 930270466
run14071.mid.gz 934033070 False 934033070
run14072.mid.gz 934039628 False 934039628
run14073.mid.gz 945038358 False 945038358
run14074.mid.gz 930173127 False 930173127
run14075.mid.gz 937579984 False 937579984
run14076.mid.gz 930191873 False 930191873
run14077.mid.gz 937507439 False 937507439
run14078.mid.gz 933822232 False 933822232
run14079.mid.gz 933791874 False 933791874
run14080.mid.gz 934045527 False 934045527
run14081.mid.gz 934001514 False 934001514
run14082.mid.gz 930196007 False 930196007
run14083.mid.gz 930059765 False 930059765
run14084.mid.gz 937710370 False 937710370
run14085.mid.gz 930264856 False 930264856
run14086.mid.gz 929809133 False 929809133
run14087.mid.gz 937424885 False 937424885
run14088.mid.gz 930021928 False 930021928
run14089.mid.gz 933872113 False 933872113
run14090.mid.gz 937617515 False 937617515
run14091.mid.gz 930226830 False 930226830
run14092.mid.gz 930254091 False 930254091
run14093.mid.gz 937250678 False 937250678
run14094.mid.gz 929719336 False 929719336
run14095.mid.gz 933374674 False 933374674
run14096.mid.gz 933618241 False 933618241
run14097.mid.gz 929729188 False 929729188
run14098.mid.gz 933434491 False 933434491
run14099.mid.gz 929764195 False 929764195
run14100.mid.gz 929897395 False 929897395
run14101.mid.gz 933589427 False 933589427
run14102.mid.gz 933902455 False 933902455
run14103.mid.gz 930037152 False 930037152
run14104.mid.gz 933708611 False 933708611
run14105.mid.gz 933734214 False 933734214
run14106.mid.gz 929889133 False 929889133
run14107.mid.gz 933811140 False 933811140
run14108.mid.gz 933846150 False 933846150
run14109.mid.gz 929997378 False 929997378
run14110.mid.gz 933973135 False 933973135
run14111.mid.gz 933736740 False 933736740
run14112.mid.gz 933863844 False 933863844
run14113.mid.gz 941237031 False 941237031
run14114.mid.gz 933697442 False 933697442
run14115.mid.gz 933761349 False 933761349
run14116.mid.gz 937642827 False 937642827
run14117.mid.gz 929890189 False 929890189
run14118.mid.gz 933750682 False 933750682
run14119.mid.gz 930121455 False 930121455
run14121.mid.gz 747190775 False 747190775
run14122.mid.gz 942623164 False 942623164
run14123.mid.gz 942515643 False 942515643
run14124.mid.gz 938968227 False 938968227
run14125.mid.gz 931609974 False 931609974
run14126.mid.gz 934445169 False 934445169
run14127.mid.gz 941968313 False 941968313
run14128.mid.gz 930690265 False 930690265
run14129.mid.gz 930600488 False 930600488
run14130.mid.gz 930826223 False 930826223
run14131.mid.gz 934340182 False 934340182
run14132.mid.gz 941758688 False 941758688
run14133.mid.gz 934229660 False 934229660
run14134.mid.gz 938228570 False 938228570
run14135.mid.gz 934220237 False 934220237
run14136.mid.gz 934503509 False 934503509
run14137.mid.gz 934356686 False 934356686
run14138.mid.gz 930519373 False 930519373
run14139.mid.gz 938077222 False 938077222
run14140.mid.gz 937884754 False 937884754
run14141.mid.gz 930410951 False 930410951
run14142.mid.gz 930484724 False 930484724
run14143.mid.gz 930292771 False 930292771
run14144.mid.gz 934195286 False 934195286
run14145.mid.gz 934209628 False 934209628
run14146.mid.gz 747218142 False 747218142
run14147.mid.gz 930986428 False 930986428
run14148.mid.gz 934582026 False 934582026
run14149.mid.gz 938376614 False 938376614
run14150.mid.gz 934536356 False 934536356
run14151.mid.gz 934838398 False 934838398
run14152.mid.gz 930901840 False 930901840
run14153.mid.gz 931012714 False 931012714
run14154.mid.gz 938549812 False 938549812
run14155.mid.gz 930922776 False 930922776
run14156.mid.gz 931027272 False 931027272
run14157.mid.gz 931139965 False 931139965
run14158.mid.gz 930957237 False 930957237
run14159.mid.gz 934673426 False 934673426
run14160.mid.gz 938302739 False 938302739
run14161.mid.gz 930981171 False 930981171
run14162.mid.gz 934627313 False 934627313
run14163.mid.gz 931112089 False 931112089
run14164.mid.gz 931003842 False 931003842
run14165.mid.gz 938334014 False 938334014
run14166.mid.gz 934380709 False 934380709
run14167.mid.gz 934821076 False 934821076
run14168.mid.gz 930964864 False 930964864
run14169.mid.gz 934360231 False 934360231
run14170.mid.gz 930834725 False 930834725
run14171.mid.gz 934760700 False 934760700
run14172.mid.gz 930763837 False 930763837
run14173.mid.gz 934649848 False 934649848
run14174.mid.gz 934472559 False 934472559
run14175.mid.gz 934484003 False 934484003
run14176.mid.gz 934365855 False 934365855
run14177.mid.gz 934246560 False 934246560
run14178.mid.gz 930741514 False 930741514
run14179.mid.gz 930693056 False 930693056
run14180.mid.gz 930724181 False 930724181
run14181.mid.gz 930482440 False 930482440
run14182.mid.gz 930666862 False 930666862
run14183.mid.gz 930563377 False 930563377
run14184.mid.gz 934130702 False 934130702
run14185.mid.gz 930404495 False 930404495
run14186.mid.gz 930488861 False 930488861
run14187.mid.gz 934282528 False 934282528
run14188.mid.gz 930490091 False 930490091
run14189.mid.gz 930493847 False 930493847
run14190.mid.gz 930505521 False 930505521
run14191.mid.gz 937906879 False 937906879
run14192.mid.gz 930430899 False 930430899
run14193.mid.gz 941665143 False 941665143
run14194.mid.gz 934179899 False 934179899
run14195.mid.gz 934331817 False 934331817
run14196.mid.gz 934044625 False 934044625
run14197.mid.gz 930452856 False 930452856
run14198.mid.gz 930448562 False 930448562
run14199.mid.gz 930520050 False 930520050
run14200.mid.gz 930444732 False 930444732
run14201.mid.gz 937925588 False 937925588
run14202.mid.gz 930440632 False 930440632
run14203.mid.gz 934322234 False 934322234
run14204.mid.gz 930522061 False 930522061
run14205.mid.gz 930424900 False 930424900
run14206.mid.gz 930264721 False 930264721
run14207.mid.gz 750945035 False 750945035
run14208.mid.gz 938351934 False 938351934
run14209.mid.gz 938271885 False 938271885
run14210.mid.gz 942084179 False 942084179
run14211.mid.gz 930966892 False 930966892
run14212.mid.gz 930975630 False 930975630
run14213.mid.gz 934288398 False 934288398
run14214.mid.gz 941949712 False 941949712
run14215.mid.gz 934535533 False 934535533
run14216.mid.gz 930772796 False 930772796
run14217.mid.gz 930627981 False 930627981
run14218.mid.gz 930495813 False 930495813
run14219.mid.gz 934226848 False 934226848
run14220.mid.gz 930659225 False 930659225
run14221.mid.gz 930615324 False 930615324
run14222.mid.gz 930329616 False 930329616
run14223.mid.gz 934058812 False 934058812
run14224.mid.gz 934181211 False 934181211
run14225.mid.gz 930375746 False 930375746
run14226.mid.gz 930206569 False 930206569
run14227.mid.gz 930405703 False 930405703
run14228.mid.gz 930441961 False 930441961
run14229.mid.gz 930397836 False 930397836
run14230.mid.gz 934049956 False 934049956
run14231.mid.gz 937819988 False 937819988
run14232.mid.gz 930306513 False 930306513
run14233.mid.gz 930442926 False 930442926
run14234.mid.gz 930344487 False 930344487
run14235.mid.gz 930295240 False 930295240
run14236.mid.gz 930287821 False 930287821
run14237.mid.gz 930370072 False 930370072
run14238.mid.gz 937749001 False 937749001
run14239.mid.gz 937924999 False 937924999
run14240.mid.gz 937820342 False 937820342
run14241.mid.gz 934111433 False 934111433
run14242.mid.gz 930352899 False 930352899
run14243.mid.gz 930308042 False 930308042
run14244.mid.gz 930499120 False 930499120
run14245.mid.gz 930298684 False 930298684
run14246.mid.gz 934206801 False 934206801
run14247.mid.gz 930517119 False 930517119
run14249.mid.gz 743253858 False 743253858
run14250.mid.gz 933944658 False 933944658
run14251.mid.gz 933886733 False 933886733
run14252.mid.gz 930211963 False 930211963
run14253.mid.gz 930285966 False 930285966
run14254.mid.gz 930262263 False 930262263
run14255.mid.gz 930055131 False 930055131
run14256.mid.gz 937384582 False 937384582
run14257.mid.gz 929919418 False 929919418
run14258.mid.gz 933854590 False 933854590
run14259.mid.gz 930409979 False 930409979
run14260.mid.gz 933742069 False 933742069
run14261.mid.gz 929951541 False 929951541
run14262.mid.gz 933781146 False 933781146
run14263.mid.gz 929996461 False 929996461
run14264.mid.gz 933567193 False 933567193
run14265.mid.gz 929778438 False 929778438
run14266.mid.gz 933371563 False 933371563
run14267.mid.gz 929719990 False 929719990
run14268.mid.gz 941006613 False 941006613
run14269.mid.gz 933624929 False 933624929
run14270.mid.gz 929999050 False 929999050
run14271.mid.gz 933624812 False 933624812
run14272.mid.gz 929747008 False 929747008
run14273.mid.gz 929803818 False 929803818
run14274.mid.gz 930164987 False 930164987
run14275.mid.gz 929877776 False 929877776
run14276.mid.gz 929884291 False 929884291
run14277.mid.gz 933673598 False 933673598
run14278.mid.gz 930088499 False 930088499
run14279.mid.gz 929990795 False 929990795
run14280.mid.gz 933727885 False 933727885
run14281.mid.gz 933731568 False 933731568
run14282.mid.gz 937721333 False 937721333
run14283.mid.gz 929982528 False 929982528
run14284.mid.gz 930074851 False 930074851
run14285.mid.gz 930156873 False 930156873
run14286.mid.gz 933929474 False 933929474
run14287.mid.gz 930025785 False 930025785
run14288.mid.gz 937406960 False 937406960
run14289.mid.gz 933698010 False 933698010
run14302.mid.gz 743858954 False 743858954
run14303.mid.gz 18663409 False 18663409
run14304.mid.gz 18675380 False 18675380
run14305.mid.gz 18672662 False 18672662
run14306.mid.gz 11230328 False 11230328
run14307.mid.gz 22404245 False 22404245
run14308.mid.gz 26147629 False 26147629
run14309.mid.gz 22422022 False 22422022
run14310.mid.gz 22431368 False 22431368
run14311.mid.gz 22397069 False 22397069
run14312.mid.gz 22401542 False 22401542
run14313.mid.gz 18683724 False 18683724
run14314.mid.gz 18680159 False 18680159
run14315.mid.gz 938090125 False 938090125
run14316.mid.gz 938318955 False 938318955
run14317.mid.gz 934591199 False 934591199
run14318.mid.gz 934535192 False 934535192
run14319.mid.gz 938374372 False 938374372
run14320.mid.gz 938379932 False 938379932
run14321.mid.gz 934654612 False 934654612
run14322.mid.gz 938515722 False 938515722
run14323.mid.gz 934736386 False 934736386
run14324.mid.gz 931057078 False 931057078
run14325.mid.gz 934475706 False 934475706
run14326.mid.gz 934457369 False 934457369
run14327.mid.gz 938239378 False 938239378
run14328.mid.gz 934541611 False 934541611
run14329.mid.gz 938182533 False 938182533
run14330.mid.gz 938396687 False 938396687
run14331.mid.gz 930740413 False 930740413
run14332.mid.gz 930795276 False 930795276
run14333.mid.gz 934520480 False 934520480
run14334.mid.gz 934357809 False 934357809
run14335.mid.gz 938462768 False 938462768
run14336.mid.gz 938280187 False 938280187
run14337.mid.gz 934702469 False 934702469
run14338.mid.gz 934651037 False 934651037
run14339.mid.gz 938537605 False 938537605
run14340.mid.gz 934589573 False 934589573
run14341.mid.gz 934739640 False 934739640
run14342.mid.gz 938334428 False 938334428
run14343.mid.gz 930900120 False 930900120
run14344.mid.gz 934882052 False 934882052
run14345.mid.gz 930929812 False 930929812
run14346.mid.gz 938263120 False 938263120
run14347.mid.gz 938308092 False 938308092
run14348.mid.gz 942039294 False 942039294
run14349.mid.gz 934591791 False 934591791
run14350.mid.gz 938258166 False 938258166
run14351.mid.gz 934582937 False 934582937
run14352.mid.gz 930769543 False 930769543
run14353.mid.gz 934435826 False 934435826
run14354.mid.gz 934591934 False 934591934
run14355.mid.gz 938561263 False 938561263
run14356.mid.gz 931182453 False 931182453
run14357.mid.gz 934759486 False 934759486
run14358.mid.gz 931060722 False 931060722
run14359.mid.gz 938274746 False 938274746
run14360.mid.gz 934580602 False 934580602
run14361.mid.gz 938447815 False 938447815
run14362.mid.gz 934503820 False 934503820
run14363.mid.gz 930864612 False 930864612
run14364.mid.gz 930790744 False 930790744
run14365.mid.gz 934697654 False 934697654
run14366.mid.gz 934727775 False 934727775
run14367.mid.gz 930890007 False 930890007
run14368.mid.gz 934267190 False 934267190
run14369.mid.gz 934666057 False 934666057
run14370.mid.gz 930786879 False 930786879
run14371.mid.gz 934576509 False 934576509
run14372.mid.gz 934472251 False 934472251
run14373.mid.gz 930702646 False 930702646
run14374.mid.gz 938285079 False 938285079
run14375.mid.gz 931358121 False 931358121
run14376.mid.gz 938858766 False 938858766
run14377.mid.gz 931109927 False 931109927
run14378.mid.gz 938490748 False 938490748
run14379.mid.gz 938748938 False 938748938
run14380.mid.gz 931210568 False 931210568
run14381.mid.gz 931368957 False 931368957
run14382.mid.gz 934900604 False 934900604
run14383.mid.gz 938700469 False 938700469
run14384.mid.gz 935056093 False 935056093
run14385.mid.gz 931375194 False 931375194
run14386.mid.gz 934857015 False 934857015
run14387.mid.gz 934919402 False 934919402
run14388.mid.gz 935119288 False 935119288
run14389.mid.gz 934820593 False 934820593
run14390.mid.gz 934850232 False 934850232
run14391.mid.gz 934835638 False 934835638
run14392.mid.gz 938534156 False 938534156
run14393.mid.gz 931006420 False 931006420
run14394.mid.gz 938596933 False 938596933
run14395.mid.gz 939160550 False 939160550
run14396.mid.gz 943019105 False 943019105
run14397.mid.gz 942573943 False 942573943
run14398.mid.gz 935547539 False 935547539
run14399.mid.gz 939830551 False 939830551
run14400.mid.gz 935847038 False 935847038
run14401.mid.gz 938980761 False 938980761
run14402.mid.gz 942651029 False 942651029
run14403.mid.gz 935532603 False 935532603
run14404.mid.gz 939744387 False 939744387
run14405.mid.gz 936044429 False 936044429
run14406.mid.gz 947228426 False 947228426
run14407.mid.gz 939430760 False 939430760
run14408.mid.gz 950507962 False 950507962
run14409.mid.gz 951211191 False 951211191
run14410.mid.gz 947201180 False 947201180
run14411.mid.gz 943649930 False 943649930
run14412.mid.gz 936217362 False 936217362
run14413.mid.gz 935995608 False 935995608
run14414.mid.gz 936034776 False 936034776
run14415.mid.gz 940203019 False 940203019
run14416.mid.gz 939592715 False 939592715
run14417.mid.gz 942944599 False 942944599
run14418.mid.gz 935433842 False 935433842
run14419.mid.gz 950914890 False 950914890
run14420.mid.gz 935852281 False 935852281
run14421.mid.gz 943581046 False 943581046
run14422.mid.gz 943135915 False 943135915
run14423.mid.gz 939321127 False 939321127
run14424.mid.gz 943139945 False 943139945
run14425.mid.gz 943401366 False 943401366
run14426.mid.gz 942457918 False 942457918
run14427.mid.gz 943158541 False 943158541
run14428.mid.gz 939237345 False 939237345
run14429.mid.gz 950582852 False 950582852
run14430.mid.gz 943192981 False 943192981
run14431.mid.gz 942966093 False 942966093
run14432.mid.gz 935266476 False 935266476
run14433.mid.gz 950308047 False 950308047
run14434.mid.gz 939108604 False 939108604
run14435.mid.gz 945893571 False 945893571
run14436.mid.gz 934930595 False 934930595
run14437.mid.gz 930967495 False 930967495
run14438.mid.gz 934846493 False 934846493
run14439.mid.gz 938536442 False 938536442
run14440.mid.gz 942123530 False 942123530
run14441.mid.gz 934792284 False 934792284
run14442.mid.gz 934571720 False 934571720
run14443.mid.gz 934614550 False 934614550
run14444.mid.gz 934312263 False 934312263
run14445.mid.gz 945583898 False 945583898
run14446.mid.gz 934375183 False 934375183
run14447.mid.gz 934295324 False 934295324
run14448.mid.gz 930411437 False 930411437
run14449.mid.gz 934013512 False 934013512
run14450.mid.gz 934238497 False 934238497
run14451.mid.gz 934040635 False 934040635
run14452.mid.gz 934205101 False 934205101
run14453.mid.gz 934272834 False 934272834
run14454.mid.gz 934422691 False 934422691
run14455.mid.gz 941923288 False 941923288
run14456.mid.gz 934452924 False 934452924
run14457.mid.gz 934337207 False 934337207
run14458.mid.gz 930538317 False 930538317
run14459.mid.gz 938139126 False 938139126
run14460.mid.gz 930672876 False 930672876
run14461.mid.gz 930611239 False 930611239
run14462.mid.gz 941492006 False 941492006
run14463.mid.gz 930255663 False 930255663
run14464.mid.gz 934355474 False 934355474
run14465.mid.gz 937774874 False 937774874
run14466.mid.gz 934202277 False 934202277
run14467.mid.gz 930298232 False 930298232
run14468.mid.gz 934246538 False 934246538
run14469.mid.gz 937981505 False 937981505
run14470.mid.gz 933984776 False 933984776
run14471.mid.gz 930053739 False 930053739
run14472.mid.gz 937664875 False 937664875
run14473.mid.gz 933843823 False 933843823
run14474.mid.gz 930075914 False 930075914
run14475.mid.gz 937708779 False 937708779
run14476.mid.gz 934075010 False 934075010
run14477.mid.gz 941372194 False 941372194
run14478.mid.gz 930166519 False 930166519
run14479.mid.gz 930262367 False 930262367
run14480.mid.gz 933996964 False 933996964
run14481.mid.gz 933888897 False 933888897
run14482.mid.gz 930315377 False 930315377
run14483.mid.gz 934150666 False 934150666
run14484.mid.gz 937806163 False 937806163
run14485.mid.gz 934161614 False 934161614
run14486.mid.gz 934069345 False 934069345
run14487.mid.gz 930240833 False 930240833
run14488.mid.gz 930140602 False 930140602
run14489.mid.gz 930289874 False 930289874
run14490.mid.gz 934000989 False 934000989
run14491.mid.gz 937896053 False 937896053
run14492.mid.gz 934033123 False 934033123
run14493.mid.gz 933942435 False 933942435
run14494.mid.gz 937810895 False 937810895
run14502.mid.gz 743371995 False 743371995
run14503.mid.gz 941314357 False 941314357
run14504.mid.gz 936974075 False 936974075
run14505.mid.gz 936997601 False 936997601
run14506.mid.gz 937481700 False 937481700
run14507.mid.gz 933804547 False 933804547
run14508.mid.gz 937477649 False 937477649
run14509.mid.gz 937403792 False 937403792
run14510.mid.gz 933119552 False 933119552
run14511.mid.gz 945277457 False 945277457
run14512.mid.gz 937295048 False 937295048
run14513.mid.gz 933642005 False 933642005
run14514.mid.gz 933223790 False 933223790
run14515.mid.gz 963061166 False 963061166
run14516.mid.gz 961693641 False 961693641
run14517.mid.gz 962728339 False 962728339
run14518.mid.gz 933891088 False 933891088
run14519.mid.gz 936426358 False 936426358
run14520.mid.gz 936331299 False 936331299
run14521.mid.gz 937181813 False 937181813
run14522.mid.gz 933327298 False 933327298
run14523.mid.gz 937200438 False 937200438
run14524.mid.gz 933315994 False 933315994
run14525.mid.gz 933329139 False 933329139
run14526.mid.gz 936661764 False 936661764
run14527.mid.gz 933448502 False 933448502
run14528.mid.gz 948928219 False 948928219
run14529.mid.gz 937918447 False 937918447
run14530.mid.gz 953109168 False 953109168
run14531.mid.gz 975614060 False 975614060
run14532.mid.gz 963519306 False 963519306
run14533.mid.gz 939052635 False 939052635
run14534.mid.gz 933539465 False 933539465
run14535.mid.gz 940700179 False 940700179
run14536.mid.gz 937250083 False 937250083
run14537.mid.gz 936948061 False 936948061
run14538.mid.gz 936769249 False 936769249
run14539.mid.gz 933465832 False 933465832
run14540.mid.gz 937603956 False 937603956
run14541.mid.gz 945357260 False 945357260
run14542.mid.gz 941325099 False 941325099
run14543.mid.gz 937344146 False 937344146
run14544.mid.gz 937683977 False 937683977
run14545.mid.gz 941540671 False 941540671
run14546.mid.gz 953823849 False 953823849
run14547.mid.gz 964049055 False 964049055
run14548.mid.gz 937490422 False 937490422
run14549.mid.gz 937001623 False 937001623
run14550.mid.gz 940466186 False 940466186
run14551.mid.gz 937964864 False 937964864
run14552.mid.gz 941222572 False 941222572
run14553.mid.gz 941157479 False 941157479
run14554.mid.gz 938294143 False 938294143
run14555.mid.gz 937540075 False 937540075
run14556.mid.gz 938268163 False 938268163
run14557.mid.gz 944955501 False 944955501
run14558.mid.gz 941309379 False 941309379
run14559.mid.gz 940181518 False 940181518
run14560.mid.gz 971869544 False 971869544
run14561.mid.gz 965954025 False 965954025
run14562.mid.gz 959473958 False 959473958
run14563.mid.gz 950322301 False 950322301
run14564.mid.gz 936539858 False 936539858
run14565.mid.gz 933323214 False 933323214
run14566.mid.gz 938089714 False 938089714
run14567.mid.gz 934119589 False 934119589
run14568.mid.gz 941315845 False 941315845
run14569.mid.gz 934060483 False 934060483
run14570.mid.gz 933926331 False 933926331
run14571.mid.gz 937534711 False 937534711
run14572.mid.gz 941842286 False 941842286
run14573.mid.gz 941977168 False 941977168
run14574.mid.gz 934196634 False 934196634
run14575.mid.gz 933619120 False 933619120
run14576.mid.gz 934268609 False 934268609
run14577.mid.gz 944833340 False 944833340
run14578.mid.gz 937476316 False 937476316
run14579.mid.gz 933653001 False 933653001
run14580.mid.gz 937456632 False 937456632
run14581.mid.gz 941845821 False 941845821
run14582.mid.gz 949442263 False 949442263
run14583.mid.gz 938023691 False 938023691
run14584.mid.gz 940935782 False 940935782
run14585.mid.gz 941293959 False 941293959
run14586.mid.gz 933880076 False 933880076
run14587.mid.gz 938093335 False 938093335
run14588.mid.gz 934173969 False 934173969
run14589.mid.gz 942137113 False 942137113
run14590.mid.gz 946247859 False 946247859
run14591.mid.gz 945645030 False 945645030
run14592.mid.gz 945480866 False 945480866
run14596.mid.gz 752153043 False 752153043
run14597.mid.gz 313760321 False 313760321
run14598.mid.gz 1852053440 False 1852053440
run14599.mid.gz 1850765904 False 1850765904
run14600.mid.gz 1850987712 False 1850987712
run14601.mid.gz 1851188551 False 1851188551
run14602.mid.gz 1851589080 False 1851589080
run14603.mid.gz 1851783860 False 1851783860
run14604.mid.gz 1851813294 False 1851813294
run14605.mid.gz 1852384283 False 1852384283
run14606.mid.gz 1852382364 False 1852382364
run14607.mid.gz 1852820417 False 1852820417
run14608.mid.gz 1853044252 False 1853044252
run14609.mid.gz 1852809648 False 1852809648
run14610.mid.gz 1853389770 False 1853389770
run14611.mid.gz 1855606683 False 1855606683
run14612.mid.gz 1857350554 False 1857350554
run14613.mid.gz 1855796368 False 1855796368
run14614.mid.gz 1857086851 False 1857086851
run14615.mid.gz 1856161370 False 1856161370
run14616.mid.gz 1855824703 False 1855824703
run14617.mid.gz 1853647544 False 1853647544
run14618.mid.gz 1855554330 False 1855554330
run14619.mid.gz 1854994964 False 1854994964
run14620.mid.gz 1852161436 False 1852161436
run14621.mid.gz 1852238760 False 1852238760
run14622.mid.gz 1852564715 False 1852564715
run14623.mid.gz 1852813400 False 1852813400
run14624.mid.gz 1852901585 False 1852901585
run14625.mid.gz 1852969156 False 1852969156
run14626.mid.gz 1852969599 False 1852969599
run14627.mid.gz 1852993033 False 1852993033
run14628.mid.gz 1853660095 False 1853660095
run14629.mid.gz 1853487731 False 1853487731
run14630.mid.gz 1853417727 False 1853417727
run14631.mid.gz 1853676385 False 1853676385
run14632.mid.gz 1854153658 False 1854153658
run14633.mid.gz 1855472026 False 1855472026
run14634.mid.gz 1856689241 False 1856689241
run14635.mid.gz 1858220348 False 1858220348
run14636.mid.gz 1855731325 False 1855731325
run14637.mid.gz 1863909766 False 1863909766
run14638.mid.gz 1854558398 False 1854558398
run14639.mid.gz 1853993744 False 1853993744
run14640.mid.gz 1853900222 False 1853900222
run14643.mid.gz 723504115 False 723504115
run14644.mid.gz 899287027 False 899287027
run14645.mid.gz 895374510 False 895374510
run14646.mid.gz 913493507 False 913493507
run14647.mid.gz 899115783 False 899115783
run14648.mid.gz 895489159 False 895489159
run14649.mid.gz 913631875 False 913631875
run14650.mid.gz 913490989 False 913490989
run14651.mid.gz 898759570 False 898759570
run14652.mid.gz 895568857 False 895568857
run14653.mid.gz 895210151 False 895210151
run14654.mid.gz 912870435 False 912870435
run14655.mid.gz 898530207 False 898530207
run14656.mid.gz 895204652 False 895204652
run14657.mid.gz 913056366 False 913056366
run14658.mid.gz 898693348 False 898693348
run14659.mid.gz 895366231 False 895366231
run14660.mid.gz 913450511 False 913450511
run14661.mid.gz 895664090 False 895664090
run14662.mid.gz 913616891 False 913616891
run14663.mid.gz 899356270 False 899356270
run14664.mid.gz 895873984 False 895873984
run14665.mid.gz 913545472 False 913545472
run14666.mid.gz 895978008 False 895978008
run14667.mid.gz 895850485 False 895850485
run14668.mid.gz 913580397 False 913580397
run14677.mid.gz 909265701 False 909265701
run14678.mid.gz 894910746 False 894910746
run14679.mid.gz 912855868 False 912855868
run14680.mid.gz 912718802 False 912718802
run14681.mid.gz 905884052 False 905884052
run14682.mid.gz 894323321 False 894323321
run14683.mid.gz 894129561 False 894129561
run14684.mid.gz 897523060 False 897523060
run14685.mid.gz 897671872 False 897671872
run14686.mid.gz 901148099 False 901148099
run14687.mid.gz 897562772 False 897562772
run14688.mid.gz 909197013 False 909197013
run14689.mid.gz 905476564 False 905476564
run14690.mid.gz 894903906 False 894903906
run14691.mid.gz 901840217 False 901840217
run14692.mid.gz 894747394 False 894747394
run14693.mid.gz 898435557 False 898435557
run14694.mid.gz 901816872 False 901816872
run14695.mid.gz 908880533 False 908880533
run14696.mid.gz 894814910 False 894814910
run14697.mid.gz 898449079 False 898449079
run14698.mid.gz 894643377 False 894643377
run14699.mid.gz 894659394 False 894659394
run14700.mid.gz 898334269 False 898334269
run14701.mid.gz 898564629 False 898564629
run14702.mid.gz 908938436 False 908938436
run14703.mid.gz 905264609 False 905264609
run14704.mid.gz 898360162 False 898360162
run14705.mid.gz 894727422 False 894727422
run14706.mid.gz 894678535 False 894678535
run14707.mid.gz 894597986 False 894597986
run14708.mid.gz 894476679 False 894476679
run14712.mid.gz 716214285 False 716214285
run14713.mid.gz 723332471 False 723332471
run14715.mid.gz 36413459 False 36413459
run14716.mid.gz 915685078 False 915685078
run14717.mid.gz 931814158 False 931814158
run14718.mid.gz 920606767 False 920606767
run14719.mid.gz 950640849 False 950640849
run14720.mid.gz 945036268 False 945036268
run14721.mid.gz 966489788 False 966489788
run14722.mid.gz 959060803 False 959060803
run14723.mid.gz 961265862 False 961265862
run14724.mid.gz 966916854 False 966916854
run14725.mid.gz 964823357 False 964823357
run14731.mid.gz 926754710 False 926754710
run14727.mid.gz 966820304 False 966820304
run14728.mid.gz 967132997 False 967132997
run14729.mid.gz 980546403 False 980546403
run14730.mid.gz 975560499 False 975560499
run14732.mid.gz 922761897 False 922761897
run14733.mid.gz 932307314 False 932307314
run14726.mid.gz 965827448 False 965827448
run14737.mid.gz 978633732 False 978633732
run14738.mid.gz 973197507 False 973197507
run14736.mid.gz 966237762 False 966237762
run14739.mid.gz 973517034 False 973517034
run14740.mid.gz 980722511 False 980722511
run14735.mid.gz 958156091 False 958156091
run14741.mid.gz 978090453 False 978090453
run14734.mid.gz 976811875 False 976811875
run14743.mid.gz 992850570 False 992850570
run14742.mid.gz 983389154 False 983389154
run14744.mid.gz 982891877 False 982891877
run14749.mid.gz 929839787 False 929839787
run14745.mid.gz 985929286 False 985929286
run14746.mid.gz 933145176 False 933145176
run14747.mid.gz 935826092 False 935826092
run14750.mid.gz 929505134 False 929505134
run14751.mid.gz 968290639 False 968290639
run14753.mid.gz 967271241 False 967271241
run14752.mid.gz 969218014 False 969218014
run14754.mid.gz 989937766 False 989937766
run14755.mid.gz 982930337 False 982930337
run14756.mid.gz 986789793 False 986789793
run14757.mid.gz 986579073 False 986579073
run14758.mid.gz 991636275 False 991636275
run14759.mid.gz 996699623 False 996699623
run14760.mid.gz 994908072 False 994908072
run14761.mid.gz 990270038 False 990270038
run14762.mid.gz 991552542 False 991552542
run14815.mid.gz 85021699 False 85021699
run14818.mid.gz 720061701 False 720061701
run14819.mid.gz 915602879 False 915602879
run14820.mid.gz 908611159 False 908611159
run14821.mid.gz 909252256 False 909252256
run14822.mid.gz 898053568 False 898053568
run14823.mid.gz 928130812 False 928130812
run14824.mid.gz 918913190 False 918913190
run14825.mid.gz 918317187 False 918317187
run14826.mid.gz 926899774 False 926899774
run14827.mid.gz 931746088 False 931746088
run14828.mid.gz 945557097 False 945557097
run14829.mid.gz 180461954 False 180461954
run14830.mid.gz 723483623 False 723483623
run14831.mid.gz 894119784 False 894119784
run14832.mid.gz 883667000 False 883667000
run14833.mid.gz 904957237 False 904957237
run14834.mid.gz 931129868 False 931129868
run14835.mid.gz 944658120 False 944658120
run14836.mid.gz 926339060 False 926339060
run14837.mid.gz 948208311 False 948208311
run14838.mid.gz 954927951 False 954927951
run14839.mid.gz 952041107 False 952041107
run14840.mid.gz 938201639 False 938201639
run14841.mid.gz 951505628 False 951505628
run14842.mid.gz 956569815 False 956569815
run14843.mid.gz 941551163 False 941551163
run14844.mid.gz 945539408 False 945539408
run14845.mid.gz 939280658 False 939280658
run14846.mid.gz 936742040 False 936742040
run14847.mid.gz 936284913 False 936284913
run14848.mid.gz 932562993 False 932562993
run14849.mid.gz 941960599 False 941960599
run14850.mid.gz 929922280 False 929922280
run14851.mid.gz 939983921 False 939983921
run14852.mid.gz 944525160 False 944525160
run14853.mid.gz 936525527 False 936525527
run14854.mid.gz 927137397 False 927137397
run14855.mid.gz 933056785 False 933056785
run14856.mid.gz 925725215 False 925725215
run14857.mid.gz 931085591 False 931085591
run14858.mid.gz 928430740 False 928430740
run14859.mid.gz 926126668 False 926126668
run14860.mid.gz 927313743 False 927313743
run14861.mid.gz 924877334 False 924877334
run14862.mid.gz 934195725 False 934195725
run14863.mid.gz 927063596 False 927063596
run14864.mid.gz 938372095 False 938372095
run14865.mid.gz 940728788 False 940728788
run14866.mid.gz 939590713 False 939590713
run14867.mid.gz 927024816 False 927024816
run14767.mid.gz 925076479 False 925076479
run14769.mid.gz 924726015 False 924726015
run14772.mid.gz 942566840 False 942566840
run14773.mid.gz 937165570 False 937165570
run14768.mid.gz 934156606 False 934156606
run14770.mid.gz 936115251 False 936115251
run14771.mid.gz 944428861 False 944428861
run14785.mid.gz 87569272 False 87569272
run14774.mid.gz 948055293 False 948055293
run14775.mid.gz 953889293 False 953889293
run14776.mid.gz 939374280 False 939374280
run14777.mid.gz 953107289 False 953107289
run14778.mid.gz 934854560 False 934854560
run14779.mid.gz 959185704 False 959185704
run14780.mid.gz 960356288 False 960356288
run14781.mid.gz 951645418 False 951645418
run14782.mid.gz 958188260 False 958188260
run14783.mid.gz 950662498 False 950662498
run14784.mid.gz 968344468 False 968344468
run14786.mid.gz 967823716 False 967823716
run14763.mid.gz 2986277382 False 2986277382
run14787.mid.gz 964182300 False 964182300
run14788.mid.gz 935295643 False 935295643
run14789.mid.gz 934598026 False 934598026
run14790.mid.gz 932497946 False 932497946
run14791.mid.gz 943258060 False 943258060
run14792.mid.gz 951931260 False 951931260
run14793.mid.gz 950401030 False 950401030
run14794.mid.gz 958767668 False 958767668
run14795.mid.gz 958106821 False 958106821
run14796.mid.gz 934033524 False 934033524
run14797.mid.gz 952135437 False 952135437
run14798.mid.gz 957315972 False 957315972
run14799.mid.gz 955451941 False 955451941
run14800.mid.gz 933715911 False 933715911
run14801.mid.gz 636656502 False 636656502
run14872.mid.gz 80870535 False 80870535
run14883.mid.gz 913664913 False 913664913
run14884.mid.gz 925365936 False 925365936
run14885.mid.gz 912446895 False 912446895
run14886.mid.gz 922001186 False 922001186
run14887.mid.gz 905539837 False 905539837
run14888.mid.gz 588336959 False 588336959
run14889.mid.gz 929601089 False 929601089
run14890.mid.gz 909563411 False 909563411
run14891.mid.gz 917992086 False 917992086
run14892.mid.gz 913828842 False 913828842
run14893.mid.gz 914264042 False 914264042
run14894.mid.gz 910607422 False 910607422
run14895.mid.gz 912665739 False 912665739
run14896.mid.gz 917240356 False 917240356
run14897.mid.gz 497149915 False 497149915
run14898.mid.gz 70398719 False 70398719
run14912.mid.gz 913708362 False 913708362
run14913.mid.gz 928952321 False 928952321
run14914.mid.gz 916399825 False 916399825
run14915.mid.gz 911862274 False 911862274
run14900.mid.gz 705846011 False 705846011
run14928.mid.gz 727226625 False 727226625
run14929.mid.gz 220740173 False 220740173
run14930.mid.gz 921337843 False 921337843
run14931.mid.gz 915296952 False 915296952
run14932.mid.gz 917288158 False 917288158
run14933.mid.gz 926745013 False 926745013
run14934.mid.gz 913266026 False 913266026
run14935.mid.gz 912381020 False 912381020
run14936.mid.gz 911231726 False 911231726
run14937.mid.gz 929247378 False 929247378
run14938.mid.gz 921228879 False 921228879
run14939.mid.gz 926538923 False 926538923
run14940.mid.gz 899625850 False 899625850
run14941.mid.gz 902768586 False 902768586
run14942.mid.gz 899486294 False 899486294
run14943.mid.gz 910155608 False 910155608
run14944.mid.gz 912499051 False 912499051
run14945.mid.gz 899787062 False 899787062
run14946.mid.gz 898508389 False 898508389
run14947.mid.gz 906972895 False 906972895
run14948.mid.gz 906692758 False 906692758
run14949.mid.gz 904434556 False 904434556
run14950.mid.gz 910564063 False 910564063
run14951.mid.gz 912672340 False 912672340
run14952.mid.gz 580689274 False 580689274
run14953.mid.gz 892956480 False 892956480
run14954.mid.gz 903651726 False 903651726
run14955.mid.gz 886080174 False 886080174
run14956.mid.gz 882348934 False 882348934
run14957.mid.gz 882309388 False 882309388
run14958.mid.gz 885830049 False 885830049
run14959.mid.gz 882270309 False 882270309
run14960.mid.gz 890055534 False 890055534
run14961.mid.gz 883004279 False 883004279
run14962.mid.gz 892844114 False 892844114
run14963.mid.gz 882247316 False 882247316
run14964.mid.gz 885846653 False 885846653
run14965.mid.gz 882228893 False 882228893
run14966.mid.gz 885818243 False 885818243
run14967.mid.gz 882193005 False 882193005
run14968.mid.gz 903338653 False 903338653
run14969.mid.gz 882457249 False 882457249
run14970.mid.gz 903234509 False 903234509
run14971.mid.gz 882430656 False 882430656
run14972.mid.gz 882452156 False 882452156
run14973.mid.gz 882431826 False 882431826
run14974.mid.gz 882538363 False 882538363
run14975.mid.gz 903635641 False 903635641
run14976.mid.gz 903502250 False 903502250
run14978.mid.gz 705754884 False 705754884
run14979.mid.gz 903586359 False 903586359
run14980.mid.gz 883965593 False 883965593
run14981.mid.gz 894543627 False 894543627
run14982.mid.gz 909146676 False 909146676
run14983.mid.gz 906803583 False 906803583
run14984.mid.gz 892501126 False 892501126
run14985.mid.gz 883901315 False 883901315
run14986.mid.gz 901344758 False 901344758
run14987.mid.gz 884008620 False 884008620
run14988.mid.gz 904818063 False 904818063
run14990.mid.gz 728417018 False 728417018
run14991.mid.gz 904614632 False 904614632
run14992.mid.gz 905921498 False 905921498
run14993.mid.gz 884725660 False 884725660
run14994.mid.gz 903901461 False 903901461
run14995.mid.gz 904229872 False 904229872
run14996.mid.gz 893229603 False 893229603
run14997.mid.gz 882248214 False 882248214
run14998.mid.gz 904054093 False 904054093
run14999.mid.gz 882296434 False 882296434
run15000.mid.gz 882349324 False 882349324
run15001.mid.gz 892295356 False 892295356
run15002.mid.gz 881745543 False 881745543
run15003.mid.gz 902831528 False 902831528
run15004.mid.gz 902787453 False 902787453
run15005.mid.gz 902696454 False 902696454
run15006.mid.gz 902730109 False 902730109
run15007.mid.gz 884228723 False 884228723
run15008.mid.gz 902684717 False 902684717
run15009.mid.gz 892258727 False 892258727
run15010.mid.gz 881626778 False 881626778
run15011.mid.gz 709303846 False 709303846
run15012.mid.gz 894462872 False 894462872
run15013.mid.gz 869450099 False 869450099
run15014.mid.gz 891404598 False 891404598
run15015.mid.gz 894259838 False 894259838
run15016.mid.gz 897910216 False 897910216
run15017.mid.gz 899025455 False 899025455
run15018.mid.gz 899631169 False 899631169
run15019.mid.gz 894945097 False 894945097
run15026.mid.gz 710899438 False 710899438
run15027.mid.gz 922569713 False 922569713
run15028.mid.gz 903903401 False 903903401
run15029.mid.gz 906964206 False 906964206
run15030.mid.gz 719960567 False 719960567
run15031.mid.gz 920531642 False 920531642
run15032.mid.gz 903444325 False 903444325
run15033.mid.gz 910040095 False 910040095
run15034.mid.gz 917033921 False 917033921
run15035.mid.gz 902949787 False 902949787
run15036.mid.gz 920588524 False 920588524
run15037.mid.gz 913680650 False 913680650
run15038.mid.gz 906611066 False 906611066
run15039.mid.gz 910229814 False 910229814
run15041.mid.gz 726710989 False 726710989
run15040.mid.gz 901743456 False 901743456
run15042.mid.gz 909110315 False 909110315
run15043.mid.gz 909697417 False 909697417
run15044.mid.gz 901917805 False 901917805
run15045.mid.gz 909602150 False 909602150
run15046.mid.gz 902302220 False 902302220
run15047.mid.gz 902208124 False 902208124
run15048.mid.gz 904889527 False 904889527
run15049.mid.gz 902024910 False 902024910
run15050.mid.gz 902167085 False 902167085
run15051.mid.gz 916958246 False 916958246
run15054.mid.gz 722856496 False 722856496
run15055.mid.gz 976245903 False 976245903
run15056.mid.gz 976794366 False 976794366
run15059.mid.gz 977796685 False 977796685
run15057.mid.gz 956501347 False 956501347
run15058.mid.gz 955887251 False 955887251
run15061.mid.gz 722621258 False 722621258
run15062.mid.gz 974777698 False 974777698
run15063.mid.gz 986957731 False 986957731
run15064.mid.gz 961491540 False 961491540
run15065.mid.gz 977451822 False 977451822
run15066.mid.gz 962675494 False 962675494
run15067.mid.gz 972128079 False 972128079
run15068.mid.gz 960568287 False 960568287
run15069.mid.gz 970199482 False 970199482
run15070.mid.gz 708890803 False 708890803
run15071.mid.gz 903567543 False 903567543
run15072.mid.gz 909559873 False 909559873
run15073.mid.gz 905668342 False 905668342
run15074.mid.gz 916122040 False 916122040
run15075.mid.gz 913341816 False 913341816
run15076.mid.gz 905181465 False 905181465
run15077.mid.gz 906106366 False 906106366
run15078.mid.gz 901349955 False 901349955
run15079.mid.gz 911147941 False 911147941
run15080.mid.gz 38758367 False 38758367
run15083.mid.gz 1089598290 False 1089598290
run15084.mid.gz 1435737644 False 1435737644
run15085.mid.gz 1436255354 False 1436255354
run15086.mid.gz 1406160556 False 1406160556
run15087.mid.gz 1405710793 False 1405710793
run15088.mid.gz 1405666795 False 1405666795
run15090.mid.gz 1063209024 False 1063209024
run15091.mid.gz 1413477199 False 1413477199
run15092.mid.gz 1419580960 False 1419580960
run15093.mid.gz 1427714539 False 1427714539
run15094.mid.gz 1419598784 False 1419598784
run15095.mid.gz 1422051932 False 1422051932
run15096.mid.gz 1063641297 False 1063641297
run15097.mid.gz 1354821307 False 1354821307
run15098.mid.gz 1358636718 False 1358636718
run15099.mid.gz 1360612398 False 1360612398
run15100.mid.gz 1355235542 False 1355235542
run15101.mid.gz 1355798211 False 1355798211
run15102.mid.gz 1353072974 False 1353072974
run15103.mid.gz 1351645268 False 1351645268
run15104.mid.gz 1350551265 False 1350551265
run15105.mid.gz 1349110963 False 1349110963
run15108.mid.gz 770856145 False 770856145
run15106.mid.gz 1356673886 False 1356673886
run15107.mid.gz 1361286277 False 1361286277
run15110.mid.gz 43150708 False 43150708
run15109.mid.gz 1064521669 False 1064521669
run15111.mid.gz 1352832066 False 1352832066
run15112.mid.gz 1352156718 False 1352156718
run15113.mid.gz 1354832807 False 1354832807
run15114.mid.gz 1352897243 False 1352897243
run15115.mid.gz 1353803726 False 1353803726
run15116.mid.gz 1351864263 False 1351864263
run15117.mid.gz 1375839715 False 1375839715
run15118.mid.gz 1359212653 False 1359212653
run15119.mid.gz 1351068443 False 1351068443
run15120.mid.gz 1346819243 False 1346819243
run15121.mid.gz 1346762215 False 1346762215
run15122.mid.gz 1353323834 False 1353323834
run15123.mid.gz 1373995248 False 1373995248
run15026.mid.gz 710899438 False 710899438
run15027.mid.gz 922569713 False 922569713
run15028.mid.gz 903903401 False 903903401
run15029.mid.gz 906964206 False 906964206
run15030.mid.gz 719960567 False 719960567
run15031.mid.gz 920531642 False 920531642
run15032.mid.gz 903444325 False 903444325
run15033.mid.gz 910040095 False 910040095
run15034.mid.gz 917033921 False 917033921
run15035.mid.gz 902949787 False 902949787
run15036.mid.gz 920588524 False 920588524
run15037.mid.gz 913680650 False 913680650
run15038.mid.gz 906611066 False 906611066
run15039.mid.gz 910229814 False 910229814
run15040.mid.gz 901743456 False 901743456
run15041.mid.gz 726710989 False 726710989
run15042.mid.gz 909110315 False 909110315
run15043.mid.gz 909697417 False 909697417
run15044.mid.gz 901917805 False 901917805
run15045.mid.gz 909602150 False 909602150
run15046.mid.gz 902302220 False 902302220
run15047.mid.gz 902208124 False 902208124
run15048.mid.gz 904889527 False 904889527
run15049.mid.gz 902024910 False 902024910
run15050.mid.gz 902167085 False 902167085
run15051.mid.gz 916958246 False 916958246
run15054.mid.gz 722856496 False 722856496
run15055.mid.gz 976245903 False 976245903
run15056.mid.gz 976794366 False 976794366
run15057.mid.gz 956501347 False 956501347
run15058.mid.gz 955887251 False 955887251
run15059.mid.gz 977796685 False 977796685
run15061.mid.gz 722621258 False 722621258
run15062.mid.gz 974777698 False 974777698
run15063.mid.gz 986957731 False 986957731
run15064.mid.gz 961491540 False 961491540
run15065.mid.gz 977451822 False 977451822
run15066.mid.gz 962675494 False 962675494
run15067.mid.gz 972128079 False 972128079
run15068.mid.gz 960568287 False 960568287
run15069.mid.gz 970199482 False 970199482
run15070.mid.gz 708890803 False 708890803
run15071.mid.gz 903567543 False 903567543
run15072.mid.gz 909559873 False 909559873
run15073.mid.gz 905668342 False 905668342
run15074.mid.gz 916122040 False 916122040
run15075.mid.gz 913341816 False 913341816
run15076.mid.gz 905181465 False 905181465
run15077.mid.gz 906106366 False 906106366
run15078.mid.gz 901349955 False 901349955
run15079.mid.gz 911147941 False 911147941
run15080.mid.gz 38758367 False 38758367
run15083.mid.gz 1089598290 False 1089598290
run15084.mid.gz 1435737644 False 1435737644
run15085.mid.gz 1436255354 False 1436255354
run15086.mid.gz 1406160556 False 1406160556
run15087.mid.gz 1405710793 False 1405710793
run15088.mid.gz 1405666795 False 1405666795
run15090.mid.gz 1063209024 False 1063209024
run15091.mid.gz 1413477199 False 1413477199
run15092.mid.gz 1419580960 False 1419580960
run15093.mid.gz 1427714539 False 1427714539
run15094.mid.gz 1419598784 False 1419598784
run15095.mid.gz 1422051932 False 1422051932
run15096.mid.gz 1063641297 False 1063641297
run15097.mid.gz 1354821307 False 1354821307
run15098.mid.gz 1358636718 False 1358636718
run15099.mid.gz 1360612398 False 1360612398
run15100.mid.gz 1355235542 False 1355235542
run15101.mid.gz 1355798211 False 1355798211
run15102.mid.gz 1353072974 False 1353072974
run15103.mid.gz 1351645268 False 1351645268
run15104.mid.gz 1350551265 False 1350551265
run15105.mid.gz 1349110963 False 1349110963
run15106.mid.gz 1356673886 False 1356673886
run15107.mid.gz 1361286277 False 1361286277
run15108.mid.gz 770856145 False 770856145
run15109.mid.gz 1064521669 False 1064521669
run15110.mid.gz 43150708 False 43150708
run15111.mid.gz 1352832066 False 1352832066
run15112.mid.gz 1352156718 False 1352156718
run15113.mid.gz 1354832807 False 1354832807
run15114.mid.gz 1352897243 False 1352897243
run15115.mid.gz 1353803726 False 1353803726
run15116.mid.gz 1351864263 False 1351864263
run15117.mid.gz 1375839715 False 1375839715
run15118.mid.gz 1359212653 False 1359212653
run15119.mid.gz 1351068443 False 1351068443
run15120.mid.gz 1346819243 False 1346819243
run15121.mid.gz 1346762215 False 1346762215
run15122.mid.gz 1353323834 False 1353323834
run15123.mid.gz 1373995248 False 1373995248
run15129.mid.gz 1073744000 False 1073744000
run15130.mid.gz 1417166769 False 1417166769
run15131.mid.gz 1407498412 False 1407498412
run15132.mid.gz 1409087008 False 1409087008
run15133.mid.gz 1425610658 False 1425610658
run15134.mid.gz 1403049551 False 1403049551
run15136.mid.gz 1063425091 False 1063425091
run15137.mid.gz 1379255362 False 1379255362
run15138.mid.gz 1393283760 False 1393283760
run15139.mid.gz 1397211555 False 1397211555
run15140.mid.gz 1390740412 False 1390740412
run15141.mid.gz 1395287311 False 1395287311
run15142.mid.gz 1082006569 False 1082006569
run15143.mid.gz 1360490748 False 1360490748
run15144.mid.gz 1350594471 False 1350594471
run15145.mid.gz 1348542933 False 1348542933
run15146.mid.gz 1344770122 False 1344770122
run15147.mid.gz 1350259795 False 1350259795
run15148.mid.gz 1354807472 False 1354807472
run15149.mid.gz 1357989486 False 1357989486
run15150.mid.gz 1123195784 False 1123195784
run15151.mid.gz 1089553127 False 1089553127
run15152.mid.gz 1365173794 False 1365173794
run15153.mid.gz 1352901112 False 1352901112
run15154.mid.gz 1364513680 False 1364513680
run15155.mid.gz 1352944806 False 1352944806
run15156.mid.gz 1358116835 False 1358116835
run15157.mid.gz 1348485414 False 1348485414
run15158.mid.gz 1369494721 False 1369494721
run15159.mid.gz 1358314984 False 1358314984
run15160.mid.gz 1364838641 False 1364838641
run15161.mid.gz 1369457754 False 1369457754
run15162.mid.gz 1352883893 False 1352883893
run15163.mid.gz 1363094072 False 1363094072
run15164.mid.gz 1374839021 False 1374839021
run15165.mid.gz 1359181296 False 1359181296
run15166.mid.gz 1365219828 False 1365219828
run15167.mid.gz 1363903500 False 1363903500
run15168.mid.gz 1374310704 False 1374310704
run15169.mid.gz 1359135309 False 1359135309
run15170.mid.gz 1344036901 False 1344036901
run15173.mid.gz 730993078 False 730993078
run15174.mid.gz 1048514688 False 1048514688
run15175.mid.gz 1045368191 False 1045368191
run15176.mid.gz 1038200799 False 1038200799
run15177.mid.gz 241276769 False 241276769
run15171.mid.gz 1364883560 False 1364883560
run15178.mid.gz 711468838 False 711468838
run15179.mid.gz 910099495 False 910099495
run15180.mid.gz 896886122 False 896886122
run15181.mid.gz 728204050 False 728204050
run15182.mid.gz 908872139 False 908872139
run15183.mid.gz 492441847 False 492441847
run15184.mid.gz 967952331 False 967952331
run15185.mid.gz 970571139 False 970571139
run15186.mid.gz 981716268 False 981716268
run15187.mid.gz 720224885 False 720224885
run15188.mid.gz 913639872 False 913639872
run15189.mid.gz 900576869 False 900576869
run15190.mid.gz 45633 False 45633
run15191.mid.gz 911808654 False 911808654
run15192.mid.gz 921150669 False 921150669
run15193.mid.gz 913980805 False 913980805
run15194.mid.gz 902770398 False 902770398
run15195.mid.gz 915483995 False 915483995
run15196.mid.gz 906670692 False 906670692
run15197.mid.gz 911245866 False 911245866
run15198.mid.gz 921717073 False 921717073
run15199.mid.gz 914095467 False 914095467
run15200.mid.gz 911248068 False 911248068
run15201.mid.gz 921641522 False 921641522
run15202.mid.gz 910867360 False 910867360
run15203.mid.gz 918942964 False 918942964
run15204.mid.gz 900765113 False 900765113
run15205.mid.gz 908421511 False 908421511
run15206.mid.gz 914113709 False 914113709
run15207.mid.gz 914289566 False 914289566
run15208.mid.gz 911090989 False 911090989
run15209.mid.gz 905423973 False 905423973
run15210.mid.gz 901124938 False 901124938
run15211.mid.gz 904292773 False 904292773
run15212.mid.gz 917369538 False 917369538
run15213.mid.gz 900417726 False 900417726
run15214.mid.gz 901456292 False 901456292
run15215.mid.gz 917487377 False 917487377
run15216.mid.gz 900048089 False 900048089
run15217.mid.gz 902001121 False 902001121
run15218.mid.gz 133462585 False 133462585
run15220.mid.gz 705621277 False 705621277
run15221.mid.gz 900991068 False 900991068
run15222.mid.gz 905310686 False 905310686
run15223.mid.gz 907078044 False 907078044
run15224.mid.gz 905007201 False 905007201
run15225.mid.gz 896853481 False 896853481
run15226.mid.gz 907340629 False 907340629
run15227.mid.gz 899841347 False 899841347
run15228.mid.gz 906522538 False 906522538
run15229.mid.gz 900366374 False 900366374
run15230.mid.gz 896945417 False 896945417
run15231.mid.gz 895685440 False 895685440
run15232.mid.gz 899240696 False 899240696
run15233.mid.gz 897121684 False 897121684
run15234.mid.gz 902608512 False 902608512
run15235.mid.gz 476002997 False 476002997
run15236.mid.gz 705641883 False 705641883
run15237.mid.gz 906081686 False 906081686
run15238.mid.gz 906431135 False 906431135
run15239.mid.gz 903428622 False 903428622
run15240.mid.gz 900614181 False 900614181
run15241.mid.gz 907081674 False 907081674
run15242.mid.gz 909764569 False 909764569
run15243.mid.gz 900033679 False 900033679
run15244.mid.gz 900942786 False 900942786
run15245.mid.gz 902992005 False 902992005
run15246.mid.gz 898042506 False 898042506
run15247.mid.gz 892507806 False 892507806
run15248.mid.gz 910885125 False 910885125
run15249.mid.gz 902970730 False 902970730
run15250.mid.gz 902435643 False 902435643
run15251.mid.gz 896262305 False 896262305
run15252.mid.gz 899706605 False 899706605
run15253.mid.gz 907096852 False 907096852
run15254.mid.gz 895994420 False 895994420
run15255.mid.gz 902619305 False 902619305
run15256.mid.gz 899265851 False 899265851
run15257.mid.gz 904824781 False 904824781
run15258.mid.gz 899199978 False 899199978
run15259.mid.gz 906537097 False 906537097
run15260.mid.gz 895050612 False 895050612
run15261.mid.gz 898243796 False 898243796
run15262.mid.gz 896308352 False 896308352
run15263.mid.gz 912179491 False 912179491
run15264.mid.gz 707607973 False 707607973
run15265.mid.gz 997360403 False 997360403
run15266.mid.gz 978857745 False 978857745
run15267.mid.gz 996122418 False 996122418
run15268.mid.gz 972204836 False 972204836
run15269.mid.gz 54724531 False 54724531
run15270.mid.gz 721651348 False 721651348
run15271.mid.gz 910232518 False 910232518
run15272.mid.gz 369371938 False 369371938
run15273.mid.gz 215373971 False 215373971
run15275.mid.gz 726980983 False 726980983
run15276.mid.gz 902886891 False 902886891
run15277.mid.gz 882125137 False 882125137
run15278.mid.gz 902964532 False 902964532
run15279.mid.gz 902905159 False 902905159
run15280.mid.gz 903196896 False 903196896
run15282.mid.gz 1063647936 False 1063647936
run15283.mid.gz 1339398172 False 1339398172
run15284.mid.gz 1344417043 False 1344417043
run15285.mid.gz 1360685116 False 1360685116
run15286.mid.gz 1349976950 False 1349976950
run15287.mid.gz 1338928046 False 1338928046
run15288.mid.gz 1084586187 False 1084586187
run15289.mid.gz 1342794572 False 1342794572
run15290.mid.gz 1355177747 False 1355177747
run15291.mid.gz 1347406785 False 1347406785
run15292.mid.gz 1356443917 False 1356443917
run15293.mid.gz 1351073553 False 1351073553
run15298.mid.gz 1063294280 False 1063294280
run15299.mid.gz 1363508204 False 1363508204
run15300.mid.gz 1342204924 False 1342204924
run15301.mid.gz 1342691489 False 1342691489
run15302.mid.gz 250443527 False 250443527
run15303.mid.gz 1333017166 False 1333017166
run15304.mid.gz 1359707363 False 1359707363
run15305.mid.gz 1346685030 False 1346685030
run15306.mid.gz 1368068445 False 1368068445
run15307.mid.gz 1338454368 False 1338454368
run15308.mid.gz 1350642476 False 1350642476
run15309.mid.gz 1358843416 False 1358843416
run15310.mid.gz 1342351288 False 1342351288
run15311.mid.gz 729333813 False 729333813
run15312.mid.gz 1353269397 False 1353269397
run15313.mid.gz 1347419791 False 1347419791
run15314.mid.gz 1363502743 False 1363502743
run15315.mid.gz 1358786000 False 1358786000
run15316.mid.gz 985928540 False 985928540
run15317.mid.gz 1358492922 False 1358492922
run15318.mid.gz 1358767456 False 1358767456
run15319.mid.gz 1342934980 False 1342934980
run15321.mid.gz 325006971 False 325006971
run15320.mid.gz 1341068858 False 1341068858
run15322.mid.gz 1337453403 False 1337453403
run15323.mid.gz 1337474703 False 1337474703
run15324.mid.gz 1375100400 False 1375100400
run15326.mid.gz 393161723 False 393161723
run15327.mid.gz 45590 False 45590
run15325.mid.gz 1340782778 False 1340782778
run15329.mid.gz 45065 False 45065
run15331.mid.gz 1353243324 False 1353243324
run15332.mid.gz 1348251142 False 1348251142
run15333.mid.gz 1341943638 False 1341943638
run15334.mid.gz 1356499059 False 1356499059
run15335.mid.gz 1348047961 False 1348047961
run15336.mid.gz 1352273117 False 1352273117
run15337.mid.gz 1364588193 False 1364588193
run15338.mid.gz 1348111080 False 1348111080
run15339.mid.gz 1348876775 False 1348876775
run15340.mid.gz 1337199535 False 1337199535
run15342.mid.gz 1063251246 False 1063251246
run15343.mid.gz 1434082820 False 1434082820
run15344.mid.gz 1432795420 False 1432795420
run15345.mid.gz 1437767513 False 1437767513
run15346.mid.gz 1441911682 False 1441911682
run15347.mid.gz 1424243987 False 1424243987
run15348.mid.gz 1068478734 False 1068478734
run15349.mid.gz 1357575925 False 1357575925
run15350.mid.gz 1353784907 False 1353784907
run15351.mid.gz 1360157602 False 1360157602
run15352.mid.gz 1358706423 False 1358706423
run15353.mid.gz 1348439923 False 1348439923
run15354.mid.gz 1063190314 False 1063190314
run15355.mid.gz 1343418998 False 1343418998
run15356.mid.gz 1343482070 False 1343482070
run15357.mid.gz 1349455284 False 1349455284
run15358.mid.gz 1360454348 False 1360454348
run15359.mid.gz 1340264452 False 1340264452
run15360.mid.gz 1371263593 False 1371263593
run15361.mid.gz 1339252879 False 1339252879
run15362.mid.gz 1355502424 False 1355502424
run15363.mid.gz 1360927038 False 1360927038
run15364.mid.gz 1338854805 False 1338854805
run15365.mid.gz 1344657516 False 1344657516
run15366.mid.gz 1345191499 False 1345191499
run15367.mid.gz 1349985940 False 1349985940
run15368.mid.gz 1349701064 False 1349701064
run15369.mid.gz 1366530503 False 1366530503
run15370.mid.gz 1360153474 False 1360153474
run15371.mid.gz 1356204264 False 1356204264
run15372.mid.gz 1349382955 False 1349382955
run15373.mid.gz 1355717810 False 1355717810
run15374.mid.gz 1350307797 False 1350307797
run15375.mid.gz 1348162724 False 1348162724
run15376.mid.gz 1344198026 False 1344198026
run15377.mid.gz 170859266 False 170859266
run15378.mid.gz 1079268071 False 1079268071
run15379.mid.gz 1343805971 False 1343805971
run15380.mid.gz 1365581312 False 1365581312
run15381.mid.gz 970723760 False 970723760
run15382.mid.gz 1348776936 False 1348776936
run15383.mid.gz 1349097719 False 1349097719
run15384.mid.gz 1344182561 False 1344182561
run15385.mid.gz 1343533835 False 1343533835
run15386.mid.gz 1338208392 False 1338208392
run15387.mid.gz 1343702359 False 1343702359
run15388.mid.gz 1343547165 False 1343547165
run15389.mid.gz 1343528316 False 1343528316
run15390.mid.gz 1354763239 False 1354763239
run15391.mid.gz 1359458062 False 1359458062
run15392.mid.gz 1344095900 False 1344095900
run15393.mid.gz 1343179886 False 1343179886
run15394.mid.gz 1339020725 False 1339020725
run15395.mid.gz 1344232709 False 1344232709
run15396.mid.gz 1344979816 False 1344979816
run15397.mid.gz 1349424774 False 1349424774
run15398.mid.gz 1355326018 False 1355326018
run15401.mid.gz 1063450574 False 1063450574
run15402.mid.gz 1449082804 False 1449082804
run15403.mid.gz 1457394080 False 1457394080
run15404.mid.gz 1463264446 False 1463264446
run15405.mid.gz 1465338159 False 1465338159
run15406.mid.gz 1451038702 False 1451038702
run15407.mid.gz 1465734879 False 1465734879
run15408.mid.gz 1459956422 False 1459956422
run15412.mid.gz 1468181773 False 1468181773
run15413.mid.gz 1466810702 False 1466810702
run15409.mid.gz 1472826997 False 1472826997
run15410.mid.gz 1127578013 False 1127578013
run15411.mid.gz 1444436450 False 1444436450
run15414.mid.gz 45387 False 45387
run15416.mid.gz 715582596 False 715582596
run15417.mid.gz 46449 False 46449
run15418.mid.gz 45243 False 45243
run15420.mid.gz 996351473 False 996351473
run15421.mid.gz 1005416059 False 1005416059
run15422.mid.gz 311777613 False 311777613
run15423.mid.gz 1005186224 False 1005186224
run15424.mid.gz 932951441 False 932951441
run15426.mid.gz 725258673 False 725258673
run15427.mid.gz 867945416 False 867945416
run15428.mid.gz 714872306 False 714872306
run15429.mid.gz 45789 False 45789
run15430.mid.gz 900307066 False 900307066
run15431.mid.gz 882704509 False 882704509
run15432.mid.gz 903677758 False 903677758
run15433.mid.gz 899607608 False 899607608
run15434.mid.gz 899815778 False 899815778
run15435.mid.gz 719953853 False 719953853
run15436.mid.gz 897700626 False 897700626
run15437.mid.gz 900550444 False 900550444
run15438.mid.gz 897289306 False 897289306
run15439.mid.gz 899835431 False 899835431
run15440.mid.gz 901037174 False 901037174
run15441.mid.gz 905025889 False 905025889
run15442.mid.gz 912933264 False 912933264
run15443.mid.gz 908123211 False 908123211
run15444.mid.gz 907800696 False 907800696
run15445.mid.gz 907159284 False 907159284
run15446.mid.gz 908549364 False 908549364
run15447.mid.gz 894393800 False 894393800
run15448.mid.gz 900396139 False 900396139
run15449.mid.gz 911820457 False 911820457
run15450.mid.gz 897246168 False 897246168
run15451.mid.gz 896436985 False 896436985
run15452.mid.gz 897098984 False 897098984
run15453.mid.gz 896899360 False 896899360
run15454.mid.gz 907657499 False 907657499
run15455.mid.gz 896808897 False 896808897
run15456.mid.gz 896188752 False 896188752
run15457.mid.gz 909251312 False 909251312
run15458.mid.gz 907608460 False 907608460
run15459.mid.gz 909474326 False 909474326
run15460.mid.gz 900877486 False 900877486
run15461.mid.gz 900709153 False 900709153
run15462.mid.gz 897167923 False 897167923
run15463.mid.gz 902143928 False 902143928
run15464.mid.gz 911109536 False 911109536
run15465.mid.gz 911750789 False 911750789
run15477.mid.gz 26127028 False 26127028
run15479.mid.gz 67197953 False 67197953
run15480.mid.gz 25815265 False 25815265
run15481.mid.gz 371725185 False 371725185
run15483.mid.gz 52074 False 52074
run15482.mid.gz 743353219 False 743353219
run15485.mid.gz 70769815 False 70769815
run15484.mid.gz 743375373 False 743375373
run15486.mid.gz 743207388 False 743207388
run15487.mid.gz 931509242 False 931509242
run15488.mid.gz 934722191 False 934722191
run15489.mid.gz 942062745 False 942062745
run15490.mid.gz 935018445 False 935018445
run15491.mid.gz 931239659 False 931239659
run15492.mid.gz 931380084 False 931380084
run15493.mid.gz 931157265 False 931157265
run15494.mid.gz 934931056 False 934931056
run15495.mid.gz 930870345 False 930870345
run15496.mid.gz 934825392 False 934825392
run15497.mid.gz 931079516 False 931079516
run15498.mid.gz 930995657 False 930995657
run15499.mid.gz 931684931 False 931684931
run15500.mid.gz 935380795 False 935380795
run15501.mid.gz 931286367 False 931286367
run15502.mid.gz 945982720 False 945982720
run15503.mid.gz 934709117 False 934709117
run15504.mid.gz 934745110 False 934745110
run15505.mid.gz 934658460 False 934658460
run15506.mid.gz 938154217 False 938154217
run15507.mid.gz 742694964 False 742694964
run15508.mid.gz 934825274 False 934825274
run15509.mid.gz 934099609 False 934099609
run15510.mid.gz 938367579 False 938367579
run15511.mid.gz 930662670 False 930662670
run15512.mid.gz 931045740 False 931045740
run15513.mid.gz 935456905 False 935456905
run15514.mid.gz 930885343 False 930885343
run15515.mid.gz 931041588 False 931041588
run15516.mid.gz 938860391 False 938860391
run15517.mid.gz 938614321 False 938614321
run15518.mid.gz 934984351 False 934984351
run15519.mid.gz 935547672 False 935547672
run15520.mid.gz 931790601 False 931790601
run15521.mid.gz 935299911 False 935299911
run15522.mid.gz 931562523 False 931562523
run15523.mid.gz 935308315 False 935308315
run15524.mid.gz 931458542 False 931458542
run15525.mid.gz 931768022 False 931768022
run15526.mid.gz 931472517 False 931472517
run15527.mid.gz 935190817 False 935190817
run15528.mid.gz 742551045 False 742551045
run15529.mid.gz 934766162 False 934766162
run15530.mid.gz 931005397 False 931005397
run15531.mid.gz 934733204 False 934733204
run15532.mid.gz 931177055 False 931177055
run15533.mid.gz 934988733 False 934988733
run15534.mid.gz 939080773 False 939080773
run15535.mid.gz 931467684 False 931467684
run15536.mid.gz 939112617 False 939112617
run15537.mid.gz 935517784 False 935517784
run15538.mid.gz 942444786 False 942444786
run15539.mid.gz 939358944 False 939358944
run15540.mid.gz 935551933 False 935551933
run15541.mid.gz 935659349 False 935659349
run15542.mid.gz 939642514 False 939642514
run15543.mid.gz 932082023 False 932082023
run15544.mid.gz 932091660 False 932091660
run15545.mid.gz 935863516 False 935863516
run15546.mid.gz 935926025 False 935926025
run15547.mid.gz 935726334 False 935726334
run15548.mid.gz 932410297 False 932410297
run15549.mid.gz 742829009 False 742829009
run15550.mid.gz 931273909 False 931273909
run15551.mid.gz 942806213 False 942806213
run15552.mid.gz 931623272 False 931623272
run15553.mid.gz 930973540 False 930973540
run15554.mid.gz 939115457 False 939115457
run15555.mid.gz 939154250 False 939154250
run15556.mid.gz 935417259 False 935417259
run15557.mid.gz 935720698 False 935720698
run15558.mid.gz 935356896 False 935356896
run15559.mid.gz 943043829 False 943043829
run15560.mid.gz 935584356 False 935584356
run15561.mid.gz 939476734 False 939476734
run15562.mid.gz 931660381 False 931660381
run15563.mid.gz 932341050 False 932341050
run15564.mid.gz 939671020 False 939671020
run15565.mid.gz 935280921 False 935280921
run15566.mid.gz 936486410 False 936486410
run15567.mid.gz 943124062 False 943124062
run15568.mid.gz 936392916 False 936392916
run15571.mid.gz 651331563 False 651331563
run15577.mid.gz 742856395 False 742856395
run15578.mid.gz 52412 False 52412
run15579.mid.gz 743002348 False 743002348
run15580.mid.gz 930689398 False 930689398
run15581.mid.gz 930607407 False 930607407
run15582.mid.gz 930555260 False 930555260
run15583.mid.gz 930587328 False 930587328
run15584.mid.gz 930551948 False 930551948
run15585.mid.gz 926893746 False 926893746
run15586.mid.gz 930528969 False 930528969
run15587.mid.gz 934157303 False 934157303
run15588.mid.gz 930455374 False 930455374
run15589.mid.gz 930464141 False 930464141
run15590.mid.gz 926879531 False 926879531
run15591.mid.gz 930467432 False 930467432
run15592.mid.gz 930462706 False 930462706
run15593.mid.gz 930482409 False 930482409
run15594.mid.gz 930434343 False 930434343
run15595.mid.gz 926796409 False 926796409
run15596.mid.gz 930397389 False 930397389
run15597.mid.gz 930475622 False 930475622
run15598.mid.gz 930500850 False 930500850
run15599.mid.gz 934256260 False 934256260
run15600.mid.gz 926973915 False 926973915
run15601.mid.gz 930654774 False 930654774
run15602.mid.gz 930794601 False 930794601
run15603.mid.gz 934771135 False 934771135
run15604.mid.gz 934748629 False 934748629
run15605.mid.gz 743176965 False 743176965
run15606.mid.gz 930842275 False 930842275
run15607.mid.gz 934474252 False 934474252
run15608.mid.gz 934709277 False 934709277
run15609.mid.gz 934790198 False 934790198
run15610.mid.gz 934808943 False 934808943
run15611.mid.gz 930964526 False 930964526
run15612.mid.gz 930884620 False 930884620
run15613.mid.gz 934687743 False 934687743
run15614.mid.gz 934449183 False 934449183
run15615.mid.gz 934151760 False 934151760
run15616.mid.gz 930570048 False 930570048
run15617.mid.gz 930434892 False 930434892
run15618.mid.gz 930389083 False 930389083
run15619.mid.gz 934015454 False 934015454
run15620.mid.gz 934020144 False 934020144
run15621.mid.gz 926713003 False 926713003
run15622.mid.gz 930423754 False 930423754
run15623.mid.gz 930475905 False 930475905
run15624.mid.gz 930590982 False 930590982
run15625.mid.gz 934207168 False 934207168
run15626.mid.gz 926875968 False 926875968
run15627.mid.gz 930725634 False 930725634
run15628.mid.gz 930524131 False 930524131
run15629.mid.gz 934289720 False 934289720
run15630.mid.gz 934391992 False 934391992
run15631.mid.gz 743093275 False 743093275
run15632.mid.gz 927037937 False 927037937
run15633.mid.gz 930593294 False 930593294
run15634.mid.gz 930635940 False 930635940
run15635.mid.gz 934297742 False 934297742
run15636.mid.gz 934212833 False 934212833
run15637.mid.gz 926977039 False 926977039
run15638.mid.gz 930642831 False 930642831
run15639.mid.gz 930712652 False 930712652
run15640.mid.gz 934316579 False 934316579
run15641.mid.gz 934299152 False 934299152
run15642.mid.gz 930636459 False 930636459
run15643.mid.gz 934208288 False 934208288
run15644.mid.gz 934275924 False 934275924
run15645.mid.gz 934306544 False 934306544
run15646.mid.gz 934286401 False 934286401
run15647.mid.gz 927468256 False 927468256
run15648.mid.gz 931140522 False 931140522
run15649.mid.gz 934345907 False 934345907
run15650.mid.gz 934308654 False 934308654
run15651.mid.gz 934282718 False 934282718
run15652.mid.gz 926884438 False 926884438
run15653.mid.gz 930562382 False 930562382
run15654.mid.gz 934190436 False 934190436
run15655.mid.gz 934283675 False 934283675
run15656.mid.gz 934291733 False 934291733
run15657.mid.gz 853278154 False 853278154
run15658.mid.gz 927115272 False 927115272
run15659.mid.gz 930697675 False 930697675
run15660.mid.gz 934276744 False 934276744
run15661.mid.gz 930661512 False 930661512
run15662.mid.gz 930663147 False 930663147
run15663.mid.gz 927027439 False 927027439
run15664.mid.gz 930612103 False 930612103
run15665.mid.gz 930601172 False 930601172
run15666.mid.gz 934360696 False 934360696
run15667.mid.gz 934357069 False 934357069
run15668.mid.gz 927081249 False 927081249
run15669.mid.gz 930701327 False 930701327
run15670.mid.gz 934377583 False 934377583
run15671.mid.gz 934277965 False 934277965
run15672.mid.gz 937967882 False 937967882
run15673.mid.gz 930755582 False 930755582
run15674.mid.gz 938074011 False 938074011
run15675.mid.gz 930727194 False 930727194
run15676.mid.gz 934341680 False 934341680
run15677.mid.gz 930666677 False 930666677
run15678.mid.gz 930700814 False 930700814
run15679.mid.gz 934383232 False 934383232
run15680.mid.gz 938097945 False 938097945
run15681.mid.gz 934356216 False 934356216
run15682.mid.gz 934378380 False 934378380
run15683.mid.gz 754035378 False 754035378
run15684.mid.gz 930757280 False 930757280
run15685.mid.gz 934411269 False 934411269
run15686.mid.gz 923357352 False 923357352
run15687.mid.gz 930711661 False 930711661
run15688.mid.gz 927029640 False 927029640
run15689.mid.gz 923496519 False 923496519
run15690.mid.gz 934425199 False 934425199
run15691.mid.gz 934414694 False 934414694
run15692.mid.gz 930832841 False 930832841
run15693.mid.gz 930810240 False 930810240
run15694.mid.gz 930859865 False 930859865
run15695.mid.gz 930901896 False 930901896
run15696.mid.gz 930809299 False 930809299
run15697.mid.gz 934500918 False 934500918
run15698.mid.gz 938205872 False 938205872
run15699.mid.gz 927175317 False 927175317
run15700.mid.gz 923504660 False 923504660
run15701.mid.gz 927205680 False 927205680
run15702.mid.gz 930851408 False 930851408
run15703.mid.gz 930847795 False 930847795
run15704.mid.gz 930837029 False 930837029
run15705.mid.gz 930888166 False 930888166
run15706.mid.gz 934572740 False 934572740
run15707.mid.gz 934573559 False 934573559
run15708.mid.gz 934610137 False 934610137
run15709.mid.gz 743213392 False 743213392
run15710.mid.gz 927182609 False 927182609
run15711.mid.gz 930852179 False 930852179
run15712.mid.gz 930854978 False 930854978
run15713.mid.gz 930866384 False 930866384
run15714.mid.gz 930866628 False 930866628
run15715.mid.gz 927250783 False 927250783
run15716.mid.gz 930977023 False 930977023
run15717.mid.gz 930931172 False 930931172
run15718.mid.gz 930891009 False 930891009
run15719.mid.gz 934584603 False 934584603
run15720.mid.gz 938295724 False 938295724
run15721.mid.gz 931000048 False 931000048
run15722.mid.gz 934604695 False 934604695
run15723.mid.gz 927247465 False 927247465
run15724.mid.gz 930901698 False 930901698
run15725.mid.gz 938313655 False 938313655
run15726.mid.gz 930923726 False 930923726
run15727.mid.gz 930929691 False 930929691
run15728.mid.gz 934656754 False 934656754
run15729.mid.gz 930959878 False 930959878
run15730.mid.gz 927361453 False 927361453
run15731.mid.gz 923629704 False 923629704
run15732.mid.gz 930975301 False 930975301
run15733.mid.gz 938349074 False 938349074
run15734.mid.gz 938304678 False 938304678
run15735.mid.gz 743206988 False 743206988
run15736.mid.gz 934523129 False 934523129
run15737.mid.gz 930778915 False 930778915
run15743.mid.gz 759003656 False 759003656
run15744.mid.gz 937977863 False 937977863
run15745.mid.gz 938395634 False 938395634
run15746.mid.gz 931139808 False 931139808
run15747.mid.gz 931012698 False 931012698
run15748.mid.gz 934434188 False 934434188
run15749.mid.gz 934668478 False 934668478
run15750.mid.gz 930988436 False 930988436
run15751.mid.gz 934766700 False 934766700
run15752.mid.gz 938196024 False 938196024
run15753.mid.gz 930983308 False 930983308
run15754.mid.gz 931530786 False 931530786
run15755.mid.gz 931144398 False 931144398
run15756.mid.gz 934888143 False 934888143
run15757.mid.gz 938782807 False 938782807
run15758.mid.gz 938559439 False 938559439
run15759.mid.gz 938835977 False 938835977
run15760.mid.gz 935235251 False 935235251
run15761.mid.gz 934968539 False 934968539
run15762.mid.gz 935196698 False 935196698
run15763.mid.gz 931614129 False 931614129
run15764.mid.gz 935433188 False 935433188
run15765.mid.gz 931819147 False 931819147
run15766.mid.gz 477019407 False 477019407
run15768.mid.gz 747049143 False 747049143
run15769.mid.gz 938673547 False 938673547
run15770.mid.gz 930838306 False 930838306
run15771.mid.gz 930737303 False 930737303
run15772.mid.gz 941851955 False 941851955
run15773.mid.gz 934576269 False 934576269
run15774.mid.gz 934718396 False 934718396
run15775.mid.gz 941880161 False 941880161
run15776.mid.gz 930791898 False 930791898
run15777.mid.gz 934702829 False 934702829
run15778.mid.gz 930767166 False 930767166
run15779.mid.gz 938331067 False 938331067
run15784.mid.gz 743551384 False 743551384
run15791.mid.gz 743503030 False 743503030
run15792.mid.gz 935782339 False 935782339
run15793.mid.gz 935115321 False 935115321
run15794.mid.gz 935376598 False 935376598
run15795.mid.gz 935602908 False 935602908
run15796.mid.gz 939147317 False 939147317
run15797.mid.gz 938761939 False 938761939
run15798.mid.gz 935177254 False 935177254
run15799.mid.gz 935345174 False 935345174
run15800.mid.gz 931220866 False 931220866
run15801.mid.gz 938797551 False 938797551
run15802.mid.gz 935113196 False 935113196
run15803.mid.gz 931523574 False 931523574
run15804.mid.gz 931823163 False 931823163
run15805.mid.gz 931403607 False 931403607
run15806.mid.gz 935268006 False 935268006
run15807.mid.gz 938829917 False 938829917
run15808.mid.gz 935148763 False 935148763
run15809.mid.gz 935355726 False 935355726
run15810.mid.gz 939206251 False 939206251
run15811.mid.gz 931912575 False 931912575
run15812.mid.gz 931940279 False 931940279
run15813.mid.gz 931878860 False 931878860
run15814.mid.gz 931430810 False 931430810
run15815.mid.gz 934799698 False 934799698
run15816.mid.gz 935041718 False 935041718
run15817.mid.gz 939251674 False 939251674
run15818.mid.gz 935112788 False 935112788
run15819.mid.gz 930868095 False 930868095
run15820.mid.gz 931712008 False 931712008
run15821.mid.gz 935806119 False 935806119
run15822.mid.gz 949181559 False 949181559
run15823.mid.gz 958339773 False 958339773
run15824.mid.gz 937676995 False 937676995
run15825.mid.gz 939855773 False 939855773
run15826.mid.gz 932376982 False 932376982
run15827.mid.gz 931856073 False 931856073
run15828.mid.gz 931700618 False 931700618
run15829.mid.gz 935975702 False 935975702
run15830.mid.gz 931904508 False 931904508
run15831.mid.gz 938589561 False 938589561
run15832.mid.gz 938760381 False 938760381
run15833.mid.gz 931243071 False 931243071
run15834.mid.gz 934708727 False 934708727
run15835.mid.gz 931229045 False 931229045
run15836.mid.gz 942103264 False 942103264
run15837.mid.gz 935363500 False 935363500
run15838.mid.gz 935680221 False 935680221
run15839.mid.gz 931331433 False 931331433
run15840.mid.gz 935914707 False 935914707
run15841.mid.gz 938585980 False 938585980
run15842.mid.gz 938979137 False 938979137
run15843.mid.gz 932047771 False 932047771
run15844.mid.gz 935079233 False 935079233
run15845.mid.gz 939057994 False 939057994
run15846.mid.gz 938856784 False 938856784
run15847.mid.gz 931651992 False 931651992
run15848.mid.gz 935456229 False 935456229
run15849.mid.gz 943030766 False 943030766
run15850.mid.gz 943185193 False 943185193
run15851.mid.gz 939252669 False 939252669
run15852.mid.gz 931454353 False 931454353
run15853.mid.gz 931372996 False 931372996
run15854.mid.gz 935294465 False 935294465
run15855.mid.gz 930991344 False 930991344
run15856.mid.gz 935560744 False 935560744
run15857.mid.gz 942583707 False 942583707
run15858.mid.gz 930775094 False 930775094
run15859.mid.gz 931336871 False 931336871
run15860.mid.gz 934880775 False 934880775
run15861.mid.gz 931671930 False 931671930
run15862.mid.gz 939352330 False 939352330
run15863.mid.gz 931167743 False 931167743
run15864.mid.gz 935172387 False 935172387
run15865.mid.gz 939334180 False 939334180
run15866.mid.gz 935219702 False 935219702
run15867.mid.gz 935158118 False 935158118
run15868.mid.gz 939155747 False 939155747
run15869.mid.gz 939817538 False 939817538
run15870.mid.gz 931805459 False 931805459
run15871.mid.gz 931715239 False 931715239
run15872.mid.gz 939025887 False 939025887
run15873.mid.gz 930916878 False 930916878
run15874.mid.gz 931400070 False 931400070
run15875.mid.gz 931488935 False 931488935
run15876.mid.gz 935108819 False 935108819
run15877.mid.gz 935202493 False 935202493
run15878.mid.gz 935283757 False 935283757
run15879.mid.gz 935684599 False 935684599
run15880.mid.gz 932343668 False 932343668
run15881.mid.gz 931491479 False 931491479
run15882.mid.gz 935487289 False 935487289
run15883.mid.gz 935704028 False 935704028
run15884.mid.gz 939725883 False 939725883
run15885.mid.gz 938983636 False 938983636
run15886.mid.gz 932029057 False 932029057
run15887.mid.gz 935578788 False 935578788
run15888.mid.gz 935726472 False 935726472
run15889.mid.gz 939362179 False 939362179
run15890.mid.gz 934918005 False 934918005
run15891.mid.gz 931811840 False 931811840
run15892.mid.gz 931229140 False 931229140
run15893.mid.gz 938656114 False 938656114
run15894.mid.gz 931768749 False 931768749
run15895.mid.gz 935301282 False 935301282
run15896.mid.gz 935706027 False 935706027
run15897.mid.gz 931850575 False 931850575
run15898.mid.gz 935256069 False 935256069
run15899.mid.gz 939617817 False 939617817
run15900.mid.gz 939073648 False 939073648
run15901.mid.gz 935368741 False 935368741
run15902.mid.gz 935045220 False 935045220
run15903.mid.gz 932275927 False 932275927
run15904.mid.gz 935931514 False 935931514
run15905.mid.gz 943165311 False 943165311
run15906.mid.gz 935968123 False 935968123
run15907.mid.gz 936356593 False 936356593
run15908.mid.gz 939464044 False 939464044
run15909.mid.gz 935767849 False 935767849
run15910.mid.gz 931797881 False 931797881
run15911.mid.gz 935823421 False 935823421
run15912.mid.gz 742846178 False 742846178
run15913.mid.gz 931092947 False 931092947
run15914.mid.gz 934990367 False 934990367
run15915.mid.gz 931296994 False 931296994
run15916.mid.gz 942356611 False 942356611
run15918.mid.gz 938900494 False 938900494
run15919.mid.gz 930888498 False 930888498
run15920.mid.gz 935082203 False 935082203
run15921.mid.gz 934677314 False 934677314
run15922.mid.gz 935017905 False 935017905
run15923.mid.gz 930949624 False 930949624
run15924.mid.gz 930628126 False 930628126
run15925.mid.gz 934800174 False 934800174
run15926.mid.gz 931241861 False 931241861
run15927.mid.gz 935056028 False 935056028
run15928.mid.gz 934560343 False 934560343
run15929.mid.gz 930946079 False 930946079
run15930.mid.gz 935182435 False 935182435
run15931.mid.gz 930819202 False 930819202
run15932.mid.gz 934870084 False 934870084
run15933.mid.gz 938777089 False 938777089
run15934.mid.gz 934732927 False 934732927
run15935.mid.gz 931083853 False 931083853
run15936.mid.gz 934865532 False 934865532
run15937.mid.gz 930986603 False 930986603
run15938.mid.gz 934659334 False 934659334
run15939.mid.gz 934505634 False 934505634
run15940.mid.gz 934941095 False 934941095
run15941.mid.gz 930785536 False 930785536
run15942.mid.gz 931180630 False 931180630
run15943.mid.gz 938011141 False 938011141
run15944.mid.gz 934426672 False 934426672
run15945.mid.gz 934753775 False 934753775
run15946.mid.gz 934982210 False 934982210
run15947.mid.gz 935626935 False 935626935
run15948.mid.gz 953867982 False 953867982
run15949.mid.gz 961671601 False 961671601
run15950.mid.gz 937420612 False 937420612
run15951.mid.gz 938937958 False 938937958
run15952.mid.gz 934410953 False 934410953
run15953.mid.gz 931017014 False 931017014
run15954.mid.gz 934697831 False 934697831
run15955.mid.gz 931070325 False 931070325
run15956.mid.gz 934527004 False 934527004
run15957.mid.gz 930983998 False 930983998
run15958.mid.gz 938352708 False 938352708
run15959.mid.gz 941718107 False 941718107
run15960.mid.gz 935001000 False 935001000
run15961.mid.gz 931239213 False 931239213
run15962.mid.gz 938630652 False 938630652
run15963.mid.gz 931040390 False 931040390
run15964.mid.gz 939345828 False 939345828
run15965.mid.gz 931109706 False 931109706
run15966.mid.gz 931174057 False 931174057
run15967.mid.gz 931460550 False 931460550
run15968.mid.gz 942223860 False 942223860
run15969.mid.gz 934402643 False 934402643
run15970.mid.gz 931596645 False 931596645
run15971.mid.gz 935511945 False 935511945
run15972.mid.gz 938617294 False 938617294
run15973.mid.gz 935325618 False 935325618
run15974.mid.gz 942556071 False 942556071
run15975.mid.gz 935726801 False 935726801
run15976.mid.gz 935270565 False 935270565
run15977.mid.gz 935049034 False 935049034
run15978.mid.gz 931349027 False 931349027
run15979.mid.gz 930749617 False 930749617
run15980.mid.gz 938578501 False 938578501
run15981.mid.gz 942162285 False 942162285
run15982.mid.gz 930595698 False 930595698
run15983.mid.gz 934916073 False 934916073
run15984.mid.gz 945725079 False 945725079
run15985.mid.gz 935152042 False 935152042
run15986.mid.gz 934854881 False 934854881
run15987.mid.gz 938827694 False 938827694
run15988.mid.gz 934502778 False 934502778
run15989.mid.gz 934818775 False 934818775
run15990.mid.gz 942540325 False 942540325
run15991.mid.gz 935277993 False 935277993
run15992.mid.gz 938899420 False 938899420
run15993.mid.gz 934642172 False 934642172
run15994.mid.gz 942412493 False 942412493
run15995.mid.gz 938746322 False 938746322
run15996.mid.gz 935622877 False 935622877
run15997.mid.gz 938852090 False 938852090
run15998.mid.gz 934748581 False 934748581
run15999.mid.gz 938709559 False 938709559
run16000.mid.gz 935195662 False 935195662
run16001.mid.gz 934777194 False 934777194
run16002.mid.gz 931161972 False 931161972
run16003.mid.gz 935046724 False 935046724
run16004.mid.gz 938754691 False 938754691
run16005.mid.gz 939185584 False 939185584
run16006.mid.gz 935633311 False 935633311
run16007.mid.gz 931104018 False 931104018
run16008.mid.gz 935041918 False 935041918
run16009.mid.gz 939125785 False 939125785
run16010.mid.gz 939345091 False 939345091
run16011.mid.gz 931317461 False 931317461
run16012.mid.gz 931069310 False 931069310
run16013.mid.gz 935387743 False 935387743
run16014.mid.gz 935468472 False 935468472
run16015.mid.gz 934855098 False 934855098
run16016.mid.gz 931418856 False 931418856
run16017.mid.gz 935240182 False 935240182
run16018.mid.gz 934932675 False 934932675
run16019.mid.gz 931173204 False 931173204
run16020.mid.gz 930934134 False 930934134
run16021.mid.gz 934663339 False 934663339
run16022.mid.gz 934901939 False 934901939
run16023.mid.gz 931253229 False 931253229
run16024.mid.gz 935046334 False 935046334
run16025.mid.gz 930810050 False 930810050
run16026.mid.gz 931359870 False 931359870
run16031.mid.gz 18652890 False 18652890
run16030.mid.gz 743047363 False 743047363
run16032.mid.gz 939317701 False 939317701
run16033.mid.gz 931714974 False 931714974
run16034.mid.gz 935565829 False 935565829
run16035.mid.gz 939074171 False 939074171
run16036.mid.gz 938843372 False 938843372
run16037.mid.gz 935234126 False 935234126
run16038.mid.gz 934958896 False 934958896
run16039.mid.gz 932307657 False 932307657
run16040.mid.gz 935154575 False 935154575
run16041.mid.gz 935680392 False 935680392
run16042.mid.gz 935628466 False 935628466
run16043.mid.gz 939267769 False 939267769
run16044.mid.gz 935140040 False 935140040
run16045.mid.gz 939298246 False 939298246
run16046.mid.gz 932186967 False 932186967
run16047.mid.gz 935802746 False 935802746
run16048.mid.gz 935181208 False 935181208
run16049.mid.gz 935187888 False 935187888
run16050.mid.gz 931976741 False 931976741
run16051.mid.gz 932092542 False 932092542
run16052.mid.gz 753742610 False 753742610
run16055.mid.gz 747123870 False 747123870
run16056.mid.gz 932800537 False 932800537
run16057.mid.gz 932091520 False 932091520
run16058.mid.gz 935612656 False 935612656
run16059.mid.gz 939742602 False 939742602
run16060.mid.gz 936027565 False 936027565
run16061.mid.gz 939254080 False 939254080
run16062.mid.gz 935494619 False 935494619
run16063.mid.gz 947032146 False 947032146
run16064.mid.gz 932232073 False 932232073
run16065.mid.gz 935839732 False 935839732
run16066.mid.gz 931768720 False 931768720
run16067.mid.gz 931906024 False 931906024
run16068.mid.gz 932342163 False 932342163
run16069.mid.gz 936201593 False 936201593
run16070.mid.gz 939426708 False 939426708
run16071.mid.gz 935428754 False 935428754
run16072.mid.gz 931472183 False 931472183
run16073.mid.gz 935324415 False 935324415
run16074.mid.gz 935190586 False 935190586
run16075.mid.gz 931881188 False 931881188
run16076.mid.gz 931716585 False 931716585
run16077.mid.gz 938998428 False 938998428
run16078.mid.gz 950018172 False 950018172
run16079.mid.gz 935388449 False 935388449
run16080.mid.gz 935228689 False 935228689
run16081.mid.gz 935447144 False 935447144
run16082.mid.gz 935936581 False 935936581
run16083.mid.gz 935707313 False 935707313
run16084.mid.gz 931607579 False 931607579
run16085.mid.gz 931845621 False 931845621
run16086.mid.gz 935171595 False 935171595
run16087.mid.gz 931740614 False 931740614
run16088.mid.gz 935920694 False 935920694
run16089.mid.gz 932950672 False 932950672
run16090.mid.gz 940580105 False 940580105
run16091.mid.gz 943115693 False 943115693
run16092.mid.gz 935374015 False 935374015
run16093.mid.gz 935366078 False 935366078
run16094.mid.gz 931957709 False 931957709
run16095.mid.gz 931320820 False 931320820
run16096.mid.gz 931822996 False 931822996
run16097.mid.gz 931725775 False 931725775
run16098.mid.gz 935845582 False 935845582
run16099.mid.gz 936387380 False 936387380
run16100.mid.gz 939706444 False 939706444
run16101.mid.gz 931626971 False 931626971
run16102.mid.gz 935583116 False 935583116
run16103.mid.gz 935385116 False 935385116
run16104.mid.gz 932213506 False 932213506
run16105.mid.gz 931852186 False 931852186
run16106.mid.gz 935547711 False 935547711
run16107.mid.gz 935832490 False 935832490
run16108.mid.gz 936103212 False 936103212
run16109.mid.gz 936540271 False 936540271
run16110.mid.gz 936136476 False 936136476
run16111.mid.gz 939688719 False 939688719
run16112.mid.gz 939828661 False 939828661
run16113.mid.gz 936783914 False 936783914
run16114.mid.gz 935963727 False 935963727
run16115.mid.gz 935949145 False 935949145
run16116.mid.gz 931901849 False 931901849
run16117.mid.gz 935644287 False 935644287
run16118.mid.gz 935585465 False 935585465
run16119.mid.gz 931806085 False 931806085
run16120.mid.gz 931641322 False 931641322
run16121.mid.gz 935733357 False 935733357
run16122.mid.gz 939878356 False 939878356
run16123.mid.gz 935925515 False 935925515
run16124.mid.gz 936418811 False 936418811
run16125.mid.gz 932040554 False 932040554
run16126.mid.gz 935580062 False 935580062
run16127.mid.gz 939476183 False 939476183
run16128.mid.gz 939456597 False 939456597
run16129.mid.gz 935839299 False 935839299
run16130.mid.gz 939679544 False 939679544
run16131.mid.gz 947156198 False 947156198
run16132.mid.gz 935309958 False 935309958
run16133.mid.gz 935769345 False 935769345
run16134.mid.gz 939442789 False 939442789
run16135.mid.gz 932005461 False 932005461
run16136.mid.gz 931585200 False 931585200
run16137.mid.gz 935291292 False 935291292
run16138.mid.gz 935296018 False 935296018
run16139.mid.gz 934985019 False 934985019
run16140.mid.gz 935267975 False 935267975
run16141.mid.gz 942703692 False 942703692
run16142.mid.gz 931657645 False 931657645
run16143.mid.gz 935470198 False 935470198
run16144.mid.gz 939300368 False 939300368
run16145.mid.gz 939229818 False 939229818
run16146.mid.gz 943477147 False 943477147
run16147.mid.gz 931481470 False 931481470
run16148.mid.gz 931516495 False 931516495
run16149.mid.gz 931426475 False 931426475
run16150.mid.gz 932228531 False 932228531
run16151.mid.gz 935852915 False 935852915
run16152.mid.gz 931985728 False 931985728
run16153.mid.gz 938771253 False 938771253
run16154.mid.gz 935425388 False 935425388
run16155.mid.gz 935682748 False 935682748
run16156.mid.gz 3810229 False 3810229
run16157.mid.gz 750404578 False 750404578
run16158.mid.gz 932216825 False 932216825
run16159.mid.gz 931506508 False 931506508
run16160.mid.gz 931888927 False 931888927
run16161.mid.gz 935576262 False 935576262
run16162.mid.gz 931823479 False 931823479
run16163.mid.gz 938836861 False 938836861
run16164.mid.gz 935430430 False 935430430
run16165.mid.gz 935295506 False 935295506
run16166.mid.gz 932066125 False 932066125
run16167.mid.gz 932148444 False 932148444
run16168.mid.gz 943295720 False 943295720
run16169.mid.gz 935565447 False 935565447
run16170.mid.gz 936097046 False 936097046
run16171.mid.gz 939401342 False 939401342
run16172.mid.gz 932542050 False 932542050
run16173.mid.gz 935872385 False 935872385
run16174.mid.gz 936185686 False 936185686
run16175.mid.gz 935638290 False 935638290
run16176.mid.gz 932093967 False 932093967
run16177.mid.gz 932206027 False 932206027
run16178.mid.gz 935739109 False 935739109
run16179.mid.gz 931932140 False 931932140
run16180.mid.gz 939749243 False 939749243
run16181.mid.gz 936087876 False 936087876
run16182.mid.gz 931929378 False 931929378
run16183.mid.gz 931949850 False 931949850
run16184.mid.gz 936193620 False 936193620
run16185.mid.gz 940443503 False 940443503
run16186.mid.gz 932358353 False 932358353
run16187.mid.gz 939458463 False 939458463
run16188.mid.gz 932531350 False 932531350
run16189.mid.gz 936080165 False 936080165
run16190.mid.gz 935928251 False 935928251
run16191.mid.gz 939796184 False 939796184
run16192.mid.gz 939589274 False 939589274
run16193.mid.gz 943168713 False 943168713
run16194.mid.gz 26131606 False 26131606
run16195.mid.gz 933108999 False 933108999
run16196.mid.gz 936374425 False 936374425
run16197.mid.gz 944115211 False 944115211
run16198.mid.gz 932163026 False 932163026
run16199.mid.gz 935885972 False 935885972
run16200.mid.gz 935377050 False 935377050
run16201.mid.gz 931635151 False 931635151
run16202.mid.gz 932272993 False 932272993
run16203.mid.gz 932085340 False 932085340
run16204.mid.gz 938997844 False 938997844
run16205.mid.gz 931372865 False 931372865
run16206.mid.gz 958145937 False 958145937
run16207.mid.gz 949615306 False 949615306
run16208.mid.gz 939327309 False 939327309
run16209.mid.gz 936766228 False 936766228
run16210.mid.gz 943796230 False 943796230
run16211.mid.gz 943972662 False 943972662
run16212.mid.gz 108222464 False 108222464
run16213.mid.gz 743291269 False 743291269
run16214.mid.gz 58938381 False 58938381
run16215.mid.gz 936155743 False 936155743
run16216.mid.gz 936146923 False 936146923
run16217.mid.gz 943586252 False 943586252
run16218.mid.gz 937031577 False 937031577
run16219.mid.gz 940183962 False 940183962
run16220.mid.gz 943463870 False 943463870
run16221.mid.gz 77304604 False 77304604
run16222.mid.gz 62586890 False 62586890
run16225.mid.gz 154796083 False 154796083
run16231.mid.gz 104455037 False 104455037
run16236.mid.gz 742435398 False 742435398
run16237.mid.gz 930791716 False 930791716
run16238.mid.gz 930501244 False 930501244
run16239.mid.gz 930802280 False 930802280
run16240.mid.gz 931112395 False 931112395
run16241.mid.gz 942155607 False 942155607
run16242.mid.gz 938710516 False 938710516
run16243.mid.gz 934855510 False 934855510
run16244.mid.gz 935160181 False 935160181
run16245.mid.gz 930811371 False 930811371
run16246.mid.gz 931430933 False 931430933
run16247.mid.gz 938643995 False 938643995
run16248.mid.gz 938641275 False 938641275
run16249.mid.gz 931574397 False 931574397
run16250.mid.gz 939168706 False 939168706
run16251.mid.gz 935492740 False 935492740
run16252.mid.gz 934618001 False 934618001
run16253.mid.gz 938817659 False 938817659
run16254.mid.gz 935357585 False 935357585
run16255.mid.gz 935794701 False 935794701
run16256.mid.gz 938411407 False 938411407
run16257.mid.gz 935216836 False 935216836
run16258.mid.gz 938420110 False 938420110
run16259.mid.gz 938499906 False 938499906
run16260.mid.gz 935011203 False 935011203
run16261.mid.gz 931036658 False 931036658
run16262.mid.gz 938503510 False 938503510
run16263.mid.gz 935262853 False 935262853
run16264.mid.gz 942373863 False 942373863
run16265.mid.gz 938736473 False 938736473
run16266.mid.gz 934724391 False 934724391
run16267.mid.gz 941966555 False 941966555
run16268.mid.gz 934800475 False 934800475
run16269.mid.gz 934837348 False 934837348
run16270.mid.gz 935084797 False 935084797
run16271.mid.gz 942658334 False 942658334
run16272.mid.gz 938925166 False 938925166
run16273.mid.gz 939629235 False 939629235
run16274.mid.gz 935488727 False 935488727
run16275.mid.gz 931919072 False 931919072
run16276.mid.gz 938837482 False 938837482
run16277.mid.gz 929943081 False 929943081
run16278.mid.gz 930813362 False 930813362
run16279.mid.gz 930165263 False 930165263
run16280.mid.gz 929970236 False 929970236
run16281.mid.gz 934601005 False 934601005
run16282.mid.gz 934444473 False 934444473
run16283.mid.gz 938023032 False 938023032
run16284.mid.gz 937787462 False 937787462
run16285.mid.gz 930457472 False 930457472
run16286.mid.gz 930482066 False 930482066
run16287.mid.gz 931296638 False 931296638
run16288.mid.gz 934571181 False 934571181
run16289.mid.gz 930602869 False 930602869
run16290.mid.gz 930836993 False 930836993
run16291.mid.gz 264243689 False 264243689
run16292.mid.gz 58869500 False 58869500
run16295.mid.gz 99280340 False 99280340
run16293.mid.gz 929124754 False 929124754
run16294.mid.gz 929201407 False 929201407
run16296.mid.gz 929194787 False 929194787
run16297.mid.gz 932985286 False 932985286
run16298.mid.gz 929246959 False 929246959
run16299.mid.gz 929261572 False 929261572
run16300.mid.gz 929243505 False 929243505
run16301.mid.gz 925575163 False 925575163
run16302.mid.gz 929250689 False 929250689
run16303.mid.gz 929275827 False 929275827
run16304.mid.gz 929254427 False 929254427
run16305.mid.gz 929264035 False 929264035
run16306.mid.gz 929307367 False 929307367
run16307.mid.gz 929315665 False 929315665
run16308.mid.gz 929288768 False 929288768
run16309.mid.gz 929376955 False 929376955
run16310.mid.gz 929344706 False 929344706
run16311.mid.gz 925717709 False 925717709
run16312.mid.gz 933030025 False 933030025
run16313.mid.gz 932981647 False 932981647
run16314.mid.gz 933029621 False 933029621
run16315.mid.gz 932948849 False 932948849
run16316.mid.gz 932969768 False 932969768
run16317.mid.gz 933012469 False 933012469
run16318.mid.gz 933005813 False 933005813
run16319.mid.gz 933015770 False 933015770
run16320.mid.gz 929273734 False 929273734
run16321.mid.gz 925648939 False 925648939
run16322.mid.gz 929379701 False 929379701
run16323.mid.gz 929347652 False 929347652
run16324.mid.gz 929430687 False 929430687
run16325.mid.gz 929397068 False 929397068
run16326.mid.gz 929384849 False 929384849
run16327.mid.gz 929362446 False 929362446
run16328.mid.gz 929377472 False 929377472
run16329.mid.gz 929364722 False 929364722
run16330.mid.gz 929413967 False 929413967
run16331.mid.gz 925784821 False 925784821
run16332.mid.gz 929408323 False 929408323
run16333.mid.gz 929359996 False 929359996
run16334.mid.gz 929356032 False 929356032
run16335.mid.gz 929436583 False 929436583
run16336.mid.gz 929420404 False 929420404
run16337.mid.gz 929489382 False 929489382
run16338.mid.gz 929422324 False 929422324
run16339.mid.gz 929364564 False 929364564
run16340.mid.gz 929450094 False 929450094
run16341.mid.gz 925639871 False 925639871
run16342.mid.gz 929320524 False 929320524
run16343.mid.gz 929283674 False 929283674
run16344.mid.gz 929344224 False 929344224
run16345.mid.gz 929319286 False 929319286
run16346.mid.gz 929408396 False 929408396
run16347.mid.gz 929360911 False 929360911
run16348.mid.gz 929334464 False 929334464
run16349.mid.gz 929342587 False 929342587
run16350.mid.gz 929359286 False 929359286
run16351.mid.gz 925743077 False 925743077
run16352.mid.gz 929345734 False 929345734
run16353.mid.gz 929386714 False 929386714
run16354.mid.gz 929393105 False 929393105
run16355.mid.gz 929374467 False 929374467
run16356.mid.gz 929320586 False 929320586
run16357.mid.gz 929337955 False 929337955
run16358.mid.gz 929353200 False 929353200
run16359.mid.gz 929327857 False 929327857
run16360.mid.gz 929358753 False 929358753
run16361.mid.gz 925700543 False 925700543
run16362.mid.gz 932999235 False 932999235
run16363.mid.gz 933007112 False 933007112
run16364.mid.gz 932992025 False 932992025
run16365.mid.gz 933000030 False 933000030
run16366.mid.gz 932993602 False 932993602
run16367.mid.gz 933074072 False 933074072
run16368.mid.gz 933034321 False 933034321
run16369.mid.gz 933016977 False 933016977
run16370.mid.gz 933036390 False 933036390
run16371.mid.gz 929416853 False 929416853
run16372.mid.gz 929395042 False 929395042
run16373.mid.gz 929310280 False 929310280
run16374.mid.gz 929315929 False 929315929
run16375.mid.gz 929401909 False 929401909
run16376.mid.gz 929424353 False 929424353
run16377.mid.gz 929414211 False 929414211
run16378.mid.gz 929378015 False 929378015
run16379.mid.gz 929344020 False 929344020
run16380.mid.gz 929397192 False 929397192
run16381.mid.gz 925767658 False 925767658
run16382.mid.gz 929467354 False 929467354
run16383.mid.gz 929422445 False 929422445
run16384.mid.gz 929469567 False 929469567
run16385.mid.gz 929436754 False 929436754
run16386.mid.gz 929391943 False 929391943
run16387.mid.gz 929433823 False 929433823
run16388.mid.gz 929484152 False 929484152
run16389.mid.gz 929443410 False 929443410
run16390.mid.gz 929382864 False 929382864
run16391.mid.gz 925669215 False 925669215
run16392.mid.gz 929404834 False 929404834
run16393.mid.gz 929367619 False 929367619
run16394.mid.gz 929420578 False 929420578
run16395.mid.gz 929422181 False 929422181
run16396.mid.gz 929403545 False 929403545
run16397.mid.gz 929384424 False 929384424
run16398.mid.gz 929374236 False 929374236
run16399.mid.gz 929465827 False 929465827
run16400.mid.gz 929402377 False 929402377
run16401.mid.gz 925861344 False 925861344
run16402.mid.gz 933166127 False 933166127
run16403.mid.gz 933172286 False 933172286
run16404.mid.gz 933162049 False 933162049
run16405.mid.gz 933075471 False 933075471
run16406.mid.gz 933177755 False 933177755
run16407.mid.gz 933088620 False 933088620
run16408.mid.gz 933144292 False 933144292
run16409.mid.gz 929459095 False 929459095
run16410.mid.gz 929464045 False 929464045
run16411.mid.gz 925810285 False 925810285
run16412.mid.gz 929532460 False 929532460
run16413.mid.gz 929564099 False 929564099
run16414.mid.gz 929566267 False 929566267
run16415.mid.gz 929504815 False 929504815
run16416.mid.gz 929568816 False 929568816
run16417.mid.gz 929552345 False 929552345
run16418.mid.gz 929542418 False 929542418
run16419.mid.gz 929588960 False 929588960
run16420.mid.gz 929599970 False 929599970
run16421.mid.gz 925920713 False 925920713
run16422.mid.gz 929586431 False 929586431
run16423.mid.gz 929589835 False 929589835
run16424.mid.gz 929512748 False 929512748
run16425.mid.gz 929589900 False 929589900
run16426.mid.gz 929540736 False 929540736
run16427.mid.gz 929488454 False 929488454
run16428.mid.gz 929572066 False 929572066
run16429.mid.gz 929547561 False 929547561
run16430.mid.gz 929530446 False 929530446
run16431.mid.gz 925944213 False 925944213
run16432.mid.gz 933227555 False 933227555
run16433.mid.gz 933285909 False 933285909
run16434.mid.gz 933233504 False 933233504
run16435.mid.gz 933258023 False 933258023
run16436.mid.gz 933270489 False 933270489
run16437.mid.gz 933225073 False 933225073
run16438.mid.gz 933248492 False 933248492
run16439.mid.gz 933238155 False 933238155
run16440.mid.gz 933264464 False 933264464
run16441.mid.gz 22465380 False 22465380
run16442.mid.gz 930772512 False 930772512
run16443.mid.gz 942413616 False 942413616
run16444.mid.gz 930846996 False 930846996
run16445.mid.gz 931273594 False 931273594
run16446.mid.gz 934772363 False 934772363
run16447.mid.gz 938754754 False 938754754
run16448.mid.gz 745470444 False 745470444
run16449.mid.gz 928829706 False 928829706
run16450.mid.gz 928508660 False 928508660
run16451.mid.gz 928344823 False 928344823
run16452.mid.gz 928322960 False 928322960
run16453.mid.gz 933021432 False 933021432
run16454.mid.gz 928988157 False 928988157
run16455.mid.gz 932404238 False 932404238
run16456.mid.gz 929611952 False 929611952
run16457.mid.gz 936779102 False 936779102
run16458.mid.gz 940803263 False 940803263
run16459.mid.gz 929165528 False 929165528
run16460.mid.gz 928955124 False 928955124
run16461.mid.gz 933399578 False 933399578
run16462.mid.gz 929603996 False 929603996
run16463.mid.gz 944086603 False 944086603
run16464.mid.gz 937255138 False 937255138
run16465.mid.gz 941496413 False 941496413
run16466.mid.gz 937175621 False 937175621
run16467.mid.gz 937287738 False 937287738
run16468.mid.gz 944892891 False 944892891
run16469.mid.gz 679635114 False 679635114
run16477.mid.gz 277186896 False 277186896
run16479.mid.gz 51507854 False 51507854
run16482.mid.gz 941718070 False 941718070
run16483.mid.gz 934269160 False 934269160
run16484.mid.gz 934597841 False 934597841
run16485.mid.gz 931064810 False 931064810
run16486.mid.gz 938958310 False 938958310
run16487.mid.gz 939703488 False 939703488
run16488.mid.gz 937007369 False 937007369
run16489.mid.gz 960269367 False 960269367
run16490.mid.gz 938304750 False 938304750
run16491.mid.gz 931001806 False 931001806
run16492.mid.gz 930801383 False 930801383
run16493.mid.gz 935321279 False 935321279
run16494.mid.gz 934945850 False 934945850
run16495.mid.gz 934996818 False 934996818
run16496.mid.gz 931186313 False 931186313
run16497.mid.gz 938422982 False 938422982
run16498.mid.gz 935296945 False 935296945
run16499.mid.gz 939008350 False 939008350
run16500.mid.gz 931063482 False 931063482
run16501.mid.gz 938120193 False 938120193
run16502.mid.gz 933404416 False 933404416
run16503.mid.gz 929586071 False 929586071
run16504.mid.gz 929873066 False 929873066
run16505.mid.gz 933903071 False 933903071
run16506.mid.gz 934261999 False 934261999
run16507.mid.gz 937720822 False 937720822
run16508.mid.gz 933906186 False 933906186
run16509.mid.gz 933520506 False 933520506
run16510.mid.gz 931021072 False 931021072
run16511.mid.gz 934449770 False 934449770
run16512.mid.gz 934587776 False 934587776
run16513.mid.gz 938154414 False 938154414
run16514.mid.gz 938863275 False 938863275
run16515.mid.gz 931028258 False 931028258
run16516.mid.gz 934122428 False 934122428
run16517.mid.gz 942633437 False 942633437
run16518.mid.gz 934761072 False 934761072
run16519.mid.gz 934723025 False 934723025
run16520.mid.gz 938743380 False 938743380
run16521.mid.gz 938647339 False 938647339
run16522.mid.gz 929365276 False 929365276
run16523.mid.gz 929306952 False 929306952
run16524.mid.gz 929543415 False 929543415
run16525.mid.gz 929626715 False 929626715
run16526.mid.gz 937513554 False 937513554
run16527.mid.gz 930575928 False 930575928
run16528.mid.gz 930435486 False 930435486
run16529.mid.gz 934161198 False 934161198
run16530.mid.gz 934475838 False 934475838
run16531.mid.gz 938195960 False 938195960
run16532.mid.gz 934553205 False 934553205
run16533.mid.gz 934020646 False 934020646
run16534.mid.gz 934821788 False 934821788
run16535.mid.gz 934762743 False 934762743
run16536.mid.gz 934869882 False 934869882
run16537.mid.gz 934605711 False 934605711
run16538.mid.gz 934641304 False 934641304
run16539.mid.gz 930883049 False 930883049
run16540.mid.gz 931147157 False 931147157
run16541.mid.gz 938569417 False 938569417
run16544.mid.gz 742569968 False 742569968
run16545.mid.gz 935536795 False 935536795
run16546.mid.gz 932114277 False 932114277
run16547.mid.gz 942311222 False 942311222
run16548.mid.gz 934961717 False 934961717
run16549.mid.gz 932090419 False 932090419
run16550.mid.gz 939436652 False 939436652
run16551.mid.gz 935531763 False 935531763
run16552.mid.gz 931678799 False 931678799
run16553.mid.gz 935050889 False 935050889
run16554.mid.gz 939371161 False 939371161
run16555.mid.gz 931736657 False 931736657
run16556.mid.gz 939146848 False 939146848
run16557.mid.gz 931271240 False 931271240
run16558.mid.gz 938804403 False 938804403
run16559.mid.gz 938812023 False 938812023
run16560.mid.gz 931380983 False 931380983
run16561.mid.gz 931818460 False 931818460
run16562.mid.gz 935595539 False 935595539
run16563.mid.gz 942801123 False 942801123
run16564.mid.gz 939238319 False 939238319
run16565.mid.gz 930920734 False 930920734
run16566.mid.gz 934876762 False 934876762
run16567.mid.gz 930950274 False 930950274
run16568.mid.gz 934746206 False 934746206
run16569.mid.gz 934718584 False 934718584
run16570.mid.gz 942630682 False 942630682
run16571.mid.gz 935126550 False 935126550
run16572.mid.gz 771069646 False 771069646
run16573.mid.gz 947679507 False 947679507
run16574.mid.gz 933010363 False 933010363
run16575.mid.gz 935079322 False 935079322
run16576.mid.gz 934395430 False 934395430
run16577.mid.gz 934394360 False 934394360
run16578.mid.gz 935000945 False 935000945
run16579.mid.gz 934998973 False 934998973
run16580.mid.gz 931227919 False 931227919
run16581.mid.gz 550965873 False 550965873
run16582.mid.gz 741303207 False 741303207
run16589.mid.gz 742976734 False 742976734
run16590.mid.gz 931564693 False 931564693
run16591.mid.gz 942448230 False 942448230
run16592.mid.gz 931051019 False 931051019
run16593.mid.gz 931135105 False 931135105
run16594.mid.gz 931456495 False 931456495
run16595.mid.gz 934727535 False 934727535
run16596.mid.gz 931204646 False 931204646
run16597.mid.gz 934775756 False 934775756
run16598.mid.gz 935082607 False 935082607
run16599.mid.gz 938897590 False 938897590
run16600.mid.gz 871709901 False 871709901
run16602.mid.gz 750025419 False 750025419
run16603.mid.gz 935073132 False 935073132
run16604.mid.gz 931364446 False 931364446
run16605.mid.gz 934489186 False 934489186
run16606.mid.gz 934307394 False 934307394
run16607.mid.gz 934434250 False 934434250
run16608.mid.gz 942641950 False 942641950
run16609.mid.gz 930889051 False 930889051
run16610.mid.gz 938274254 False 938274254
run16611.mid.gz 942448757 False 942448757
run16612.mid.gz 931483622 False 931483622
run16613.mid.gz 938431808 False 938431808
run16614.mid.gz 935014442 False 935014442
run16615.mid.gz 935578159 False 935578159
run16616.mid.gz 931354136 False 931354136
run16617.mid.gz 935072460 False 935072460
run16618.mid.gz 931379109 False 931379109
run16619.mid.gz 939357399 False 939357399
run16620.mid.gz 931925360 False 931925360
run16621.mid.gz 935543532 False 935543532
run16622.mid.gz 939262459 False 939262459
run16623.mid.gz 935391203 False 935391203
run16624.mid.gz 931126395 False 931126395
run16625.mid.gz 931327097 False 931327097
run16626.mid.gz 931445056 False 931445056
run16627.mid.gz 935372994 False 935372994
run16628.mid.gz 931605055 False 931605055
run16629.mid.gz 935129691 False 935129691
run16630.mid.gz 938895546 False 938895546
run16631.mid.gz 931735554 False 931735554
run16632.mid.gz 935236766 False 935236766
run16633.mid.gz 935181544 False 935181544
run16634.mid.gz 939550321 False 939550321
run16635.mid.gz 935418771 False 935418771
run16636.mid.gz 938911958 False 938911958
run16637.mid.gz 931658494 False 931658494
run16638.mid.gz 935480519 False 935480519
run16639.mid.gz 932228942 False 932228942
run16640.mid.gz 935405325 False 935405325
run16641.mid.gz 935878010 False 935878010
run16642.mid.gz 931781465 False 931781465
run16643.mid.gz 939116592 False 939116592
run16644.mid.gz 935444522 False 935444522
run16645.mid.gz 936351263 False 936351263
run16646.mid.gz 938943612 False 938943612
run16647.mid.gz 939284188 False 939284188
run16648.mid.gz 943248626 False 943248626
run16649.mid.gz 935937211 False 935937211
run16650.mid.gz 931749183 False 931749183
run16651.mid.gz 940160925 False 940160925
run16652.mid.gz 932555571 False 932555571
run16653.mid.gz 935721033 False 935721033
run16654.mid.gz 931939093 False 931939093
run16655.mid.gz 936103346 False 936103346
run16656.mid.gz 932474091 False 932474091
run16657.mid.gz 939809834 False 939809834
run16658.mid.gz 939831705 False 939831705
run16659.mid.gz 944443445 False 944443445
run16660.mid.gz 943839982 False 943839982
run16661.mid.gz 936148144 False 936148144
run16662.mid.gz 936590835 False 936590835
run16663.mid.gz 931978739 False 931978739
run16664.mid.gz 935550624 False 935550624
run16665.mid.gz 943298465 False 943298465
run16666.mid.gz 935921396 False 935921396
run16667.mid.gz 939318137 False 939318137
run16668.mid.gz 935871355 False 935871355
run16669.mid.gz 931557064 False 931557064
run16670.mid.gz 935586991 False 935586991
run16671.mid.gz 936255072 False 936255072
run16672.mid.gz 939524961 False 939524961
run16673.mid.gz 935701281 False 935701281
run16674.mid.gz 932094924 False 932094924
run16675.mid.gz 936144157 False 936144157
run16676.mid.gz 932351114 False 932351114
run16677.mid.gz 936201308 False 936201308
run16678.mid.gz 936042989 False 936042989
run16679.mid.gz 939691259 False 939691259
run16680.mid.gz 936412710 False 936412710
run16681.mid.gz 933147931 False 933147931
run16682.mid.gz 936491888 False 936491888
run16684.mid.gz 55349 False 55349
run16685.mid.gz 743524440 False 743524440
run16686.mid.gz 375495993 False 375495993
run16687.mid.gz 70971018 False 70971018
run16688.mid.gz 936895327 False 936895327
run16689.mid.gz 935675162 False 935675162
run16690.mid.gz 932416703 False 932416703
run16691.mid.gz 938674861 False 938674861
run16692.mid.gz 932258351 False 932258351
run16693.mid.gz 943417476 False 943417476
run16694.mid.gz 935450048 False 935450048
run16695.mid.gz 939224090 False 939224090
run16696.mid.gz 936356036 False 936356036
run16697.mid.gz 935880852 False 935880852
run16698.mid.gz 935988403 False 935988403
run16699.mid.gz 932122436 False 932122436
run16700.mid.gz 935837217 False 935837217
run16701.mid.gz 943712400 False 943712400
run16702.mid.gz 932536494 False 932536494
run16703.mid.gz 940296635 False 940296635
run16704.mid.gz 943892664 False 943892664
run16705.mid.gz 943382743 False 943382743
run16706.mid.gz 944240260 False 944240260
run16707.mid.gz 939885833 False 939885833
run16708.mid.gz 935365350 False 935365350
run16709.mid.gz 938974964 False 938974964
run16710.mid.gz 939642746 False 939642746
run16711.mid.gz 971882630 False 971882630
run16712.mid.gz 965315063 False 965315063
run16713.mid.gz 941589690 False 941589690
run16714.mid.gz 931791766 False 931791766
run16715.mid.gz 939007253 False 939007253
run16716.mid.gz 939582024 False 939582024
run16717.mid.gz 939305639 False 939305639
run16718.mid.gz 946717917 False 946717917
run16719.mid.gz 942783807 False 942783807
run16720.mid.gz 939714341 False 939714341
run16721.mid.gz 935393707 False 935393707
run16722.mid.gz 935976709 False 935976709
run16723.mid.gz 946902162 False 946902162
run16724.mid.gz 935871580 False 935871580
run16725.mid.gz 935886549 False 935886549
run16726.mid.gz 932635901 False 932635901
run16727.mid.gz 931899931 False 931899931
run16735.mid.gz 746122590 False 746122590
run16736.mid.gz 935530053 False 935530053
run16737.mid.gz 726401406 False 726401406
run16738.mid.gz 920379091 False 920379091
run16739.mid.gz 927258925 False 927258925
run16740.mid.gz 940562675 False 940562675
run16741.mid.gz 955437416 False 955437416
run16742.mid.gz 936404052 False 936404052
run16743.mid.gz 930175913 False 930175913
run16744.mid.gz 919322066 False 919322066
run16745.mid.gz 923362604 False 923362604
run16746.mid.gz 926769231 False 926769231
run16747.mid.gz 933160693 False 933160693
run16748.mid.gz 933948231 False 933948231
run16749.mid.gz 925649967 False 925649967
run16750.mid.gz 918085602 False 918085602
run16751.mid.gz 920792681 False 920792681
run16752.mid.gz 933275233 False 933275233
run16753.mid.gz 921268453 False 921268453
run16754.mid.gz 923097600 False 923097600
run16755.mid.gz 922917925 False 922917925
run16756.mid.gz 923349812 False 923349812
run16757.mid.gz 918589486 False 918589486
run16758.mid.gz 933039543 False 933039543
run16759.mid.gz 924437915 False 924437915
run16760.mid.gz 925044343 False 925044343
run16761.mid.gz 926486756 False 926486756
run16762.mid.gz 918989284 False 918989284
run16763.mid.gz 926981344 False 926981344
run16764.mid.gz 937154739 False 937154739
run16765.mid.gz 922718673 False 922718673
run16766.mid.gz 918626938 False 918626938
run16767.mid.gz 933602890 False 933602890
run16768.mid.gz 918028738 False 918028738
run16769.mid.gz 937298615 False 937298615
run16770.mid.gz 925982702 False 925982702
run16771.mid.gz 922789026 False 922789026
run16772.mid.gz 928760935 False 928760935
run16773.mid.gz 925246008 False 925246008
run16774.mid.gz 922479395 False 922479395
run16775.mid.gz 918696541 False 918696541
run16776.mid.gz 926627842 False 926627842
run16777.mid.gz 925282828 False 925282828
run16778.mid.gz 934103719 False 934103719
run16779.mid.gz 934509538 False 934509538
run16780.mid.gz 938145663 False 938145663
run16781.mid.gz 934725157 False 934725157
run16782.mid.gz 923536623 False 923536623
run16783.mid.gz 930720625 False 930720625
run16784.mid.gz 933998465 False 933998465
run16785.mid.gz 926573163 False 926573163
run16786.mid.gz 927334412 False 927334412
run16787.mid.gz 927450577 False 927450577
run16788.mid.gz 926192754 False 926192754
run16789.mid.gz 932904024 False 932904024
run16790.mid.gz 923021630 False 923021630
run16791.mid.gz 923010152 False 923010152
run16792.mid.gz 922936768 False 922936768
run16793.mid.gz 934437752 False 934437752
run16794.mid.gz 923206305 False 923206305
run16795.mid.gz 922653482 False 922653482
run16796.mid.gz 936115731 False 936115731
run16797.mid.gz 927501764 False 927501764
run16798.mid.gz 918424312 False 918424312
run16799.mid.gz 937392976 False 937392976
run16800.mid.gz 923461872 False 923461872
run16801.mid.gz 926655092 False 926655092
run16802.mid.gz 918951956 False 918951956
run16803.mid.gz 933459844 False 933459844
run16804.mid.gz 919294307 False 919294307
run16805.mid.gz 923083717 False 923083717
run16806.mid.gz 922955480 False 922955480
run16807.mid.gz 927154147 False 927154147
run16808.mid.gz 926847431 False 926847431
run16809.mid.gz 925150575 False 925150575
run16810.mid.gz 921786725 False 921786725
run16811.mid.gz 937264948 False 937264948
run16812.mid.gz 933502432 False 933502432
run16813.mid.gz 922442988 False 922442988
run16814.mid.gz 926591676 False 926591676
run16815.mid.gz 926279143 False 926279143
run16816.mid.gz 933085290 False 933085290
run16817.mid.gz 934430790 False 934430790
run16818.mid.gz 930080117 False 930080117
run16819.mid.gz 922541366 False 922541366
run16820.mid.gz 923253168 False 923253168
run16821.mid.gz 928136352 False 928136352
run16822.mid.gz 934850068 False 934850068
run16823.mid.gz 918125908 False 918125908
run16824.mid.gz 921700347 False 921700347
run16825.mid.gz 924610576 False 924610576
run16826.mid.gz 922786784 False 922786784
run16827.mid.gz 929151371 False 929151371
run16828.mid.gz 934090591 False 934090591
run16829.mid.gz 919139223 False 919139223
run16830.mid.gz 919845857 False 919845857
run16831.mid.gz 925224072 False 925224072
run16832.mid.gz 931873519 False 931873519
run16833.mid.gz 931198602 False 931198602
run16834.mid.gz 933224544 False 933224544
run16835.mid.gz 918287940 False 918287940
run16836.mid.gz 929789347 False 929789347
run16837.mid.gz 926426097 False 926426097
run16838.mid.gz 926883771 False 926883771
run16839.mid.gz 929470745 False 929470745
run16840.mid.gz 934020361 False 934020361
run16841.mid.gz 931669661 False 931669661
run16842.mid.gz 930922563 False 930922563
run16843.mid.gz 918546822 False 918546822
run16844.mid.gz 927724602 False 927724602
run16845.mid.gz 930327075 False 930327075
run16846.mid.gz 919071380 False 919071380
run16847.mid.gz 925941996 False 925941996
run16848.mid.gz 927652915 False 927652915
run16849.mid.gz 917055475 False 917055475
run16852.mid.gz 733579087 False 733579087
run16853.mid.gz 919258311 False 919258311
run16854.mid.gz 932965568 False 932965568
run16855.mid.gz 915922364 False 915922364
run16856.mid.gz 919365069 False 919365069
run16857.mid.gz 933707633 False 933707633
run16858.mid.gz 926205314 False 926205314
run16859.mid.gz 934240378 False 934240378
run16860.mid.gz 926778331 False 926778331
run16861.mid.gz 922062967 False 922062967
run16862.mid.gz 930690859 False 930690859
run16863.mid.gz 930962047 False 930962047
run16864.mid.gz 933941489 False 933941489
run16865.mid.gz 938826204 False 938826204
run16866.mid.gz 920261001 False 920261001
run16867.mid.gz 923486538 False 923486538
run16868.mid.gz 937446743 False 937446743
run16869.mid.gz 928294978 False 928294978
run16870.mid.gz 918961087 False 918961087
run16871.mid.gz 919786718 False 919786718
run16872.mid.gz 927806019 False 927806019
run16873.mid.gz 930279922 False 930279922
run16874.mid.gz 927451043 False 927451043
run16875.mid.gz 931941474 False 931941474
run16876.mid.gz 938046035 False 938046035
run16877.mid.gz 931129282 False 931129282
run16878.mid.gz 927524374 False 927524374
run16879.mid.gz 922154891 False 922154891
run16880.mid.gz 929842513 False 929842513
run16881.mid.gz 933607725 False 933607725
run16882.mid.gz 918654387 False 918654387
run16883.mid.gz 927216665 False 927216665
run16884.mid.gz 919860315 False 919860315
run16885.mid.gz 938680533 False 938680533
run16886.mid.gz 918847447 False 918847447
run16887.mid.gz 922299694 False 922299694
run16888.mid.gz 931248715 False 931248715
run16889.mid.gz 922080654 False 922080654
run16890.mid.gz 938403127 False 938403127
run16891.mid.gz 920536908 False 920536908
run16892.mid.gz 919085223 False 919085223
run16893.mid.gz 926926607 False 926926607
run16894.mid.gz 926180264 False 926180264
run16895.mid.gz 932614385 False 932614385
run16896.mid.gz 927933130 False 927933130
run16897.mid.gz 925798631 False 925798631
run16898.mid.gz 922175069 False 922175069
run16899.mid.gz 928476005 False 928476005
run16900.mid.gz 929830695 False 929830695
run16901.mid.gz 930020748 False 930020748
run16902.mid.gz 921332876 False 921332876
run16903.mid.gz 925533030 False 925533030
run16904.mid.gz 930349970 False 930349970
run16905.mid.gz 934888498 False 934888498
run16906.mid.gz 933720176 False 933720176
run16907.mid.gz 929576079 False 929576079
run16908.mid.gz 931756000 False 931756000
run16909.mid.gz 923182356 False 923182356
run16910.mid.gz 926843588 False 926843588
run16911.mid.gz 930937949 False 930937949
run16912.mid.gz 933278863 False 933278863
run16913.mid.gz 919971347 False 919971347
run16914.mid.gz 935700377 False 935700377
run16915.mid.gz 929551364 False 929551364
run16916.mid.gz 927707463 False 927707463
run16917.mid.gz 926255543 False 926255543
run16918.mid.gz 923000993 False 923000993
run16919.mid.gz 933622437 False 933622437
run16920.mid.gz 944294326 False 944294326
run16921.mid.gz 935518477 False 935518477
run16922.mid.gz 923682713 False 923682713
run16923.mid.gz 933167544 False 933167544
run16924.mid.gz 923258768 False 923258768
run16925.mid.gz 928942763 False 928942763
run16926.mid.gz 921538225 False 921538225
run16927.mid.gz 925759052 False 925759052
run16928.mid.gz 921650030 False 921650030
run16929.mid.gz 922494281 False 922494281
run16930.mid.gz 932785900 False 932785900
run16931.mid.gz 934560448 False 934560448
run16932.mid.gz 926623306 False 926623306
run16933.mid.gz 928545205 False 928545205
run16934.mid.gz 914874133 False 914874133
run16935.mid.gz 918333384 False 918333384
run16936.mid.gz 929218980 False 929218980
run16937.mid.gz 919251182 False 919251182
run16938.mid.gz 932255475 False 932255475
run16939.mid.gz 923275209 False 923275209
run16940.mid.gz 923745763 False 923745763
run16941.mid.gz 928381569 False 928381569
run16942.mid.gz 929310865 False 929310865
run16943.mid.gz 928977125 False 928977125
run16944.mid.gz 923246484 False 923246484
run16945.mid.gz 937083624 False 937083624
run16946.mid.gz 932566647 False 932566647
run16947.mid.gz 933376091 False 933376091
run16948.mid.gz 925815664 False 925815664
run16949.mid.gz 925093208 False 925093208
run16950.mid.gz 933942304 False 933942304
run16951.mid.gz 919091134 False 919091134
run16952.mid.gz 931307628 False 931307628
run16953.mid.gz 925690613 False 925690613
run16954.mid.gz 929614709 False 929614709
run16955.mid.gz 932477093 False 932477093
run16956.mid.gz 919225357 False 919225357
run16957.mid.gz 921502385 False 921502385
run16958.mid.gz 917498172 False 917498172
run16959.mid.gz 934066070 False 934066070
run16960.mid.gz 934422228 False 934422228
run16961.mid.gz 918224135 False 918224135
run16962.mid.gz 929961399 False 929961399
run16963.mid.gz 922532385 False 922532385
run16964.mid.gz 922124247 False 922124247
run16965.mid.gz 927120440 False 927120440
run16966.mid.gz 917912555 False 917912555
run16967.mid.gz 929245371 False 929245371
run16968.mid.gz 932724037 False 932724037
run16969.mid.gz 924333368 False 924333368
run16970.mid.gz 928934663 False 928934663
run16971.mid.gz 926227872 False 926227872
run16972.mid.gz 934209734 False 934209734
run16973.mid.gz 934630509 False 934630509
run16974.mid.gz 925216603 False 925216603
run16975.mid.gz 923084070 False 923084070
run16976.mid.gz 929337840 False 929337840
run16977.mid.gz 932392350 False 932392350
run16978.mid.gz 922028290 False 922028290
run16979.mid.gz 936319034 False 936319034
run16980.mid.gz 932152761 False 932152761
run16981.mid.gz 926390543 False 926390543
run16982.mid.gz 919109370 False 919109370
run16983.mid.gz 922308270 False 922308270
run16984.mid.gz 934407169 False 934407169
run16985.mid.gz 928189557 False 928189557
run16986.mid.gz 921133580 False 921133580
run16987.mid.gz 936606239 False 936606239
run16988.mid.gz 930169957 False 930169957
run16989.mid.gz 918488945 False 918488945
run16990.mid.gz 925876606 False 925876606
run16991.mid.gz 917524001 False 917524001
run16992.mid.gz 920489865 False 920489865
run16993.mid.gz 918989821 False 918989821
run16994.mid.gz 927430207 False 927430207
run16995.mid.gz 918887574 False 918887574
run16996.mid.gz 932105430 False 932105430
run16997.mid.gz 925266736 False 925266736
run16998.mid.gz 926218369 False 926218369
run16999.mid.gz 930913932 False 930913932
run17000.mid.gz 931650657 False 931650657
run17001.mid.gz 933563419 False 933563419
run17002.mid.gz 930643578 False 930643578
run17003.mid.gz 930586062 False 930586062
run17004.mid.gz 917939732 False 917939732
run17005.mid.gz 925657418 False 925657418
run17006.mid.gz 918238836 False 918238836
run17007.mid.gz 936992243 False 936992243
run17008.mid.gz 919903575 False 919903575
run17009.mid.gz 925089773 False 925089773
run17010.mid.gz 918420366 False 918420366
run17011.mid.gz 926517050 False 926517050
run17012.mid.gz 918301025 False 918301025
run17013.mid.gz 925350323 False 925350323
run17014.mid.gz 917664674 False 917664674
run17015.mid.gz 918080453 False 918080453
run17016.mid.gz 930008482 False 930008482
run17017.mid.gz 935818366 False 935818366
run17018.mid.gz 929850414 False 929850414
run17019.mid.gz 934051371 False 934051371
run17020.mid.gz 919648765 False 919648765
run17021.mid.gz 933401786 False 933401786
run17022.mid.gz 929101441 False 929101441
run17023.mid.gz 929483730 False 929483730
run17024.mid.gz 919854766 False 919854766
run17025.mid.gz 922243432 False 922243432
run17026.mid.gz 933619576 False 933619576
run17027.mid.gz 936804616 False 936804616
run17028.mid.gz 918252966 False 918252966
run17029.mid.gz 932977611 False 932977611
run17030.mid.gz 925798723 False 925798723
run17031.mid.gz 926421038 False 926421038
run17032.mid.gz 937443983 False 937443983
run17033.mid.gz 919059243 False 919059243
run17034.mid.gz 928650018 False 928650018
run17035.mid.gz 925831250 False 925831250
run17036.mid.gz 922117622 False 922117622
run17037.mid.gz 926053054 False 926053054
run17038.mid.gz 921431565 False 921431565
run17039.mid.gz 918237835 False 918237835
run17040.mid.gz 936445287 False 936445287
run17041.mid.gz 924046593 False 924046593
run17042.mid.gz 918307913 False 918307913
run17043.mid.gz 936372750 False 936372750
run17044.mid.gz 918809057 False 918809057
run17045.mid.gz 922519847 False 922519847
run17046.mid.gz 922169977 False 922169977
run17047.mid.gz 937177484 False 937177484
run17048.mid.gz 933650792 False 933650792
run17049.mid.gz 924058505 False 924058505
run17050.mid.gz 920076211 False 920076211
run17051.mid.gz 928127290 False 928127290
run17052.mid.gz 926358367 False 926358367
run17053.mid.gz 917730458 False 917730458
run17054.mid.gz 923083965 False 923083965
run17055.mid.gz 925467369 False 925467369
run17056.mid.gz 927103835 False 927103835
run17057.mid.gz 936408379 False 936408379
run17058.mid.gz 925810848 False 925810848
run17059.mid.gz 925785620 False 925785620
run17060.mid.gz 919499812 False 919499812
run17061.mid.gz 934364013 False 934364013
run17062.mid.gz 937385171 False 937385171
run17063.mid.gz 929613197 False 929613197
run17064.mid.gz 923199614 False 923199614
run17065.mid.gz 919836235 False 919836235
run17066.mid.gz 932983907 False 932983907
run17067.mid.gz 918788428 False 918788428
run17068.mid.gz 924949693 False 924949693
run17069.mid.gz 918937481 False 918937481
run17070.mid.gz 923757393 False 923757393
run17071.mid.gz 926645988 False 926645988
run17072.mid.gz 922756706 False 922756706
run17073.mid.gz 926201870 False 926201870
run17074.mid.gz 926120005 False 926120005
run17075.mid.gz 929584298 False 929584298
run17076.mid.gz 925995658 False 925995658
run17077.mid.gz 934185529 False 934185529
run17078.mid.gz 921688625 False 921688625
run17079.mid.gz 917539511 False 917539511
run17080.mid.gz 932586538 False 932586538
run17081.mid.gz 925594957 False 925594957
run17082.mid.gz 919075872 False 919075872
run17083.mid.gz 922451872 False 922451872
run17084.mid.gz 935644227 False 935644227
run17085.mid.gz 931693007 False 931693007
run17086.mid.gz 917307479 False 917307479
run17087.mid.gz 932440673 False 932440673
run17088.mid.gz 925737388 False 925737388
run17089.mid.gz 922631963 False 922631963
run17090.mid.gz 937802432 False 937802432
run17091.mid.gz 921868336 False 921868336
run17092.mid.gz 927970183 False 927970183
run17093.mid.gz 919073007 False 919073007
run17094.mid.gz 932429363 False 932429363
run17095.mid.gz 931765427 False 931765427
run17096.mid.gz 929696759 False 929696759
run17097.mid.gz 923540297 False 923540297
run17098.mid.gz 918432282 False 918432282
run17099.mid.gz 937375389 False 937375389
run17100.mid.gz 918673373 False 918673373
run17101.mid.gz 930997797 False 930997797
run17102.mid.gz 917296209 False 917296209
run17103.mid.gz 926247213 False 926247213
run17104.mid.gz 917854370 False 917854370
run17105.mid.gz 919876031 False 919876031
run17106.mid.gz 933018574 False 933018574
run17107.mid.gz 960795727 False 960795727
run17108.mid.gz 936027069 False 936027069
run17109.mid.gz 931977819 False 931977819
run17110.mid.gz 928803118 False 928803118
run17111.mid.gz 922552831 False 922552831
run17112.mid.gz 934595972 False 934595972
run17113.mid.gz 918244947 False 918244947
run17114.mid.gz 927855342 False 927855342
run17115.mid.gz 926931170 False 926931170
run17116.mid.gz 923035534 False 923035534
run17117.mid.gz 919910881 False 919910881
run17118.mid.gz 922165421 False 922165421
run17119.mid.gz 927421790 False 927421790
run17120.mid.gz 930517100 False 930517100
run17121.mid.gz 918602347 False 918602347
run17122.mid.gz 928330863 False 928330863
run17123.mid.gz 918129831 False 918129831
run17124.mid.gz 925670900 False 925670900
run17125.mid.gz 925415289 False 925415289
run17126.mid.gz 924233804 False 924233804
run17127.mid.gz 925256247 False 925256247
run17128.mid.gz 919045359 False 919045359
run17129.mid.gz 918857071 False 918857071
run17130.mid.gz 928910033 False 928910033
run17131.mid.gz 926403936 False 926403936
run17132.mid.gz 912978094 False 912978094
run17133.mid.gz 933222989 False 933222989
run17134.mid.gz 922471626 False 922471626
run17135.mid.gz 939237580 False 939237580
run17136.mid.gz 921669272 False 921669272
run17137.mid.gz 937666259 False 937666259
run17138.mid.gz 921982087 False 921982087
run17139.mid.gz 929835280 False 929835280
run17140.mid.gz 918504830 False 918504830
run17141.mid.gz 917293003 False 917293003
run17142.mid.gz 929172302 False 929172302
run17143.mid.gz 918481473 False 918481473
run17144.mid.gz 928089123 False 928089123
run17145.mid.gz 936937684 False 936937684
run17146.mid.gz 926306422 False 926306422
run17147.mid.gz 933417475 False 933417475
run17148.mid.gz 919154477 False 919154477
run17149.mid.gz 931133142 False 931133142
run17150.mid.gz 929594976 False 929594976
run17151.mid.gz 935147464 False 935147464
run17152.mid.gz 934277803 False 934277803
run17153.mid.gz 935732973 False 935732973
run17154.mid.gz 924631007 False 924631007
run17155.mid.gz 922527603 False 922527603
run17156.mid.gz 933374435 False 933374435
run17157.mid.gz 925886775 False 925886775
run17158.mid.gz 918015574 False 918015574
run17159.mid.gz 917424088 False 917424088
run17160.mid.gz 937768687 False 937768687
run17161.mid.gz 918772379 False 918772379
run17162.mid.gz 929552198 False 929552198
run17163.mid.gz 917054044 False 917054044
run17164.mid.gz 929313352 False 929313352
run17165.mid.gz 921441665 False 921441665
run17166.mid.gz 921815539 False 921815539
run17167.mid.gz 929326352 False 929326352
run17168.mid.gz 922310393 False 922310393
run17169.mid.gz 929600743 False 929600743
run17170.mid.gz 929507241 False 929507241
run17171.mid.gz 924718134 False 924718134
run17172.mid.gz 928704041 False 928704041
run17173.mid.gz 917986098 False 917986098
run17174.mid.gz 926650589 False 926650589
run17175.mid.gz 928314444 False 928314444
run17176.mid.gz 917529813 False 917529813
run17177.mid.gz 929127035 False 929127035
run17178.mid.gz 929004390 False 929004390
run17179.mid.gz 925877529 False 925877529
run17180.mid.gz 919685462 False 919685462
run17181.mid.gz 918038898 False 918038898
run17182.mid.gz 931264486 False 931264486
run17183.mid.gz 920012901 False 920012901
run17184.mid.gz 930767480 False 930767480
run17185.mid.gz 917622713 False 917622713
run17186.mid.gz 928650663 False 928650663
run17187.mid.gz 928716366 False 928716366
run17188.mid.gz 929556263 False 929556263
run17189.mid.gz 930456754 False 930456754
run17190.mid.gz 932628354 False 932628354
run17191.mid.gz 928529346 False 928529346
run17192.mid.gz 922644481 False 922644481
run17193.mid.gz 918664832 False 918664832
run17194.mid.gz 931492854 False 931492854
run17195.mid.gz 926266021 False 926266021
run17196.mid.gz 917258323 False 917258323
run17197.mid.gz 936740379 False 936740379
run17198.mid.gz 917251949 False 917251949
run17199.mid.gz 918693110 False 918693110
run17200.mid.gz 926910224 False 926910224
run17201.mid.gz 925999343 False 925999343
run17202.mid.gz 918430537 False 918430537
run17203.mid.gz 924301747 False 924301747
run17204.mid.gz 917309151 False 917309151
run17205.mid.gz 925262273 False 925262273
run17206.mid.gz 920002762 False 920002762
run17207.mid.gz 930776140 False 930776140
run17208.mid.gz 922298014 False 922298014
run17209.mid.gz 926171842 False 926171842
run17210.mid.gz 921541848 False 921541848
run17211.mid.gz 918521226 False 918521226
run17212.mid.gz 925585778 False 925585778
run17213.mid.gz 918731126 False 918731126
run17214.mid.gz 925975685 False 925975685
run17215.mid.gz 926501896 False 926501896
run17216.mid.gz 920829347 False 920829347
run17217.mid.gz 926418745 False 926418745
run17218.mid.gz 931841730 False 931841730
run17219.mid.gz 922187436 False 922187436
run17220.mid.gz 926468273 False 926468273
run17221.mid.gz 926696055 False 926696055
run17222.mid.gz 921508076 False 921508076
run17223.mid.gz 919078654 False 919078654
run17224.mid.gz 924606411 False 924606411
run17225.mid.gz 931470257 False 931470257
run17226.mid.gz 922501527 False 922501527
run17227.mid.gz 933628473 False 933628473
run17228.mid.gz 918166159 False 918166159
run17229.mid.gz 922556985 False 922556985
run17230.mid.gz 933798680 False 933798680
run17231.mid.gz 918326705 False 918326705
run17232.mid.gz 923144347 False 923144347
run17233.mid.gz 927564693 False 927564693
run17234.mid.gz 917802166 False 917802166
run17235.mid.gz 925245461 False 925245461
run17236.mid.gz 923738834 False 923738834
run17237.mid.gz 918348377 False 918348377
run17238.mid.gz 923783964 False 923783964
run17239.mid.gz 924109135 False 924109135
run17240.mid.gz 932376743 False 932376743
run17241.mid.gz 719165821 False 719165821
run17242.mid.gz 921447137 False 921447137
run17243.mid.gz 919777365 False 919777365
run17244.mid.gz 933121844 False 933121844
run17245.mid.gz 921771258 False 921771258
run17246.mid.gz 928094145 False 928094145
run17247.mid.gz 928197701 False 928197701
run17248.mid.gz 922076843 False 922076843
run17249.mid.gz 921686280 False 921686280
run17250.mid.gz 918706272 False 918706272
run17251.mid.gz 921146792 False 921146792
run17252.mid.gz 923360925 False 923360925
run17253.mid.gz 936291393 False 936291393
run17254.mid.gz 925794670 False 925794670
run17255.mid.gz 922183711 False 922183711
run17256.mid.gz 921791795 False 921791795
run17257.mid.gz 921253763 False 921253763
run17258.mid.gz 928267633 False 928267633
run17259.mid.gz 920899460 False 920899460
run17260.mid.gz 928835528 False 928835528
run17261.mid.gz 933742052 False 933742052
run17262.mid.gz 935852709 False 935852709
run17263.mid.gz 936769017 False 936769017
run17264.mid.gz 921783951 False 921783951
run17265.mid.gz 936194873 False 936194873
run17266.mid.gz 932244682 False 932244682
run17267.mid.gz 937820691 False 937820691
run17268.mid.gz 936256338 False 936256338
run17269.mid.gz 919561136 False 919561136
run17270.mid.gz 921094524 False 921094524
run17271.mid.gz 937395804 False 937395804
run17272.mid.gz 934022354 False 934022354
run17273.mid.gz 932756453 False 932756453
run17274.mid.gz 928857902 False 928857902
run17275.mid.gz 932366594 False 932366594
run17276.mid.gz 935074509 False 935074509
run17277.mid.gz 929195907 False 929195907
run17278.mid.gz 922961228 False 922961228
run17279.mid.gz 921948754 False 921948754
run17280.mid.gz 919792528 False 919792528
run17281.mid.gz 922378620 False 922378620
run17282.mid.gz 922171163 False 922171163
run17283.mid.gz 920967505 False 920967505
run17284.mid.gz 936736782 False 936736782
run17285.mid.gz 932890993 False 932890993
run17286.mid.gz 930018495 False 930018495
run17287.mid.gz 930257410 False 930257410
run17288.mid.gz 923319025 False 923319025
run17289.mid.gz 927467862 False 927467862
run17290.mid.gz 930509006 False 930509006
run17291.mid.gz 923523872 False 923523872
run17292.mid.gz 926604061 False 926604061
run17293.mid.gz 944823742 False 944823742
run17294.mid.gz 960338267 False 960338267
run17295.mid.gz 923682693 False 923682693
run17296.mid.gz 922757996 False 922757996
run17297.mid.gz 935313600 False 935313600
run17298.mid.gz 921895319 False 921895319
run17299.mid.gz 934260223 False 934260223
run17300.mid.gz 923577111 False 923577111
run17301.mid.gz 919187697 False 919187697
run17302.mid.gz 915868669 False 915868669
run17303.mid.gz 919253077 False 919253077
run17304.mid.gz 937106161 False 937106161
run17305.mid.gz 937109977 False 937109977
run17306.mid.gz 921840454 False 921840454
run17307.mid.gz 925955849 False 925955849
run17308.mid.gz 933458805 False 933458805
run17309.mid.gz 918453814 False 918453814
run17310.mid.gz 920350444 False 920350444
run17311.mid.gz 928740286 False 928740286
run17312.mid.gz 921590977 False 921590977
run17313.mid.gz 917167465 False 917167465
run17314.mid.gz 935908936 False 935908936
run17315.mid.gz 917656688 False 917656688
run17316.mid.gz 935560436 False 935560436
run17317.mid.gz 916042754 False 916042754
run17318.mid.gz 930288468 False 930288468
run17319.mid.gz 917158341 False 917158341
run17320.mid.gz 919166955 False 919166955
run17321.mid.gz 928682423 False 928682423
run17322.mid.gz 924777147 False 924777147
run17323.mid.gz 928703338 False 928703338
run17324.mid.gz 921435017 False 921435017
run17325.mid.gz 924753872 False 924753872
run17326.mid.gz 918340315 False 918340315
run17327.mid.gz 928124356 False 928124356
run17328.mid.gz 922033319 False 922033319
run17329.mid.gz 925321791 False 925321791
run17330.mid.gz 924047997 False 924047997
run17331.mid.gz 917550444 False 917550444
run17332.mid.gz 921698474 False 921698474
run17333.mid.gz 932719352 False 932719352
run17334.mid.gz 932081664 False 932081664
run17335.mid.gz 930734648 False 930734648
run17336.mid.gz 926367296 False 926367296
run17337.mid.gz 924494226 False 924494226
run17338.mid.gz 933561675 False 933561675
run17339.mid.gz 935802287 False 935802287
run17340.mid.gz 929543066 False 929543066
run17341.mid.gz 924510657 False 924510657
run17342.mid.gz 927557933 False 927557933
run17343.mid.gz 921875671 False 921875671
run17344.mid.gz 918408586 False 918408586
run17345.mid.gz 917523230 False 917523230
run17346.mid.gz 917145483 False 917145483
run17347.mid.gz 935610209 False 935610209
run17348.mid.gz 931436136 False 931436136
run17349.mid.gz 934557652 False 934557652
run17350.mid.gz 933120431 False 933120431
run17351.mid.gz 919018122 False 919018122
run17352.mid.gz 917674868 False 917674868
run17353.mid.gz 933700291 False 933700291
run17354.mid.gz 918649291 False 918649291
run17355.mid.gz 931783319 False 931783319
run17356.mid.gz 924180919 False 924180919
run17357.mid.gz 923086614 False 923086614
run17358.mid.gz 919882163 False 919882163
run17359.mid.gz 924337310 False 924337310
run17360.mid.gz 929288963 False 929288963
run17361.mid.gz 929371648 False 929371648
run17362.mid.gz 918482811 False 918482811
run17363.mid.gz 925199997 False 925199997
run17364.mid.gz 918057267 False 918057267
run17365.mid.gz 929090524 False 929090524
run17366.mid.gz 918782837 False 918782837
run17367.mid.gz 927555483 False 927555483
run17368.mid.gz 922211529 False 922211529
run17369.mid.gz 918488151 False 918488151
run17370.mid.gz 933954584 False 933954584
run17371.mid.gz 924544514 False 924544514
run17372.mid.gz 924833941 False 924833941
run17373.mid.gz 931024468 False 931024468
run17374.mid.gz 924522112 False 924522112
run17375.mid.gz 935960164 False 935960164
run17376.mid.gz 918689705 False 918689705
run17377.mid.gz 935478360 False 935478360
run17378.mid.gz 925247556 False 925247556
run17379.mid.gz 937654175 False 937654175
run17380.mid.gz 936161125 False 936161125
run17381.mid.gz 920773914 False 920773914
run17382.mid.gz 918926531 False 918926531
run17383.mid.gz 918405656 False 918405656
run17384.mid.gz 935246897 False 935246897
run17385.mid.gz 926092503 False 926092503
run17386.mid.gz 920586397 False 920586397
run17387.mid.gz 921940147 False 921940147
run17388.mid.gz 918776823 False 918776823
run17389.mid.gz 924834996 False 924834996
run17390.mid.gz 936114032 False 936114032
run17391.mid.gz 925593621 False 925593621
run17392.mid.gz 922123513 False 922123513
run17393.mid.gz 932435873 False 932435873
run17394.mid.gz 918864764 False 918864764
run17395.mid.gz 926093348 False 926093348
run17396.mid.gz 917823230 False 917823230
run17397.mid.gz 922769428 False 922769428
run17398.mid.gz 918180626 False 918180626
run17399.mid.gz 928514490 False 928514490
run17400.mid.gz 932218627 False 932218627
run17401.mid.gz 934741204 False 934741204
run17402.mid.gz 928843549 False 928843549
run17403.mid.gz 915368408 False 915368408
run17404.mid.gz 922090901 False 922090901
run17405.mid.gz 921185131 False 921185131
run17406.mid.gz 933229601 False 933229601
run17407.mid.gz 925385390 False 925385390
run17408.mid.gz 928481662 False 928481662
run17409.mid.gz 933098228 False 933098228
run17410.mid.gz 919558351 False 919558351
run17411.mid.gz 921036883 False 921036883
run17412.mid.gz 922429296 False 922429296
run17413.mid.gz 918502981 False 918502981
run17414.mid.gz 929381386 False 929381386
run17415.mid.gz 925069261 False 925069261
run17416.mid.gz 929096928 False 929096928
run17417.mid.gz 918105576 False 918105576
run17418.mid.gz 932843483 False 932843483
run17419.mid.gz 926032534 False 926032534
run17420.mid.gz 935221053 False 935221053
run17421.mid.gz 925863079 False 925863079
run17422.mid.gz 926506295 False 926506295
run17423.mid.gz 921003478 False 921003478
run17424.mid.gz 921660794 False 921660794
run17425.mid.gz 932311837 False 932311837
run17426.mid.gz 929867344 False 929867344
run17427.mid.gz 933520877 False 933520877
run17428.mid.gz 917278698 False 917278698
run17429.mid.gz 924680340 False 924680340
run17430.mid.gz 929148040 False 929148040
run17431.mid.gz 925363067 False 925363067
run17432.mid.gz 918473984 False 918473984
run17433.mid.gz 925332069 False 925332069
run17434.mid.gz 933122706 False 933122706
run17435.mid.gz 928609101 False 928609101
run17436.mid.gz 925325360 False 925325360
run17437.mid.gz 928475411 False 928475411
run17438.mid.gz 922375200 False 922375200
run17439.mid.gz 931534258 False 931534258
run17440.mid.gz 920506214 False 920506214
run17441.mid.gz 920337237 False 920337237
run17442.mid.gz 930120193 False 930120193
run17443.mid.gz 934298891 False 934298891
run17444.mid.gz 926670203 False 926670203
run17445.mid.gz 935570180 False 935570180
run17446.mid.gz 923180279 False 923180279
run17447.mid.gz 931319977 False 931319977
run17448.mid.gz 919758839 False 919758839
run17449.mid.gz 938293408 False 938293408
run17450.mid.gz 929373715 False 929373715
run17451.mid.gz 920404903 False 920404903
run17452.mid.gz 934115757 False 934115757
run17453.mid.gz 929764353 False 929764353
run17454.mid.gz 935149189 False 935149189
run17455.mid.gz 920594577 False 920594577
run17456.mid.gz 932242104 False 932242104
run17457.mid.gz 931635982 False 931635982
run17458.mid.gz 926399203 False 926399203
run17459.mid.gz 934260205 False 934260205
run17460.mid.gz 928806710 False 928806710
run17461.mid.gz 920102663 False 920102663
run17462.mid.gz 932365672 False 932365672
run17463.mid.gz 933559221 False 933559221
run17464.mid.gz 920258223 False 920258223
run17465.mid.gz 926806171 False 926806171
run17466.mid.gz 924035024 False 924035024
run17467.mid.gz 936500555 False 936500555
run17468.mid.gz 920760403 False 920760403
run17469.mid.gz 933920535 False 933920535
run17470.mid.gz 930828318 False 930828318
run17471.mid.gz 920049986 False 920049986
run17472.mid.gz 928407290 False 928407290
run17473.mid.gz 939767742 False 939767742
run17474.mid.gz 919028248 False 919028248
run17475.mid.gz 935342258 False 935342258
run17476.mid.gz 924616569 False 924616569
run17477.mid.gz 938032303 False 938032303
run17478.mid.gz 936070297 False 936070297
run17479.mid.gz 945881578 False 945881578
run17480.mid.gz 948775391 False 948775391
run17481.mid.gz 938009267 False 938009267
run17482.mid.gz 941791744 False 941791744
run17483.mid.gz 929040109 False 929040109
run17484.mid.gz 936127226 False 936127226
run17485.mid.gz 930187627 False 930187627
run17486.mid.gz 918797919 False 918797919
run17487.mid.gz 930107301 False 930107301
run17488.mid.gz 930845737 False 930845737
run17489.mid.gz 925788309 False 925788309
run17490.mid.gz 936362308 False 936362308
run17491.mid.gz 928232727 False 928232727
run17492.mid.gz 933212781 False 933212781
run17493.mid.gz 917201829 False 917201829
run17494.mid.gz 932605290 False 932605290
run17495.mid.gz 926390943 False 926390943
run17496.mid.gz 923781829 False 923781829
run17497.mid.gz 928488401 False 928488401
run17498.mid.gz 931834147 False 931834147
run17499.mid.gz 928844460 False 928844460
run17500.mid.gz 930296511 False 930296511
run17501.mid.gz 932361957 False 932361957
run17502.mid.gz 917688988 False 917688988
run17503.mid.gz 916531443 False 916531443
run17504.mid.gz 924271095 False 924271095
run17505.mid.gz 921242555 False 921242555
run17506.mid.gz 924854918 False 924854918
run17507.mid.gz 929598926 False 929598926
run17508.mid.gz 933127315 False 933127315
run17509.mid.gz 924378100 False 924378100
run17510.mid.gz 916464556 False 916464556
run17511.mid.gz 928273707 False 928273707
run17512.mid.gz 919388985 False 919388985
run17513.mid.gz 929180045 False 929180045
run17514.mid.gz 922420189 False 922420189
run17515.mid.gz 928354238 False 928354238
run17516.mid.gz 917378370 False 917378370
run17517.mid.gz 916950840 False 916950840
run17518.mid.gz 932267456 False 932267456
run17519.mid.gz 920952510 False 920952510
run17520.mid.gz 928121964 False 928121964
run17521.mid.gz 920546390 False 920546390
run17522.mid.gz 917325104 False 917325104
run17523.mid.gz 916801383 False 916801383
run17524.mid.gz 933802970 False 933802970
run17525.mid.gz 918088583 False 918088583
run17526.mid.gz 926621968 False 926621968
run17527.mid.gz 935826494 False 935826494
run17528.mid.gz 916947286 False 916947286
run17529.mid.gz 917772377 False 917772377
run17530.mid.gz 917344485 False 917344485
run17531.mid.gz 924867645 False 924867645
run17532.mid.gz 928537249 False 928537249
run17533.mid.gz 928957331 False 928957331
run17534.mid.gz 920626921 False 920626921
run17535.mid.gz 915162550 False 915162550
run17536.mid.gz 922836648 False 922836648
run17537.mid.gz 917785629 False 917785629
run17538.mid.gz 918454073 False 918454073
run17539.mid.gz 923992522 False 923992522
run17540.mid.gz 934910687 False 934910687
run17541.mid.gz 919804553 False 919804553
run17542.mid.gz 929359449 False 929359449
run17543.mid.gz 931764460 False 931764460
run17544.mid.gz 932894629 False 932894629
run17545.mid.gz 929477440 False 929477440
run17546.mid.gz 917072313 False 917072313
run17547.mid.gz 924814544 False 924814544
run17548.mid.gz 921916460 False 921916460
run17549.mid.gz 925613470 False 925613470
run17550.mid.gz 933127261 False 933127261
run17551.mid.gz 925425046 False 925425046
run17552.mid.gz 917004205 False 917004205
run17553.mid.gz 916237245 False 916237245
run17554.mid.gz 936349836 False 936349836
run17555.mid.gz 921924490 False 921924490
run17556.mid.gz 928205939 False 928205939
run17557.mid.gz 935773666 False 935773666
run17558.mid.gz 933309771 False 933309771
run17559.mid.gz 928839210 False 928839210
run17560.mid.gz 927790037 False 927790037
run17561.mid.gz 930666161 False 930666161
run17562.mid.gz 928056389 False 928056389
run17563.mid.gz 928214563 False 928214563
run17564.mid.gz 925857932 False 925857932
run17565.mid.gz 934430323 False 934430323
run17566.mid.gz 932595695 False 932595695
run17567.mid.gz 934271650 False 934271650
run17568.mid.gz 932388776 False 932388776
run17569.mid.gz 921615095 False 921615095
run17570.mid.gz 929184290 False 929184290
run17571.mid.gz 921507784 False 921507784
run17572.mid.gz 931048441 False 931048441
run17573.mid.gz 920927571 False 920927571
run17574.mid.gz 934048739 False 934048739
run17575.mid.gz 927841133 False 927841133
run17576.mid.gz 932095153 False 932095153
run17577.mid.gz 921553525 False 921553525
run17578.mid.gz 919098462 False 919098462
run17579.mid.gz 921960641 False 921960641
run17580.mid.gz 917600213 False 917600213
run17581.mid.gz 924981252 False 924981252
run17582.mid.gz 927862247 False 927862247
run17583.mid.gz 918667025 False 918667025
run17584.mid.gz 927048751 False 927048751
run17585.mid.gz 918050925 False 918050925
run17586.mid.gz 921936372 False 921936372
run17587.mid.gz 921666785 False 921666785
run17588.mid.gz 937185294 False 937185294
run17589.mid.gz 929244607 False 929244607
run17590.mid.gz 925916913 False 925916913
run17591.mid.gz 922281013 False 922281013
run17592.mid.gz 921723101 False 921723101
run17593.mid.gz 925309322 False 925309322
run17594.mid.gz 928557600 False 928557600
run17595.mid.gz 925827168 False 925827168
run17596.mid.gz 932860437 False 932860437
run17597.mid.gz 928745481 False 928745481
run17598.mid.gz 931793205 False 931793205
run17599.mid.gz 924935931 False 924935931
run17600.mid.gz 918865622 False 918865622
run17601.mid.gz 936037097 False 936037097
run17602.mid.gz 919493399 False 919493399
run17603.mid.gz 923778560 False 923778560
run17604.mid.gz 921343201 False 921343201
run17605.mid.gz 934095797 False 934095797
run17606.mid.gz 917022474 False 917022474
run17607.mid.gz 929881568 False 929881568
run17608.mid.gz 928405546 False 928405546
run17609.mid.gz 921707010 False 921707010
run17610.mid.gz 918174830 False 918174830
run17611.mid.gz 932464981 False 932464981
run17612.mid.gz 929083896 False 929083896
run17613.mid.gz 928990035 False 928990035
run17614.mid.gz 917664194 False 917664194
run17615.mid.gz 935700547 False 935700547
run17616.mid.gz 922788362 False 922788362
run17617.mid.gz 918620454 False 918620454
run17618.mid.gz 934153203 False 934153203
run17619.mid.gz 916305275 False 916305275
run17620.mid.gz 922066567 False 922066567
run17621.mid.gz 921879919 False 921879919
run17622.mid.gz 917391513 False 917391513
run17623.mid.gz 932280664 False 932280664
run17624.mid.gz 917850614 False 917850614
run17625.mid.gz 928530396 False 928530396
run17626.mid.gz 929346144 False 929346144
run17627.mid.gz 928858329 False 928858329
run17628.mid.gz 936799127 False 936799127
run17629.mid.gz 933942368 False 933942368
run17630.mid.gz 927737465 False 927737465
run17631.mid.gz 923765523 False 923765523
run17632.mid.gz 922459912 False 922459912
run17633.mid.gz 933465364 False 933465364
run17634.mid.gz 926378549 False 926378549
run17635.mid.gz 922977901 False 922977901
run17636.mid.gz 930405884 False 930405884
run17637.mid.gz 924910371 False 924910371
run17638.mid.gz 936363890 False 936363890
run17639.mid.gz 923354075 False 923354075
run17640.mid.gz 919402123 False 919402123
run17641.mid.gz 925862864 False 925862864
run17642.mid.gz 919816569 False 919816569
run17643.mid.gz 933937733 False 933937733
run17644.mid.gz 931782802 False 931782802
run17645.mid.gz 919859642 False 919859642
run17646.mid.gz 934238073 False 934238073
run17647.mid.gz 919006608 False 919006608
run17648.mid.gz 923643418 False 923643418
run17649.mid.gz 933729645 False 933729645
run17650.mid.gz 931142242 False 931142242
run17651.mid.gz 918841749 False 918841749
run17652.mid.gz 923799773 False 923799773
run17653.mid.gz 934208397 False 934208397
run17654.mid.gz 923211067 False 923211067
run17655.mid.gz 920623192 False 920623192
run17656.mid.gz 933523728 False 933523728
run17657.mid.gz 919268058 False 919268058
run17658.mid.gz 920552676 False 920552676
run17659.mid.gz 921536979 False 921536979
run17660.mid.gz 935933089 False 935933089
run17661.mid.gz 938452716 False 938452716
run17662.mid.gz 923498329 False 923498329
run17663.mid.gz 935692147 False 935692147
run17664.mid.gz 932099536 False 932099536
run17665.mid.gz 946043009 False 946043009
run17666.mid.gz 960622024 False 960622024
run17667.mid.gz 927476575 False 927476575
run17668.mid.gz 934950698 False 934950698
run17669.mid.gz 929508136 False 929508136
run17670.mid.gz 935986785 False 935986785
run17671.mid.gz 923991682 False 923991682
run17672.mid.gz 936119732 False 936119732
run17673.mid.gz 935362236 False 935362236
run17674.mid.gz 927109444 False 927109444
run17675.mid.gz 932738389 False 932738389
run17676.mid.gz 917584504 False 917584504
run17677.mid.gz 928187073 False 928187073
run17678.mid.gz 934638371 False 934638371
run17679.mid.gz 938024399 False 938024399
run17680.mid.gz 928124566 False 928124566
run17681.mid.gz 931889393 False 931889393
run17682.mid.gz 930486194 False 930486194
run17683.mid.gz 925453754 False 925453754
run17684.mid.gz 925586969 False 925586969
run17685.mid.gz 917626705 False 917626705
run17686.mid.gz 917447261 False 917447261
run17687.mid.gz 936695647 False 936695647
run17688.mid.gz 929361940 False 929361940
run17689.mid.gz 917998360 False 917998360
run17690.mid.gz 931500775 False 931500775
run17691.mid.gz 917736069 False 917736069
run17692.mid.gz 932075663 False 932075663
run17693.mid.gz 924103536 False 924103536
run17694.mid.gz 920833221 False 920833221
run17695.mid.gz 917929558 False 917929558
run17696.mid.gz 931569967 False 931569967
run17697.mid.gz 928317212 False 928317212
run17698.mid.gz 921394289 False 921394289
run17699.mid.gz 920776664 False 920776664
run17700.mid.gz 927735972 False 927735972
run17701.mid.gz 921920837 False 921920837
run17702.mid.gz 935692205 False 935692205
run17703.mid.gz 923609369 False 923609369
run17704.mid.gz 925660325 False 925660325
run17705.mid.gz 917222589 False 917222589
run17706.mid.gz 935185552 False 935185552
run17707.mid.gz 924467910 False 924467910
run17708.mid.gz 929869121 False 929869121
run17709.mid.gz 921183273 False 921183273
run17710.mid.gz 932714510 False 932714510
run17711.mid.gz 921253076 False 921253076
run17712.mid.gz 935364249 False 935364249
run17713.mid.gz 928857873 False 928857873
run17714.mid.gz 917662574 False 917662574
run17715.mid.gz 916226050 False 916226050
run17716.mid.gz 935805572 False 935805572
run17717.mid.gz 927712760 False 927712760
run17718.mid.gz 916077498 False 916077498
run17719.mid.gz 928788231 False 928788231
run17720.mid.gz 927557249 False 927557249
run17721.mid.gz 924954451 False 924954451
run17722.mid.gz 917509702 False 917509702
run17723.mid.gz 920748858 False 920748858
run17724.mid.gz 916201417 False 916201417
run17725.mid.gz 924590437 False 924590437
run17726.mid.gz 931976043 False 931976043
run17727.mid.gz 927935943 False 927935943
run17728.mid.gz 932577759 False 932577759
run17729.mid.gz 930158246 False 930158246
run17730.mid.gz 921265214 False 921265214
run17731.mid.gz 931035002 False 931035002
run17732.mid.gz 918585040 False 918585040
run17733.mid.gz 924413236 False 924413236
run17734.mid.gz 935169571 False 935169571
run17735.mid.gz 917517339 False 917517339
run17736.mid.gz 927454506 False 927454506
run17737.mid.gz 931461246 False 931461246
run17738.mid.gz 920074178 False 920074178
run17739.mid.gz 921678033 False 921678033
run17740.mid.gz 928230595 False 928230595
run17741.mid.gz 921928977 False 921928977
run17742.mid.gz 921376155 False 921376155
run17743.mid.gz 924004981 False 924004981
run17744.mid.gz 925017208 False 925017208
run17745.mid.gz 929755898 False 929755898
run17746.mid.gz 917249407 False 917249407
run17747.mid.gz 931108591 False 931108591
run17748.mid.gz 920341729 False 920341729
run17749.mid.gz 928649323 False 928649323
run17750.mid.gz 931883429 False 931883429
run17751.mid.gz 920397274 False 920397274
run17752.mid.gz 921591489 False 921591489
run17753.mid.gz 931226157 False 931226157
run17754.mid.gz 926078512 False 926078512
run17755.mid.gz 917462783 False 917462783
run17756.mid.gz 928306346 False 928306346
run17757.mid.gz 934015926 False 934015926
run17758.mid.gz 925660863 False 925660863
run17759.mid.gz 935329962 False 935329962
run17760.mid.gz 921581363 False 921581363
run17761.mid.gz 921549125 False 921549125
run17762.mid.gz 918501557 False 918501557
run17763.mid.gz 932139045 False 932139045
run17764.mid.gz 921139912 False 921139912
run17765.mid.gz 936911851 False 936911851
run17766.mid.gz 925651810 False 925651810
run17767.mid.gz 917618432 False 917618432
run17768.mid.gz 916645745 False 916645745
run17769.mid.gz 925526815 False 925526815
run17770.mid.gz 921736620 False 921736620
run17771.mid.gz 936024275 False 936024275
run17772.mid.gz 922253543 False 922253543
run17773.mid.gz 932072601 False 932072601
run17774.mid.gz 931666526 False 931666526
run17775.mid.gz 920768189 False 920768189
run17776.mid.gz 916218248 False 916218248
run17777.mid.gz 926550833 False 926550833
run17778.mid.gz 930893942 False 930893942
run17779.mid.gz 923631109 False 923631109
run17780.mid.gz 926685333 False 926685333
run17781.mid.gz 923871448 False 923871448
run17782.mid.gz 920802585 False 920802585
run17783.mid.gz 924210065 False 924210065
run17784.mid.gz 921468118 False 921468118
run17785.mid.gz 918402747 False 918402747
run17786.mid.gz 932268344 False 932268344
run17787.mid.gz 919542433 False 919542433
run17788.mid.gz 916769774 False 916769774
run17789.mid.gz 916531975 False 916531975
run17790.mid.gz 920778858 False 920778858
run17791.mid.gz 923433264 False 923433264
run17792.mid.gz 934816158 False 934816158
run17793.mid.gz 933283244 False 933283244
run17794.mid.gz 931323451 False 931323451
run17795.mid.gz 919548753 False 919548753
run17796.mid.gz 922106895 False 922106895
run17797.mid.gz 931647387 False 931647387
run17798.mid.gz 921909870 False 921909870
run17799.mid.gz 921737259 False 921737259
run17800.mid.gz 931889738 False 931889738
run17801.mid.gz 928164565 False 928164565
run17802.mid.gz 926952841 False 926952841
run17803.mid.gz 928158913 False 928158913
run17804.mid.gz 934655994 False 934655994
run17805.mid.gz 928669348 False 928669348
run17806.mid.gz 917500385 False 917500385
run17807.mid.gz 936698219 False 936698219
run17808.mid.gz 921113578 False 921113578
run17809.mid.gz 924395468 False 924395468
run17810.mid.gz 921155198 False 921155198
run17811.mid.gz 917447025 False 917447025
run17812.mid.gz 924152177 False 924152177
run17813.mid.gz 922177833 False 922177833
run17814.mid.gz 931881977 False 931881977
run17815.mid.gz 921242842 False 921242842
run17816.mid.gz 923231379 False 923231379
run17817.mid.gz 918133090 False 918133090
run17818.mid.gz 922082682 False 922082682
run17819.mid.gz 937795330 False 937795330
run17820.mid.gz 928062043 False 928062043
run17821.mid.gz 928833052 False 928833052
run17822.mid.gz 927058940 False 927058940
run17823.mid.gz 921759372 False 921759372
run17824.mid.gz 926923426 False 926923426
run17825.mid.gz 933494892 False 933494892
run17826.mid.gz 925926836 False 925926836
run17827.mid.gz 933402002 False 933402002
run17828.mid.gz 932319323 False 932319323
run17829.mid.gz 922282391 False 922282391
run17830.mid.gz 930676383 False 930676383
run17831.mid.gz 918364016 False 918364016
run17832.mid.gz 925958158 False 925958158
run17833.mid.gz 934420621 False 934420621
run17834.mid.gz 922881503 False 922881503
run17835.mid.gz 923816702 False 923816702
run17836.mid.gz 926343007 False 926343007
run17837.mid.gz 919045376 False 919045376
run17838.mid.gz 932924820 False 932924820
run17839.mid.gz 923492359 False 923492359
run17840.mid.gz 938809032 False 938809032
run17841.mid.gz 926943211 False 926943211
run17842.mid.gz 920434076 False 920434076
run17843.mid.gz 931249161 False 931249161
run17844.mid.gz 926009625 False 926009625
run17845.mid.gz 938634874 False 938634874
run17846.mid.gz 931752669 False 931752669
run17847.mid.gz 935225331 False 935225331
run17848.mid.gz 923621310 False 923621310
run17849.mid.gz 934243640 False 934243640
run17850.mid.gz 921557494 False 921557494
run17851.mid.gz 944530671 False 944530671
run17852.mid.gz 932931704 False 932931704
run17853.mid.gz 938197641 False 938197641
run17854.mid.gz 940869966 False 940869966
run17855.mid.gz 922786939 False 922786939
run17856.mid.gz 928228904 False 928228904
run17857.mid.gz 928355729 False 928355729
run17858.mid.gz 923789922 False 923789922
run17859.mid.gz 927463139 False 927463139
run17860.mid.gz 930756758 False 930756758
run17861.mid.gz 927429684 False 927429684
run17862.mid.gz 939589554 False 939589554
run17863.mid.gz 930047913 False 930047913
run17864.mid.gz 919019891 False 919019891
run17865.mid.gz 919812944 False 919812944
run17866.mid.gz 922453613 False 922453613
run17867.mid.gz 937593156 False 937593156
run17868.mid.gz 920393225 False 920393225
run17869.mid.gz 926193431 False 926193431
run17870.mid.gz 929524482 False 929524482
run17871.mid.gz 917585406 False 917585406
run17872.mid.gz 928784105 False 928784105
run17873.mid.gz 920194363 False 920194363
run17874.mid.gz 934304055 False 934304055
run17875.mid.gz 918866808 False 918866808
run17876.mid.gz 929103391 False 929103391
run17877.mid.gz 924861559 False 924861559
run17878.mid.gz 917715858 False 917715858
run17879.mid.gz 922439422 False 922439422
run17880.mid.gz 932382827 False 932382827
run17881.mid.gz 928361614 False 928361614
run17882.mid.gz 931927270 False 931927270
run17883.mid.gz 915379702 False 915379702
run17884.mid.gz 919424612 False 919424612
run17885.mid.gz 924371730 False 924371730
run17886.mid.gz 923627996 False 923627996
run17887.mid.gz 916787303 False 916787303
run17888.mid.gz 926286997 False 926286997
run17889.mid.gz 923818338 False 923818338
run17890.mid.gz 921326568 False 921326568
run17891.mid.gz 929107920 False 929107920
run17892.mid.gz 924840184 False 924840184
run17893.mid.gz 924684411 False 924684411
run17894.mid.gz 917797639 False 917797639
run17895.mid.gz 923934662 False 923934662
run17896.mid.gz 921773295 False 921773295
run17897.mid.gz 925260147 False 925260147
run17898.mid.gz 917471491 False 917471491
run17899.mid.gz 920939179 False 920939179
run17900.mid.gz 917076848 False 917076848
run17901.mid.gz 924630211 False 924630211
run17902.mid.gz 932105080 False 932105080
run17903.mid.gz 916668176 False 916668176
run17904.mid.gz 923751719 False 923751719
run17905.mid.gz 917157010 False 917157010
run17906.mid.gz 916419506 False 916419506
run17907.mid.gz 925212732 False 925212732
run17908.mid.gz 927168839 False 927168839
run17909.mid.gz 934087285 False 934087285
run17910.mid.gz 927853578 False 927853578
run17911.mid.gz 916691551 False 916691551
run17912.mid.gz 917255220 False 917255220
run17913.mid.gz 927593847 False 927593847
run17914.mid.gz 927770324 False 927770324
run17915.mid.gz 932276799 False 932276799
run17916.mid.gz 936886132 False 936886132
run17917.mid.gz 928261332 False 928261332
run17918.mid.gz 916396863 False 916396863
run17919.mid.gz 917399882 False 917399882
run17920.mid.gz 912818803 False 912818803
run17921.mid.gz 920748106 False 920748106
run17922.mid.gz 920654309 False 920654309
run17923.mid.gz 922180320 False 922180320
run17924.mid.gz 918147177 False 918147177
run17925.mid.gz 924588817 False 924588817
run17926.mid.gz 923953996 False 923953996
run17927.mid.gz 929120723 False 929120723
run17928.mid.gz 923712151 False 923712151
run17929.mid.gz 928548238 False 928548238
run17930.mid.gz 917047270 False 917047270
run17931.mid.gz 918207265 False 918207265
run17932.mid.gz 928731546 False 928731546
run17933.mid.gz 917630274 False 917630274
run17934.mid.gz 920657327 False 920657327
run17935.mid.gz 931088308 False 931088308
run17936.mid.gz 928324238 False 928324238
run17937.mid.gz 920693595 False 920693595
run17938.mid.gz 917974252 False 917974252
run17939.mid.gz 922350402 False 922350402
run17940.mid.gz 916422175 False 916422175
run17941.mid.gz 918952539 False 918952539
run17942.mid.gz 924098543 False 924098543
run17943.mid.gz 931582291 False 931582291
run17944.mid.gz 925244520 False 925244520
run17945.mid.gz 917803032 False 917803032
run17946.mid.gz 920221488 False 920221488
run17947.mid.gz 928247785 False 928247785
run17948.mid.gz 919467005 False 919467005
run17949.mid.gz 923633302 False 923633302
run17950.mid.gz 923599356 False 923599356
run17951.mid.gz 917151259 False 917151259
run17952.mid.gz 919742699 False 919742699
run17953.mid.gz 920874971 False 920874971
run17954.mid.gz 920368455 False 920368455
run17955.mid.gz 920759801 False 920759801
run17956.mid.gz 918116491 False 918116491
run17957.mid.gz 924623943 False 924623943
run17958.mid.gz 924307676 False 924307676
run17959.mid.gz 920337020 False 920337020
run17960.mid.gz 917405207 False 917405207
run17961.mid.gz 932440159 False 932440159
run17962.mid.gz 920778945 False 920778945
run17963.mid.gz 921886777 False 921886777
run17964.mid.gz 928550310 False 928550310
run17965.mid.gz 924734643 False 924734643
run17966.mid.gz 925457401 False 925457401
run17967.mid.gz 929208523 False 929208523
run17968.mid.gz 916458673 False 916458673
run17969.mid.gz 925278726 False 925278726
run17970.mid.gz 924618761 False 924618761
run17971.mid.gz 916699364 False 916699364
run17972.mid.gz 928330192 False 928330192
run17973.mid.gz 920419013 False 920419013
run17974.mid.gz 917656971 False 917656971
run17975.mid.gz 927135508 False 927135508
run17976.mid.gz 932423275 False 932423275
run17977.mid.gz 928123820 False 928123820
run17978.mid.gz 932069739 False 932069739
run17979.mid.gz 933070619 False 933070619
run17980.mid.gz 923979233 False 923979233
run17981.mid.gz 932305876 False 932305876
run17982.mid.gz 935638589 False 935638589
run17983.mid.gz 917013401 False 917013401
run17984.mid.gz 921597610 False 921597610
run17985.mid.gz 920999004 False 920999004
run17986.mid.gz 928551332 False 928551332
run17987.mid.gz 920902831 False 920902831
run17988.mid.gz 921258087 False 921258087
run17989.mid.gz 916743838 False 916743838
run17990.mid.gz 925041379 False 925041379
run17991.mid.gz 932615356 False 932615356
run17992.mid.gz 930157673 False 930157673
run17993.mid.gz 927847406 False 927847406
run17994.mid.gz 920356276 False 920356276
run17995.mid.gz 917167555 False 917167555
run17996.mid.gz 929641760 False 929641760
run17997.mid.gz 924843720 False 924843720
run17998.mid.gz 938174759 False 938174759
run17999.mid.gz 935593274 False 935593274
run18000.mid.gz 933948222 False 933948222
run18001.mid.gz 926532214 False 926532214
run18002.mid.gz 936143479 False 936143479
run18003.mid.gz 930675352 False 930675352
run18005.mid.gz 918314833 False 918314833
run18006.mid.gz 929727641 False 929727641
run18007.mid.gz 938977400 False 938977400
run18008.mid.gz 933593834 False 933593834
run18009.mid.gz 932216919 False 932216919
run18010.mid.gz 924114768 False 924114768
run18011.mid.gz 935438062 False 935438062
run18012.mid.gz 919967358 False 919967358
run18013.mid.gz 920155266 False 920155266
run18014.mid.gz 927673179 False 927673179
run18015.mid.gz 924775854 False 924775854
run18016.mid.gz 920269652 False 920269652
run18017.mid.gz 939659807 False 939659807
run18018.mid.gz 925616523 False 925616523
run18019.mid.gz 938234667 False 938234667
run18020.mid.gz 960792042 False 960792042
run18021.mid.gz 931863855 False 931863855
run18022.mid.gz 934410688 False 934410688
run18023.mid.gz 936903199 False 936903199
run18024.mid.gz 929268766 False 929268766
run18025.mid.gz 931191618 False 931191618
run18026.mid.gz 928035162 False 928035162
run18027.mid.gz 936276997 False 936276997
run18028.mid.gz 931240834 False 931240834
run18029.mid.gz 930889464 False 930889464
run18030.mid.gz 923636379 False 923636379
run18031.mid.gz 918303265 False 918303265
run18032.mid.gz 926922166 False 926922166
run18033.mid.gz 931282599 False 931282599
run18034.mid.gz 927286440 False 927286440
run18035.mid.gz 928413661 False 928413661
run18036.mid.gz 925542886 False 925542886
run18037.mid.gz 926177250 False 926177250
run18038.mid.gz 922986033 False 922986033
run18039.mid.gz 922361365 False 922361365
run18040.mid.gz 922122173 False 922122173
run18041.mid.gz 931602167 False 931602167
run18042.mid.gz 925728884 False 925728884
run18043.mid.gz 936498019 False 936498019
run18044.mid.gz 918715505 False 918715505
run18045.mid.gz 934085971 False 934085971
run18046.mid.gz 924473392 False 924473392
run18047.mid.gz 927850538 False 927850538
run18048.mid.gz 920099856 False 920099856
run18049.mid.gz 926706993 False 926706993
run18050.mid.gz 928235182 False 928235182
run18051.mid.gz 930479975 False 930479975
run18052.mid.gz 917155376 False 917155376
run18053.mid.gz 931253761 False 931253761
run18054.mid.gz 923368146 False 923368146
run18055.mid.gz 919649605 False 919649605
run18056.mid.gz 931454866 False 931454866
run18057.mid.gz 917157331 False 917157331
run18058.mid.gz 916382433 False 916382433
run18059.mid.gz 931408670 False 931408670
run18060.mid.gz 919236666 False 919236666
run18061.mid.gz 931854157 False 931854157
run18062.mid.gz 925109866 False 925109866
run18063.mid.gz 927938312 False 927938312
run18064.mid.gz 920540603 False 920540603
run18065.mid.gz 928517970 False 928517970
run18066.mid.gz 925714714 False 925714714
run18067.mid.gz 920232546 False 920232546
run18068.mid.gz 916080049 False 916080049
run18069.mid.gz 920525969 False 920525969
run18070.mid.gz 924227759 False 924227759
run18071.mid.gz 925392465 False 925392465
run18072.mid.gz 927134750 False 927134750
run18073.mid.gz 918365738 False 918365738
run18074.mid.gz 924095847 False 924095847
run18075.mid.gz 921258387 False 921258387
run18076.mid.gz 915384645 False 915384645
run18077.mid.gz 922144147 False 922144147
run18078.mid.gz 916785598 False 916785598
run18079.mid.gz 934341693 False 934341693
run18080.mid.gz 936494526 False 936494526
run18081.mid.gz 932516024 False 932516024
run18082.mid.gz 927906314 False 927906314
run18083.mid.gz 918937321 False 918937321
run18084.mid.gz 927174626 False 927174626
run18085.mid.gz 923757471 False 923757471
run18086.mid.gz 935390895 False 935390895
run18087.mid.gz 927934215 False 927934215
run18088.mid.gz 925178041 False 925178041
run18089.mid.gz 928136113 False 928136113
run18090.mid.gz 925547530 False 925547530
run18091.mid.gz 929016491 False 929016491
run18092.mid.gz 916615533 False 916615533
run18093.mid.gz 924199996 False 924199996
run18094.mid.gz 916709245 False 916709245
run18095.mid.gz 917690616 False 917690616
run18096.mid.gz 921410128 False 921410128
run18097.mid.gz 921283374 False 921283374
run18098.mid.gz 918862363 False 918862363
run18099.mid.gz 923424590 False 923424590
run18100.mid.gz 931470328 False 931470328
run18101.mid.gz 921115350 False 921115350
run18102.mid.gz 922236905 False 922236905
run18103.mid.gz 916583812 False 916583812
run18104.mid.gz 929245048 False 929245048
run18105.mid.gz 917555239 False 917555239
run18106.mid.gz 932634496 False 932634496
run18107.mid.gz 920880944 False 920880944
run18108.mid.gz 916764525 False 916764525
run18109.mid.gz 921895397 False 921895397
run18110.mid.gz 922454769 False 922454769
run18111.mid.gz 928461582 False 928461582
run18112.mid.gz 927782634 False 927782634
run18113.mid.gz 917063590 False 917063590
run18114.mid.gz 935203744 False 935203744
run18115.mid.gz 933609207 False 933609207
run18116.mid.gz 925200367 False 925200367
run18117.mid.gz 932309779 False 932309779
run18118.mid.gz 922036726 False 922036726
run18119.mid.gz 917079258 False 917079258
run18120.mid.gz 926618276 False 926618276
run18121.mid.gz 923239317 False 923239317
run18122.mid.gz 917545221 False 917545221
run18123.mid.gz 929421158 False 929421158
run18124.mid.gz 924260549 False 924260549
run18125.mid.gz 924154311 False 924154311
run18126.mid.gz 922111542 False 922111542
run18127.mid.gz 917262905 False 917262905
run18128.mid.gz 924048834 False 924048834
run18129.mid.gz 921075659 False 921075659
run18130.mid.gz 920923157 False 920923157
run18131.mid.gz 922193764 False 922193764
run18132.mid.gz 936642744 False 936642744
run18133.mid.gz 916611291 False 916611291
run18134.mid.gz 931647519 False 931647519
run18135.mid.gz 918341319 False 918341319
run18136.mid.gz 935441683 False 935441683
run18137.mid.gz 934936498 False 934936498
run18138.mid.gz 928880866 False 928880866
run18139.mid.gz 924706406 False 924706406
run18140.mid.gz 921850950 False 921850950
run18141.mid.gz 928648734 False 928648734
run18142.mid.gz 931883448 False 931883448
run18143.mid.gz 931514453 False 931514453
run18144.mid.gz 918433575 False 918433575
run18145.mid.gz 927095285 False 927095285
run18146.mid.gz 929736914 False 929736914
run18147.mid.gz 921652009 False 921652009
run18148.mid.gz 926073977 False 926073977
run18149.mid.gz 932704138 False 932704138
run18150.mid.gz 928442293 False 928442293
run18151.mid.gz 931342033 False 931342033
run18152.mid.gz 935379983 False 935379983
run18153.mid.gz 936030351 False 936030351
run18154.mid.gz 918438758 False 918438758
run18155.mid.gz 936201947 False 936201947
run18156.mid.gz 921078781 False 921078781
run18157.mid.gz 920724945 False 920724945
run18158.mid.gz 933143943 False 933143943
run18159.mid.gz 925004938 False 925004938
run18160.mid.gz 922583862 False 922583862
run18161.mid.gz 921184472 False 921184472
run18162.mid.gz 925324482 False 925324482
run18163.mid.gz 937815263 False 937815263
run18164.mid.gz 934228764 False 934228764
run18165.mid.gz 925989864 False 925989864
run18166.mid.gz 919392470 False 919392470
run18167.mid.gz 930414380 False 930414380
run18168.mid.gz 926762920 False 926762920
run18169.mid.gz 918792427 False 918792427
run18170.mid.gz 934539463 False 934539463
run18171.mid.gz 922930915 False 922930915
run18172.mid.gz 934566362 False 934566362
run18173.mid.gz 918984840 False 918984840
run18174.mid.gz 934315205 False 934315205
run18175.mid.gz 918675954 False 918675954
run18176.mid.gz 939768844 False 939768844
run18177.mid.gz 934952471 False 934952471
run18178.mid.gz 927914234 False 927914234
run18179.mid.gz 924352202 False 924352202
run18180.mid.gz 934494683 False 934494683
run18181.mid.gz 938625011 False 938625011
run18182.mid.gz 923928924 False 923928924
run18183.mid.gz 923211906 False 923211906
run18184.mid.gz 927062292 False 927062292
run18185.mid.gz 919220277 False 919220277
run18186.mid.gz 919732855 False 919732855
run18187.mid.gz 930741668 False 930741668
run18188.mid.gz 934649540 False 934649540
run18189.mid.gz 926710006 False 926710006
run18190.mid.gz 920349059 False 920349059
run18191.mid.gz 932181782 False 932181782
run18192.mid.gz 923020919 False 923020919
run18193.mid.gz 934449300 False 934449300
run18194.mid.gz 923897349 False 923897349
run18195.mid.gz 930324532 False 930324532
run18196.mid.gz 919457829 False 919457829
run18197.mid.gz 938463746 False 938463746
run18198.mid.gz 922690860 False 922690860
run18199.mid.gz 923619707 False 923619707
run18200.mid.gz 939792975 False 939792975
run18201.mid.gz 928249935 False 928249935
run18202.mid.gz 918851283 False 918851283
run18203.mid.gz 926103022 False 926103022
run18204.mid.gz 921845701 False 921845701
run18205.mid.gz 943750291 False 943750291
run18206.mid.gz 943009864 False 943009864
run18207.mid.gz 930493389 False 930493389
run18208.mid.gz 938159387 False 938159387
run18209.mid.gz 931155595 False 931155595
run18210.mid.gz 931653742 False 931653742
run18211.mid.gz 934732272 False 934732272
run18212.mid.gz 918952134 False 918952134
run18213.mid.gz 930554021 False 930554021
run18214.mid.gz 919243270 False 919243270
run18215.mid.gz 929742244 False 929742244
run18216.mid.gz 934220538 False 934220538
run18217.mid.gz 926578732 False 926578732
run18218.mid.gz 922541241 False 922541241
run18219.mid.gz 922624596 False 922624596
run18220.mid.gz 930307135 False 930307135
run18221.mid.gz 922089824 False 922089824
run18222.mid.gz 919037460 False 919037460
run18223.mid.gz 922017210 False 922017210
run18224.mid.gz 928288203 False 928288203
run18225.mid.gz 917573975 False 917573975
run18226.mid.gz 929980554 False 929980554
run18227.mid.gz 917679910 False 917679910
run18228.mid.gz 925239843 False 925239843
run18229.mid.gz 921670733 False 921670733
run18230.mid.gz 926765897 False 926765897
run18231.mid.gz 921722491 False 921722491
run18232.mid.gz 922056885 False 922056885
run18233.mid.gz 921145941 False 921145941
run18234.mid.gz 925038609 False 925038609
run18235.mid.gz 924283326 False 924283326
run18236.mid.gz 923630580 False 923630580
run18237.mid.gz 923521253 False 923521253
run18238.mid.gz 931627412 False 931627412
run18239.mid.gz 916374552 False 916374552
run18240.mid.gz 917733741 False 917733741
run18241.mid.gz 934434540 False 934434540
run18242.mid.gz 931060609 False 931060609
run18243.mid.gz 929315161 False 929315161
run18244.mid.gz 920401179 False 920401179
run18245.mid.gz 925529718 False 925529718
run18246.mid.gz 919869847 False 919869847
run18247.mid.gz 924038121 False 924038121
run18248.mid.gz 923067858 False 923067858
run18249.mid.gz 921371248 False 921371248
run18250.mid.gz 918000283 False 918000283
run18251.mid.gz 923281171 False 923281171
run18252.mid.gz 922811809 False 922811809
run18253.mid.gz 919396557 False 919396557
run18254.mid.gz 927974651 False 927974651
run18255.mid.gz 924649608 False 924649608
run18256.mid.gz 935096439 False 935096439
run18257.mid.gz 667808419 False 667808419
run18261.mid.gz 1137091057 False 1137091057
run18262.mid.gz 1418212456 False 1418212456
run18263.mid.gz 1406525836 False 1406525836
run18264.mid.gz 1411684006 False 1411684006
run18265.mid.gz 1440437805 False 1440437805
run18266.mid.gz 1406054461 False 1406054461
run18267.mid.gz 1423257480 False 1423257480
run18268.mid.gz 1412385257 False 1412385257
run18269.mid.gz 1440452948 False 1440452948
run18270.mid.gz 1435243653 False 1435243653
run18271.mid.gz 1434215342 False 1434215342
run18272.mid.gz 1439593412 False 1439593412
run18273.mid.gz 1406751941 False 1406751941
run18274.mid.gz 1407189777 False 1407189777
run18275.mid.gz 1411713780 False 1411713780
run18276.mid.gz 1440114237 False 1440114237
run18277.mid.gz 1434790575 False 1434790575
run18278.mid.gz 1412481744 False 1412481744
run18279.mid.gz 1417682401 False 1417682401
run18280.mid.gz 1439868585 False 1439868585
run18281.mid.gz 1417891849 False 1417891849
run18282.mid.gz 1406620701 False 1406620701
run18283.mid.gz 1440273154 False 1440273154
run18284.mid.gz 1418708249 False 1418708249
run18285.mid.gz 1412878737 False 1412878737
run18286.mid.gz 1418764538 False 1418764538
run18287.mid.gz 1405820506 False 1405820506
run18288.mid.gz 1412174566 False 1412174566
run18289.mid.gz 1434673078 False 1434673078
run18290.mid.gz 1405945571 False 1405945571
run18291.mid.gz 1412024539 False 1412024539
run18292.mid.gz 1446379251 False 1446379251
run18293.mid.gz 1418237108 False 1418237108
run18294.mid.gz 1418059043 False 1418059043
run18295.mid.gz 1406208966 False 1406208966
run18296.mid.gz 1411797343 False 1411797343
run18297.mid.gz 1440246339 False 1440246339
run18298.mid.gz 1440138335 False 1440138335
run18299.mid.gz 1411934550 False 1411934550
run18300.mid.gz 1435213215 False 1435213215
run18301.mid.gz 1418336452 False 1418336452
run18302.mid.gz 1406273661 False 1406273661
run18303.mid.gz 1412490255 False 1412490255
run18304.mid.gz 1418133177 False 1418133177
run18305.mid.gz 1439434663 False 1439434663
run18306.mid.gz 1440653686 False 1440653686
run18307.mid.gz 1411985630 False 1411985630
run18308.mid.gz 1439579823 False 1439579823
run18309.mid.gz 1471835997 False 1471835997
run18310.mid.gz 1422114996 False 1422114996
run18311.mid.gz 1437334604 False 1437334604
run18312.mid.gz 1418881605 False 1418881605
run18313.mid.gz 1412642192 False 1412642192
run18314.mid.gz 1439882830 False 1439882830
run18315.mid.gz 1428398472 False 1428398472
run18316.mid.gz 1412089814 False 1412089814
run18317.mid.gz 1434349111 False 1434349111
run18318.mid.gz 1417581914 False 1417581914
run18319.mid.gz 1405691877 False 1405691877
run18320.mid.gz 1410949630 False 1410949630
run18321.mid.gz 1439268799 False 1439268799
run18322.mid.gz 1438218075 False 1438218075
run18323.mid.gz 1411721631 False 1411721631
run18324.mid.gz 1439211729 False 1439211729
run18325.mid.gz 1433752902 False 1433752902
run18326.mid.gz 1439554235 False 1439554235
run18327.mid.gz 1439218503 False 1439218503
run18328.mid.gz 1410657388 False 1410657388
run18329.mid.gz 1439443176 False 1439443176
run18331.mid.gz 1432531647 False 1432531647
run18330.mid.gz 1427524292 False 1427524292
run18332.mid.gz 1444468309 False 1444468309
run18333.mid.gz 1438285770 False 1438285770
run18334.mid.gz 1405752894 False 1405752894
run18335.mid.gz 1404965108 False 1404965108
run18336.mid.gz 1416559792 False 1416559792
run18337.mid.gz 1433414786 False 1433414786
run18338.mid.gz 1410934366 False 1410934366
run18339.mid.gz 1438911350 False 1438911350
run18340.mid.gz 1438112765 False 1438112765
run18341.mid.gz 1404663159 False 1404663159
run18342.mid.gz 1415898260 False 1415898260
run18343.mid.gz 1416726465 False 1416726465
run18344.mid.gz 1404480199 False 1404480199
run18345.mid.gz 1410537337 False 1410537337
run18346.mid.gz 1439349512 False 1439349512
run18347.mid.gz 1404311784 False 1404311784
run18348.mid.gz 1427741682 False 1427741682
run18349.mid.gz 1439257007 False 1439257007
run18350.mid.gz 1410167835 False 1410167835
run18351.mid.gz 1432652929 False 1432652929
run18352.mid.gz 1438543285 False 1438543285
run18353.mid.gz 1438109973 False 1438109973
run18354.mid.gz 1439215168 False 1439215168
run18355.mid.gz 1404827699 False 1404827699
run18356.mid.gz 1404328727 False 1404328727
run18357.mid.gz 1421240997 False 1421240997
run18358.mid.gz 1404188173 False 1404188173
run18359.mid.gz 1415466381 False 1415466381
run18360.mid.gz 1409900225 False 1409900225
run18361.mid.gz 1403529097 False 1403529097
run18362.mid.gz 1421476983 False 1421476983
run18363.mid.gz 1410119268 False 1410119268
run18364.mid.gz 1433154853 False 1433154853
run18365.mid.gz 1404120112 False 1404120112
run18366.mid.gz 1427872828 False 1427872828
run18367.mid.gz 1438246332 False 1438246332
run18368.mid.gz 1426141293 False 1426141293
run18369.mid.gz 1438095613 False 1438095613
run18370.mid.gz 1404932026 False 1404932026
run18371.mid.gz 1438321617 False 1438321617
run18372.mid.gz 1404669501 False 1404669501
run18373.mid.gz 1403677035 False 1403677035
run18374.mid.gz 1432333077 False 1432333077
run18375.mid.gz 1409615981 False 1409615981
run18376.mid.gz 1403375421 False 1403375421
run18377.mid.gz 1409928774 False 1409928774
run18378.mid.gz 1420916599 False 1420916599
run18379.mid.gz 1415712403 False 1415712403
run18380.mid.gz 1410822961 False 1410822961
run18381.mid.gz 1436900857 False 1436900857
run18382.mid.gz 1410241669 False 1410241669
run18383.mid.gz 1438009864 False 1438009864
run18384.mid.gz 1415340189 False 1415340189
run18385.mid.gz 1404665917 False 1404665917
run18386.mid.gz 1433636463 False 1433636463
run18387.mid.gz 1421210652 False 1421210652
run18388.mid.gz 1404327820 False 1404327820
run18389.mid.gz 1404339273 False 1404339273
run18390.mid.gz 1437346879 False 1437346879
run18391.mid.gz 1433409372 False 1433409372
run18392.mid.gz 1410494137 False 1410494137
run18393.mid.gz 1404634950 False 1404634950
run18394.mid.gz 1420887140 False 1420887140
run18395.mid.gz 1404718026 False 1404718026
run18396.mid.gz 1404464947 False 1404464947
run18397.mid.gz 1409728334 False 1409728334
run18398.mid.gz 1432039333 False 1432039333
run18399.mid.gz 1415001320 False 1415001320
run18400.mid.gz 1409700760 False 1409700760
run18401.mid.gz 1427072685 False 1427072685
run18402.mid.gz 1416074742 False 1416074742
run18403.mid.gz 1432571002 False 1432571002
run18404.mid.gz 1414964872 False 1414964872
run18405.mid.gz 1426676387 False 1426676387
run18406.mid.gz 1437712239 False 1437712239
run18407.mid.gz 1432312634 False 1432312634
run18408.mid.gz 1427074030 False 1427074030
run18409.mid.gz 1441893813 False 1441893813
run18410.mid.gz 1427109033 False 1427109033
run18411.mid.gz 1437435598 False 1437435598
run18412.mid.gz 1426500723 False 1426500723
run18413.mid.gz 1404153046 False 1404153046
run18414.mid.gz 1432357226 False 1432357226
run18415.mid.gz 1409402019 False 1409402019
run18416.mid.gz 1415106414 False 1415106414
run18417.mid.gz 1409072296 False 1409072296
run18418.mid.gz 1403673205 False 1403673205
run18419.mid.gz 1409986268 False 1409986268
run18420.mid.gz 1432263865 False 1432263865
run18421.mid.gz 1421280680 False 1421280680
run18422.mid.gz 1421063790 False 1421063790
run18423.mid.gz 1409632791 False 1409632791
run18424.mid.gz 1409988685 False 1409988685
run18425.mid.gz 1438082232 False 1438082232
run18426.mid.gz 1432271590 False 1432271590
run18427.mid.gz 1421473613 False 1421473613
run18428.mid.gz 1438932732 False 1438932732
run18429.mid.gz 1427366273 False 1427366273
run18430.mid.gz 1438778145 False 1438778145
run18431.mid.gz 1421222484 False 1421222484
run18432.mid.gz 1421390492 False 1421390492
run18433.mid.gz 1421838721 False 1421838721
run18434.mid.gz 1415337219 False 1415337219
run18435.mid.gz 1405389737 False 1405389737
run18436.mid.gz 1410752125 False 1410752125
run18437.mid.gz 1433066120 False 1433066120
run18438.mid.gz 1410651791 False 1410651791
run18439.mid.gz 1438234890 False 1438234890
run18440.mid.gz 1444025471 False 1444025471
run18441.mid.gz 1410626489 False 1410626489
run18442.mid.gz 1404880316 False 1404880316
run18443.mid.gz 1416971385 False 1416971385
run18444.mid.gz 1433471410 False 1433471410
run18445.mid.gz 1416582048 False 1416582048
run18446.mid.gz 1410715174 False 1410715174
run18447.mid.gz 1404641511 False 1404641511
run18448.mid.gz 1410938102 False 1410938102
run18449.mid.gz 1433194513 False 1433194513
run18450.mid.gz 1405295437 False 1405295437
run18451.mid.gz 1411933975 False 1411933975
run18452.mid.gz 1434082952 False 1434082952
run18453.mid.gz 1411640365 False 1411640365
run18454.mid.gz 1433880474 False 1433880474
run18455.mid.gz 1410833223 False 1410833223
run18456.mid.gz 1411287144 False 1411287144
run18457.mid.gz 1411873938 False 1411873938
run18458.mid.gz 1434089597 False 1434089597
run18459.mid.gz 1433899272 False 1433899272
run18460.mid.gz 1405916500 False 1405916500
run18461.mid.gz 1405500886 False 1405500886
run18462.mid.gz 1405623074 False 1405623074
run18463.mid.gz 1406118359 False 1406118359
run18464.mid.gz 1416453259 False 1416453259
run18465.mid.gz 1422508644 False 1422508644
run18466.mid.gz 1439525034 False 1439525034
run18467.mid.gz 1416593554 False 1416593554
run18468.mid.gz 1411420099 False 1411420099
run18469.mid.gz 1411053277 False 1411053277
run18470.mid.gz 1439754854 False 1439754854
run18471.mid.gz 1439946800 False 1439946800
run18472.mid.gz 1424274160 False 1424274160
run18473.mid.gz 1417510197 False 1417510197
run18474.mid.gz 1412364047 False 1412364047
run18475.mid.gz 1440048087 False 1440048087
run18476.mid.gz 1406218839 False 1406218839
run18477.mid.gz 1406811521 False 1406811521
run18478.mid.gz 1429124790 False 1429124790
run18479.mid.gz 1423647387 False 1423647387
run18480.mid.gz 1434359127 False 1434359127
run18481.mid.gz 1417879431 False 1417879431
run18482.mid.gz 1440180608 False 1440180608
run18483.mid.gz 1433774917 False 1433774917
run18484.mid.gz 1406376638 False 1406376638
run18485.mid.gz 1406433900 False 1406433900
run18486.mid.gz 1411082096 False 1411082096
run18487.mid.gz 1411075916 False 1411075916
run18488.mid.gz 1422110556 False 1422110556
run18489.mid.gz 1422978552 False 1422978552
run18490.mid.gz 1412007201 False 1412007201
run18491.mid.gz 1406417850 False 1406417850
run18492.mid.gz 1440073802 False 1440073802
run18493.mid.gz 1406795314 False 1406795314
run18494.mid.gz 1435320008 False 1435320008
run18495.mid.gz 1411294881 False 1411294881
run18496.mid.gz 1406783048 False 1406783048
run18497.mid.gz 1406567634 False 1406567634
run18498.mid.gz 1417260128 False 1417260128
run18499.mid.gz 1413011861 False 1413011861
run18500.mid.gz 1406444921 False 1406444921
run18501.mid.gz 1429154767 False 1429154767
run18502.mid.gz 1434262550 False 1434262550
run18503.mid.gz 1406195164 False 1406195164
run18504.mid.gz 1406743340 False 1406743340
run18505.mid.gz 1433619799 False 1433619799
run18506.mid.gz 1411809108 False 1411809108
run18507.mid.gz 1423000523 False 1423000523
run18508.mid.gz 1428289798 False 1428289798
run18509.mid.gz 1440149091 False 1440149091
run18510.mid.gz 1422806325 False 1422806325
run18511.mid.gz 1411068633 False 1411068633
run18512.mid.gz 1411315884 False 1411315884
run18513.mid.gz 1439836359 False 1439836359
run18514.mid.gz 1412521211 False 1412521211
run18515.mid.gz 1414096073 False 1414096073
run18516.mid.gz 1462519337 False 1462519337
run18517.mid.gz 1464822453 False 1464822453
run18518.mid.gz 1443133042 False 1443133042
run18519.mid.gz 1416722205 False 1416722205
run18520.mid.gz 1408475927 False 1408475927
run18521.mid.gz 1412045322 False 1412045322
run18522.mid.gz 1406045470 False 1406045470
run18523.mid.gz 1405765489 False 1405765489
run18524.mid.gz 1416870779 False 1416870779
run18525.mid.gz 1428232928 False 1428232928
run18526.mid.gz 1433609636 False 1433609636
run18527.mid.gz 1422610262 False 1422610262
run18528.mid.gz 1427185473 False 1427185473
run18529.mid.gz 1411654021 False 1411654021
run18530.mid.gz 1433052657 False 1433052657
run18531.mid.gz 1421941785 False 1421941785
run18532.mid.gz 1404646952 False 1404646952
run18533.mid.gz 1427527887 False 1427527887
run18534.mid.gz 1432008144 False 1432008144
run18535.mid.gz 1437787142 False 1437787142
run18536.mid.gz 1405353963 False 1405353963
run18537.mid.gz 1409839768 False 1409839768
run18538.mid.gz 1415760594 False 1415760594
run18539.mid.gz 1431963292 False 1431963292
run18540.mid.gz 1416037197 False 1416037197
run18541.mid.gz 1409614482 False 1409614482
run18542.mid.gz 1410148575 False 1410148575
run18543.mid.gz 1438473217 False 1438473217
run18544.mid.gz 1405522606 False 1405522606
run18545.mid.gz 1437605800 False 1437605800
run18546.mid.gz 1410389359 False 1410389359
run18547.mid.gz 1432297943 False 1432297943
run18548.mid.gz 1409482948 False 1409482948
run18549.mid.gz 1415313392 False 1415313392
run18550.mid.gz 1432360874 False 1432360874
run18551.mid.gz 1438748922 False 1438748922
run18552.mid.gz 1404632241 False 1404632241
run18553.mid.gz 1403621426 False 1403621426
run18554.mid.gz 1409564690 False 1409564690
run18555.mid.gz 1404583195 False 1404583195
run18556.mid.gz 1403825820 False 1403825820
run18557.mid.gz 1410546151 False 1410546151
run18558.mid.gz 1438280278 False 1438280278
run18559.mid.gz 1404182812 False 1404182812
run18560.mid.gz 1426581551 False 1426581551
run18561.mid.gz 1403446359 False 1403446359
run18562.mid.gz 1404034552 False 1404034552
run18563.mid.gz 1404126320 False 1404126320
run18564.mid.gz 1420439922 False 1420439922
run18565.mid.gz 1414874061 False 1414874061
run18566.mid.gz 1408724522 False 1408724522
run18567.mid.gz 1437430762 False 1437430762
run18568.mid.gz 1426372449 False 1426372449
run18569.mid.gz 1404359746 False 1404359746
run18570.mid.gz 1409165163 False 1409165163
run18571.mid.gz 1437807982 False 1437807982
run18572.mid.gz 1431980606 False 1431980606
run18573.mid.gz 1409536405 False 1409536405
run18574.mid.gz 1409293274 False 1409293274
run18575.mid.gz 1426336750 False 1426336750
run18576.mid.gz 1431574267 False 1431574267
run18577.mid.gz 1409598297 False 1409598297
run18578.mid.gz 1415212811 False 1415212811
run18579.mid.gz 1420584500 False 1420584500
run18580.mid.gz 1409363423 False 1409363423
run18581.mid.gz 1408806607 False 1408806607
run18582.mid.gz 1414627438 False 1414627438
run18583.mid.gz 1404240641 False 1404240641
run18584.mid.gz 1414658542 False 1414658542
run18585.mid.gz 1432386414 False 1432386414
run18586.mid.gz 1425733058 False 1425733058
run18587.mid.gz 1437949171 False 1437949171
run18588.mid.gz 1409063587 False 1409063587
run18589.mid.gz 1432464978 False 1432464978
run18590.mid.gz 1431010463 False 1431010463
run18591.mid.gz 1442724140 False 1442724140
run18592.mid.gz 1403562551 False 1403562551
run18593.mid.gz 1425531079 False 1425531079
run18594.mid.gz 1403785337 False 1403785337
run18595.mid.gz 1403360888 False 1403360888
run18596.mid.gz 1426490677 False 1426490677
run18597.mid.gz 1420812227 False 1420812227
run18598.mid.gz 1408848874 False 1408848874
run18599.mid.gz 1409391312 False 1409391312
run18600.mid.gz 1409722463 False 1409722463
run18601.mid.gz 1403861909 False 1403861909
run18602.mid.gz 1414918586 False 1414918586
run18603.mid.gz 1414345246 False 1414345246
run18604.mid.gz 1419383362 False 1419383362
run18605.mid.gz 1408841525 False 1408841525
run18606.mid.gz 1403778416 False 1403778416
run18607.mid.gz 1403734432 False 1403734432
run18608.mid.gz 1403918276 False 1403918276
run18609.mid.gz 1409317692 False 1409317692
run18610.mid.gz 1404676739 False 1404676739
run18611.mid.gz 1404104141 False 1404104141
run18612.mid.gz 1431418403 False 1431418403
run18613.mid.gz 1420277152 False 1420277152
run18614.mid.gz 1420203869 False 1420203869
run18615.mid.gz 1437339838 False 1437339838
run18616.mid.gz 1409701184 False 1409701184
run18617.mid.gz 1437211580 False 1437211580
run18618.mid.gz 1431923200 False 1431923200
run18619.mid.gz 1431532636 False 1431532636
run18620.mid.gz 1403173051 False 1403173051
run18621.mid.gz 1437037883 False 1437037883
run18622.mid.gz 1432076563 False 1432076563
run18623.mid.gz 1415175349 False 1415175349
run18624.mid.gz 1403861343 False 1403861343
run18625.mid.gz 1408569004 False 1408569004
run18626.mid.gz 1403675941 False 1403675941
run18627.mid.gz 1431135480 False 1431135480
run18628.mid.gz 1431514064 False 1431514064
run18629.mid.gz 1421546654 False 1421546654
run18630.mid.gz 1414893160 False 1414893160
run18631.mid.gz 1414829015 False 1414829015
run18632.mid.gz 1427084928 False 1427084928
run18633.mid.gz 1403537089 False 1403537089
run18634.mid.gz 1414728571 False 1414728571
run18635.mid.gz 1409302205 False 1409302205
run18636.mid.gz 1403745348 False 1403745348
run18637.mid.gz 1404091918 False 1404091918
run18638.mid.gz 1404044209 False 1404044209
run18639.mid.gz 1420166020 False 1420166020
run18640.mid.gz 1420519897 False 1420519897
run18641.mid.gz 1415398768 False 1415398768
run18642.mid.gz 1404606088 False 1404606088
run18643.mid.gz 1437998842 False 1437998842
run18644.mid.gz 1427003604 False 1427003604
run18645.mid.gz 1438148280 False 1438148280
run18646.mid.gz 1416063846 False 1416063846
run18647.mid.gz 1403830885 False 1403830885
run18648.mid.gz 1409996709 False 1409996709
run18649.mid.gz 1404197786 False 1404197786
run18650.mid.gz 1438543305 False 1438543305
run18651.mid.gz 269018825 False 269018825
run18663.mid.gz 1088778349 False 1088778349
run18664.mid.gz 1338829629 False 1338829629
run18665.mid.gz 1349242623 False 1349242623
run18666.mid.gz 1333029623 False 1333029623
run18667.mid.gz 1343591274 False 1343591274
run18668.mid.gz 1348436961 False 1348436961
run18669.mid.gz 1332892023 False 1332892023
run18670.mid.gz 1342538550 False 1342538550
run18671.mid.gz 1347906697 False 1347906697
run18672.mid.gz 1331974782 False 1331974782
run18673.mid.gz 1359807462 False 1359807462
run18674.mid.gz 1353595009 False 1353595009
run18675.mid.gz 1348995249 False 1348995249
run18676.mid.gz 1349061145 False 1349061145
run18677.mid.gz 1353991246 False 1353991246
run18678.mid.gz 1337995113 False 1337995113
run18679.mid.gz 1359752493 False 1359752493
run18680.mid.gz 1349084469 False 1349084469
run18681.mid.gz 1332528314 False 1332528314
run18682.mid.gz 1337816304 False 1337816304
run18683.mid.gz 1349361682 False 1349361682
run18684.mid.gz 1359749960 False 1359749960
run18685.mid.gz 1343642107 False 1343642107
run18686.mid.gz 1353463441 False 1353463441
run18687.mid.gz 1348635713 False 1348635713
run18688.mid.gz 1358738783 False 1358738783
run18689.mid.gz 1348495202 False 1348495202
run18690.mid.gz 1353549569 False 1353549569
run18691.mid.gz 1348776466 False 1348776466
run18692.mid.gz 1354335673 False 1354335673
run18693.mid.gz 1359017321 False 1359017321
run18694.mid.gz 1342826381 False 1342826381
run18695.mid.gz 1348279879 False 1348279879
run18696.mid.gz 1358839033 False 1358839033
run18697.mid.gz 1337439293 False 1337439293
run18698.mid.gz 1348636327 False 1348636327
run18699.mid.gz 1343716175 False 1343716175
run18700.mid.gz 1358654065 False 1358654065
run18701.mid.gz 1337931024 False 1337931024
run18702.mid.gz 1353802822 False 1353802822
run18703.mid.gz 1359643738 False 1359643738
run18704.mid.gz 1332489159 False 1332489159
run18705.mid.gz 1333277500 False 1333277500
run18706.mid.gz 1337505320 False 1337505320
run18707.mid.gz 1353869604 False 1353869604
run18708.mid.gz 1358841390 False 1358841390
run18709.mid.gz 1336834811 False 1336834811
run18710.mid.gz 1358453646 False 1358453646
run18711.mid.gz 1342634212 False 1342634212
run18712.mid.gz 1337954252 False 1337954252
run18713.mid.gz 1354231840 False 1354231840
run18714.mid.gz 1342980967 False 1342980967
run18715.mid.gz 1359292853 False 1359292853
run18716.mid.gz 1337365056 False 1337365056
run18717.mid.gz 1358702042 False 1358702042
run18718.mid.gz 1342756282 False 1342756282
run18719.mid.gz 1347771556 False 1347771556
run18720.mid.gz 1359006722 False 1359006722
run18721.mid.gz 1348056047 False 1348056047
run18722.mid.gz 1358700563 False 1358700563
run18723.mid.gz 1348302668 False 1348302668
run18724.mid.gz 1332134107 False 1332134107
run18725.mid.gz 1342793215 False 1342793215
run18726.mid.gz 1353340590 False 1353340590
run18727.mid.gz 1337257129 False 1337257129
run18728.mid.gz 1365097337 False 1365097337
run18729.mid.gz 1338201780 False 1338201780
run18730.mid.gz 1358612802 False 1358612802
run18731.mid.gz 1348298061 False 1348298061
run18732.mid.gz 1359040715 False 1359040715
run18733.mid.gz 1332257185 False 1332257185
run18734.mid.gz 1332844930 False 1332844930
run18735.mid.gz 1359501904 False 1359501904
run18736.mid.gz 1337639379 False 1337639379
run18737.mid.gz 1337782251 False 1337782251
run18738.mid.gz 1332674595 False 1332674595
run18739.mid.gz 1348771751 False 1348771751
run18740.mid.gz 1358722640 False 1358722640
run18741.mid.gz 1331941250 False 1331941250
run18742.mid.gz 1354439624 False 1354439624
run18743.mid.gz 1358772835 False 1358772835
run18744.mid.gz 1358725177 False 1358725177
run18745.mid.gz 1352965436 False 1352965436
run18746.mid.gz 1353611399 False 1353611399
run18747.mid.gz 1358879893 False 1358879893
run18748.mid.gz 1353395329 False 1353395329
run18749.mid.gz 1343356766 False 1343356766
run18750.mid.gz 1358975724 False 1358975724
run18751.mid.gz 1353845916 False 1353845916
run18752.mid.gz 1359494718 False 1359494718
run18753.mid.gz 1343004924 False 1343004924
run18754.mid.gz 1348046762 False 1348046762
run18755.mid.gz 1353765600 False 1353765600
run18756.mid.gz 1343049949 False 1343049949
run18757.mid.gz 1337287934 False 1337287934
run18758.mid.gz 1332921820 False 1332921820
run18759.mid.gz 1348022493 False 1348022493
run18760.mid.gz 1353501953 False 1353501953
run18761.mid.gz 1364540778 False 1364540778
run18762.mid.gz 1354137626 False 1354137626
run18763.mid.gz 1359521936 False 1359521936
run18764.mid.gz 1354072385 False 1354072385
run18765.mid.gz 1347603889 False 1347603889
run18766.mid.gz 1353411261 False 1353411261
run18767.mid.gz 1343333223 False 1343333223
run18768.mid.gz 1337802129 False 1337802129
run18769.mid.gz 1358597344 False 1358597344
run18770.mid.gz 1348393676 False 1348393676
run18771.mid.gz 1333303477 False 1333303477
run18772.mid.gz 1359187849 False 1359187849
run18773.mid.gz 1344040191 False 1344040191
run18774.mid.gz 1354345645 False 1354345645
run18775.mid.gz 1349203784 False 1349203784
run18776.mid.gz 1358933931 False 1358933931
run18777.mid.gz 1354681178 False 1354681178
run18778.mid.gz 1343201884 False 1343201884
run18779.mid.gz 1343390009 False 1343390009
run18780.mid.gz 1359894135 False 1359894135
run18781.mid.gz 1344499460 False 1344499460
run18782.mid.gz 1354639343 False 1354639343
run18783.mid.gz 1343420960 False 1343420960
run18784.mid.gz 1344002455 False 1344002455
run18785.mid.gz 1332772037 False 1332772037
run18786.mid.gz 1344052265 False 1344052265
run18787.mid.gz 1339105395 False 1339105395
run18788.mid.gz 1354783303 False 1354783303
run18789.mid.gz 1333307337 False 1333307337
run18790.mid.gz 1348872109 False 1348872109
run18791.mid.gz 1355488546 False 1355488546
run18792.mid.gz 1344584772 False 1344584772
run18793.mid.gz 1338783474 False 1338783474
run18794.mid.gz 1355967804 False 1355967804
run18795.mid.gz 1333700636 False 1333700636
run18796.mid.gz 1359248027 False 1359248027
run18797.mid.gz 1354100680 False 1354100680
run18798.mid.gz 1359676956 False 1359676956
run18799.mid.gz 1349658051 False 1349658051
run18800.mid.gz 1358941879 False 1358941879
run18801.mid.gz 1343350118 False 1343350118
run18802.mid.gz 1338966350 False 1338966350
run18803.mid.gz 1338561149 False 1338561149
run18804.mid.gz 1345107874 False 1345107874
run18805.mid.gz 1334160994 False 1334160994
run18806.mid.gz 1355096453 False 1355096453
run18807.mid.gz 1359764762 False 1359764762
run18808.mid.gz 1344881055 False 1344881055
run18809.mid.gz 1333694005 False 1333694005
run18810.mid.gz 1353721414 False 1353721414
run18811.mid.gz 1349363768 False 1349363768
run18812.mid.gz 1338009946 False 1338009946
run18813.mid.gz 1338280597 False 1338280597
run18814.mid.gz 1338716040 False 1338716040
run18815.mid.gz 1333362973 False 1333362973
run18816.mid.gz 1338644474 False 1338644474
run18817.mid.gz 1342754812 False 1342754812
run18818.mid.gz 1354132636 False 1354132636
run18819.mid.gz 1359276467 False 1359276467
run18820.mid.gz 1354769564 False 1354769564
run18821.mid.gz 1349111236 False 1349111236
run18822.mid.gz 1339576304 False 1339576304
run18823.mid.gz 1354304888 False 1354304888
run18824.mid.gz 1349202774 False 1349202774
run18825.mid.gz 1355162725 False 1355162725
run18826.mid.gz 1359988740 False 1359988740
run18827.mid.gz 1365651917 False 1365651917
run18828.mid.gz 1343809103 False 1343809103
run18829.mid.gz 1339680983 False 1339680983
run18830.mid.gz 1338291264 False 1338291264
run18831.mid.gz 1335148099 False 1335148099
run18832.mid.gz 1333471203 False 1333471203
run18833.mid.gz 1348649835 False 1348649835
run18834.mid.gz 1343885337 False 1343885337
run18835.mid.gz 1348345327 False 1348345327
run18836.mid.gz 1348956527 False 1348956527
run18837.mid.gz 1359036427 False 1359036427
run18838.mid.gz 1337988496 False 1337988496
run18839.mid.gz 1337906053 False 1337906053
run18840.mid.gz 1338618016 False 1338618016
run18841.mid.gz 1354406739 False 1354406739
run18842.mid.gz 1349071530 False 1349071530
run18843.mid.gz 1344475237 False 1344475237
run18844.mid.gz 1332859010 False 1332859010
run18845.mid.gz 1343106838 False 1343106838
run18846.mid.gz 1332778308 False 1332778308
run18847.mid.gz 1344239974 False 1344239974
run18848.mid.gz 1349238732 False 1349238732
run18849.mid.gz 1332269258 False 1332269258
run18850.mid.gz 1342621255 False 1342621255
run18851.mid.gz 1358650828 False 1358650828
run18852.mid.gz 1411587425 False 1411587425
run18853.mid.gz 1402837192 False 1402837192
run18854.mid.gz 1344022297 False 1344022297
run18855.mid.gz 1343300835 False 1343300835
run18856.mid.gz 1340428060 False 1340428060
run18857.mid.gz 1338948963 False 1338948963
run18858.mid.gz 1333156625 False 1333156625
run18859.mid.gz 1354203031 False 1354203031
run18860.mid.gz 1336957300 False 1336957300
run18861.mid.gz 1332032817 False 1332032817
run18862.mid.gz 1337483933 False 1337483933
run18863.mid.gz 1353498160 False 1353498160
run18864.mid.gz 1336918018 False 1336918018
run18865.mid.gz 1342725544 False 1342725544
run18866.mid.gz 1337585488 False 1337585488
run18867.mid.gz 1353191865 False 1353191865
run18868.mid.gz 1343111635 False 1343111635
run18869.mid.gz 1352517956 False 1352517956
run18870.mid.gz 1331670242 False 1331670242
run18871.mid.gz 1359004321 False 1359004321
run18872.mid.gz 1332677328 False 1332677328
run18873.mid.gz 1362997842 False 1362997842
run18874.mid.gz 1337707930 False 1337707930
run18875.mid.gz 1337871024 False 1337871024
run18876.mid.gz 1343096974 False 1343096974
run18877.mid.gz 1332334330 False 1332334330
run18878.mid.gz 1364589440 False 1364589440
run18879.mid.gz 1337141879 False 1337141879
run18880.mid.gz 1337026824 False 1337026824
run18881.mid.gz 1332757237 False 1332757237
run18882.mid.gz 1359003047 False 1359003047
run18883.mid.gz 1337463834 False 1337463834
run18884.mid.gz 1358419256 False 1358419256
run18885.mid.gz 1358642787 False 1358642787
run18886.mid.gz 1338288895 False 1338288895
run18887.mid.gz 1347985822 False 1347985822
run18888.mid.gz 1343516912 False 1343516912
run18889.mid.gz 1349168082 False 1349168082
run18890.mid.gz 1359474327 False 1359474327
run18926.mid.gz 1403898001 False 1403898001
run18927.mid.gz 1403933586 False 1403933586
run18928.mid.gz 1403802782 False 1403802782
run18929.mid.gz 1403887266 False 1403887266
run18930.mid.gz 1404075321 False 1404075321
run18931.mid.gz 1403901128 False 1403901128
run18932.mid.gz 1403724911 False 1403724911
run18933.mid.gz 1407456549 False 1407456549
run18934.mid.gz 1403697374 False 1403697374
run18935.mid.gz 1417350714 False 1417350714
run18936.mid.gz 1403863383 False 1403863383
run18937.mid.gz 1407282609 False 1407282609
run18938.mid.gz 1403880750 False 1403880750
run18939.mid.gz 1407429264 False 1407429264
run18940.mid.gz 1404034248 False 1404034248
run18941.mid.gz 1407295568 False 1407295568
run18942.mid.gz 1403845969 False 1403845969
run18943.mid.gz 1407400055 False 1407400055
run18944.mid.gz 1403837134 False 1403837134
run18945.mid.gz 1407550740 False 1407550740
run18946.mid.gz 1403890233 False 1403890233
run18947.mid.gz 1404024752 False 1404024752
run18948.mid.gz 1407362123 False 1407362123
run18949.mid.gz 1403748403 False 1403748403
run18950.mid.gz 1407406374 False 1407406374
run18951.mid.gz 1403824606 False 1403824606
run18952.mid.gz 1407311052 False 1407311052
run18953.mid.gz 1403701452 False 1403701452
run18954.mid.gz 1407435864 False 1407435864
run18955.mid.gz 1403892036 False 1403892036
run18956.mid.gz 1407372787 False 1407372787
run18957.mid.gz 1404072794 False 1404072794
run18958.mid.gz 1407133480 False 1407133480
run18959.mid.gz 1403714990 False 1403714990
run18960.mid.gz 1407454976 False 1407454976
run18961.mid.gz 1407391683 False 1407391683
run18962.mid.gz 1404045798 False 1404045798
run18963.mid.gz 1403847992 False 1403847992
run18964.mid.gz 1407641329 False 1407641329
run18966.mid.gz 702075774 False 702075774
run18967.mid.gz 1410596596 False 1410596596
run18968.mid.gz 1413385025 False 1413385025
run18969.mid.gz 1412987381 False 1412987381
run18970.mid.gz 1412850699 False 1412850699
run18971.mid.gz 1413554851 False 1413554851
run18972.mid.gz 1413534531 False 1413534531
run18973.mid.gz 1413793543 False 1413793543
run18974.mid.gz 1413465094 False 1413465094
run18975.mid.gz 1417934572 False 1417934572
run18976.mid.gz 1414007521 False 1414007521
run18977.mid.gz 1414733306 False 1414733306
run18978.mid.gz 1414606615 False 1414606615
run18979.mid.gz 1419223221 False 1419223221
run18980.mid.gz 1415612431 False 1415612431
run18981.mid.gz 1415861676 False 1415861676
run18982.mid.gz 1415667636 False 1415667636
run18983.mid.gz 1426718192 False 1426718192
run18984.mid.gz 1417563120 False 1417563120
run18892.mid.gz 812885001 False 812885001
run18898.mid.gz 706570517 False 706570517
run18899.mid.gz 706566562 False 706566562
run18901.mid.gz 1403288187 False 1403288187
run18902.mid.gz 1410444109 False 1410444109
run18903.mid.gz 1410562930 False 1410562930
run18904.mid.gz 1410637634 False 1410637634
run18905.mid.gz 1410578249 False 1410578249
run18906.mid.gz 1404569719 False 1404569719
run18907.mid.gz 1411341031 False 1411341031
run18908.mid.gz 1428252387 False 1428252387
run18909.mid.gz 1411420640 False 1411420640
run18913.mid.gz 1415860259 False 1415860259
run18914.mid.gz 1412039622 False 1412039622
run18915.mid.gz 1412276574 False 1412276574
run18917.mid.gz 1420881373 False 1420881373
run18918.mid.gz 1413570897 False 1413570897
run18919.mid.gz 1413323923 False 1413323923
run18920.mid.gz 1413635653 False 1413635653
run18921.mid.gz 1422767414 False 1422767414
run18922.mid.gz 1414768576 False 1414768576
run18923.mid.gz 1419938970 False 1419938970
run18924.mid.gz 1415981220 False 1415981220
run18925.mid.gz 1411002633 False 1411002633
run18985.mid.gz 1417076122 False 1417076122
run18986.mid.gz 1417844514 False 1417844514
run18987.mid.gz 1405977594 False 1405977594
run18988.mid.gz 1420260631 False 1420260631
run18989.mid.gz 1406102043 False 1406102043
run18990.mid.gz 1420104214 False 1420104214
run18991.mid.gz 1405959740 False 1405959740
run18916.mid.gz 1412518346 False 1412518346
run18992.mid.gz 1406062495 False 1406062495
run18993.mid.gz 1406084581 False 1406084581
run18994.mid.gz 1405850017 False 1405850017
run18995.mid.gz 1405308581 False 1405308581
run18997.mid.gz 1405454596 False 1405454596
run18998.mid.gz 1423042695 False 1423042695
run18999.mid.gz 1405662321 False 1405662321
run19000.mid.gz 1406238944 False 1406238944
run19001.mid.gz 1405004078 False 1405004078
run19002.mid.gz 1404743158 False 1404743158
run19003.mid.gz 1404782173 False 1404782173
run19004.mid.gz 1405054518 False 1405054518
run18996.mid.gz 1422838929 False 1422838929
run19005.mid.gz 1408121153 False 1408121153
run19006.mid.gz 7244913 False 7244913
run19008.mid.gz 1405113101 False 1405113101
run19009.mid.gz 1405290395 False 1405290395
run19010.mid.gz 1422542985 False 1422542985
run19011.mid.gz 1422473916 False 1422473916
run19012.mid.gz 1405031082 False 1405031082
run19013.mid.gz 1422173840 False 1422173840
run19014.mid.gz 1404997734 False 1404997734
run19015.mid.gz 1422765347 False 1422765347
run19016.mid.gz 1405269577 False 1405269577
run19017.mid.gz 1422760615 False 1422760615
run19018.mid.gz 1405257396 False 1405257396
run19019.mid.gz 1422425891 False 1422425891
run19020.mid.gz 1422695989 False 1422695989
run19021.mid.gz 1405518948 False 1405518948
run19022.mid.gz 1423521531 False 1423521531
run19023.mid.gz 1405035781 False 1405035781
run19024.mid.gz 1423132028 False 1423132028
run19025.mid.gz 1405811610 False 1405811610
run19026.mid.gz 1423270061 False 1423270061
run19027.mid.gz 1405532077 False 1405532077
run19028.mid.gz 1423581945 False 1423581945
run19029.mid.gz 1405702470 False 1405702470
run19030.mid.gz 1423586689 False 1423586689
run19031.mid.gz 1405078007 False 1405078007
run19032.mid.gz 1423411383 False 1423411383
run19033.mid.gz 1423376839 False 1423376839
run19034.mid.gz 1413726054 False 1413726054
run19035.mid.gz 1422318205 False 1422318205
run19036.mid.gz 1404484344 False 1404484344
run19037.mid.gz 1422121923 False 1422121923
run19038.mid.gz 1404569041 False 1404569041
run19039.mid.gz 1421975792 False 1421975792
run19040.mid.gz 1404377308 False 1404377308
run19041.mid.gz 1422236614 False 1422236614
run19042.mid.gz 1404376847 False 1404376847
run19043.mid.gz 1404573981 False 1404573981
run19044.mid.gz 1421843726 False 1421843726
run19045.mid.gz 1404543507 False 1404543507
run19046.mid.gz 1404553370 False 1404553370
run19047.mid.gz 1404356759 False 1404356759
run19048.mid.gz 1421922177 False 1421922177
run19049.mid.gz 1404328658 False 1404328658
run19050.mid.gz 1422192033 False 1422192033
run19051.mid.gz 1404602586 False 1404602586
run19052.mid.gz 1421767479 False 1421767479
run19053.mid.gz 1421926218 False 1421926218
run19054.mid.gz 1404608730 False 1404608730
run19055.mid.gz 1422155922 False 1422155922
run19056.mid.gz 1408074263 False 1408074263
run19057.mid.gz 1404428684 False 1404428684
run19058.mid.gz 1404493303 False 1404493303
run19059.mid.gz 1404439860 False 1404439860
run19060.mid.gz 1404678922 False 1404678922
run19061.mid.gz 1404514712 False 1404514712
run19062.mid.gz 1404341322 False 1404341322
run19063.mid.gz 1404401874 False 1404401874
run19064.mid.gz 1404579882 False 1404579882
run19065.mid.gz 1404572179 False 1404572179
run19066.mid.gz 1404529595 False 1404529595
run19067.mid.gz 1404720015 False 1404720015
run19068.mid.gz 1408182418 False 1408182418
run19069.mid.gz 1404743393 False 1404743393
run19070.mid.gz 1408104246 False 1408104246
run19071.mid.gz 1404793252 False 1404793252
run19072.mid.gz 1405212323 False 1405212323
run19073.mid.gz 1404941290 False 1404941290
run19074.mid.gz 1412089309 False 1412089309
run19075.mid.gz 1419033983 False 1419033983
run19076.mid.gz 1405233568 False 1405233568
run19077.mid.gz 1422765845 False 1422765845
run19078.mid.gz 1405322914 False 1405322914
run19079.mid.gz 1422787723 False 1422787723
run19080.mid.gz 1405355087 False 1405355087
run19081.mid.gz 1423008236 False 1423008236
run19082.mid.gz 1405572280 False 1405572280
run19083.mid.gz 1423214809 False 1423214809
run19084.mid.gz 1405603986 False 1405603986
run19085.mid.gz 1405643576 False 1405643576
run19086.mid.gz 1423117179 False 1423117179
run19087.mid.gz 1405377221 False 1405377221
run19088.mid.gz 1422964304 False 1422964304
run19089.mid.gz 1408443056 False 1408443056
run19090.mid.gz 1405703866 False 1405703866
run19091.mid.gz 1423150408 False 1423150408
run19092.mid.gz 1405235299 False 1405235299
run19093.mid.gz 1422908245 False 1422908245
run19094.mid.gz 1405509575 False 1405509575
run19095.mid.gz 1422514812 False 1422514812
run19096.mid.gz 1404668557 False 1404668557
run19097.mid.gz 1424319216 False 1424319216
run19098.mid.gz 1405492788 False 1405492788
run19099.mid.gz 1421906927 False 1421906927
run19100.mid.gz 1404160212 False 1404160212
run19101.mid.gz 1404439191 False 1404439191
run19102.mid.gz 1404047263 False 1404047263
run19103.mid.gz 1404394319 False 1404394319
run19104.mid.gz 1407575344 False 1407575344
run19105.mid.gz 1404326323 False 1404326323
run19106.mid.gz 1407794016 False 1407794016
run19107.mid.gz 1404479375 False 1404479375
run19108.mid.gz 1404306934 False 1404306934
run19109.mid.gz 1404392292 False 1404392292
run19110.mid.gz 1404471683 False 1404471683
run19111.mid.gz 1404302887 False 1404302887
run19112.mid.gz 1408076784 False 1408076784
run19113.mid.gz 1404585506 False 1404585506
run19114.mid.gz 1404424633 False 1404424633
run19115.mid.gz 1404656812 False 1404656812
run19116.mid.gz 1404440362 False 1404440362
run19117.mid.gz 1408068076 False 1408068076
run19118.mid.gz 1404385137 False 1404385137
run19119.mid.gz 1404577846 False 1404577846
run19120.mid.gz 1404454399 False 1404454399
run19121.mid.gz 1404403719 False 1404403719
run19122.mid.gz 1404564950 False 1404564950
run19123.mid.gz 1404383460 False 1404383460
run19124.mid.gz 1404254950 False 1404254950
run19125.mid.gz 1404512570 False 1404512570
run19126.mid.gz 1404408976 False 1404408976
run19127.mid.gz 1404464935 False 1404464935
run19128.mid.gz 1404420699 False 1404420699
run19129.mid.gz 1404610188 False 1404610188
run19130.mid.gz 1404520605 False 1404520605
run19131.mid.gz 1404355244 False 1404355244
run19132.mid.gz 1404581594 False 1404581594
run19133.mid.gz 1404525382 False 1404525382
run19134.mid.gz 1404286449 False 1404286449
run19135.mid.gz 1404988283 False 1404988283
run19136.mid.gz 1404800320 False 1404800320
run19137.mid.gz 1405113669 False 1405113669
run19138.mid.gz 1404922271 False 1404922271
run19139.mid.gz 1422466484 False 1422466484
run19140.mid.gz 1404897355 False 1404897355
run19141.mid.gz 1422628186 False 1422628186
run19142.mid.gz 1405255955 False 1405255955
run19143.mid.gz 1422665502 False 1422665502
run19144.mid.gz 1422699804 False 1422699804
run19145.mid.gz 1408895143 False 1408895143
run19146.mid.gz 1405245775 False 1405245775
run19147.mid.gz 1405113781 False 1405113781
run19148.mid.gz 1405052764 False 1405052764
run19149.mid.gz 1405148182 False 1405148182
run19150.mid.gz 1405134543 False 1405134543
run19151.mid.gz 1405374137 False 1405374137
run19152.mid.gz 1405112770 False 1405112770
run19153.mid.gz 1405085459 False 1405085459
run19154.mid.gz 1405210975 False 1405210975
run19155.mid.gz 1405126886 False 1405126886
run19156.mid.gz 1405416573 False 1405416573
run19157.mid.gz 1405565867 False 1405565867
run19158.mid.gz 1408870728 False 1408870728
run19159.mid.gz 1413104240 False 1413104240
run19160.mid.gz 1405352824 False 1405352824
run19161.mid.gz 1404595455 False 1404595455
run19162.mid.gz 1404210702 False 1404210702
run19163.mid.gz 1403829035 False 1403829035
run19164.mid.gz 1404213114 False 1404213114
run19165.mid.gz 1404099051 False 1404099051
run19166.mid.gz 1404075463 False 1404075463
run19167.mid.gz 1404145265 False 1404145265
run19168.mid.gz 1404037323 False 1404037323
run19169.mid.gz 1404178668 False 1404178668
run19170.mid.gz 1404166393 False 1404166393
run19171.mid.gz 1404250466 False 1404250466
run19172.mid.gz 1404155717 False 1404155717
run19173.mid.gz 1404379878 False 1404379878
run19174.mid.gz 1404375663 False 1404375663
run19175.mid.gz 1404156307 False 1404156307
run19176.mid.gz 1407629787 False 1407629787
run19177.mid.gz 1407839682 False 1407839682
run19178.mid.gz 1404559446 False 1404559446
run19179.mid.gz 1404004110 False 1404004110
run19180.mid.gz 1404044888 False 1404044888
run19181.mid.gz 1404202612 False 1404202612
run19182.mid.gz 1404172485 False 1404172485
run19183.mid.gz 1404147955 False 1404147955
run19184.mid.gz 1404201739 False 1404201739
run19185.mid.gz 1404275009 False 1404275009
run19186.mid.gz 1404190302 False 1404190302
run19187.mid.gz 1404114614 False 1404114614
run19188.mid.gz 1403821936 False 1403821936
run19189.mid.gz 1403996405 False 1403996405
run19190.mid.gz 1403968348 False 1403968348
run19191.mid.gz 1404140700 False 1404140700
run19192.mid.gz 1404426578 False 1404426578
run19193.mid.gz 1404167599 False 1404167599
run19194.mid.gz 1404180059 False 1404180059
run19195.mid.gz 1404275315 False 1404275315
run19196.mid.gz 1404543369 False 1404543369
run19197.mid.gz 1404629905 False 1404629905
run19198.mid.gz 1404579483 False 1404579483
run19199.mid.gz 1404442329 False 1404442329
run19200.mid.gz 1404843287 False 1404843287
run19201.mid.gz 1404609674 False 1404609674
run19202.mid.gz 1422329232 False 1422329232
run19203.mid.gz 1405144539 False 1405144539
run19204.mid.gz 1422571610 False 1422571610
run19205.mid.gz 1404886958 False 1404886958
run19206.mid.gz 1422572301 False 1422572301
run19207.mid.gz 1422511136 False 1422511136
run19208.mid.gz 1404650125 False 1404650125
run19209.mid.gz 1422399871 False 1422399871
run19210.mid.gz 1422381681 False 1422381681
run19211.mid.gz 1405081226 False 1405081226
run19212.mid.gz 1422216471 False 1422216471
run19213.mid.gz 1405376559 False 1405376559
run19214.mid.gz 1422570713 False 1422570713
run19215.mid.gz 1405126235 False 1405126235
run19216.mid.gz 1421916657 False 1421916657
run19217.mid.gz 1404397596 False 1404397596
run19218.mid.gz 1421670571 False 1421670571
run19219.mid.gz 1403951512 False 1403951512
run19220.mid.gz 1421394694 False 1421394694
run19221.mid.gz 1403796952 False 1403796952
run19222.mid.gz 1421391847 False 1421391847
run19223.mid.gz 1403891884 False 1403891884
run19224.mid.gz 1421204759 False 1421204759
run19225.mid.gz 1403920289 False 1403920289
run19226.mid.gz 1421435574 False 1421435574
run19227.mid.gz 1404018988 False 1404018988
run19228.mid.gz 1421357135 False 1421357135
run19229.mid.gz 1403923488 False 1403923488
run19230.mid.gz 1421417357 False 1421417357
run19231.mid.gz 1403766812 False 1403766812
run19232.mid.gz 1421292781 False 1421292781
run19233.mid.gz 1404106390 False 1404106390
run19234.mid.gz 1421300733 False 1421300733
run19235.mid.gz 1403948439 False 1403948439
run19236.mid.gz 1421540993 False 1421540993
run19237.mid.gz 1421336760 False 1421336760
run19238.mid.gz 1403778442 False 1403778442
run19239.mid.gz 1421514140 False 1421514140
run19240.mid.gz 1403799317 False 1403799317
run19241.mid.gz 1421298910 False 1421298910
run19242.mid.gz 1404006168 False 1404006168
run19243.mid.gz 1421314897 False 1421314897
run19244.mid.gz 1421431978 False 1421431978
run19245.mid.gz 1403958915 False 1403958915
run19246.mid.gz 1421432412 False 1421432412
run19247.mid.gz 1421309786 False 1421309786
run19248.mid.gz 1403982615 False 1403982615
run19249.mid.gz 1421515616 False 1421515616
run19250.mid.gz 1404015130 False 1404015130
run19251.mid.gz 1421431919 False 1421431919
run19252.mid.gz 1404038718 False 1404038718
run19253.mid.gz 1421531379 False 1421531379
run19254.mid.gz 1403840768 False 1403840768
run19255.mid.gz 1421626842 False 1421626842
run19256.mid.gz 1404172253 False 1404172253
run19257.mid.gz 1421687006 False 1421687006
run19258.mid.gz 1404187263 False 1404187263
run19259.mid.gz 1421718280 False 1421718280
run19260.mid.gz 1421740984 False 1421740984
run19261.mid.gz 1421933735 False 1421933735
run19262.mid.gz 1404354687 False 1404354687
run19272.mid.gz 724044384 False 724044384
run19273.mid.gz 893934734 False 893934734
run19274.mid.gz 896845478 False 896845478
run19275.mid.gz 886648833 False 886648833
run19276.mid.gz 886227087 False 886227087
run19277.mid.gz 893752228 False 893752228
run19278.mid.gz 897109507 False 897109507
run19279.mid.gz 886408610 False 886408610
run19280.mid.gz 886538606 False 886538606
run19281.mid.gz 885684857 False 885684857
run19282.mid.gz 807783408 False 807783408
run19283.mid.gz 717033118 False 717033118
run19287.mid.gz 716823600 False 716823600
run19290.mid.gz 727460039 False 727460039
run19292.mid.gz 1417139070 False 1417139070
run19293.mid.gz 1412759162 False 1412759162
run19294.mid.gz 1412200622 False 1412200622
run19295.mid.gz 1412044370 False 1412044370
run19296.mid.gz 1412104397 False 1412104397
run19297.mid.gz 1412048785 False 1412048785
run19298.mid.gz 1413128414 False 1413128414
run19299.mid.gz 1412118630 False 1412118630
run19300.mid.gz 1412136953 False 1412136953
run19301.mid.gz 1411520428 False 1411520428
run19302.mid.gz 1411494474 False 1411494474
run19303.mid.gz 1411806709 False 1411806709
run19304.mid.gz 1411440065 False 1411440065
run19305.mid.gz 1411458893 False 1411458893
run19306.mid.gz 1411743240 False 1411743240
run19307.mid.gz 1411665852 False 1411665852
run19308.mid.gz 1411593686 False 1411593686
run19309.mid.gz 1411694228 False 1411694228
run19310.mid.gz 1411537183 False 1411537183
run19311.mid.gz 1411503441 False 1411503441
run19312.mid.gz 1411748533 False 1411748533
run19313.mid.gz 1411791817 False 1411791817
run19314.mid.gz 1411248406 False 1411248406
run19315.mid.gz 1411867647 False 1411867647
run19316.mid.gz 1411581187 False 1411581187
run19317.mid.gz 1411530938 False 1411530938
run19318.mid.gz 1411482888 False 1411482888
run19319.mid.gz 1411512970 False 1411512970
run19320.mid.gz 1411390914 False 1411390914
run19321.mid.gz 1411565576 False 1411565576
run19322.mid.gz 1411535799 False 1411535799
run19323.mid.gz 1411760114 False 1411760114
run19324.mid.gz 1411852043 False 1411852043
run19325.mid.gz 1412044411 False 1412044411
run19326.mid.gz 1411582037 False 1411582037
run19327.mid.gz 1412296285 False 1412296285
run19328.mid.gz 1411499673 False 1411499673
run19329.mid.gz 715472962 False 715472962
run19331.mid.gz 25291193 False 25291193
run19330.mid.gz 910074011 False 910074011
run19332.mid.gz 905809580 False 905809580
run19333.mid.gz 904828787 False 904828787
run19334.mid.gz 911335073 False 911335073
run19335.mid.gz 910815262 False 910815262
run19336.mid.gz 906834008 False 906834008
run19337.mid.gz 904100489 False 904100489
run19338.mid.gz 903511029 False 903511029
run19339.mid.gz 910376009 False 910376009
run19341.mid.gz 723232310 False 723232310
run19342.mid.gz 907390286 False 907390286
run19343.mid.gz 914514250 False 914514250
run19344.mid.gz 903710277 False 903710277
run19345.mid.gz 906666115 False 906666115
run19347.mid.gz 715751721 False 715751721
run19350.mid.gz 910401474 False 910401474
run19351.mid.gz 906943132 False 906943132
run19352.mid.gz 903280328 False 903280328
run19353.mid.gz 907291087 False 907291087
run19354.mid.gz 906899737 False 906899737
run19355.mid.gz 907200840 False 907200840
run19356.mid.gz 903189108 False 903189108
run19357.mid.gz 902682620 False 902682620
run19358.mid.gz 903701225 False 903701225
run19359.mid.gz 903655696 False 903655696
run19360.mid.gz 907199849 False 907199849
run19361.mid.gz 907538928 False 907538928
run19362.mid.gz 911194558 False 911194558
run19363.mid.gz 911585097 False 911585097
run19364.mid.gz 907466173 False 907466173
run19365.mid.gz 903942761 False 903942761
run19366.mid.gz 903743389 False 903743389
run19367.mid.gz 907627822 False 907627822
run19368.mid.gz 910471405 False 910471405
run19369.mid.gz 914023408 False 914023408
run19370.mid.gz 910704892 False 910704892
run19371.mid.gz 910880994 False 910880994
run19372.mid.gz 903493515 False 903493515
run19373.mid.gz 907055564 False 907055564
run19374.mid.gz 907233315 False 907233315
run19375.mid.gz 911351764 False 911351764
run19376.mid.gz 906564343 False 906564343
run19377.mid.gz 907349872 False 907349872
run19378.mid.gz 733623635 False 733623635
run19379.mid.gz 717014079 False 717014079
run19380.mid.gz 150577328 False 150577328
run19381.mid.gz 1429289010 False 1429289010
run19382.mid.gz 1423934258 False 1423934258
run19383.mid.gz 1434924844 False 1434924844
run19384.mid.gz 1424265701 False 1424265701
run19385.mid.gz 1420685080 False 1420685080
run19386.mid.gz 1423569166 False 1423569166
run19387.mid.gz 1434449732 False 1434449732
run19388.mid.gz 1424552640 False 1424552640
run19389.mid.gz 1420617515 False 1420617515
run19390.mid.gz 1427425707 False 1427425707
run19391.mid.gz 1427480980 False 1427480980
run19392.mid.gz 1430949524 False 1430949524
run19393.mid.gz 1423793324 False 1423793324
run19394.mid.gz 1419904828 False 1419904828
run19395.mid.gz 1423932842 False 1423932842
run19396.mid.gz 1426782270 False 1426782270
run19397.mid.gz 1427280232 False 1427280232
run19398.mid.gz 1420486895 False 1420486895
run19399.mid.gz 1423805528 False 1423805528
run19400.mid.gz 1430961713 False 1430961713
run19401.mid.gz 1420490131 False 1420490131
run19402.mid.gz 1423857712 False 1423857712
run19403.mid.gz 1419775637 False 1419775637
run19404.mid.gz 1423765332 False 1423765332
run19405.mid.gz 1423745796 False 1423745796
run19406.mid.gz 1427594461 False 1427594461
run19407.mid.gz 1419694664 False 1419694664
run19408.mid.gz 1426807690 False 1426807690
run19409.mid.gz 1427100757 False 1427100757
run19410.mid.gz 1427119464 False 1427119464
run19411.mid.gz 1423474968 False 1423474968
run19412.mid.gz 1430987000 False 1430987000
run19413.mid.gz 1422619613 False 1422619613
run19414.mid.gz 1427096020 False 1427096020
run19415.mid.gz 1420197621 False 1420197621
run19416.mid.gz 1420757798 False 1420757798
run19417.mid.gz 1427246158 False 1427246158
run19418.mid.gz 1430772681 False 1430772681
run19419.mid.gz 2109532250 False 2109532250
run19420.mid.gz 2130458856 False 2130458856
run19421.mid.gz 2140847580 False 2140847580
run19422.mid.gz 2115034550 False 2115034550
run19423.mid.gz 1610681502 False 1610681502
run19424.mid.gz 2181604777 False 2181604777
run19425.mid.gz 2298647140 False 2298647140
run19426.mid.gz 2566209447 False 2566209447
run19428.mid.gz 707157148 False 707157148
run19429.mid.gz 1420936737 False 1420936737
run19430.mid.gz 1420650860 False 1420650860
run19431.mid.gz 1425170080 False 1425170080
run19432.mid.gz 1427623645 False 1427623645
run19433.mid.gz 1420876202 False 1420876202
run19434.mid.gz 1424186112 False 1424186112
run19435.mid.gz 1427829590 False 1427829590
run19436.mid.gz 1424629253 False 1424629253
run19437.mid.gz 1424726401 False 1424726401
run19438.mid.gz 1420619998 False 1420619998
run19439.mid.gz 1420671628 False 1420671628
run19440.mid.gz 1420468866 False 1420468866
run19441.mid.gz 1420894506 False 1420894506
run19442.mid.gz 1423568066 False 1423568066
run19443.mid.gz 1420683906 False 1420683906
run19444.mid.gz 1424408394 False 1424408394
run19445.mid.gz 1427856332 False 1427856332
run19446.mid.gz 1421433906 False 1421433906
run19447.mid.gz 1423932246 False 1423932246
run19448.mid.gz 1420381759 False 1420381759
run19449.mid.gz 1424467983 False 1424467983
run19450.mid.gz 1424612011 False 1424612011
run19451.mid.gz 1423871413 False 1423871413
run19452.mid.gz 319320857 False 319320857
run19455.mid.gz 703046087 False 703046087
run19456.mid.gz 1428253269 False 1428253269
run19457.mid.gz 1420380337 False 1420380337
run19458.mid.gz 1420357306 False 1420357306
run19459.mid.gz 1419979477 False 1419979477
run19460.mid.gz 1423855460 False 1423855460
run19461.mid.gz 1420176696 False 1420176696
run19462.mid.gz 1420454095 False 1420454095
run19463.mid.gz 1420366991 False 1420366991
run19464.mid.gz 1420202599 False 1420202599
run19465.mid.gz 1428184978 False 1428184978
run19466.mid.gz 1424124992 False 1424124992
run19467.mid.gz 1419947846 False 1419947846
run19468.mid.gz 1424118877 False 1424118877
run19469.mid.gz 1420147968 False 1420147968
run19470.mid.gz 1420378099 False 1420378099
run19471.mid.gz 1424109887 False 1424109887
run19472.mid.gz 1423634702 False 1423634702
run19473.mid.gz 1430811919 False 1430811919
run19474.mid.gz 1420402189 False 1420402189
run19475.mid.gz 1419953073 False 1419953073
run19476.mid.gz 1424030268 False 1424030268
run19477.mid.gz 1424605953 False 1424605953
run19478.mid.gz 1424417239 False 1424417239
run19479.mid.gz 1420367917 False 1420367917
run19480.mid.gz 1423627552 False 1423627552
run19481.mid.gz 1424234491 False 1424234491
run19482.mid.gz 1420573269 False 1420573269
run19483.mid.gz 1420693977 False 1420693977
run19484.mid.gz 1420186077 False 1420186077
run19485.mid.gz 1423656316 False 1423656316
run19486.mid.gz 1423891970 False 1423891970
run19487.mid.gz 1420731604 False 1420731604
run19488.mid.gz 1426964285 False 1426964285
run19489.mid.gz 1438633577 False 1438633577
run19490.mid.gz 1424107883 False 1424107883
run19491.mid.gz 1420429842 False 1420429842
run19492.mid.gz 1427874250 False 1427874250
run19493.mid.gz 1420094285 False 1420094285
run19494.mid.gz 1420320501 False 1420320501
run19495.mid.gz 1420445714 False 1420445714
run19496.mid.gz 1420498932 False 1420498932
run19497.mid.gz 1428127000 False 1428127000
run19498.mid.gz 713897546 False 713897546
run19499.mid.gz 706942144 False 706942144
run19500.mid.gz 1420785047 False 1420785047
run19501.mid.gz 1424157218 False 1424157218
run19502.mid.gz 1428015439 False 1428015439
run19503.mid.gz 1424662139 False 1424662139
run19504.mid.gz 1093828242 False 1093828242
run19505.mid.gz 1420643175 False 1420643175
run19506.mid.gz 1420389039 False 1420389039
run19507.mid.gz 1420093250 False 1420093250
run19508.mid.gz 1424621446 False 1424621446
run19509.mid.gz 1427875272 False 1427875272
run19510.mid.gz 1420505142 False 1420505142
run19511.mid.gz 1431188877 False 1431188877
run19512.mid.gz 1423822663 False 1423822663
run18891.mid.gz 1331922603 False 1331922603
run19007.mid.gz 1405314791 False 1405314791
run19513.mid.gz 1419925660 False 1419925660
run19514.mid.gz 1424522719 False 1424522719
run19515.mid.gz 1423952452 False 1423952452
run19516.mid.gz 1424381246 False 1424381246
run19517.mid.gz 1424671018 False 1424671018
run19518.mid.gz 1423867172 False 1423867172
run19519.mid.gz 1438393096 False 1438393096
run19520.mid.gz 1420068415 False 1420068415
run19521.mid.gz 1423787866 False 1423787866
run19522.mid.gz 1420444396 False 1420444396
run19523.mid.gz 1420342745 False 1420342745
run19524.mid.gz 1420697703 False 1420697703
run19525.mid.gz 1427419738 False 1427419738
run19526.mid.gz 1420803453 False 1420803453
run19527.mid.gz 1420107859 False 1420107859
run19528.mid.gz 1427336758 False 1427336758
run19529.mid.gz 1424442190 False 1424442190
run19530.mid.gz 1427435895 False 1427435895
run19531.mid.gz 1423905748 False 1423905748
run19532.mid.gz 1423814412 False 1423814412
run19533.mid.gz 1419722395 False 1419722395
run19534.mid.gz 1421146426 False 1421146426
run19535.mid.gz 1425094843 False 1425094843
run19536.mid.gz 1419750954 False 1419750954
run19537.mid.gz 1423286825 False 1423286825
run19538.mid.gz 1423359631 False 1423359631
run19539.mid.gz 1420778971 False 1420778971
run19540.mid.gz 1427407650 False 1427407650
run19541.mid.gz 1424002119 False 1424002119
run19542.mid.gz 1419544199 False 1419544199
run19543.mid.gz 1419945065 False 1419945065
run19544.mid.gz 1420292893 False 1420292893
run19545.mid.gz 1420235785 False 1420235785
run19546.mid.gz 1427395432 False 1427395432
run19547.mid.gz 1420669505 False 1420669505
run19548.mid.gz 1420040643 False 1420040643
run19549.mid.gz 1424934033 False 1424934033
run19550.mid.gz 1420138296 False 1420138296
run19551.mid.gz 1420563464 False 1420563464
run19552.mid.gz 1424069428 False 1424069428
run19553.mid.gz 1421175695 False 1421175695
run19554.mid.gz 1420966557 False 1420966557
run19555.mid.gz 1420583151 False 1420583151
run19556.mid.gz 1420779203 False 1420779203
run19557.mid.gz 1423922906 False 1423922906
run19558.mid.gz 1424148068 False 1424148068
run19559.mid.gz 1420290044 False 1420290044
run19560.mid.gz 1420256891 False 1420256891
run19561.mid.gz 1434639765 False 1434639765
run19562.mid.gz 1419835363 False 1419835363
run19563.mid.gz 1427474300 False 1427474300
run19564.mid.gz 1431011334 False 1431011334
run19565.mid.gz 1420758381 False 1420758381
run19566.mid.gz 1420732050 False 1420732050
run19567.mid.gz 1420379269 False 1420379269
run19568.mid.gz 1419959318 False 1419959318
run19569.mid.gz 1423564141 False 1423564141
run19570.mid.gz 1423601496 False 1423601496
run19571.mid.gz 1419452367 False 1419452367
run19572.mid.gz 1419785463 False 1419785463
run19573.mid.gz 1424017668 False 1424017668
run19574.mid.gz 1424591872 False 1424591872
run19575.mid.gz 1421538936 False 1421538936
run19576.mid.gz 1424331976 False 1424331976
run19577.mid.gz 1424086588 False 1424086588
run19578.mid.gz 1423367467 False 1423367467
run19579.mid.gz 1420193883 False 1420193883
run19580.mid.gz 1420347152 False 1420347152
run19581.mid.gz 1427486984 False 1427486984
run19582.mid.gz 1423557703 False 1423557703
run19583.mid.gz 1420711415 False 1420711415
run19584.mid.gz 1420234027 False 1420234027
run19585.mid.gz 1423691164 False 1423691164
run19586.mid.gz 1420570128 False 1420570128
run19587.mid.gz 1420298296 False 1420298296
run19588.mid.gz 1430858994 False 1430858994
run19589.mid.gz 1423191145 False 1423191145
run19590.mid.gz 1431178368 False 1431178368
run19591.mid.gz 1427895843 False 1427895843
run19592.mid.gz 1419847012 False 1419847012
run19593.mid.gz 1420051190 False 1420051190
run19594.mid.gz 1427848313 False 1427848313
run19595.mid.gz 1424258274 False 1424258274
run19596.mid.gz 1420521061 False 1420521061
run19597.mid.gz 1421050916 False 1421050916
run19598.mid.gz 1427368187 False 1427368187
run19599.mid.gz 1424074094 False 1424074094
run19600.mid.gz 1420312540 False 1420312540
run19601.mid.gz 1427815425 False 1427815425
run19602.mid.gz 1426903743 False 1426903743
run19603.mid.gz 1419977512 False 1419977512
run19604.mid.gz 1420027498 False 1420027498
run19605.mid.gz 1420592902 False 1420592902
run19606.mid.gz 1424014549 False 1424014549
run19607.mid.gz 1420291226 False 1420291226
run19608.mid.gz 1423426634 False 1423426634
run19609.mid.gz 1420774533 False 1420774533
run19610.mid.gz 1419903309 False 1419903309
run19611.mid.gz 1424003885 False 1424003885
run19612.mid.gz 1419949978 False 1419949978
run19613.mid.gz 1431928465 False 1431928465
run19614.mid.gz 1427628108 False 1427628108
run19615.mid.gz 1420209790 False 1420209790
run19616.mid.gz 1420317589 False 1420317589
run19617.mid.gz 1420613575 False 1420613575
run19618.mid.gz 1420389451 False 1420389451
run19619.mid.gz 1420206857 False 1420206857
run19620.mid.gz 1420217425 False 1420217425
run19621.mid.gz 1420469453 False 1420469453
run19622.mid.gz 1420916659 False 1420916659
run19623.mid.gz 1420835021 False 1420835021
run19624.mid.gz 1420257345 False 1420257345
run19625.mid.gz 1428194929 False 1428194929
run19626.mid.gz 1423799438 False 1423799438
run19627.mid.gz 1424419064 False 1424419064
run19628.mid.gz 1420499981 False 1420499981
run19629.mid.gz 1424143067 False 1424143067
run19630.mid.gz 1424251741 False 1424251741
run19631.mid.gz 1423772767 False 1423772767
run19632.mid.gz 1420413147 False 1420413147
run19633.mid.gz 1420238637 False 1420238637
run19634.mid.gz 1420109739 False 1420109739
run19635.mid.gz 1424004237 False 1424004237
run19636.mid.gz 1421021863 False 1421021863
run19637.mid.gz 1420195272 False 1420195272
run19638.mid.gz 1420261297 False 1420261297
run19639.mid.gz 1419899155 False 1419899155
run19640.mid.gz 1423726565 False 1423726565
run19641.mid.gz 1424194195 False 1424194195
run19642.mid.gz 1420344639 False 1420344639
run19643.mid.gz 1420160627 False 1420160627
run19644.mid.gz 1423958503 False 1423958503
run19645.mid.gz 1430900276 False 1430900276
run19646.mid.gz 1423598099 False 1423598099
run19647.mid.gz 1420933335 False 1420933335
run19648.mid.gz 1424537663 False 1424537663
run19649.mid.gz 1423923145 False 1423923145
run19650.mid.gz 1423280148 False 1423280148
run19651.mid.gz 1430673893 False 1430673893
run19652.mid.gz 1419733415 False 1419733415
run19653.mid.gz 1427103782 False 1427103782
run19654.mid.gz 1420083168 False 1420083168
run19655.mid.gz 1420610819 False 1420610819
run19656.mid.gz 1420396842 False 1420396842
run19657.mid.gz 1419391400 False 1419391400
run19658.mid.gz 1423913191 False 1423913191
run19659.mid.gz 1420138339 False 1420138339
run19660.mid.gz 1419714705 False 1419714705
run19661.mid.gz 1430673981 False 1430673981
run19662.mid.gz 1419969579 False 1419969579
run19663.mid.gz 1420388445 False 1420388445
run19664.mid.gz 1419717550 False 1419717550
run19665.mid.gz 1427320710 False 1427320710
run19666.mid.gz 1419643062 False 1419643062
run19667.mid.gz 1420632346 False 1420632346
run19668.mid.gz 1427249812 False 1427249812
run19669.mid.gz 1424195301 False 1424195301
run19670.mid.gz 1420031693 False 1420031693
run19671.mid.gz 1419625662 False 1419625662
run19672.mid.gz 1420342252 False 1420342252
run19673.mid.gz 1420069296 False 1420069296
run19674.mid.gz 1423632911 False 1423632911
run19675.mid.gz 1423174948 False 1423174948
run19676.mid.gz 1419660372 False 1419660372
run19677.mid.gz 1419797219 False 1419797219
run19678.mid.gz 1423826977 False 1423826977
run19679.mid.gz 1420098298 False 1420098298
run19680.mid.gz 1420321300 False 1420321300
run19681.mid.gz 1419967534 False 1419967534
run19682.mid.gz 1420521461 False 1420521461
run19683.mid.gz 1420684931 False 1420684931
run19684.mid.gz 1419896976 False 1419896976
run19685.mid.gz 1423728702 False 1423728702
run19686.mid.gz 1420266212 False 1420266212
run19687.mid.gz 1421073096 False 1421073096
run19688.mid.gz 1427494421 False 1427494421
run19689.mid.gz 1427788128 False 1427788128
run19690.mid.gz 1423976334 False 1423976334
run19691.mid.gz 1420563430 False 1420563430
run19692.mid.gz 1427675263 False 1427675263
run19693.mid.gz 1420882468 False 1420882468
run19694.mid.gz 1420586596 False 1420586596
run19695.mid.gz 1424282529 False 1424282529
run19696.mid.gz 1423877656 False 1423877656
run19697.mid.gz 1423957456 False 1423957456
run19698.mid.gz 1421021008 False 1421021008
run19699.mid.gz 1419934941 False 1419934941
run19700.mid.gz 1424223704 False 1424223704
run19701.mid.gz 1419600879 False 1419600879
run19702.mid.gz 1424425979 False 1424425979
run19703.mid.gz 1423798018 False 1423798018
run19704.mid.gz 1420177762 False 1420177762
run19705.mid.gz 1424304144 False 1424304144
run19706.mid.gz 1420557897 False 1420557897
run19707.mid.gz 1423391656 False 1423391656
run19708.mid.gz 1423648433 False 1423648433
run19709.mid.gz 1420297788 False 1420297788
run19710.mid.gz 1423216249 False 1423216249
run19711.mid.gz 1420616415 False 1420616415
run19712.mid.gz 1419958934 False 1419958934
run19713.mid.gz 1419527159 False 1419527159
run19714.mid.gz 1423201936 False 1423201936
run19715.mid.gz 1422908613 False 1422908613
run19716.mid.gz 1419873395 False 1419873395
run19717.mid.gz 1427236202 False 1427236202
run19718.mid.gz 1420236435 False 1420236435
run19719.mid.gz 1419327931 False 1419327931
run19720.mid.gz 1423088265 False 1423088265
run19721.mid.gz 1419859503 False 1419859503
run19722.mid.gz 1423170811 False 1423170811
run19723.mid.gz 1419855600 False 1419855600
run19724.mid.gz 1420568836 False 1420568836
run19725.mid.gz 1427144000 False 1427144000
run19726.mid.gz 1427277047 False 1427277047
run19727.mid.gz 1423724205 False 1423724205
run19728.mid.gz 1420672421 False 1420672421
run19729.mid.gz 1419928481 False 1419928481
run19730.mid.gz 1420894506 False 1420894506
run19731.mid.gz 1423541629 False 1423541629
run19732.mid.gz 1419707831 False 1419707831
run19733.mid.gz 1419827002 False 1419827002
run19734.mid.gz 1426736776 False 1426736776
run19735.mid.gz 1420461277 False 1420461277
run19736.mid.gz 1419628297 False 1419628297
run19737.mid.gz 1419688891 False 1419688891
run19738.mid.gz 1420163426 False 1420163426
run19739.mid.gz 1420562688 False 1420562688
run19740.mid.gz 1420391910 False 1420391910
run19741.mid.gz 1427648317 False 1427648317
run19742.mid.gz 1427278683 False 1427278683
run19743.mid.gz 1423753657 False 1423753657
run19744.mid.gz 1419810447 False 1419810447
run19745.mid.gz 1419807560 False 1419807560
run19746.mid.gz 1420278767 False 1420278767
run19747.mid.gz 1423436245 False 1423436245
run19748.mid.gz 1419948772 False 1419948772
run19749.mid.gz 1419936573 False 1419936573
run19750.mid.gz 1420544625 False 1420544625
run19751.mid.gz 1420440250 False 1420440250
run19752.mid.gz 1423571411 False 1423571411
run19762.mid.gz 89220789 False 89220789
run19772.mid.gz 716770859 False 716770859
run19775.mid.gz 1419722663 False 1419722663
run19776.mid.gz 1430675293 False 1430675293
run19777.mid.gz 1420159762 False 1420159762
run19778.mid.gz 1426516286 False 1426516286
run19779.mid.gz 1419842475 False 1419842475
run19780.mid.gz 1419664124 False 1419664124
run19781.mid.gz 1423032196 False 1423032196
run19782.mid.gz 1419682481 False 1419682481
run19783.mid.gz 1419225236 False 1419225236
run19784.mid.gz 1422609997 False 1422609997
run19785.mid.gz 1426576594 False 1426576594
run19786.mid.gz 1430581370 False 1430581370
run19787.mid.gz 1426877392 False 1426877392
run19788.mid.gz 1423366470 False 1423366470
run19789.mid.gz 1430700858 False 1430700858
run19790.mid.gz 1434198000 False 1434198000
run19791.mid.gz 1419724261 False 1419724261
run19792.mid.gz 1422950921 False 1422950921
run19793.mid.gz 1426704539 False 1426704539
run19794.mid.gz 1423196909 False 1423196909
run19795.mid.gz 1419715146 False 1419715146
run19796.mid.gz 1423469322 False 1423469322
run19797.mid.gz 1423580345 False 1423580345
run19798.mid.gz 724045436 False 724045436
run19799.mid.gz 890816723 False 890816723
run19800.mid.gz 887554131 False 887554131
run19801.mid.gz 887288642 False 887288642
run19802.mid.gz 887448331 False 887448331
run19803.mid.gz 890882060 False 890882060
run19804.mid.gz 890740636 False 890740636
run19805.mid.gz 898222366 False 898222366
run19806.mid.gz 887308572 False 887308572
run19807.mid.gz 897714305 False 897714305
run19808.mid.gz 887691618 False 887691618
run19809.mid.gz 890890929 False 890890929
run19810.mid.gz 891594812 False 891594812
run19811.mid.gz 888291129 False 888291129
run19812.mid.gz 887306895 False 887306895
run19813.mid.gz 894550060 False 894550060
run19814.mid.gz 891023494 False 891023494
run19815.mid.gz 887429528 False 887429528
run19816.mid.gz 891398455 False 891398455
run19817.mid.gz 891462710 False 891462710
run19818.mid.gz 894425999 False 894425999
run19819.mid.gz 886977053 False 886977053
run19820.mid.gz 890939630 False 890939630
run19821.mid.gz 890864237 False 890864237
run19822.mid.gz 890880483 False 890880483
run19823.mid.gz 887635504 False 887635504
run19824.mid.gz 887507172 False 887507172
run19825.mid.gz 887656391 False 887656391
run19826.mid.gz 901677782 False 901677782
run19827.mid.gz 898680375 False 898680375
run19828.mid.gz 887706806 False 887706806
run19829.mid.gz 891426420 False 891426420
run19830.mid.gz 891087266 False 891087266
run19831.mid.gz 894186699 False 894186699
run19832.mid.gz 891247681 False 891247681
run19833.mid.gz 891457537 False 891457537
run19834.mid.gz 887490239 False 887490239
run19835.mid.gz 895002894 False 895002894
run19836.mid.gz 890890594 False 890890594
run19837.mid.gz 888089331 False 888089331
run19838.mid.gz 894662441 False 894662441
run19839.mid.gz 887010200 False 887010200
run19840.mid.gz 890671971 False 890671971
run19841.mid.gz 887505139 False 887505139
run19842.mid.gz 890544470 False 890544470
run19843.mid.gz 887479462 False 887479462
run19844.mid.gz 890660133 False 890660133
run19845.mid.gz 890609576 False 890609576
run19846.mid.gz 890644048 False 890644048
run19847.mid.gz 887167705 False 887167705
run19848.mid.gz 886994314 False 886994314
run19849.mid.gz 887241801 False 887241801
run19850.mid.gz 886865179 False 886865179
run19851.mid.gz 894086967 False 894086967
run19852.mid.gz 887232585 False 887232585
run19853.mid.gz 890427687 False 890427687
run19854.mid.gz 897696768 False 897696768
run19855.mid.gz 894163294 False 894163294
run19856.mid.gz 890954844 False 890954844
run19857.mid.gz 890669774 False 890669774
run19858.mid.gz 890657602 False 890657602
run19859.mid.gz 890909418 False 890909418
run19860.mid.gz 897567106 False 897567106
run19861.mid.gz 897709315 False 897709315
run19862.mid.gz 890599503 False 890599503
run19863.mid.gz 894100395 False 894100395
run19864.mid.gz 890836685 False 890836685
run19865.mid.gz 887242713 False 887242713
run19866.mid.gz 890754609 False 890754609
run19867.mid.gz 894355602 False 894355602
run19868.mid.gz 890747014 False 890747014
run19869.mid.gz 887719022 False 887719022
run19870.mid.gz 890816970 False 890816970
run19871.mid.gz 887458467 False 887458467
run19872.mid.gz 890653823 False 890653823
run19873.mid.gz 886916680 False 886916680
run19874.mid.gz 894482580 False 894482580
run19875.mid.gz 890606505 False 890606505
run19876.mid.gz 887581652 False 887581652
run19877.mid.gz 894518873 False 894518873
run19878.mid.gz 894316293 False 894316293
run19879.mid.gz 886572732 False 886572732
run19880.mid.gz 890497002 False 890497002
run19881.mid.gz 886539642 False 886539642
run19882.mid.gz 890581674 False 890581674
run19883.mid.gz 887114684 False 887114684
run19884.mid.gz 894332535 False 894332535
run19885.mid.gz 886987007 False 886987007
run19886.mid.gz 894011598 False 894011598
run19887.mid.gz 886880591 False 886880591
run19888.mid.gz 893749169 False 893749169
run19889.mid.gz 890863601 False 890863601
run19890.mid.gz 890842731 False 890842731
run19891.mid.gz 887189303 False 887189303
run19892.mid.gz 890674382 False 890674382
run19893.mid.gz 890983378 False 890983378
run19894.mid.gz 886937879 False 886937879
run19895.mid.gz 890873382 False 890873382
run19896.mid.gz 890893904 False 890893904
run19897.mid.gz 894217435 False 894217435
run19898.mid.gz 891108841 False 891108841
run19901.mid.gz 887138733 False 887138733
run19902.mid.gz 893632458 False 893632458
run19903.mid.gz 890660044 False 890660044
run19904.mid.gz 887055388 False 887055388
run19905.mid.gz 890519752 False 890519752
run19906.mid.gz 893909405 False 893909405
run19907.mid.gz 887296608 False 887296608
run19908.mid.gz 894092946 False 894092946
run19909.mid.gz 894256536 False 894256536
run19910.mid.gz 887577841 False 887577841
run19911.mid.gz 886733844 False 886733844
run19912.mid.gz 887279313 False 887279313
run19913.mid.gz 890925770 False 890925770
run19914.mid.gz 890739516 False 890739516
run19915.mid.gz 890798686 False 890798686
run19916.mid.gz 894345126 False 894345126
run19917.mid.gz 894232759 False 894232759
run19918.mid.gz 894601275 False 894601275
run19919.mid.gz 887324567 False 887324567
run19920.mid.gz 887174397 False 887174397
run19924.mid.gz 1404548774 False 1404548774
run19925.mid.gz 1411671475 False 1411671475
run19926.mid.gz 1411916142 False 1411916142
run19927.mid.gz 1411775088 False 1411775088
run19928.mid.gz 1411718328 False 1411718328
run19929.mid.gz 1411613782 False 1411613782
run19930.mid.gz 1411384454 False 1411384454
run19931.mid.gz 1411370644 False 1411370644
run19932.mid.gz 1411387400 False 1411387400
run19933.mid.gz 1411541944 False 1411541944
run19934.mid.gz 1411249987 False 1411249987
run19935.mid.gz 1411477425 False 1411477425
run19936.mid.gz 1411587752 False 1411587752
run19937.mid.gz 1411388760 False 1411388760
run19938.mid.gz 1411625764 False 1411625764
run19939.mid.gz 1411645564 False 1411645564
run19940.mid.gz 1411688309 False 1411688309
run19941.mid.gz 1411902294 False 1411902294
run19942.mid.gz 1411649310 False 1411649310
run19943.mid.gz 1411637131 False 1411637131
run19944.mid.gz 1411815300 False 1411815300
run19945.mid.gz 1411664658 False 1411664658
run19946.mid.gz 1411635563 False 1411635563
run19947.mid.gz 1411522440 False 1411522440
run19948.mid.gz 1411632453 False 1411632453
run19949.mid.gz 1411814973 False 1411814973
run19950.mid.gz 1412264484 False 1412264484
run19951.mid.gz 1411494996 False 1411494996
run19952.mid.gz 1411526807 False 1411526807
run19953.mid.gz 1412010169 False 1412010169
run19954.mid.gz 1411732008 False 1411732008
run19955.mid.gz 1411810075 False 1411810075
run19956.mid.gz 1411568594 False 1411568594
run19957.mid.gz 1411728844 False 1411728844
run19958.mid.gz 1411547442 False 1411547442
run19959.mid.gz 1411871676 False 1411871676
run19960.mid.gz 1411757471 False 1411757471
run19961.mid.gz 1411622678 False 1411622678
run19962.mid.gz 1411529326 False 1411529326
run19963.mid.gz 1411617102 False 1411617102
run19964.mid.gz 1411493676 False 1411493676
run19965.mid.gz 1411467249 False 1411467249
run19966.mid.gz 1411640066 False 1411640066
run19967.mid.gz 1411796136 False 1411796136
run19968.mid.gz 1411499169 False 1411499169
run19969.mid.gz 1411506648 False 1411506648
run19970.mid.gz 1411543978 False 1411543978
run19971.mid.gz 1411673512 False 1411673512
run19972.mid.gz 1411718422 False 1411718422
run19973.mid.gz 1412183914 False 1412183914
run19974.mid.gz 1412062349 False 1412062349
run19975.mid.gz 1412306080 False 1412306080
run19976.mid.gz 1412028464 False 1412028464
run19977.mid.gz 1411784016 False 1411784016
run19978.mid.gz 1411825094 False 1411825094
run19979.mid.gz 1411678326 False 1411678326
run19980.mid.gz 1411798858 False 1411798858
run19981.mid.gz 1412266171 False 1412266171
run19982.mid.gz 1411851782 False 1411851782
run19983.mid.gz 1411930946 False 1411930946
run19984.mid.gz 1411868418 False 1411868418
run19985.mid.gz 1411948339 False 1411948339
run19986.mid.gz 1411801260 False 1411801260
run19987.mid.gz 1412404214 False 1412404214
run19988.mid.gz 1412017486 False 1412017486
run19989.mid.gz 1412131566 False 1412131566
run19990.mid.gz 1411918513 False 1411918513
run19991.mid.gz 1411779906 False 1411779906
run19992.mid.gz 1412061890 False 1412061890
run19993.mid.gz 1412236681 False 1412236681
run19994.mid.gz 1412013721 False 1412013721
run19995.mid.gz 1408586020 False 1408586020
run19996.mid.gz 1412037772 False 1412037772
run19997.mid.gz 1412233521 False 1412233521
run19998.mid.gz 1412201097 False 1412201097
run19999.mid.gz 1412124136 False 1412124136
run20000.mid.gz 1413643251 False 1413643251
run20001.mid.gz 1412394102 False 1412394102
run20002.mid.gz 1412068880 False 1412068880
run20003.mid.gz 1411922330 False 1411922330
run20004.mid.gz 1412093533 False 1412093533
run20005.mid.gz 1412069855 False 1412069855
run20006.mid.gz 1411859112 False 1411859112
run20007.mid.gz 1411794483 False 1411794483
run20008.mid.gz 1412363053 False 1412363053
run20009.mid.gz 1412252479 False 1412252479
run20010.mid.gz 1411918487 False 1411918487
run20011.mid.gz 1412854712 False 1412854712
run20012.mid.gz 1412201856 False 1412201856
run20013.mid.gz 1412125542 False 1412125542
run20014.mid.gz 1415841687 False 1415841687
run20015.mid.gz 1412101426 False 1412101426
run20016.mid.gz 1412265526 False 1412265526
run20017.mid.gz 1412556239 False 1412556239
run20018.mid.gz 1412525066 False 1412525066
run20019.mid.gz 1412556953 False 1412556953
run20020.mid.gz 1412528891 False 1412528891
run20021.mid.gz 1412464554 False 1412464554
run20022.mid.gz 1412546730 False 1412546730
run20023.mid.gz 1412596029 False 1412596029
run20024.mid.gz 1411928160 False 1411928160
run20025.mid.gz 1412546198 False 1412546198
run20026.mid.gz 1412112303 False 1412112303
run20027.mid.gz 1412266051 False 1412266051
run20028.mid.gz 1412346735 False 1412346735
run20029.mid.gz 1412163213 False 1412163213
run20030.mid.gz 1412011671 False 1412011671
run20031.mid.gz 1412826766 False 1412826766
run20032.mid.gz 1412488938 False 1412488938
run20033.mid.gz 1413037506 False 1413037506
run20034.mid.gz 1413729111 False 1413729111
run20035.mid.gz 1412103417 False 1412103417
run20036.mid.gz 1412184823 False 1412184823
run20037.mid.gz 1412132471 False 1412132471
run20038.mid.gz 1412050608 False 1412050608
run20039.mid.gz 1412372959 False 1412372959
run20040.mid.gz 1412397059 False 1412397059
run20041.mid.gz 1411429205 False 1411429205
run20042.mid.gz 1411807614 False 1411807614
run20043.mid.gz 1412165611 False 1412165611
run20044.mid.gz 1415675556 False 1415675556
run20045.mid.gz 1412197655 False 1412197655
run20046.mid.gz 1412315831 False 1412315831
run20047.mid.gz 1412300004 False 1412300004
run20048.mid.gz 1412148785 False 1412148785
run20049.mid.gz 1412191407 False 1412191407
run20050.mid.gz 1412349809 False 1412349809
run20051.mid.gz 1412212394 False 1412212394
run20052.mid.gz 1412258013 False 1412258013
run20053.mid.gz 1413299504 False 1413299504
run20054.mid.gz 1412104030 False 1412104030
run20055.mid.gz 1412259595 False 1412259595
run20056.mid.gz 1412696460 False 1412696460
run20057.mid.gz 1412183239 False 1412183239
run20058.mid.gz 1412458006 False 1412458006
run20059.mid.gz 1412227931 False 1412227931
run20060.mid.gz 1412538973 False 1412538973
run20061.mid.gz 1412129036 False 1412129036
run20062.mid.gz 1412101448 False 1412101448
run20063.mid.gz 1413294415 False 1413294415
run20064.mid.gz 1412592695 False 1412592695
run20065.mid.gz 1412637011 False 1412637011
run20066.mid.gz 1412764686 False 1412764686
run20067.mid.gz 1412732287 False 1412732287
run20068.mid.gz 1412753987 False 1412753987
run20069.mid.gz 1411956191 False 1411956191
run20070.mid.gz 1412318707 False 1412318707
run20071.mid.gz 1412724077 False 1412724077
run20072.mid.gz 1412566628 False 1412566628
run20073.mid.gz 1412295834 False 1412295834
run20074.mid.gz 937665432 False 937665432
run20075.mid.gz 890126523 False 890126523
run20076.mid.gz 890485903 False 890485903
run20077.mid.gz 886340573 False 886340573
run20078.mid.gz 886753581 False 886753581
run20079.mid.gz 901219704 False 901219704
run20080.mid.gz 887025071 False 887025071
run20081.mid.gz 894183329 False 894183329
run20082.mid.gz 893835117 False 893835117
run20083.mid.gz 886725912 False 886725912
run20084.mid.gz 887231960 False 887231960
run20085.mid.gz 894681551 False 894681551
run20086.mid.gz 886690533 False 886690533
run20087.mid.gz 894735026 False 894735026
run20088.mid.gz 891139173 False 891139173
run20089.mid.gz 893985512 False 893985512
run20090.mid.gz 890848395 False 890848395
run20091.mid.gz 887001779 False 887001779
run20092.mid.gz 898655529 False 898655529
run20093.mid.gz 901834702 False 901834702
run20094.mid.gz 887459775 False 887459775
run20095.mid.gz 2198550809 False 2198550809
run20096.mid.gz 890705824 False 890705824
run20097.mid.gz 886681955 False 886681955
run20098.mid.gz 890311440 False 890311440
run20099.mid.gz 886689828 False 886689828
run20100.mid.gz 891022456 False 891022456
run20101.mid.gz 887208628 False 887208628
run20102.mid.gz 887016524 False 887016524
run20103.mid.gz 894125986 False 894125986
run20104.mid.gz 890212116 False 890212116
run20105.mid.gz 894623524 False 894623524
run20106.mid.gz 890815785 False 890815785
run20107.mid.gz 887361498 False 887361498
run20108.mid.gz 891564362 False 891564362
run20109.mid.gz 890928447 False 890928447
run20110.mid.gz 887065588 False 887065588
run20111.mid.gz 894849340 False 894849340
run20112.mid.gz 887405316 False 887405316
run20113.mid.gz 891265042 False 891265042
run20114.mid.gz 894419164 False 894419164
run20115.mid.gz 887446849 False 887446849
run20116.mid.gz 897220194 False 897220194
run20117.mid.gz 890265720 False 890265720
run20118.mid.gz 887349187 False 887349187
run20119.mid.gz 890474246 False 890474246
run20120.mid.gz 887315710 False 887315710
run20121.mid.gz 890730694 False 890730694
run20122.mid.gz 891186002 False 891186002
run20123.mid.gz 886955919 False 886955919
run20124.mid.gz 894097533 False 894097533
run20125.mid.gz 890951804 False 890951804
run20126.mid.gz 894099282 False 894099282
run20127.mid.gz 891124514 False 891124514
run20128.mid.gz 887879857 False 887879857
run20129.mid.gz 890788762 False 890788762
run20130.mid.gz 894567547 False 894567547
run20131.mid.gz 887759568 False 887759568
run20132.mid.gz 898287682 False 898287682
run20133.mid.gz 887713494 False 887713494
run20134.mid.gz 894513005 False 894513005
run20135.mid.gz 887617102 False 887617102
run20136.mid.gz 890372580 False 890372580
run20137.mid.gz 886842435 False 886842435
run20138.mid.gz 890594182 False 890594182
run20139.mid.gz 894022407 False 894022407
run20140.mid.gz 887301522 False 887301522
run20141.mid.gz 886898337 False 886898337
run20142.mid.gz 897566621 False 897566621
run20143.mid.gz 890788796 False 890788796
run20144.mid.gz 887557078 False 887557078
run20145.mid.gz 886798743 False 886798743
run20146.mid.gz 891053899 False 891053899
run20147.mid.gz 886926532 False 886926532
run20148.mid.gz 898503243 False 898503243
run20149.mid.gz 894644311 False 894644311
run20150.mid.gz 887513870 False 887513870
run20151.mid.gz 897853068 False 897853068
run20152.mid.gz 898293143 False 898293143
run20153.mid.gz 891052177 False 891052177
run20154.mid.gz 891371858 False 891371858
run20155.mid.gz 895142317 False 895142317
run20156.mid.gz 890375191 False 890375191
run20157.mid.gz 890266560 False 890266560
run20158.mid.gz 890597837 False 890597837
run20159.mid.gz 897517550 False 897517550
run20160.mid.gz 897425984 False 897425984
run20161.mid.gz 890748764 False 890748764
run20162.mid.gz 893982970 False 893982970
run20163.mid.gz 898123919 False 898123919
run20164.mid.gz 894366644 False 894366644
run20165.mid.gz 894688188 False 894688188
run20166.mid.gz 890259481 False 890259481
run20167.mid.gz 887259371 False 887259371
run20168.mid.gz 894935758 False 894935758
run20169.mid.gz 895322735 False 895322735
run20170.mid.gz 895013593 False 895013593
run20171.mid.gz 886948725 False 886948725
run20172.mid.gz 898130983 False 898130983
run20173.mid.gz 890937565 False 890937565
run20174.mid.gz 891051515 False 891051515
run20175.mid.gz 890636379 False 890636379
run20176.mid.gz 890386199 False 890386199
run20177.mid.gz 897520989 False 897520989
run20178.mid.gz 886980454 False 886980454
run20179.mid.gz 886510356 False 886510356
run20180.mid.gz 893704496 False 893704496
run20181.mid.gz 886573221 False 886573221
run20182.mid.gz 897854020 False 897854020
run20183.mid.gz 890470292 False 890470292
run20184.mid.gz 887131399 False 887131399
run20185.mid.gz 887111274 False 887111274
run20186.mid.gz 886892770 False 886892770
run20187.mid.gz 890705753 False 890705753
run20188.mid.gz 887229109 False 887229109
run20189.mid.gz 894001601 False 894001601
run20190.mid.gz 890825368 False 890825368
run20191.mid.gz 887282327 False 887282327
run20192.mid.gz 898261664 False 898261664
run20193.mid.gz 891260063 False 891260063
run20194.mid.gz 890629491 False 890629491
run20195.mid.gz 904789288 False 904789288
run20196.mid.gz 885816196 False 885816196
run20197.mid.gz 889483918 False 889483918
run20198.mid.gz 886230379 False 886230379
run20199.mid.gz 889587520 False 889587520
run20200.mid.gz 889803992 False 889803992
run20201.mid.gz 886383184 False 886383184
run20202.mid.gz 893423953 False 893423953
run20203.mid.gz 896687167 False 896687167
run20204.mid.gz 890409158 False 890409158
run20205.mid.gz 886677425 False 886677425
run20206.mid.gz 897445578 False 897445578
run20207.mid.gz 889860339 False 889860339
run20208.mid.gz 886343402 False 886343402
run20209.mid.gz 886754518 False 886754518
run20210.mid.gz 886356530 False 886356530
run20211.mid.gz 890187903 False 890187903
run20212.mid.gz 890255729 False 890255729
run20213.mid.gz 893623683 False 893623683
run20214.mid.gz 893762917 False 893762917
run20215.mid.gz 887054968 False 887054968
run20216.mid.gz 113432518 False 113432518
run20217.mid.gz 889796334 False 889796334
run20218.mid.gz 886170484 False 886170484
run20219.mid.gz 893745389 False 893745389
run20220.mid.gz 886048852 False 886048852
run20221.mid.gz 886366191 False 886366191
run20222.mid.gz 890185613 False 890185613
run20223.mid.gz 889765721 False 889765721
run20224.mid.gz 897026450 False 897026450
run20225.mid.gz 890210886 False 890210886
run20226.mid.gz 886602147 False 886602147
run20227.mid.gz 897768766 False 897768766
run20228.mid.gz 886336449 False 886336449
run20229.mid.gz 890734392 False 890734392
run20230.mid.gz 904720795 False 904720795
run20231.mid.gz 900962464 False 900962464
run20232.mid.gz 887353905 False 887353905
run20233.mid.gz 893551250 False 893551250
run20234.mid.gz 886809149 False 886809149
run20235.mid.gz 886816059 False 886816059
run20236.mid.gz 886605889 False 886605889
run20237.mid.gz 893342642 False 893342642
run20238.mid.gz 897196360 False 897196360
run20239.mid.gz 889915597 False 889915597
run20240.mid.gz 886614716 False 886614716
run20241.mid.gz 890046372 False 890046372
run20242.mid.gz 893810472 False 893810472
run20243.mid.gz 886397305 False 886397305
run20244.mid.gz 890072580 False 890072580
run20245.mid.gz 886604775 False 886604775
run20246.mid.gz 893842846 False 893842846
run20247.mid.gz 886230889 False 886230889
run20248.mid.gz 893375115 False 893375115
run20249.mid.gz 893967063 False 893967063
run20250.mid.gz 890381415 False 890381415
run20251.mid.gz 893926451 False 893926451
run20252.mid.gz 890723669 False 890723669
run20253.mid.gz 893850459 False 893850459
run20254.mid.gz 894139331 False 894139331
run20255.mid.gz 890675586 False 890675586
run20256.mid.gz 890355301 False 890355301
run20257.mid.gz 886197305 False 886197305
run20258.mid.gz 889744247 False 889744247
run20259.mid.gz 889812965 False 889812965
run20260.mid.gz 896992342 False 896992342
run20261.mid.gz 886638898 False 886638898
run20262.mid.gz 890148013 False 890148013
run20263.mid.gz 886500379 False 886500379
run20264.mid.gz 886594518 False 886594518
run20265.mid.gz 890704055 False 890704055
run20266.mid.gz 890409125 False 890409125
run20267.mid.gz 889897286 False 889897286
run20268.mid.gz 890205689 False 890205689
run20269.mid.gz 894391580 False 894391580
run20270.mid.gz 886629165 False 886629165
run20271.mid.gz 893758866 False 893758866
run20272.mid.gz 901023530 False 901023530
run20273.mid.gz 886489451 False 886489451
run20274.mid.gz 886359363 False 886359363
run20275.mid.gz 890221915 False 890221915
run20276.mid.gz 889960675 False 889960675
run20277.mid.gz 886039042 False 886039042
run20278.mid.gz 886189441 False 886189441
run20279.mid.gz 889445910 False 889445910
run20280.mid.gz 886215705 False 886215705
run20281.mid.gz 889464332 False 889464332
run20282.mid.gz 889713374 False 889713374
run20283.mid.gz 889968268 False 889968268
run20284.mid.gz 889524212 False 889524212
run20285.mid.gz 896647843 False 896647843
run20286.mid.gz 889801378 False 889801378
run20287.mid.gz 890261319 False 890261319
run20288.mid.gz 893585168 False 893585168
run20289.mid.gz 890049267 False 890049267
run20290.mid.gz 890035730 False 890035730
run20291.mid.gz 894038105 False 894038105
run20292.mid.gz 889890078 False 889890078
run20293.mid.gz 890358618 False 890358618
run20294.mid.gz 893564561 False 893564561
run20295.mid.gz 890024045 False 890024045
run20296.mid.gz 886422171 False 886422171
run20297.mid.gz 889851923 False 889851923
run20298.mid.gz 889547463 False 889547463
run20299.mid.gz 889139788 False 889139788
run20300.mid.gz 889756999 False 889756999
run20301.mid.gz 886471989 False 886471989
run20302.mid.gz 885888110 False 885888110
run20303.mid.gz 886282948 False 886282948
run20304.mid.gz 893368750 False 893368750
run20305.mid.gz 889853236 False 889853236
run20306.mid.gz 886402180 False 886402180
run20307.mid.gz 886314468 False 886314468
run20308.mid.gz 893664319 False 893664319
run20309.mid.gz 897039677 False 897039677
run20310.mid.gz 886090279 False 886090279
run20311.mid.gz 890185867 False 890185867
run20312.mid.gz 897061202 False 897061202
run20313.mid.gz 890093156 False 890093156
run20314.mid.gz 890167298 False 890167298
run20315.mid.gz 890242147 False 890242147
run20316.mid.gz 889867334 False 889867334
run20317.mid.gz 885145775 False 885145775
run20318.mid.gz 888827709 False 888827709
run20319.mid.gz 884976573 False 884976573
run20320.mid.gz 888783938 False 888783938
run20321.mid.gz 889327299 False 889327299
run20322.mid.gz 889337052 False 889337052
run20323.mid.gz 885579751 False 885579751
run20324.mid.gz 892990185 False 892990185
run20325.mid.gz 886024536 False 886024536
run20326.mid.gz 885918836 False 885918836
run20327.mid.gz 886160821 False 886160821
run20328.mid.gz 889527423 False 889527423
run20329.mid.gz 886455432 False 886455432
run20330.mid.gz 897023701 False 897023701
run20331.mid.gz 886131590 False 886131590
run20332.mid.gz 885886288 False 885886288
run20333.mid.gz 889939163 False 889939163
run20334.mid.gz 893577015 False 893577015
run20335.mid.gz 889871631 False 889871631
run20336.mid.gz 886492980 False 886492980
run20337.mid.gz 888909006 False 888909006
run20338.mid.gz 885419949 False 885419949
run20339.mid.gz 885543384 False 885543384
run20340.mid.gz 885572203 False 885572203
run20341.mid.gz 885618062 False 885618062
run20342.mid.gz 885995019 False 885995019
run20343.mid.gz 893459903 False 893459903
run20344.mid.gz 893043687 False 893043687
run20345.mid.gz 886139359 False 886139359
run20346.mid.gz 886404383 False 886404383
run20347.mid.gz 889886440 False 889886440
run20348.mid.gz 889615679 False 889615679
run20349.mid.gz 886350757 False 886350757
run20350.mid.gz 886413976 False 886413976
run20351.mid.gz 886055882 False 886055882
run20352.mid.gz 889675427 False 889675427
run20353.mid.gz 886023579 False 886023579
run20354.mid.gz 885916985 False 885916985
run20355.mid.gz 890352246 False 890352246
run20356.mid.gz 886711995 False 886711995
run20357.mid.gz 892897001 False 892897001
run20358.mid.gz 889826147 False 889826147
run20359.mid.gz 885966732 False 885966732
run20360.mid.gz 889622286 False 889622286
run20361.mid.gz 885965676 False 885965676
run20362.mid.gz 886306567 False 886306567
run20363.mid.gz 886297826 False 886297826
run20364.mid.gz 889756535 False 889756535
run20365.mid.gz 889725576 False 889725576
run20366.mid.gz 889740838 False 889740838
run20367.mid.gz 893586595 False 893586595
run20368.mid.gz 886381365 False 886381365
run20369.mid.gz 904560462 False 904560462
run20370.mid.gz 886239388 False 886239388
run20371.mid.gz 886345373 False 886345373
run20372.mid.gz 893217684 False 893217684
run20373.mid.gz 886251248 False 886251248
run20374.mid.gz 893215480 False 893215480
run20375.mid.gz 889904936 False 889904936
run20376.mid.gz 886080517 False 886080517
run20377.mid.gz 885369477 False 885369477
run20378.mid.gz 885670712 False 885670712
run20379.mid.gz 885432013 False 885432013
run20380.mid.gz 885726877 False 885726877
run20381.mid.gz 885982876 False 885982876
run20382.mid.gz 885945225 False 885945225
run20383.mid.gz 885833768 False 885833768
run20384.mid.gz 885853510 False 885853510
run20385.mid.gz 886035172 False 886035172
run20386.mid.gz 886114608 False 886114608
run20387.mid.gz 889776053 False 889776053
run20388.mid.gz 889434131 False 889434131
run20389.mid.gz 893096326 False 893096326
run20390.mid.gz 886053394 False 886053394
run20391.mid.gz 889846858 False 889846858
run20392.mid.gz 889373171 False 889373171
run20393.mid.gz 886104324 False 886104324
run20394.mid.gz 893615723 False 893615723
run20395.mid.gz 897088098 False 897088098
run20396.mid.gz 890202555 False 890202555
run20398.mid.gz 889254118 False 889254118
run20399.mid.gz 889215634 False 889215634
run20400.mid.gz 886014866 False 886014866
run20401.mid.gz 896457356 False 896457356
run20402.mid.gz 889519914 False 889519914
run20403.mid.gz 889442597 False 889442597
run20404.mid.gz 889584754 False 889584754
run20405.mid.gz 893318946 False 893318946
run20406.mid.gz 889932783 False 889932783
run20407.mid.gz 886004624 False 886004624
run20408.mid.gz 890135868 False 890135868
run20409.mid.gz 897075574 False 897075574
run20410.mid.gz 889886334 False 889886334
run20411.mid.gz 897117133 False 897117133
run20412.mid.gz 889783259 False 889783259
run20413.mid.gz 889910441 False 889910441
run20414.mid.gz 886097417 False 886097417
run20415.mid.gz 897171534 False 897171534
run20416.mid.gz 896856740 False 896856740
run20417.mid.gz 890109130 False 890109130
run20418.mid.gz 779822445 False 779822445
run20419.mid.gz 885721943 False 885721943
run20420.mid.gz 893145901 False 893145901
run20421.mid.gz 892884723 False 892884723
run20422.mid.gz 893167695 False 893167695
run20423.mid.gz 889325607 False 889325607
run20424.mid.gz 885602773 False 885602773
run20425.mid.gz 886072224 False 886072224
run20426.mid.gz 889269493 False 889269493
run20427.mid.gz 886168050 False 886168050
run20428.mid.gz 886062794 False 886062794
run20429.mid.gz 892893564 False 892893564
run20430.mid.gz 886194069 False 886194069
run20431.mid.gz 886130569 False 886130569
run20432.mid.gz 886323184 False 886323184
run20433.mid.gz 885871266 False 885871266
run20434.mid.gz 889616235 False 889616235
run20435.mid.gz 886093990 False 886093990
run20436.mid.gz 893059227 False 893059227
run20437.mid.gz 889579904 False 889579904
run20438.mid.gz 892944215 False 892944215
run20442.mid.gz 108447500 False 108447500
run20451.mid.gz 52513 False 52513
run20452.mid.gz 897382527 False 897382527
run20453.mid.gz 888179612 False 888179612
run20454.mid.gz 894830546 False 894830546
run20455.mid.gz 887954202 False 887954202
run20456.mid.gz 895266480 False 895266480
run20457.mid.gz 898401392 False 898401392
run20458.mid.gz 891046648 False 891046648
run20459.mid.gz 895150884 False 895150884
run20460.mid.gz 891583518 False 891583518
run20461.mid.gz 892051495 False 892051495
run20462.mid.gz 891958655 False 891958655
run20463.mid.gz 891754388 False 891754388
run20464.mid.gz 895137400 False 895137400
run20465.mid.gz 891445819 False 891445819
run20466.mid.gz 894746991 False 894746991
run20467.mid.gz 891955560 False 891955560
run20468.mid.gz 891181039 False 891181039
run20469.mid.gz 887961119 False 887961119
run20470.mid.gz 888142070 False 888142070
run20471.mid.gz 895254161 False 895254161
run20472.mid.gz 894373368 False 894373368
run20473.mid.gz 891373735 False 891373735
run20474.mid.gz 891585306 False 891585306
run20475.mid.gz 887852142 False 887852142
run20481.mid.gz 84035056 False 84035056
run20482.mid.gz 73510714 False 73510714
run20483.mid.gz 230905386 False 230905386
run20484.mid.gz 783506194 False 783506194
run20485.mid.gz 94494620 False 94494620
run20486.mid.gz 91003722 False 91003722
run20487.mid.gz 91001049 False 91001049
run20488.mid.gz 101500481 False 101500481
run20489.mid.gz 111996746 False 111996746
run20490.mid.gz 73524198 False 73524198
run20491.mid.gz 80536343 False 80536343
run20492.mid.gz 77037818 False 77037818
run20493.mid.gz 66529464 False 66529464
run20494.mid.gz 80541084 False 80541084
run20495.mid.gz 104990026 False 104990026
run20501.mid.gz 723996499 False 723996499
run20504.mid.gz 46090560 False 46090560
run20505.mid.gz 888703041 False 888703041
run20506.mid.gz 888713129 False 888713129
run20507.mid.gz 895746626 False 895746626
run20508.mid.gz 892205857 False 892205857
run20509.mid.gz 885168545 False 885168545
run20510.mid.gz 888716799 False 888716799
run20511.mid.gz 892276483 False 892276483
run20512.mid.gz 888777458 False 888777458
run20513.mid.gz 888828777 False 888828777
run20514.mid.gz 885277745 False 885277745
run20515.mid.gz 895924197 False 895924197
run20516.mid.gz 885327108 False 885327108
run20517.mid.gz 888882881 False 888882881
run20518.mid.gz 888814898 False 888814898
run20519.mid.gz 888889434 False 888889434
run20520.mid.gz 885365823 False 885365823
run20521.mid.gz 885347087 False 885347087
run20522.mid.gz 885228251 False 885228251
run20523.mid.gz 888788025 False 888788025
run20524.mid.gz 885237306 False 885237306
run20525.mid.gz 888685077 False 888685077
run20526.mid.gz 885158973 False 885158973
run20527.mid.gz 885085693 False 885085693
run20528.mid.gz 885139555 False 885139555
run20529.mid.gz 892232573 False 892232573
run20530.mid.gz 885227093 False 885227093
run20531.mid.gz 892256192 False 892256192
run20532.mid.gz 888667108 False 888667108
run20533.mid.gz 885162203 False 885162203
run20534.mid.gz 892275764 False 892275764
run20535.mid.gz 885169984 False 885169984
run20536.mid.gz 888731045 False 888731045
run20537.mid.gz 892357544 False 892357544
run20538.mid.gz 888773433 False 888773433
run20539.mid.gz 888782812 False 888782812
run20540.mid.gz 885236124 False 885236124
run20541.mid.gz 888750488 False 888750488
run20542.mid.gz 888763357 False 888763357
run20543.mid.gz 885212926 False 885212926
run20544.mid.gz 885279465 False 885279465
run20545.mid.gz 892224661 False 892224661
run20546.mid.gz 885142979 False 885142979
run20547.mid.gz 892151111 False 892151111
run20548.mid.gz 888657325 False 888657325
run20549.mid.gz 885137695 False 885137695
run20550.mid.gz 888683170 False 888683170
run20551.mid.gz 895801741 False 895801741
run20552.mid.gz 888710383 False 888710383
run20553.mid.gz 885277460 False 885277460
run20554.mid.gz 885264496 False 885264496
run20555.mid.gz 895837191 False 895837191
run20556.mid.gz 885220853 False 885220853
run20557.mid.gz 885254049 False 885254049
run20558.mid.gz 888836300 False 888836300
run20559.mid.gz 885287281 False 885287281
run20560.mid.gz 895897561 False 895897561
run20561.mid.gz 892314487 False 892314487
run20562.mid.gz 885347962 False 885347962
run20563.mid.gz 885280619 False 885280619
run20564.mid.gz 888763636 False 888763636
run20565.mid.gz 892286487 False 892286487
run20566.mid.gz 892346399 False 892346399
run20567.mid.gz 885168248 False 885168248
run20568.mid.gz 885145680 False 885145680
run20569.mid.gz 892293301 False 892293301
run20570.mid.gz 885244880 False 885244880
run20571.mid.gz 888821675 False 888821675
run20572.mid.gz 888603189 False 888603189
run20573.mid.gz 885185777 False 885185777
run20574.mid.gz 888775457 False 888775457
run20575.mid.gz 888748685 False 888748685
run20576.mid.gz 895881479 False 895881479
run20577.mid.gz 895899686 False 895899686
run20578.mid.gz 885207022 False 885207022
run20579.mid.gz 885269353 False 885269353
run20580.mid.gz 885237828 False 885237828
run20581.mid.gz 885268250 False 885268250
run20582.mid.gz 885213640 False 885213640
run20583.mid.gz 888779462 False 888779462
run20584.mid.gz 885253034 False 885253034
run20585.mid.gz 888844543 False 888844543
run20586.mid.gz 885244709 False 885244709
run20587.mid.gz 885223108 False 885223108
run20588.mid.gz 888847123 False 888847123
run20589.mid.gz 888788462 False 888788462
run20590.mid.gz 885274916 False 885274916
run20591.mid.gz 888851098 False 888851098
run20592.mid.gz 885276342 False 885276342
run20593.mid.gz 885256357 False 885256357
run20594.mid.gz 885159228 False 885159228
run20595.mid.gz 888811863 False 888811863
run20596.mid.gz 885237099 False 885237099
run20597.mid.gz 888794475 False 888794475
run20598.mid.gz 885249666 False 885249666
run20599.mid.gz 888799216 False 888799216
run20600.mid.gz 888801193 False 888801193
run20601.mid.gz 892330329 False 892330329
run20602.mid.gz 885245649 False 885245649
run20603.mid.gz 892238383 False 892238383
run20604.mid.gz 895886865 False 895886865
run20605.mid.gz 892232397 False 892232397
run20606.mid.gz 888792189 False 888792189
run20607.mid.gz 888771545 False 888771545
run20608.mid.gz 885214301 False 885214301
run20609.mid.gz 885212602 False 885212602
run20610.mid.gz 888769438 False 888769438
run20611.mid.gz 892345743 False 892345743
run20612.mid.gz 885228528 False 885228528
run20613.mid.gz 888684491 False 888684491
run20614.mid.gz 885271055 False 885271055
run20615.mid.gz 885210918 False 885210918
run20616.mid.gz 895888829 False 895888829
run20617.mid.gz 888792791 False 888792791
run20618.mid.gz 885246163 False 885246163
run20619.mid.gz 888759173 False 888759173
run20620.mid.gz 892410622 False 892410622
run20621.mid.gz 888841399 False 888841399
run20622.mid.gz 888813605 False 888813605
run20623.mid.gz 888861051 False 888861051
run20624.mid.gz 888940227 False 888940227
run20625.mid.gz 717035295 False 717035295
run20626.mid.gz 885451170 False 885451170
run20627.mid.gz 885374973 False 885374973
run20628.mid.gz 888852880 False 888852880
run20629.mid.gz 885323123 False 885323123
run20630.mid.gz 888938510 False 888938510
run20631.mid.gz 885411449 False 885411449
run20632.mid.gz 885411679 False 885411679
run20633.mid.gz 885346537 False 885346537
run20634.mid.gz 888921800 False 888921800
run20635.mid.gz 885525770 False 885525770
run20636.mid.gz 885518878 False 885518878
run20637.mid.gz 892608804 False 892608804
run20638.mid.gz 888930374 False 888930374
run20639.mid.gz 888892896 False 888892896
run20640.mid.gz 885312832 False 885312832
run20641.mid.gz 892391209 False 892391209
run20642.mid.gz 885370734 False 885370734
run20643.mid.gz 892478233 False 892478233
run20644.mid.gz 885396272 False 885396272
run20645.mid.gz 892404896 False 892404896
run20646.mid.gz 888756735 False 888756735
run20647.mid.gz 885155871 False 885155871
run20648.mid.gz 885118041 False 885118041
run20649.mid.gz 888638561 False 888638561
run20650.mid.gz 885127393 False 885127393
run20651.mid.gz 892203047 False 892203047
run20652.mid.gz 888722973 False 888722973
run20653.mid.gz 888739467 False 888739467
run20654.mid.gz 892339841 False 892339841
run20655.mid.gz 885170999 False 885170999
run20656.mid.gz 888680435 False 888680435
run20657.mid.gz 888710067 False 888710067
run20658.mid.gz 892227667 False 892227667
run20659.mid.gz 885313265 False 885313265
run20660.mid.gz 895859728 False 895859728
run20661.mid.gz 888807235 False 888807235
run20662.mid.gz 885221054 False 885221054
run20663.mid.gz 892446008 False 892446008
run20664.mid.gz 885361321 False 885361321
run20665.mid.gz 888891003 False 888891003
run20666.mid.gz 885250655 False 885250655
run20667.mid.gz 892298562 False 892298562
run20668.mid.gz 888633371 False 888633371
run20669.mid.gz 888725850 False 888725850
run20670.mid.gz 885152473 False 885152473
run20671.mid.gz 888718282 False 888718282
run20672.mid.gz 888695490 False 888695490
run20673.mid.gz 892281498 False 892281498
run20674.mid.gz 895824258 False 895824258
run20675.mid.gz 888816353 False 888816353
run20676.mid.gz 888727462 False 888727462
run20677.mid.gz 892292767 False 892292767
run20678.mid.gz 892430560 False 892430560
run20679.mid.gz 888733073 False 888733073
run20680.mid.gz 892409645 False 892409645
run20681.mid.gz 885186137 False 885186137
run20682.mid.gz 885145532 False 885145532
run20683.mid.gz 885145239 False 885145239
run20684.mid.gz 888661606 False 888661606
run20685.mid.gz 888691040 False 888691040
run20686.mid.gz 888620484 False 888620484
run20687.mid.gz 885000200 False 885000200
run20688.mid.gz 892152872 False 892152872
run20689.mid.gz 884973007 False 884973007
run20690.mid.gz 888679392 False 888679392
run20691.mid.gz 888611272 False 888611272
run20692.mid.gz 885095313 False 885095313
run20693.mid.gz 885250571 False 885250571
run20694.mid.gz 885196234 False 885196234
run20695.mid.gz 885151546 False 885151546
run20696.mid.gz 895760871 False 895760871
run20697.mid.gz 888703095 False 888703095
run20698.mid.gz 888671412 False 888671412
run20699.mid.gz 885173906 False 885173906
run20700.mid.gz 895755476 False 895755476
run20701.mid.gz 888638627 False 888638627
run20702.mid.gz 885162612 False 885162612
run20703.mid.gz 892306554 False 892306554
run20704.mid.gz 885161706 False 885161706
run20705.mid.gz 888693521 False 888693521
run20706.mid.gz 892063855 False 892063855
run20707.mid.gz 885098244 False 885098244
run20708.mid.gz 888640008 False 888640008
run20709.mid.gz 895662723 False 895662723
run20710.mid.gz 895810949 False 895810949
run20711.mid.gz 885107688 False 885107688
run20712.mid.gz 885061053 False 885061053
run20713.mid.gz 888590318 False 888590318
run20714.mid.gz 888631363 False 888631363
run20715.mid.gz 888701577 False 888701577
run20716.mid.gz 885098938 False 885098938
run20717.mid.gz 885120331 False 885120331
run20718.mid.gz 885068367 False 885068367
run20719.mid.gz 888655316 False 888655316
run20720.mid.gz 885108679 False 885108679
run20721.mid.gz 888622458 False 888622458
run20722.mid.gz 888586245 False 888586245
run20723.mid.gz 885164389 False 885164389
run20724.mid.gz 885060205 False 885060205
run20725.mid.gz 888654769 False 888654769
run20726.mid.gz 888520090 False 888520090
run20727.mid.gz 895663168 False 895663168
run20728.mid.gz 885030847 False 885030847
run20729.mid.gz 885031846 False 885031846
run20730.mid.gz 885129195 False 885129195
run20731.mid.gz 884979088 False 884979088
run20732.mid.gz 888564089 False 888564089
run20733.mid.gz 884994900 False 884994900
run20734.mid.gz 888554829 False 888554829
run20735.mid.gz 884970493 False 884970493
run20736.mid.gz 885025391 False 885025391
run20737.mid.gz 885001582 False 885001582
run20738.mid.gz 888662596 False 888662596
run20739.mid.gz 888618066 False 888618066
run20740.mid.gz 888606135 False 888606135
run20741.mid.gz 892254500 False 892254500
run20742.mid.gz 885125743 False 885125743
run20743.mid.gz 888600355 False 888600355
run20744.mid.gz 892107693 False 892107693
run20745.mid.gz 885010720 False 885010720
run20746.mid.gz 706289189 False 706289189
run20747.mid.gz 884960973 False 884960973
run20748.mid.gz 892108681 False 892108681
run20749.mid.gz 885007390 False 885007390
run20750.mid.gz 884969622 False 884969622
run20751.mid.gz 895621547 False 895621547
run20752.mid.gz 888561164 False 888561164
run20753.mid.gz 885088786 False 885088786
run20754.mid.gz 892130824 False 892130824
run20755.mid.gz 885177849 False 885177849
run20756.mid.gz 885255915 False 885255915
run20757.mid.gz 888737704 False 888737704
run20758.mid.gz 892251902 False 892251902
run20759.mid.gz 885321632 False 885321632
run20760.mid.gz 885361527 False 885361527
run20761.mid.gz 885288606 False 885288606
run20762.mid.gz 888758094 False 888758094
run20763.mid.gz 892360890 False 892360890
run20764.mid.gz 885314715 False 885314715
run20765.mid.gz 888788763 False 888788763
run20766.mid.gz 888760569 False 888760569
run20767.mid.gz 885109561 False 885109561
run20768.mid.gz 888618977 False 888618977
run20769.mid.gz 888583618 False 888583618
run20770.mid.gz 885075638 False 885075638
run20771.mid.gz 885230045 False 885230045
run20772.mid.gz 885087219 False 885087219
run20773.mid.gz 888673414 False 888673414
run20774.mid.gz 888599240 False 888599240
run20775.mid.gz 892115187 False 892115187
run20776.mid.gz 888590621 False 888590621
run20777.mid.gz 885067153 False 885067153
run20778.mid.gz 885145685 False 885145685
run20779.mid.gz 888687563 False 888687563
run20780.mid.gz 892328516 False 892328516
run20781.mid.gz 895681648 False 895681648
run20782.mid.gz 885074906 False 885074906
run20783.mid.gz 885102238 False 885102238
run20784.mid.gz 895708150 False 895708150
run20785.mid.gz 888779469 False 888779469
run20786.mid.gz 885079189 False 885079189
run20787.mid.gz 884965618 False 884965618
run20788.mid.gz 884887460 False 884887460
run20789.mid.gz 888440165 False 888440165
run20790.mid.gz 888412655 False 888412655
run20791.mid.gz 895533675 False 895533675
run20792.mid.gz 884845219 False 884845219
run20793.mid.gz 888399738 False 888399738
run20794.mid.gz 891980746 False 891980746
run20795.mid.gz 884902561 False 884902561
run20796.mid.gz 884924423 False 884924423
run20797.mid.gz 888429038 False 888429038
run20798.mid.gz 895394309 False 895394309
run20799.mid.gz 884802616 False 884802616
run20800.mid.gz 884823299 False 884823299
run20801.mid.gz 891925479 False 891925479
run20802.mid.gz 888406335 False 888406335
run20803.mid.gz 891931067 False 891931067
run20804.mid.gz 888444244 False 888444244
run20805.mid.gz 884869528 False 884869528
run20806.mid.gz 888375352 False 888375352
run20807.mid.gz 884724209 False 884724209
run20808.mid.gz 884702303 False 884702303
run20809.mid.gz 884637195 False 884637195
run20810.mid.gz 884619448 False 884619448
run20811.mid.gz 884784283 False 884784283
run20812.mid.gz 895509082 False 895509082
run20813.mid.gz 888300971 False 888300971
run20814.mid.gz 888244655 False 888244655
run20815.mid.gz 884716760 False 884716760
run20816.mid.gz 891835702 False 891835702
run20817.mid.gz 888256791 False 888256791
run20818.mid.gz 884670292 False 884670292
run20819.mid.gz 888307710 False 888307710
run20820.mid.gz 888325403 False 888325403
run20821.mid.gz 891816732 False 891816732
run20822.mid.gz 884767527 False 884767527
run20823.mid.gz 884801616 False 884801616
run20824.mid.gz 888307794 False 888307794
run20825.mid.gz 888246497 False 888246497
run20826.mid.gz 888393293 False 888393293
run20827.mid.gz 884762817 False 884762817
run20828.mid.gz 884738151 False 884738151
run20829.mid.gz 891839177 False 891839177
run20830.mid.gz 884712364 False 884712364
run20831.mid.gz 888316570 False 888316570
run20832.mid.gz 884773201 False 884773201
run20833.mid.gz 895389856 False 895389856
run20834.mid.gz 888284561 False 888284561
run20835.mid.gz 891818390 False 891818390
run20836.mid.gz 888262647 False 888262647
run20837.mid.gz 895358992 False 895358992
run20838.mid.gz 884700593 False 884700593
run20839.mid.gz 884808844 False 884808844
run20840.mid.gz 888276832 False 888276832
run20841.mid.gz 884815623 False 884815623
run20842.mid.gz 884796989 False 884796989
run20843.mid.gz 888291323 False 888291323
run20844.mid.gz 888406905 False 888406905
run20845.mid.gz 895419480 False 895419480
run20846.mid.gz 888340932 False 888340932
run20847.mid.gz 884749901 False 884749901
run20848.mid.gz 888279052 False 888279052
run20849.mid.gz 895377035 False 895377035
run20850.mid.gz 884759861 False 884759861
run20851.mid.gz 888364617 False 888364617
run20852.mid.gz 884776454 False 884776454
run20853.mid.gz 888352591 False 888352591
run20854.mid.gz 895414523 False 895414523
run20855.mid.gz 884899818 False 884899818
run20856.mid.gz 888320067 False 888320067
run20857.mid.gz 891910497 False 891910497
run20858.mid.gz 884756532 False 884756532
run20859.mid.gz 891891683 False 891891683
run20860.mid.gz 888298331 False 888298331
run20861.mid.gz 888328139 False 888328139
run20862.mid.gz 891943980 False 891943980
run20863.mid.gz 888295225 False 888295225
run20864.mid.gz 891879179 False 891879179
run20865.mid.gz 895377623 False 895377623
run20866.mid.gz 884833451 False 884833451
run20877.mid.gz 272467234 False 272467234
run20876.mid.gz 888021362 False 888021362
run20879.mid.gz 97962041 False 97962041
run20878.mid.gz 1419372422 False 1419372422
run20886.mid.gz 733460726 False 733460726
run20888.mid.gz 904539973 False 904539973
run20889.mid.gz 900957517 False 900957517
run20890.mid.gz 911699153 False 911699153
run20891.mid.gz 904760823 False 904760823
run20892.mid.gz 911967073 False 911967073
run20893.mid.gz 901036014 False 901036014
run20894.mid.gz 915434064 False 915434064
run20895.mid.gz 904624390 False 904624390
run20896.mid.gz 904779156 False 904779156
run20897.mid.gz 915483321 False 915483321
run20898.mid.gz 908422523 False 908422523
run20899.mid.gz 904744177 False 904744177
run20900.mid.gz 904852872 False 904852872
run20901.mid.gz 908474891 False 908474891
run20902.mid.gz 904886472 False 904886472
run20903.mid.gz 904838240 False 904838240
run20904.mid.gz 901395573 False 901395573
run20905.mid.gz 908470270 False 908470270
run20906.mid.gz 904906792 False 904906792
run20907.mid.gz 901334920 False 901334920
run20908.mid.gz 915129406 False 915129406
run20909.mid.gz 904440930 False 904440930
run20910.mid.gz 904548341 False 904548341
run20911.mid.gz 908149213 False 908149213
run20912.mid.gz 908308103 False 908308103
run20913.mid.gz 901178259 False 901178259
run20914.mid.gz 904762412 False 904762412
run20915.mid.gz 908383229 False 908383229
run20916.mid.gz 908508022 False 908508022
run20917.mid.gz 901229200 False 901229200
run20918.mid.gz 912135143 False 912135143
run20919.mid.gz 908307989 False 908307989
run20920.mid.gz 904877245 False 904877245
run20921.mid.gz 908485083 False 908485083
run20922.mid.gz 904877764 False 904877764
run20923.mid.gz 908501435 False 908501435
run20924.mid.gz 908432962 False 908432962
run20925.mid.gz 912129138 False 912129138
run20926.mid.gz 904957737 False 904957737
run20927.mid.gz 901198855 False 901198855
run20928.mid.gz 908053702 False 908053702
run20929.mid.gz 904448563 False 904448563
run20930.mid.gz 904386480 False 904386480
run20931.mid.gz 908085303 False 908085303
run20932.mid.gz 908220223 False 908220223
run20933.mid.gz 904574025 False 904574025
run20934.mid.gz 908165829 False 908165829
run20935.mid.gz 911878769 False 911878769
run20936.mid.gz 901037935 False 901037935
run20937.mid.gz 904749368 False 904749368
run20938.mid.gz 901153003 False 901153003
run20939.mid.gz 901128084 False 901128084
run20940.mid.gz 905062757 False 905062757
run20941.mid.gz 912221468 False 912221468
run20942.mid.gz 904830951 False 904830951
run20943.mid.gz 904945968 False 904945968
run20944.mid.gz 904981636 False 904981636
run20945.mid.gz 908645385 False 908645385
run20946.mid.gz 904960662 False 904960662
run20947.mid.gz 908590696 False 908590696
run20948.mid.gz 904466803 False 904466803
run20949.mid.gz 904494720 False 904494720
run20950.mid.gz 900919108 False 900919108
run20951.mid.gz 904506737 False 904506737
run20952.mid.gz 904597996 False 904597996
run20953.mid.gz 904397563 False 904397563
run20954.mid.gz 915385055 False 915385055
run20955.mid.gz 904599793 False 904599793
run20956.mid.gz 911908964 False 911908964
run20957.mid.gz 904587081 False 904587081
run20958.mid.gz 901115496 False 901115496
run20959.mid.gz 904702432 False 904702432
run20960.mid.gz 904748941 False 904748941
run20961.mid.gz 908364729 False 908364729
run20962.mid.gz 908330926 False 908330926
run20963.mid.gz 907777026 False 907777026
run20964.mid.gz 902003533 False 902003533
run20965.mid.gz 905341224 False 905341224
run20966.mid.gz 905537015 False 905537015
run20967.mid.gz 901940915 False 901940915
run20968.mid.gz 905438836 False 905438836
run20969.mid.gz 912647372 False 912647372
run20970.mid.gz 905433531 False 905433531
run20971.mid.gz 909126348 False 909126348
run20972.mid.gz 912681478 False 912681478
run20973.mid.gz 909148694 False 909148694
run20974.mid.gz 905652529 False 905652529
run20975.mid.gz 905510821 False 905510821
run20976.mid.gz 909198356 False 909198356
run20977.mid.gz 912776505 False 912776505
run20978.mid.gz 905645716 False 905645716
run20979.mid.gz 905695129 False 905695129
run20980.mid.gz 906903666 False 906903666
run20981.mid.gz 907806645 False 907806645
run20982.mid.gz 914923388 False 914923388
run20983.mid.gz 922162445 False 922162445
run20984.mid.gz 922196931 False 922196931
run20985.mid.gz 914929298 False 914929298
run20986.mid.gz 915021388 False 915021388
run20987.mid.gz 918576850 False 918576850
run20988.mid.gz 907270635 False 907270635
run20989.mid.gz 921583995 False 921583995
run20990.mid.gz 910557396 False 910557396
run20991.mid.gz 907551070 False 907551070
run20992.mid.gz 915564669 False 915564669
run20993.mid.gz 908441104 False 908441104
run20994.mid.gz 915687631 False 915687631
run20995.mid.gz 919237237 False 919237237
run20996.mid.gz 919510895 False 919510895
run20997.mid.gz 908664890 False 908664890
run20998.mid.gz 912294310 False 912294310
run20999.mid.gz 919489492 False 919489492
run21000.mid.gz 919632952 False 919632952
run21001.mid.gz 908707985 False 908707985
run21002.mid.gz 912279832 False 912279832
run21003.mid.gz 908648387 False 908648387
run21004.mid.gz 919755474 False 919755474
run21005.mid.gz 916032279 False 916032279
run21006.mid.gz 916163664 False 916163664
run21007.mid.gz 912355460 False 912355460
run21009.mid.gz 910166148 False 910166148
run21010.mid.gz 910125885 False 910125885
run21011.mid.gz 913755824 False 913755824
run21012.mid.gz 913688251 False 913688251
run21013.mid.gz 906594912 False 906594912
run21014.mid.gz 913795417 False 913795417
run21015.mid.gz 910241278 False 910241278
run21016.mid.gz 917468144 False 917468144
run21017.mid.gz 910327867 False 910327867
run21018.mid.gz 903064263 False 903064263
run21019.mid.gz 921168999 False 921168999
run21020.mid.gz 910282152 False 910282152
run21021.mid.gz 906686212 False 906686212
run21022.mid.gz 906748598 False 906748598
run21023.mid.gz 914082128 False 914082128
run21024.mid.gz 917545549 False 917545549
run21025.mid.gz 913976533 False 913976533
run21026.mid.gz 917500113 False 917500113
run21027.mid.gz 910251296 False 910251296
run21028.mid.gz 910323989 False 910323989
run21030.mid.gz 924428494 False 924428494
run21029.mid.gz 2311092304 False 2311092304
run21031.mid.gz 913600404 False 913600404
run21032.mid.gz 910095982 False 910095982
run21033.mid.gz 906450245 False 906450245
run21034.mid.gz 913711369 False 913711369
run21035.mid.gz 910079539 False 910079539
run21036.mid.gz 917239313 False 917239313
run21037.mid.gz 906400720 False 906400720
run21038.mid.gz 920848608 False 920848608
run21039.mid.gz 906441952 False 906441952
run21040.mid.gz 920826883 False 920826883
run21041.mid.gz 902845536 False 902845536
run21042.mid.gz 906491676 False 906491676
run21043.mid.gz 917353084 False 917353084
run21044.mid.gz 917438096 False 917438096
run21045.mid.gz 913835037 False 913835037
run21046.mid.gz 906641299 False 906641299
run21047.mid.gz 910366129 False 910366129
run21048.mid.gz 910226493 False 910226493
run21049.mid.gz 903010429 False 903010429
run21050.mid.gz 910281950 False 910281950
run21051.mid.gz 906810408 False 906810408
run21052.mid.gz 914060098 False 914060098
run21053.mid.gz 921214717 False 921214717
run21054.mid.gz 906697950 False 906697950
run21055.mid.gz 910189204 False 910189204
run21056.mid.gz 917628216 False 917628216
run21057.mid.gz 906539255 False 906539255
run21058.mid.gz 913943482 False 913943482
run21059.mid.gz 906665094 False 906665094
run21060.mid.gz 921164089 False 921164089
run21061.mid.gz 913917278 False 913917278
run21062.mid.gz 906819785 False 906819785
run21063.mid.gz 910411364 False 910411364
run21064.mid.gz 913932038 False 913932038
run21065.mid.gz 917440867 False 917440867
run21066.mid.gz 910214284 False 910214284
run21067.mid.gz 906669078 False 906669078
run21068.mid.gz 913934449 False 913934449
run21069.mid.gz 917550355 False 917550355
run21070.mid.gz 913860647 False 913860647
run21071.mid.gz 910304601 False 910304601
run21072.mid.gz 906596137 False 906596137
run21073.mid.gz 910152175 False 910152175
run21074.mid.gz 906544718 False 906544718
run21075.mid.gz 913726336 False 913726336
run21076.mid.gz 906475948 False 906475948
run21077.mid.gz 910013523 False 910013523
run21078.mid.gz 906329820 False 906329820
run21079.mid.gz 917660654 False 917660654
run21080.mid.gz 915282699 False 915282699
run21081.mid.gz 907926021 False 907926021
run21082.mid.gz 911513957 False 911513957
run21083.mid.gz 907905808 False 907905808
run21084.mid.gz 911460212 False 911460212
run21085.mid.gz 911522517 False 911522517
run21086.mid.gz 907915801 False 907915801
run21087.mid.gz 918811644 False 918811644
run21088.mid.gz 907964871 False 907964871
run21089.mid.gz 915216341 False 915216341
run21091.mid.gz 915099949 False 915099949
run21090.mid.gz 1588070564 False 1588070564
run21092.mid.gz 911577250 False 911577250
run21093.mid.gz 918791886 False 918791886
run21094.mid.gz 915189806 False 915189806
run21096.mid.gz 74867499 False 74867499
run21097.mid.gz 313636433 False 313636433
run21098.mid.gz 901088424 False 901088424
run21099.mid.gz 915517138 False 915517138
run21100.mid.gz 911934993 False 911934993
run21101.mid.gz 904542490 False 904542490
run21102.mid.gz 904477788 False 904477788
run21103.mid.gz 908125539 False 908125539
run21104.mid.gz 900876393 False 900876393
run21105.mid.gz 908001051 False 908001051
run21106.mid.gz 911664617 False 911664617
run21107.mid.gz 904415648 False 904415648
run21108.mid.gz 900728621 False 900728621
run21109.mid.gz 911598478 False 911598478
run21110.mid.gz 904432797 False 904432797
run21111.mid.gz 900812632 False 900812632
run21112.mid.gz 908041568 False 908041568
run21113.mid.gz 907961626 False 907961626
run21114.mid.gz 908018810 False 908018810
run21115.mid.gz 911640483 False 911640483
run21116.mid.gz 900903352 False 900903352
run21117.mid.gz 900977073 False 900977073
run21118.mid.gz 911785083 False 911785083
run21119.mid.gz 904605824 False 904605824
run21120.mid.gz 908264391 False 908264391
run21121.mid.gz 901031119 False 901031119
run21122.mid.gz 901036554 False 901036554
run21123.mid.gz 904748790 False 904748790
run21124.mid.gz 908255293 False 908255293
run21125.mid.gz 904679173 False 904679173
run21126.mid.gz 908344173 False 908344173
run21127.mid.gz 901078160 False 901078160
run21128.mid.gz 908293723 False 908293723
run21129.mid.gz 904683630 False 904683630
run21130.mid.gz 901110568 False 901110568
run21131.mid.gz 904824119 False 904824119
run21132.mid.gz 904683790 False 904683790
run21133.mid.gz 904671881 False 904671881
run21134.mid.gz 908081680 False 908081680
run21135.mid.gz 908160902 False 908160902
run21136.mid.gz 911695299 False 911695299
run21137.mid.gz 908069966 False 908069966
run21141.mid.gz 904520327 False 904520327
run21142.mid.gz 908064761 False 908064761
run21143.mid.gz 900838173 False 900838173
run21144.mid.gz 907970363 False 907970363
run21145.mid.gz 900813694 False 900813694
run21146.mid.gz 904438533 False 904438533
run21147.mid.gz 911547620 False 911547620
run21148.mid.gz 900857767 False 900857767
run21149.mid.gz 904402284 False 904402284
run21150.mid.gz 904367419 False 904367419
run21151.mid.gz 907961855 False 907961855
run21152.mid.gz 900717258 False 900717258
run21153.mid.gz 904546378 False 904546378
run21154.mid.gz 908087038 False 908087038
run21155.mid.gz 911655155 False 911655155
run21156.mid.gz 908088212 False 908088212
run21157.mid.gz 904450986 False 904450986
run21158.mid.gz 908027436 False 908027436
run21159.mid.gz 908078202 False 908078202
run21160.mid.gz 908084500 False 908084500
run21161.mid.gz 907978821 False 907978821
run21162.mid.gz 904442812 False 904442812
run21163.mid.gz 904485070 False 904485070
run21164.mid.gz 908076845 False 908076845
run21165.mid.gz 907963643 False 907963643
run21166.mid.gz 904458926 False 904458926
run21167.mid.gz 907973248 False 907973248
run21168.mid.gz 908043616 False 908043616
run21169.mid.gz 912590189 False 912590189
run21170.mid.gz 911696045 False 911696045
run21171.mid.gz 908023017 False 908023017
run21172.mid.gz 900896127 False 900896127
run21173.mid.gz 900804181 False 900804181
run21174.mid.gz 900910911 False 900910911
run21175.mid.gz 911693706 False 911693706
run21176.mid.gz 915249613 False 915249613
run21177.mid.gz 908157659 False 908157659
run21178.mid.gz 908061914 False 908061914
run21179.mid.gz 904621980 False 904621980
run21180.mid.gz 900776408 False 900776408
run21181.mid.gz 904597436 False 904597436
run21182.mid.gz 900939234 False 900939234
run21183.mid.gz 904614462 False 904614462
run21184.mid.gz 900951379 False 900951379
run21185.mid.gz 908179425 False 908179425
run21186.mid.gz 908170486 False 908170486
run21187.mid.gz 904439875 False 904439875
run21188.mid.gz 908076244 False 908076244
run21189.mid.gz 911770611 False 911770611
run21190.mid.gz 908151495 False 908151495
run21191.mid.gz 900806951 False 900806951
run21192.mid.gz 904590944 False 904590944
run21193.mid.gz 911713202 False 911713202
run21194.mid.gz 904538483 False 904538483
run21195.mid.gz 904654902 False 904654902
run21196.mid.gz 904546212 False 904546212
run21197.mid.gz 904634031 False 904634031
run21198.mid.gz 904514871 False 904514871
run21199.mid.gz 904622588 False 904622588
run21200.mid.gz 901074064 False 901074064
run21202.mid.gz 904469026 False 904469026
run21203.mid.gz 900902487 False 900902487
run21204.mid.gz 911765893 False 911765893
run21205.mid.gz 904520934 False 904520934
run21206.mid.gz 900925273 False 900925273
run21207.mid.gz 904643167 False 904643167
run21208.mid.gz 900889700 False 900889700
run21209.mid.gz 908105760 False 908105760
run21210.mid.gz 904529538 False 904529538
run21211.mid.gz 904512105 False 904512105
run21212.mid.gz 900934418 False 900934418
run21213.mid.gz 908186130 False 908186130
run21214.mid.gz 908102672 False 908102672
run21215.mid.gz 904529067 False 904529067
run21216.mid.gz 904562515 False 904562515
run21217.mid.gz 900898810 False 900898810
run21218.mid.gz 911730135 False 911730135
run21219.mid.gz 908087360 False 908087360
run21220.mid.gz 900899091 False 900899091
run21221.mid.gz 901076117 False 901076117
run21222.mid.gz 908231796 False 908231796
run21223.mid.gz 901011730 False 901011730
run21224.mid.gz 908212950 False 908212950
run21225.mid.gz 908149373 False 908149373
run21226.mid.gz 904543707 False 904543707
run21227.mid.gz 904604017 False 904604017
run21228.mid.gz 900914768 False 900914768
run21229.mid.gz 904551552 False 904551552
run21230.mid.gz 904530369 False 904530369
run21231.mid.gz 900920136 False 900920136
run21232.mid.gz 900975568 False 900975568
run21233.mid.gz 900953024 False 900953024
run21234.mid.gz 904611997 False 904611997
run21235.mid.gz 904509304 False 904509304
run21236.mid.gz 901025066 False 901025066
run21237.mid.gz 908149324 False 908149324
run21238.mid.gz 901025214 False 901025214
run21239.mid.gz 908237116 False 908237116
run21240.mid.gz 908149606 False 908149606
run21241.mid.gz 900985945 False 900985945
run21242.mid.gz 908143272 False 908143272
run21243.mid.gz 904435947 False 904435947
run21244.mid.gz 900859993 False 900859993
run21245.mid.gz 904493763 False 904493763
run21246.mid.gz 908138786 False 908138786
run21247.mid.gz 904465230 False 904465230
run21248.mid.gz 908083114 False 908083114
run21249.mid.gz 901002178 False 901002178
run21250.mid.gz 911754086 False 911754086
run21251.mid.gz 911761058 False 911761058
run21252.mid.gz 904537185 False 904537185
run21253.mid.gz 900930549 False 900930549
run21254.mid.gz 901013912 False 901013912
run21255.mid.gz 908179098 False 908179098
run21256.mid.gz 904565202 False 904565202
run21257.mid.gz 904581579 False 904581579
run21258.mid.gz 904559836 False 904559836
run21259.mid.gz 900978492 False 900978492
run21260.mid.gz 904514947 False 904514947
run21261.mid.gz 900969259 False 900969259
run21263.mid.gz 908997447 False 908997447
run21264.mid.gz 909076379 False 909076379
run21265.mid.gz 905335472 False 905335472
run21266.mid.gz 912538850 False 912538850
run21267.mid.gz 905321968 False 905321968
run21268.mid.gz 912425767 False 912425767
run21269.mid.gz 912513243 False 912513243
run21270.mid.gz 905265742 False 905265742
run21271.mid.gz 912410061 False 912410061
run21272.mid.gz 905227836 False 905227836
run21273.mid.gz 908683219 False 908683219
run21274.mid.gz 901690141 False 901690141
run21275.mid.gz 905064543 False 905064543
run21276.mid.gz 905098597 False 905098597
run21277.mid.gz 908859810 False 908859810
run21278.mid.gz 912469635 False 912469635
run21279.mid.gz 905245411 False 905245411
run21280.mid.gz 901959869 False 901959869
run21281.mid.gz 909139527 False 909139527
run21282.mid.gz 902097690 False 902097690
run21283.mid.gz 902027390 False 902027390
run21284.mid.gz 908886092 False 908886092
run21285.mid.gz 905697569 False 905697569
run21369.mid.gz 6876148635 False 0
run21345.mid.gz 907281732 False 907281732
run21346.mid.gz 914618949 False 914618949
run21347.mid.gz 914603519 False 914603519
run21348.mid.gz 907264258 False 907264258
run21349.mid.gz 914519183 False 914519183
run21350.mid.gz 914622329 False 914622329
run21351.mid.gz 910969716 False 910969716
run21352.mid.gz 914636439 False 914636439
run21353.mid.gz 910925244 False 910925244
run21354.mid.gz 918845311 False 918845311
run21355.mid.gz 914367322 False 914367322
run21356.mid.gz 910754686 False 910754686
run21357.mid.gz 903748843 False 903748843
run21358.mid.gz 914431247 False 914431247
run21359.mid.gz 910931130 False 910931130
run21360.mid.gz 907224277 False 907224277
run21361.mid.gz 914290208 False 914290208
run21362.mid.gz 903334508 False 903334508
run21363.mid.gz 914185373 False 914185373
run21364.mid.gz 1199502672 False 1199502672
run21365.mid.gz 906594857 False 906594857
run21366.mid.gz 909713256 False 909713256
run21367.mid.gz 909687547 False 909687547
run21368.mid.gz 905946488 False 905946488
run21370.mid.gz 909726851 False 909726851
run21371.mid.gz 906157455 False 906157455
run21372.mid.gz 906188093 False 906188093
run21373.mid.gz 909802517 False 909802517
run21374.mid.gz 913828373 False 913828373
run21375.mid.gz 909944192 False 909944192
run21376.mid.gz 906362446 False 906362446
run21377.mid.gz 913961868 False 913961868
run21378.mid.gz 910341400 False 910341400
run21379.mid.gz 906567738 False 906567738
run21380.mid.gz 913854669 False 913854669
run21381.mid.gz 913962764 False 913962764
run21382.mid.gz 910589742 False 910589742
run21383.mid.gz 918022392 False 918022392
run21384.mid.gz 907127668 False 907127668
run21385.mid.gz 907064297 False 907064297
run21386.mid.gz 910925504 False 910925504
run21387.mid.gz 903902773 False 903902773
run21388.mid.gz 910912353 False 910912353
run21389.mid.gz 914574977 False 914574977
run21390.mid.gz 2281423368 False 2281423368
run21391.mid.gz 906154443 False 906154443
run21392.mid.gz 917285480 False 917285480
run21393.mid.gz 906530823 False 906530823
run21394.mid.gz 910253791 False 910253791
run21395.mid.gz 910265146 False 910265146
run21396.mid.gz 914114620 False 914114620
run21397.mid.gz 910327561 False 910327561
run21398.mid.gz 910321640 False 910321640
run21399.mid.gz 906755020 False 906755020
run21400.mid.gz 903321609 False 903321609
run21401.mid.gz 911010812 False 911010812
run21402.mid.gz 910656252 False 910656252
run21403.mid.gz 918343409 False 918343409
run21404.mid.gz 907313578 False 907313578
run21405.mid.gz 914931131 False 914931131
run21406.mid.gz 923988904 False 923988904
run21407.mid.gz 914022313 False 914022313
run21408.mid.gz 928580713 False 928580713
run21409.mid.gz 921030103 False 921030103
run21410.mid.gz 916997153 False 916997153
run21411.mid.gz 366913816 False 366913816
run21415.mid.gz 904751443 False 904751443
run21416.mid.gz 904760975 False 904760975
run21417.mid.gz 904615922 False 904615922
run21418.mid.gz 904717555 False 904717555
run21419.mid.gz 905746217 False 905746217
run21286.mid.gz 905598648 False 905598648
run21287.mid.gz 901908961 False 901908961
run21288.mid.gz 905689305 False 905689305
run21289.mid.gz 912891989 False 912891989
run21290.mid.gz 905748109 False 905748109
run21291.mid.gz 905517213 False 905517213
run21292.mid.gz 901769015 False 901769015
run21293.mid.gz 908922847 False 908922847
run21294.mid.gz 909312907 False 909312907
run21295.mid.gz 909327397 False 909327397
run21296.mid.gz 905560179 False 905560179
run21297.mid.gz 909083554 False 909083554
run21298.mid.gz 901911111 False 901911111
run21299.mid.gz 909121418 False 909121418
run21300.mid.gz 901958007 False 901958007
run21301.mid.gz 909293597 False 909293597
run21302.mid.gz 909356192 False 909356192
run21304.mid.gz 916493444 False 916493444
run21305.mid.gz 902130283 False 902130283
run21306.mid.gz 909205625 False 909205625
run21307.mid.gz 902106318 False 902106318
run21308.mid.gz 905642058 False 905642058
run21309.mid.gz 905719018 False 905719018
run21310.mid.gz 905687036 False 905687036
run21311.mid.gz 912895632 False 912895632
run21312.mid.gz 909395898 False 909395898
run21313.mid.gz 916741038 False 916741038
run21314.mid.gz 913058545 False 913058545
run21315.mid.gz 909291024 False 909291024
run21316.mid.gz 912857347 False 912857347
run21317.mid.gz 916467277 False 916467277
run21318.mid.gz 909264048 False 909264048
run21319.mid.gz 909502249 False 909502249
run21320.mid.gz 905822428 False 905822428
run21321.mid.gz 912778657 False 912778657
run21322.mid.gz 909425903 False 909425903
run21323.mid.gz 905701788 False 905701788
run21324.mid.gz 902071027 False 902071027
run21325.mid.gz 909488739 False 909488739
run21326.mid.gz 909472421 False 909472421
run21327.mid.gz 909419872 False 909419872
run21328.mid.gz 909346372 False 909346372
run21329.mid.gz 909425221 False 909425221
run21330.mid.gz 909425771 False 909425771
run21331.mid.gz 909442206 False 909442206
run21332.mid.gz 913120307 False 913120307
run21333.mid.gz 905832921 False 905832921
run21334.mid.gz 909418067 False 909418067
run21335.mid.gz 909571387 False 909571387
run21336.mid.gz 907503714 False 907503714
run21337.mid.gz 907306996 False 907306996
run21338.mid.gz 914501065 False 914501065
run21339.mid.gz 907301122 False 907301122
run21340.mid.gz 914425153 False 914425153
run21341.mid.gz 907312839 False 907312839
run21342.mid.gz 914456681 False 914456681
run21343.mid.gz 907387323 False 907387323
run21344.mid.gz 903758235 False 903758235
run21420.mid.gz 901159054 False 901159054
run21421.mid.gz 903748572 False 903748572
run21422.mid.gz 901192790 False 901192790
run21423.mid.gz 901368333 False 901368333
run21424.mid.gz 904846223 False 904846223
run21425.mid.gz 904943789 False 904943789
run21426.mid.gz 904924158 False 904924158
run21427.mid.gz 901526701 False 901526701
run21428.mid.gz 908613923 False 908613923
run21429.mid.gz 905161771 False 905161771
run21430.mid.gz 901501347 False 901501347
run21431.mid.gz 908863277 False 908863277
run21432.mid.gz 905206341 False 905206341
run21433.mid.gz 905117404 False 905117404
run21434.mid.gz 901511696 False 901511696
run21435.mid.gz 901284141 False 901284141
run21436.mid.gz 904853848 False 904853848
run21437.mid.gz 908412907 False 908412907
run21438.mid.gz 904824622 False 904824622
run21439.mid.gz 904889501 False 904889501
run21440.mid.gz 901318827 False 901318827
run21441.mid.gz 901261851 False 901261851
run21442.mid.gz 911308209 False 911308209
run21443.mid.gz 912244002 False 912244002
run21444.mid.gz 908405169 False 908405169
run21445.mid.gz 908716626 False 908716626
run21446.mid.gz 908678671 False 908678671
run21447.mid.gz 908681656 False 908681656
run21448.mid.gz 908732731 False 908732731
run21449.mid.gz 905022174 False 905022174
run21450.mid.gz 904979652 False 904979652
run21451.mid.gz 956362922 False 956362922
run21452.mid.gz 912724214 False 912724214
run21453.mid.gz 922876765 False 922876765
run21454.mid.gz 910638447 False 910638447
run21455.mid.gz 901100489 False 901100489
run21456.mid.gz 908169961 False 908169961
run21457.mid.gz 900973065 False 900973065
run21458.mid.gz 911789600 False 911789600
run21459.mid.gz 904919078 False 904919078
run21460.mid.gz 904993500 False 904993500
run21461.mid.gz 905489893 False 905489893
run21462.mid.gz 909058865 False 909058865
run21463.mid.gz 913057176 False 913057176
run21464.mid.gz 902150669 False 902150669
run21465.mid.gz 909392093 False 909392093
run21466.mid.gz 916607786 False 916607786
run21467.mid.gz 909715509 False 909715509
run21468.mid.gz 906462760 False 906462760
run21469.mid.gz 909434912 False 909434912
run21470.mid.gz 909563746 False 909563746
run21471.mid.gz 913890957 False 913890957
run21472.mid.gz 906604487 False 906604487
run21473.mid.gz 913783645 False 913783645
run21474.mid.gz 913500440 False 913500440
run21475.mid.gz 905192361 False 905192361
run21476.mid.gz 912739533 False 912739533
run21477.mid.gz 909244145 False 909244145
run21478.mid.gz 904285328 False 904285328
run21479.mid.gz 912658493 False 912658493
run21480.mid.gz 909087469 False 909087469
run21481.mid.gz 905309735 False 905309735
run21482.mid.gz 912513522 False 912513522
run21483.mid.gz 909592329 False 909592329
run21484.mid.gz 912833722 False 912833722
run21485.mid.gz 905653248 False 905653248
run21486.mid.gz 916487810 False 916487810
run21487.mid.gz 916879934 False 916879934
run21488.mid.gz 906125711 False 906125711
run21489.mid.gz 905921710 False 905921710
run21490.mid.gz 909644983 False 909644983
run21491.mid.gz 906523919 False 906523919
run21492.mid.gz 917464648 False 917464648
run21493.mid.gz 909956915 False 909956915
run21494.mid.gz 910122850 False 910122850
run21495.mid.gz 908753524 False 908753524
run21496.mid.gz 905419948 False 905419948
run21497.mid.gz 909090731 False 909090731
run21498.mid.gz 905734669 False 905734669
run21499.mid.gz 912999247 False 912999247
run21500.mid.gz 909521290 False 909521290
run21501.mid.gz 909843639 False 909843639
run21502.mid.gz 913863909 False 913863909
run21503.mid.gz 902896228 False 902896228
run21504.mid.gz 913656584 False 913656584
run21505.mid.gz 906308402 False 906308402
run21506.mid.gz 903051870 False 903051870
run21507.mid.gz 906890160 False 906890160
run21508.mid.gz 914278263 False 914278263
run21509.mid.gz 910436371 False 910436371
run21510.mid.gz 914355168 False 914355168
run21511.mid.gz 907508742 False 907508742
run21512.mid.gz 903376953 False 903376953
run21513.mid.gz 910896103 False 910896103
run21514.mid.gz 907465152 False 907465152
run21516.mid.gz 904285402 False 904285402
run21517.mid.gz 907894966 False 907894966
run21518.mid.gz 904255792 False 904255792
run21519.mid.gz 900706828 False 900706828
run21520.mid.gz 900853927 False 900853927
run21521.mid.gz 911635645 False 911635645
run21522.mid.gz 900836623 False 900836623
run21523.mid.gz 904383583 False 904383583
run21524.mid.gz 911716424 False 911716424
run21525.mid.gz 911648342 False 911648342
run21526.mid.gz 900846928 False 900846928
run21527.mid.gz 900854295 False 900854295
run21528.mid.gz 904620055 False 904620055
run21529.mid.gz 900972503 False 900972503
run21530.mid.gz 900959634 False 900959634
run21531.mid.gz 900842303 False 900842303
run21532.mid.gz 904768123 False 904768123
run21533.mid.gz 904787737 False 904787737
run21534.mid.gz 904816015 False 904816015
run21535.mid.gz 908338875 False 908338875
run21536.mid.gz 911709908 False 911709908
run21537.mid.gz 605450779 False 605450779
run21540.mid.gz 28885357 False 28885357
run21541.mid.gz 904446935 False 904446935
run21542.mid.gz 900853826 False 900853826
run21543.mid.gz 911630215 False 911630215
run21544.mid.gz 904434789 False 904434789
run21545.mid.gz 904569125 False 904569125
run21546.mid.gz 904540642 False 904540642
run21547.mid.gz 908132716 False 908132716
run21548.mid.gz 908283307 False 908283307
run21549.mid.gz 904692968 False 904692968
run21550.mid.gz 911886560 False 911886560
run21551.mid.gz 904629623 False 904629623
run21552.mid.gz 908321357 False 908321357
run21553.mid.gz 912108923 False 912108923
run21554.mid.gz 912041972 False 912041972
run21555.mid.gz 912049113 False 912049113
run21556.mid.gz 904846478 False 904846478
run21557.mid.gz 901306555 False 901306555
run21558.mid.gz 904834582 False 904834582
run21559.mid.gz 904890965 False 904890965
run21560.mid.gz 901295654 False 901295654
run21562.mid.gz 900901414 False 900901414
run21563.mid.gz 908193008 False 908193008
run21564.mid.gz 908159734 False 908159734
run21565.mid.gz 908088873 False 908088873
run21566.mid.gz 901018452 False 901018452
run21567.mid.gz 904706634 False 904706634
run21568.mid.gz 904664677 False 904664677
run21569.mid.gz 911835529 False 911835529
run21570.mid.gz 908366158 False 908366158
run21571.mid.gz 904700712 False 904700712
run21572.mid.gz 908333258 False 908333258
run21573.mid.gz 908527615 False 908527615
run21574.mid.gz 904822962 False 904822962
run21575.mid.gz 904850081 False 904850081
run21576.mid.gz 904883794 False 904883794
run21577.mid.gz 904882184 False 904882184
run21578.mid.gz 908621619 False 908621619
run21579.mid.gz 905116082 False 905116082
run21580.mid.gz 904975188 False 904975188
run21581.mid.gz 908576563 False 908576563
run21582.mid.gz 908234690 False 908234690
run21583.mid.gz 904543620 False 904543620
run21584.mid.gz 908168000 False 908168000
run21585.mid.gz 900959620 False 900959620
run21586.mid.gz 901072638 False 901072638
run21587.mid.gz 901158490 False 901158490
run21588.mid.gz 911919178 False 911919178
run21589.mid.gz 901209641 False 901209641
run21590.mid.gz 901247074 False 901247074
run21591.mid.gz 908475348 False 908475348
run21592.mid.gz 908473895 False 908473895
run21593.mid.gz 901347174 False 901347174
run21594.mid.gz 908560627 False 908560627
run21595.mid.gz 912157941 False 912157941
run21596.mid.gz 908658682 False 908658682
run21597.mid.gz 904973053 False 904973053
run21598.mid.gz 908804684 False 908804684
run21599.mid.gz 901463366 False 901463366
run21600.mid.gz 905027110 False 905027110
run21601.mid.gz 901523926 False 901523926
run21603.mid.gz 908418603 False 908418603
run21604.mid.gz 905039037 False 905039037
run21605.mid.gz 908752737 False 908752737
run21606.mid.gz 901445294 False 901445294
run21607.mid.gz 915920946 False 915920946
run21608.mid.gz 901541599 False 901541599
run21609.mid.gz 901562747 False 901562747
run21610.mid.gz 912314558 False 912314558
run21611.mid.gz 908976228 False 908976228
run21612.mid.gz 908873912 False 908873912
run21613.mid.gz 908912836 False 908912836
run21614.mid.gz 905313383 False 905313383
run21615.mid.gz 901880401 False 901880401
run21616.mid.gz 901810496 False 901810496
run21617.mid.gz 901812662 False 901812662
run21618.mid.gz 912640077 False 912640077
run21619.mid.gz 905598229 False 905598229
run21620.mid.gz 909180758 False 909180758
run21621.mid.gz 905475184 False 905475184
run21622.mid.gz 908980430 False 908980430
run21623.mid.gz 908437990 False 908437990
run21624.mid.gz 901203558 False 901203558
run21625.mid.gz 901164047 False 901164047
run21626.mid.gz 904854741 False 904854741
run21627.mid.gz 904999801 False 904999801
run21628.mid.gz 901293179 False 901293179
run21629.mid.gz 908596082 False 908596082
run21630.mid.gz 908597765 False 908597765
run21631.mid.gz 912234800 False 912234800
run21632.mid.gz 901509555 False 901509555
run21633.mid.gz 908676050 False 908676050
run21634.mid.gz 905056881 False 905056881
run21635.mid.gz 905300055 False 905300055
run21636.mid.gz 905267457 False 905267457
run21637.mid.gz 905265168 False 905265168
run21638.mid.gz 909049077 False 909049077
run21639.mid.gz 909231495 False 909231495
run21640.mid.gz 909081346 False 909081346
run21641.mid.gz 912602446 False 912602446
run21642.mid.gz 909070682 False 909070682
run21645.mid.gz 900688236 False 900688236
run21646.mid.gz 904368823 False 904368823
run21647.mid.gz 904268666 False 904268666
run21648.mid.gz 907829256 False 907829256
run21656.mid.gz 904543899 False 904543899
run21657.mid.gz 904657575 False 904657575
run21658.mid.gz 900915419 False 900915419
run21659.mid.gz 908135364 False 908135364
run21661.mid.gz 904224197 False 904224197
run21662.mid.gz 911438688 False 911438688
run21663.mid.gz 900601759 False 900601759
run21664.mid.gz 904225056 False 904225056
run21665.mid.gz 904321810 False 904321810
run21666.mid.gz 900691545 False 900691545
run21667.mid.gz 904329077 False 904329077
run21668.mid.gz 907833250 False 907833250
run21669.mid.gz 904386204 False 904386204
run21670.mid.gz 904359697 False 904359697
run21671.mid.gz 904336174 False 904336174
run21672.mid.gz 900771329 False 900771329
run21673.mid.gz 900796285 False 900796285
run21674.mid.gz 904363113 False 904363113
run21675.mid.gz 900839771 False 900839771
run21676.mid.gz 900837639 False 900837639
run21677.mid.gz 900935207 False 900935207
run21678.mid.gz 900959597 False 900959597
run21679.mid.gz 904491720 False 904491720
run21680.mid.gz 904598145 False 904598145
run21682.mid.gz 900745469 False 900745469
run21683.mid.gz 907986160 False 907986160
run21684.mid.gz 900769102 False 900769102
run21685.mid.gz 904307519 False 904307519
run21686.mid.gz 900801699 False 900801699
run21687.mid.gz 908089862 False 908089862
run21688.mid.gz 900815299 False 900815299
run21689.mid.gz 900843068 False 900843068
run21690.mid.gz 904513275 False 904513275
run21691.mid.gz 904474746 False 904474746
run21692.mid.gz 904520313 False 904520313
run21693.mid.gz 900920726 False 900920726
run21694.mid.gz 911781725 False 911781725
run21695.mid.gz 908102776 False 908102776
run21696.mid.gz 900974900 False 900974900
run21697.mid.gz 904630693 False 904630693
run21698.mid.gz 904642812 False 904642812
run21699.mid.gz 908236621 False 908236621
run21700.mid.gz 901052251 False 901052251
run21701.mid.gz 908187428 False 908187428
run21702.mid.gz 900883744 False 900883744
run21703.mid.gz 904466891 False 904466891
run21704.mid.gz 904424929 False 904424929
run21705.mid.gz 900907627 False 900907627
run21706.mid.gz 911862581 False 911862581
run21707.mid.gz 904598584 False 904598584
run21708.mid.gz 904540204 False 904540204
run21709.mid.gz 904540242 False 904540242
run21710.mid.gz 908256215 False 908256215
run21711.mid.gz 904654201 False 904654201
run21712.mid.gz 901019840 False 901019840
run21713.mid.gz 904553870 False 904553870
run21714.mid.gz 904711656 False 904711656
run21715.mid.gz 901146834 False 901146834
run21716.mid.gz 904777415 False 904777415
run21717.mid.gz 904724438 False 904724438
run21718.mid.gz 904745709 False 904745709
run21719.mid.gz 908347848 False 908347848
run21720.mid.gz 904751938 False 904751938
run21721.mid.gz 901167495 False 901167495
run21723.mid.gz 900913933 False 900913933
run21724.mid.gz 904604107 False 904604107
run21725.mid.gz 904635213 False 904635213
run21726.mid.gz 908270407 False 908270407
run21727.mid.gz 764116243 False 764116243
run21728.mid.gz 904663235 False 904663235
run21729.mid.gz 904695073 False 904695073
run21730.mid.gz 908208200 False 908208200
run21731.mid.gz 904620585 False 904620585
run21732.mid.gz 904656917 False 904656917
run21733.mid.gz 908331271 False 908331271
run21734.mid.gz 901144846 False 901144846
run21735.mid.gz 908463734 False 908463734
run21736.mid.gz 905018330 False 905018330
run21737.mid.gz 901370515 False 901370515
run21738.mid.gz 901394992 False 901394992
run21739.mid.gz 905089754 False 905089754
run21740.mid.gz 901592241 False 901592241
run21741.mid.gz 905074732 False 905074732
run21742.mid.gz 901621007 False 901621007
run21743.mid.gz 901539697 False 901539697
run21744.mid.gz 905082554 False 905082554
run21745.mid.gz 905094681 False 905094681
run21746.mid.gz 905030527 False 905030527
run21747.mid.gz 901398548 False 901398548
run21748.mid.gz 912336487 False 912336487
run21749.mid.gz 905057916 False 905057916
run21750.mid.gz 908693081 False 908693081
run21751.mid.gz 905055882 False 905055882
run21752.mid.gz 905111399 False 905111399
run21753.mid.gz 901412825 False 901412825
run21754.mid.gz 901359230 False 901359230
run21755.mid.gz 905041562 False 905041562
run21756.mid.gz 912243609 False 912243609
run21757.mid.gz 912304949 False 912304949
run21758.mid.gz 901436911 False 901436911
run21759.mid.gz 908567608 False 908567608
run21760.mid.gz 912271995 False 912271995
run21761.mid.gz 901439886 False 901439886
run21762.mid.gz 905008519 False 905008519
run21763.mid.gz 912188857 False 912188857
run21765.mid.gz 904518523 False 904518523
run21766.mid.gz 901055291 False 901055291
run21767.mid.gz 908262747 False 908262747
run21768.mid.gz 904697666 False 904697666
run21769.mid.gz 904738559 False 904738559
run21770.mid.gz 901034428 False 901034428
run21771.mid.gz 901121904 False 901121904
run21772.mid.gz 904715586 False 904715586
run21773.mid.gz 904684259 False 904684259
run21774.mid.gz 908274536 False 908274536
run21775.mid.gz 901057954 False 901057954
run21776.mid.gz 908394680 False 908394680
run21777.mid.gz 908466530 False 908466530
run21778.mid.gz 904733567 False 904733567
run21779.mid.gz 904658512 False 904658512
run21780.mid.gz 901056577 False 901056577
run21781.mid.gz 908376685 False 908376685
run21782.mid.gz 904718808 False 904718808
run21783.mid.gz 901151501 False 901151501
run21784.mid.gz 904679042 False 904679042
run21785.mid.gz 900771661 False 900771661
run21786.mid.gz 904361934 False 904361934
run21787.mid.gz 904237591 False 904237591
run21788.mid.gz 900736839 False 900736839
run21789.mid.gz 904460248 False 904460248
run21790.mid.gz 904473930 False 904473930
run21791.mid.gz 904578657 False 904578657
run21792.mid.gz 904607302 False 904607302
run21793.mid.gz 904580363 False 904580363
run21794.mid.gz 900873484 False 900873484
run21795.mid.gz 904411358 False 904411358
run21796.mid.gz 904400551 False 904400551
run21797.mid.gz 904461871 False 904461871
run21798.mid.gz 904431080 False 904431080
run21799.mid.gz 908005638 False 908005638
run21800.mid.gz 904352573 False 904352573
run21801.mid.gz 904442218 False 904442218
run21802.mid.gz 900767340 False 900767340
run21803.mid.gz 904415205 False 904415205
run21804.mid.gz 900837939 False 900837939
run21805.mid.gz 907854290 False 907854290
run21806.mid.gz 900625463 False 900625463
run21807.mid.gz 900577001 False 900577001
run21808.mid.gz 904244916 False 904244916
run21809.mid.gz 907985170 False 907985170
run21810.mid.gz 904326145 False 904326145
run21811.mid.gz 900714654 False 900714654
run21812.mid.gz 904314161 False 904314161
run21813.mid.gz 904436183 False 904436183
run21814.mid.gz 904385658 False 904385658
run21815.mid.gz 904398095 False 904398095
run21816.mid.gz 900776574 False 900776574
run21817.mid.gz 900908075 False 900908075
run21818.mid.gz 904477988 False 904477988
run21819.mid.gz 904476996 False 904476996
run21820.mid.gz 900932258 False 900932258
run21821.mid.gz 908111048 False 908111048
run21822.mid.gz 904527989 False 904527989
run21823.mid.gz 908106879 False 908106879
run21824.mid.gz 904428166 False 904428166
run21825.mid.gz 907966701 False 907966701
run21826.mid.gz 904388022 False 904388022
run21827.mid.gz 900716880 False 900716880
run21828.mid.gz 908008060 False 908008060
run21829.mid.gz 900798470 False 900798470
run21830.mid.gz 904350086 False 904350086
run21831.mid.gz 900735830 False 900735830
run21832.mid.gz 904436464 False 904436464
run21833.mid.gz 900829441 False 900829441
run21834.mid.gz 900866823 False 900866823
run21835.mid.gz 911676726 False 911676726
run21836.mid.gz 900887170 False 900887170
run21837.mid.gz 908146357 False 908146357
run21838.mid.gz 908128505 False 908128505
run21839.mid.gz 904571403 False 904571403
run21840.mid.gz 900970115 False 900970115
run21841.mid.gz 900961399 False 900961399
run21842.mid.gz 904560900 False 904560900
run21843.mid.gz 904528502 False 904528502
run21844.mid.gz 904551164 False 904551164
run21845.mid.gz 900807383 False 900807383
run21846.mid.gz 900824049 False 900824049
run21847.mid.gz 900849395 False 900849395
run21848.mid.gz 904403059 False 904403059
run21849.mid.gz 904440402 False 904440402
run21850.mid.gz 900809416 False 900809416
run21851.mid.gz 904451892 False 904451892
run21852.mid.gz 900803379 False 900803379
run21853.mid.gz 900856482 False 900856482
run21854.mid.gz 900847711 False 900847711
run21855.mid.gz 908057632 False 908057632
run21856.mid.gz 904425996 False 904425996
run21857.mid.gz 908117210 False 908117210
run21858.mid.gz 900849314 False 900849314
run21859.mid.gz 900881482 False 900881482
run21860.mid.gz 900960109 False 900960109
run21861.mid.gz 900913475 False 900913475
run21862.mid.gz 904476787 False 904476787
run21863.mid.gz 904548863 False 904548863
run21864.mid.gz 900882433 False 900882433
run21865.mid.gz 900901617 False 900901617
run21866.mid.gz 904476995 False 904476995
run21867.mid.gz 900821748 False 900821748
run21868.mid.gz 900806276 False 900806276
run21869.mid.gz 900910460 False 900910460
run21870.mid.gz 908145637 False 908145637
run21871.mid.gz 900980429 False 900980429
run21872.mid.gz 900920931 False 900920931
run21873.mid.gz 900890909 False 900890909
run21874.mid.gz 900920355 False 900920355
run21875.mid.gz 904625139 False 904625139
run21876.mid.gz 900930750 False 900930750
run21877.mid.gz 904610969 False 904610969
run21878.mid.gz 900953446 False 900953446
run21879.mid.gz 900960326 False 900960326
run21880.mid.gz 911887403 False 911887403
run21881.mid.gz 904717152 False 904717152
run21882.mid.gz 911940455 False 911940455
run21883.mid.gz 904723710 False 904723710
run21884.mid.gz 904692250 False 904692250
run21886.mid.gz 904530246 False 904530246
run21887.mid.gz 900958857 False 900958857
run21888.mid.gz 908212266 False 908212266
run21889.mid.gz 908171759 False 908171759
run21890.mid.gz 904593669 False 904593669
run21891.mid.gz 900954581 False 900954581
run21892.mid.gz 904536503 False 904536503
run21893.mid.gz 900948765 False 900948765
run21894.mid.gz 900964573 False 900964573
run21895.mid.gz 904536713 False 904536713
run21896.mid.gz 900910026 False 900910026
run21897.mid.gz 904546601 False 904546601
run21898.mid.gz 908079710 False 908079710
run21899.mid.gz 908118641 False 908118641
run21900.mid.gz 908062194 False 908062194
run21901.mid.gz 900832937 False 900832937
run21902.mid.gz 900883742 False 900883742
run21903.mid.gz 908067513 False 908067513
run21904.mid.gz 900829775 False 900829775
run21905.mid.gz 908008741 False 908008741
run21907.mid.gz 727256935 False 727256935
run21909.mid.gz 1428679431 False 1428679431
run21910.mid.gz 1443004003 False 1443004003
run21911.mid.gz 1443110176 False 1443110176
run21912.mid.gz 1443000768 False 1443000768
run21913.mid.gz 1442998731 False 1442998731
run21914.mid.gz 1443073367 False 1443073367
run21915.mid.gz 1442949609 False 1442949609
run21916.mid.gz 1443018763 False 1443018763
run21917.mid.gz 1443028798 False 1443028798
run21918.mid.gz 1443165698 False 1443165698
run21919.mid.gz 1443052908 False 1443052908
run21920.mid.gz 1443061769 False 1443061769
run21921.mid.gz 1443143135 False 1443143135
run21922.mid.gz 1443213694 False 1443213694
run21923.mid.gz 1443335759 False 1443335759
run21924.mid.gz 1443470029 False 1443470029
run21925.mid.gz 1443348166 False 1443348166
run21926.mid.gz 1443134442 False 1443134442
run21927.mid.gz 1443153618 False 1443153618
run21928.mid.gz 1443264841 False 1443264841
run21929.mid.gz 1443164643 False 1443164643
run21930.mid.gz 1443151523 False 1443151523
run21931.mid.gz 1443144043 False 1443144043
run21932.mid.gz 1443210768 False 1443210768
run21933.mid.gz 1443208275 False 1443208275
run21934.mid.gz 1443213350 False 1443213350
run21935.mid.gz 1443224889 False 1443224889
run21936.mid.gz 1443209727 False 1443209727
run21937.mid.gz 1443278465 False 1443278465
run21938.mid.gz 1443275488 False 1443275488
run21939.mid.gz 1446898096 False 1446898096
run21940.mid.gz 1443287966 False 1443287966
run21941.mid.gz 1443503194 False 1443503194
run21942.mid.gz 1443419075 False 1443419075
run21943.mid.gz 1443324352 False 1443324352
run21944.mid.gz 1443243959 False 1443243959
run21945.mid.gz 1443170457 False 1443170457
run21946.mid.gz 1443320615 False 1443320615
run21947.mid.gz 1444099780 False 1444099780
run21948.mid.gz 1443529812 False 1443529812
run21949.mid.gz 1443325337 False 1443325337
run21950.mid.gz 1443505137 False 1443505137
run21951.mid.gz 1443387086 False 1443387086
run21952.mid.gz 1443261536 False 1443261536
run21953.mid.gz 1443303205 False 1443303205
run21954.mid.gz 1443283146 False 1443283146
run21955.mid.gz 1443342655 False 1443342655
run21956.mid.gz 1443287060 False 1443287060
run21957.mid.gz 1443390060 False 1443390060
run21958.mid.gz 1443339181 False 1443339181
run21959.mid.gz 1443462315 False 1443462315
run21960.mid.gz 1443461522 False 1443461522
run21961.mid.gz 1443236478 False 1443236478
run21962.mid.gz 1443405063 False 1443405063
run21963.mid.gz 1443343038 False 1443343038
run21964.mid.gz 1443592212 False 1443592212
run21965.mid.gz 1443336030 False 1443336030
run21966.mid.gz 1443400129 False 1443400129
run21967.mid.gz 1443486485 False 1443486485
run21968.mid.gz 1443362931 False 1443362931
run21969.mid.gz 1447140606 False 1447140606
run21970.mid.gz 1443520889 False 1443520889
run21971.mid.gz 1443706037 False 1443706037
run21972.mid.gz 1443646000 False 1443646000
run21973.mid.gz 1443538194 False 1443538194
run21974.mid.gz 1443431770 False 1443431770
run21975.mid.gz 1443457352 False 1443457352
run21976.mid.gz 1443664398 False 1443664398
run21977.mid.gz 1443688743 False 1443688743
run21978.mid.gz 1443520554 False 1443520554
run21979.mid.gz 1443612442 False 1443612442
run21980.mid.gz 1443447569 False 1443447569
run21981.mid.gz 1443532540 False 1443532540
run21982.mid.gz 1443544000 False 1443544000
run21983.mid.gz 1443571427 False 1443571427
run21984.mid.gz 1443727309 False 1443727309
run21985.mid.gz 1443348603 False 1443348603
run21986.mid.gz 1443430050 False 1443430050
run21987.mid.gz 1443398383 False 1443398383
run21988.mid.gz 1443461917 False 1443461917
run21989.mid.gz 1443544291 False 1443544291
run21990.mid.gz 1443494882 False 1443494882
run21991.mid.gz 1443572789 False 1443572789
run21992.mid.gz 1447160599 False 1447160599
run21993.mid.gz 1443624425 False 1443624425
run21994.mid.gz 1443483342 False 1443483342
run21995.mid.gz 1443770452 False 1443770452
run21996.mid.gz 1443676180 False 1443676180
run21997.mid.gz 1443409174 False 1443409174
run21998.mid.gz 1443482643 False 1443482643
run21999.mid.gz 1447258928 False 1447258928
run22000.mid.gz 1443620610 False 1443620610
run22001.mid.gz 1443710127 False 1443710127
run22002.mid.gz 1443740571 False 1443740571
run22003.mid.gz 1443784798 False 1443784798
run22004.mid.gz 1443635028 False 1443635028
run22005.mid.gz 1443866056 False 1443866056
run22006.mid.gz 1443683238 False 1443683238
run22007.mid.gz 1443618617 False 1443618617
run22008.mid.gz 1443809836 False 1443809836
run22009.mid.gz 1443671909 False 1443671909
run22010.mid.gz 1443626093 False 1443626093
run22011.mid.gz 1443706803 False 1443706803
run22012.mid.gz 1443750878 False 1443750878
run22013.mid.gz 1443775214 False 1443775214
run22014.mid.gz 1443866489 False 1443866489
run22015.mid.gz 1443712631 False 1443712631
run22016.mid.gz 1443684899 False 1443684899
run22017.mid.gz 1443769398 False 1443769398
run22018.mid.gz 1443607885 False 1443607885
run22019.mid.gz 1443659830 False 1443659830
run22020.mid.gz 1443715194 False 1443715194
run22021.mid.gz 1443746627 False 1443746627
run22022.mid.gz 1443830086 False 1443830086
run22023.mid.gz 1443611053 False 1443611053
run22024.mid.gz 1443761994 False 1443761994
run22025.mid.gz 1443873807 False 1443873807
run22026.mid.gz 1443796344 False 1443796344
run22027.mid.gz 1443611385 False 1443611385
run22028.mid.gz 1443794021 False 1443794021
run22029.mid.gz 1447493371 False 1447493371
run22030.mid.gz 1444015347 False 1444015347
run22031.mid.gz 1443741767 False 1443741767
run22032.mid.gz 1443990647 False 1443990647
run22033.mid.gz 1443989109 False 1443989109
run22034.mid.gz 1443955349 False 1443955349
run22035.mid.gz 1443928998 False 1443928998
run22036.mid.gz 1444087864 False 1444087864
run22037.mid.gz 1443891990 False 1443891990
run22038.mid.gz 1447349995 False 1447349995
run22039.mid.gz 1443976321 False 1443976321
run22040.mid.gz 1443718314 False 1443718314
run22041.mid.gz 1443957370 False 1443957370
run22042.mid.gz 1443895418 False 1443895418
run22043.mid.gz 1443979629 False 1443979629
run22044.mid.gz 1444015967 False 1444015967
run22045.mid.gz 1443755543 False 1443755543
run22046.mid.gz 1443928287 False 1443928287
run22047.mid.gz 1443806045 False 1443806045
run22048.mid.gz 1443896312 False 1443896312
run22049.mid.gz 1443942120 False 1443942120
run22050.mid.gz 1443926443 False 1443926443
run22051.mid.gz 1444015682 False 1444015682
run22052.mid.gz 1443853968 False 1443853968
run22053.mid.gz 1444062950 False 1444062950
run22054.mid.gz 1444039370 False 1444039370
run22055.mid.gz 1444090962 False 1444090962
run22056.mid.gz 1443811900 False 1443811900
run22057.mid.gz 1443824395 False 1443824395
run22058.mid.gz 1443764852 False 1443764852
run22072.mid.gz 744957780 False 744957780
run22073.mid.gz 1418403333 False 1418403333
run22074.mid.gz 1415147615 False 1415147615
run22075.mid.gz 1415804486 False 1415804486
run22076.mid.gz 1420568619 False 1420568619
run22077.mid.gz 1420532652 False 1420532652
run22078.mid.gz 1420360317 False 1420360317
run22079.mid.gz 1420368370 False 1420368370
run22080.mid.gz 1420454953 False 1420454953
run22081.mid.gz 1420646258 False 1420646258
run22082.mid.gz 1420665323 False 1420665323
run22083.mid.gz 1420484514 False 1420484514
run22084.mid.gz 1420613832 False 1420613832
run22085.mid.gz 1421028250 False 1421028250
run22086.mid.gz 1421388414 False 1421388414
run22087.mid.gz 1421566373 False 1421566373
run22088.mid.gz 1421288498 False 1421288498
run22089.mid.gz 1420798342 False 1420798342
run22090.mid.gz 1420934372 False 1420934372
run22091.mid.gz 1420856329 False 1420856329
run22092.mid.gz 1420905485 False 1420905485
run22093.mid.gz 1420720627 False 1420720627
run22094.mid.gz 1420679587 False 1420679587
run22095.mid.gz 1415915338 False 1415915338
run22096.mid.gz 1415728571 False 1415728571
run22097.mid.gz 1415788561 False 1415788561
run22098.mid.gz 1415789047 False 1415789047
run22099.mid.gz 1415987787 False 1415987787
run22100.mid.gz 1415781314 False 1415781314
run22101.mid.gz 1420336479 False 1420336479
run22102.mid.gz 1420476520 False 1420476520
run22103.mid.gz 1420599597 False 1420599597
run22104.mid.gz 1420728663 False 1420728663
run22105.mid.gz 1420658238 False 1420658238
run22106.mid.gz 1420783789 False 1420783789
run22107.mid.gz 1420755753 False 1420755753
run22108.mid.gz 1420715338 False 1420715338
run22109.mid.gz 1420690109 False 1420690109
run22110.mid.gz 1420697803 False 1420697803
run22111.mid.gz 1420633968 False 1420633968
run22112.mid.gz 1420428440 False 1420428440
run22113.mid.gz 1420630267 False 1420630267
run22114.mid.gz 1420702687 False 1420702687
run22115.mid.gz 1420596558 False 1420596558
run22116.mid.gz 1420563612 False 1420563612
run22117.mid.gz 1420454335 False 1420454335
run22118.mid.gz 1420631648 False 1420631648
run22119.mid.gz 1420645917 False 1420645917
run22120.mid.gz 1420675920 False 1420675920
run22121.mid.gz 1420660611 False 1420660611
run22122.mid.gz 1420461617 False 1420461617
run22123.mid.gz 1420237304 False 1420237304
run22125.mid.gz 824247834 False 824247834
run22124.mid.gz 1420692119 False 1420692119
run22127.mid.gz 1415880930 False 1415880930
run22128.mid.gz 1412167365 False 1412167365
run22129.mid.gz 1414723304 False 1414723304
run22130.mid.gz 1414867454 False 1414867454
run22131.mid.gz 1414731408 False 1414731408
run22132.mid.gz 733712556 False 733712556
run22134.mid.gz 717028249 False 717028249
run22136.mid.gz 1405881075 False 1405881075
run22137.mid.gz 1405948595 False 1405948595
run22138.mid.gz 1405793228 False 1405793228
run22139.mid.gz 1406075708 False 1406075708
run22140.mid.gz 1405877753 False 1405877753
run22141.mid.gz 1405903918 False 1405903918
run22142.mid.gz 1405955631 False 1405955631
run22143.mid.gz 1405911133 False 1405911133
run22144.mid.gz 1405782691 False 1405782691
run22145.mid.gz 1405810321 False 1405810321
run22146.mid.gz 1405942633 False 1405942633
run22147.mid.gz 1405881628 False 1405881628
run22148.mid.gz 1406081349 False 1406081349
run22149.mid.gz 1405879948 False 1405879948
run22150.mid.gz 1405976903 False 1405976903
run22151.mid.gz 1406058973 False 1406058973
run22152.mid.gz 1406071127 False 1406071127
run22153.mid.gz 1405974733 False 1405974733
run22154.mid.gz 1405926266 False 1405926266
run22155.mid.gz 1405978468 False 1405978468
run22156.mid.gz 1406031114 False 1406031114
run22157.mid.gz 1405855496 False 1405855496
run22158.mid.gz 1406175759 False 1406175759
run22159.mid.gz 1405830819 False 1405830819
run22160.mid.gz 1406150612 False 1406150612
run22161.mid.gz 1406193309 False 1406193309
run22162.mid.gz 1405956227 False 1405956227
run22163.mid.gz 1406086010 False 1406086010
run22164.mid.gz 1406157319 False 1406157319
run22165.mid.gz 1405931822 False 1405931822
run22166.mid.gz 1406515196 False 1406515196
run22167.mid.gz 1406111789 False 1406111789
run22168.mid.gz 1406142597 False 1406142597
run22169.mid.gz 1406168593 False 1406168593
run22170.mid.gz 1406233252 False 1406233252
run22171.mid.gz 1406287868 False 1406287868
run22172.mid.gz 1406084470 False 1406084470
run22173.mid.gz 1405968603 False 1405968603
run22174.mid.gz 1406069466 False 1406069466
run22175.mid.gz 1406206999 False 1406206999
run22176.mid.gz 1406106718 False 1406106718
run22177.mid.gz 1406001949 False 1406001949
run22178.mid.gz 1406174797 False 1406174797
run22179.mid.gz 1406124860 False 1406124860
run22180.mid.gz 1406039156 False 1406039156
run22181.mid.gz 1406116689 False 1406116689
run22182.mid.gz 1406235366 False 1406235366
run22183.mid.gz 1406120093 False 1406120093
run22184.mid.gz 1406373065 False 1406373065
run22185.mid.gz 1406198823 False 1406198823
run22186.mid.gz 1406084319 False 1406084319
run22187.mid.gz 1406004531 False 1406004531
run22188.mid.gz 1405929913 False 1405929913
run22189.mid.gz 1406059743 False 1406059743
run22190.mid.gz 1405939586 False 1405939586
run22191.mid.gz 1405976113 False 1405976113
run22192.mid.gz 1405915210 False 1405915210
run22193.mid.gz 1406251534 False 1406251534
run22194.mid.gz 1406191668 False 1406191668
run22195.mid.gz 1406232302 False 1406232302
run22196.mid.gz 1405954998 False 1405954998
run22197.mid.gz 1406056650 False 1406056650
run22198.mid.gz 1406055743 False 1406055743
run22199.mid.gz 1406012392 False 1406012392
run22200.mid.gz 1406063629 False 1406063629
run22201.mid.gz 1406009674 False 1406009674
run22202.mid.gz 1406150200 False 1406150200
run22203.mid.gz 1406024945 False 1406024945
run22204.mid.gz 1406052272 False 1406052272
run22205.mid.gz 1406248803 False 1406248803
run22206.mid.gz 1406119967 False 1406119967
run22207.mid.gz 1405983558 False 1405983558
run22208.mid.gz 1406115460 False 1406115460
run22209.mid.gz 1406208550 False 1406208550
run22210.mid.gz 1405910722 False 1405910722
run22211.mid.gz 1406106925 False 1406106925
run22212.mid.gz 1406284408 False 1406284408
run22213.mid.gz 1406365259 False 1406365259
run22214.mid.gz 1406357209 False 1406357209
run22215.mid.gz 1406170743 False 1406170743
run22216.mid.gz 1406259580 False 1406259580
run22217.mid.gz 1406345913 False 1406345913
run22218.mid.gz 1406195854 False 1406195854
run22219.mid.gz 1406290524 False 1406290524
run22220.mid.gz 1406299340 False 1406299340
run22221.mid.gz 1406226699 False 1406226699
run22222.mid.gz 1406197865 False 1406197865
run22223.mid.gz 1406248756 False 1406248756
run22224.mid.gz 1406235775 False 1406235775
run22225.mid.gz 1406361721 False 1406361721
run22226.mid.gz 1406079200 False 1406079200
run22227.mid.gz 1406339042 False 1406339042
run22228.mid.gz 1406170820 False 1406170820
run22229.mid.gz 1406168179 False 1406168179
run22230.mid.gz 1406149789 False 1406149789
run22231.mid.gz 1406310940 False 1406310940
run22232.mid.gz 1406166763 False 1406166763
run22233.mid.gz 1406051764 False 1406051764
run22234.mid.gz 1406238113 False 1406238113
run22235.mid.gz 1406033245 False 1406033245
run22236.mid.gz 1406152368 False 1406152368
run22237.mid.gz 1406132588 False 1406132588
run22238.mid.gz 1406116280 False 1406116280
run22239.mid.gz 1406075370 False 1406075370
run22240.mid.gz 1406196565 False 1406196565
run22241.mid.gz 1406243192 False 1406243192
run22242.mid.gz 1406338251 False 1406338251
run22243.mid.gz 1406181578 False 1406181578
run22244.mid.gz 1405984659 False 1405984659
run22245.mid.gz 1406027944 False 1406027944
run22246.mid.gz 1406311039 False 1406311039
run22247.mid.gz 1406198435 False 1406198435
run22248.mid.gz 1406044309 False 1406044309
run22249.mid.gz 1406097124 False 1406097124
run22250.mid.gz 1406268247 False 1406268247
run22251.mid.gz 1406070539 False 1406070539
run22252.mid.gz 1406212170 False 1406212170
run22253.mid.gz 1406153859 False 1406153859
run22254.mid.gz 1406455043 False 1406455043
run22255.mid.gz 1406198642 False 1406198642
run22256.mid.gz 1406182488 False 1406182488
run22257.mid.gz 1406195229 False 1406195229
run22258.mid.gz 1406377225 False 1406377225
run22259.mid.gz 1406419673 False 1406419673
run22260.mid.gz 1406058197 False 1406058197
run22261.mid.gz 1406249989 False 1406249989
run22262.mid.gz 1406240477 False 1406240477
run22263.mid.gz 1406387446 False 1406387446
run22264.mid.gz 1406290187 False 1406290187
run22265.mid.gz 1406234497 False 1406234497
run22266.mid.gz 1406359805 False 1406359805
run22267.mid.gz 1406161285 False 1406161285
run22268.mid.gz 1406052540 False 1406052540
run22269.mid.gz 1406040548 False 1406040548
run22270.mid.gz 1406173230 False 1406173230
run22271.mid.gz 1406189827 False 1406189827
run22272.mid.gz 1406054936 False 1406054936
run22273.mid.gz 1406393723 False 1406393723
run22274.mid.gz 1406141088 False 1406141088
run22275.mid.gz 1405986883 False 1405986883
run22276.mid.gz 1405953355 False 1405953355
run22277.mid.gz 1406121269 False 1406121269
run22278.mid.gz 1406224818 False 1406224818
run22279.mid.gz 1406124192 False 1406124192
run22280.mid.gz 1406316214 False 1406316214
run22281.mid.gz 1406077449 False 1406077449
run22282.mid.gz 1406261360 False 1406261360
run22283.mid.gz 1406293917 False 1406293917
run22284.mid.gz 1406187630 False 1406187630
run22285.mid.gz 1406088123 False 1406088123
run22286.mid.gz 1406347365 False 1406347365
run22287.mid.gz 1406229479 False 1406229479
run22288.mid.gz 1406037332 False 1406037332
run22289.mid.gz 1406347848 False 1406347848
run22290.mid.gz 1406389615 False 1406389615
run22291.mid.gz 1406339334 False 1406339334
run22292.mid.gz 1406328525 False 1406328525
run22293.mid.gz 1406175886 False 1406175886
run22294.mid.gz 1406196703 False 1406196703
run22295.mid.gz 1406212249 False 1406212249
run22296.mid.gz 1406456844 False 1406456844
run22297.mid.gz 1406228244 False 1406228244
run22298.mid.gz 1406110913 False 1406110913
run22299.mid.gz 1406351982 False 1406351982
run22300.mid.gz 1406456543 False 1406456543
run22301.mid.gz 1406516691 False 1406516691
run22302.mid.gz 1406244497 False 1406244497
run22303.mid.gz 1406280739 False 1406280739
run22304.mid.gz 1406173992 False 1406173992
run22305.mid.gz 1406215238 False 1406215238
run22306.mid.gz 1406256584 False 1406256584
run22307.mid.gz 1406099626 False 1406099626
run22308.mid.gz 1406210449 False 1406210449
run22309.mid.gz 1406254169 False 1406254169
run22310.mid.gz 1406316667 False 1406316667
run22311.mid.gz 1406210577 False 1406210577
run22312.mid.gz 1406259419 False 1406259419
run22313.mid.gz 1406198890 False 1406198890
run22314.mid.gz 1406219863 False 1406219863
run22315.mid.gz 1406254586 False 1406254586
run22316.mid.gz 1406426074 False 1406426074
run22317.mid.gz 1406339151 False 1406339151
run22318.mid.gz 1406465461 False 1406465461
run22319.mid.gz 1406157720 False 1406157720
run22320.mid.gz 1406335285 False 1406335285
run22321.mid.gz 1406420644 False 1406420644
run22322.mid.gz 1406189267 False 1406189267
run22323.mid.gz 1406220055 False 1406220055
run22324.mid.gz 1406280856 False 1406280856
run22325.mid.gz 1406238007 False 1406238007
run22326.mid.gz 1406128669 False 1406128669
run22327.mid.gz 1406137331 False 1406137331
run22328.mid.gz 1406353972 False 1406353972
run22329.mid.gz 1406361786 False 1406361786
run22330.mid.gz 1406119980 False 1406119980
run22331.mid.gz 1406077419 False 1406077419
run22332.mid.gz 1406137206 False 1406137206
run22333.mid.gz 1406308553 False 1406308553
run22334.mid.gz 1406581759 False 1406581759
run22335.mid.gz 1406337879 False 1406337879
run22336.mid.gz 1406308838 False 1406308838
run22337.mid.gz 1406235894 False 1406235894
run22338.mid.gz 1406146895 False 1406146895
run22339.mid.gz 1406438670 False 1406438670
run22340.mid.gz 1406261962 False 1406261962
run22341.mid.gz 1406352228 False 1406352228
run22342.mid.gz 1406463724 False 1406463724
run22343.mid.gz 1406194302 False 1406194302
run22344.mid.gz 1406272779 False 1406272779
run22345.mid.gz 1406362886 False 1406362886
run22346.mid.gz 1406363327 False 1406363327
run22347.mid.gz 1406080412 False 1406080412
run22348.mid.gz 1406262212 False 1406262212
run22349.mid.gz 1406372347 False 1406372347
run22350.mid.gz 1406159189 False 1406159189
run22351.mid.gz 1406293960 False 1406293960
run22352.mid.gz 1406124942 False 1406124942
run22353.mid.gz 1405907456 False 1405907456
run22354.mid.gz 1406087961 False 1406087961
run22355.mid.gz 1406018194 False 1406018194
run22356.mid.gz 1406357127 False 1406357127
run22357.mid.gz 1406386643 False 1406386643
run22358.mid.gz 1406327783 False 1406327783
run22359.mid.gz 1406286191 False 1406286191
run22360.mid.gz 1406232389 False 1406232389
run22361.mid.gz 1406365140 False 1406365140
run22362.mid.gz 1406472531 False 1406472531
run22363.mid.gz 1406117422 False 1406117422
run22364.mid.gz 1406222734 False 1406222734
run22365.mid.gz 1406198857 False 1406198857
run22366.mid.gz 1406309726 False 1406309726
run22367.mid.gz 1406158838 False 1406158838
run22368.mid.gz 1406429323 False 1406429323
run22369.mid.gz 1406363549 False 1406363549
run22370.mid.gz 1406210308 False 1406210308
run22371.mid.gz 1406232199 False 1406232199
run22372.mid.gz 1406388204 False 1406388204
run22373.mid.gz 1406123538 False 1406123538
run22374.mid.gz 1406316167 False 1406316167
run22375.mid.gz 1406412200 False 1406412200
run22376.mid.gz 1406309673 False 1406309673
run22377.mid.gz 1406214773 False 1406214773
run22378.mid.gz 1406218705 False 1406218705
run22379.mid.gz 1406382818 False 1406382818
run22380.mid.gz 1406364265 False 1406364265
run22381.mid.gz 1406339452 False 1406339452
run22382.mid.gz 1406363477 False 1406363477
run22383.mid.gz 1406227045 False 1406227045
run22384.mid.gz 1406279050 False 1406279050
run22385.mid.gz 1406375948 False 1406375948
run22386.mid.gz 1406526701 False 1406526701
run22387.mid.gz 1406352154 False 1406352154
run22388.mid.gz 1406296462 False 1406296462
run22389.mid.gz 1406323174 False 1406323174
run22390.mid.gz 1406461927 False 1406461927
run22391.mid.gz 1406347792 False 1406347792
run22392.mid.gz 1406142057 False 1406142057
run22393.mid.gz 1406397262 False 1406397262
run22394.mid.gz 1406045515 False 1406045515
run22395.mid.gz 1406447904 False 1406447904
run22396.mid.gz 1406322972 False 1406322972
run22397.mid.gz 1406517418 False 1406517418
run22398.mid.gz 1406294117 False 1406294117
run22399.mid.gz 1406218422 False 1406218422
run22400.mid.gz 1406378846 False 1406378846
run22401.mid.gz 1406447345 False 1406447345
run22402.mid.gz 1406449338 False 1406449338
run22403.mid.gz 1406159485 False 1406159485
run22404.mid.gz 1406490862 False 1406490862
run22405.mid.gz 1406627097 False 1406627097
run22406.mid.gz 1406312368 False 1406312368
run22407.mid.gz 1406391723 False 1406391723
run22408.mid.gz 1406350593 False 1406350593
run22409.mid.gz 1406329312 False 1406329312
run22410.mid.gz 1406508576 False 1406508576
run22411.mid.gz 1406326873 False 1406326873
run22412.mid.gz 1462510347 False 1462510347
run22413.mid.gz 1480942674 False 1480942674
run22414.mid.gz 1470236695 False 1470236695
run22415.mid.gz 1453307428 False 1453307428
run22416.mid.gz 1455627869 False 1455627869
run22417.mid.gz 1450273305 False 1450273305
run22418.mid.gz 1451076111 False 1451076111
run22419.mid.gz 1451754639 False 1451754639
run22420.mid.gz 1447439044 False 1447439044
run22421.mid.gz 1445205951 False 1445205951
run22422.mid.gz 1442221314 False 1442221314
run22423.mid.gz 1443439847 False 1443439847
run22424.mid.gz 1440750035 False 1440750035
run22425.mid.gz 1441429701 False 1441429701
run22426.mid.gz 1442037642 False 1442037642
run22427.mid.gz 1438530808 False 1438530808
run22428.mid.gz 1441679329 False 1441679329
run22429.mid.gz 1443540169 False 1443540169
run22430.mid.gz 1443419114 False 1443419114
run22431.mid.gz 1447485380 False 1447485380
run22432.mid.gz 1445436004 False 1445436004
run22433.mid.gz 1443668115 False 1443668115
run22434.mid.gz 1442652785 False 1442652785
run22435.mid.gz 1438771632 False 1438771632
run22436.mid.gz 1439764444 False 1439764444
run22437.mid.gz 1437623884 False 1437623884
run22438.mid.gz 1437813415 False 1437813415
run22439.mid.gz 1438300584 False 1438300584
run22440.mid.gz 1438857422 False 1438857422
run22441.mid.gz 1439825801 False 1439825801
run22442.mid.gz 1439364694 False 1439364694
run22443.mid.gz 1440592098 False 1440592098
run22444.mid.gz 1441882968 False 1441882968
run22445.mid.gz 1443248043 False 1443248043
run22446.mid.gz 1445022630 False 1445022630
run22447.mid.gz 1440911305 False 1440911305
run22448.mid.gz 1440969528 False 1440969528
run22449.mid.gz 1443710954 False 1443710954
run22450.mid.gz 1439174151 False 1439174151
run22451.mid.gz 1438687856 False 1438687856
run22452.mid.gz 1437611680 False 1437611680
run22453.mid.gz 1439139387 False 1439139387
run22454.mid.gz 1438325889 False 1438325889
run22455.mid.gz 1436614728 False 1436614728
run22456.mid.gz 1438285692 False 1438285692
run22457.mid.gz 1438705239 False 1438705239
run22458.mid.gz 1439037869 False 1439037869
run22459.mid.gz 1443529785 False 1443529785
run22460.mid.gz 1441532064 False 1441532064
run22461.mid.gz 1439648225 False 1439648225
run22462.mid.gz 1443425356 False 1443425356
run22463.mid.gz 1440797354 False 1440797354
run22464.mid.gz 1441837333 False 1441837333
run22465.mid.gz 1441166769 False 1441166769
run22466.mid.gz 1442379238 False 1442379238
run22467.mid.gz 1449378353 False 1449378353
run22468.mid.gz 1447027027 False 1447027027
run22469.mid.gz 1444057790 False 1444057790
run22470.mid.gz 1441718711 False 1441718711
run22471.mid.gz 1444321294 False 1444321294
run22472.mid.gz 1449213668 False 1449213668
run22473.mid.gz 1442525916 False 1442525916
run22474.mid.gz 1441771189 False 1441771189
run22475.mid.gz 1439745604 False 1439745604
run22476.mid.gz 1435917958 False 1435917958
run22477.mid.gz 1438535191 False 1438535191
run22478.mid.gz 1435451050 False 1435451050
run22479.mid.gz 1435306013 False 1435306013
run22480.mid.gz 1434137740 False 1434137740
run22481.mid.gz 1437401787 False 1437401787
run22482.mid.gz 1435246340 False 1435246340
run22483.mid.gz 1435006644 False 1435006644
run22484.mid.gz 1436842463 False 1436842463
run22485.mid.gz 1436767255 False 1436767255
run22486.mid.gz 1435556885 False 1435556885
run22487.mid.gz 1438359975 False 1438359975
run22488.mid.gz 1436521279 False 1436521279
run22489.mid.gz 1434864835 False 1434864835
run22490.mid.gz 1435731634 False 1435731634
run22491.mid.gz 1436204697 False 1436204697
run22492.mid.gz 1436860149 False 1436860149
run22493.mid.gz 1437583499 False 1437583499
run22494.mid.gz 1437961094 False 1437961094
run22495.mid.gz 1437667332 False 1437667332
run22496.mid.gz 1437687550 False 1437687550
run22497.mid.gz 1436973068 False 1436973068
run22498.mid.gz 1437813952 False 1437813952
run22499.mid.gz 1438954085 False 1438954085
run22500.mid.gz 1437748068 False 1437748068
run22501.mid.gz 1439036409 False 1439036409
run22502.mid.gz 1439154490 False 1439154490
run22503.mid.gz 1438983844 False 1438983844
run22504.mid.gz 1440226538 False 1440226538
run22505.mid.gz 1440307510 False 1440307510
run22506.mid.gz 1439320315 False 1439320315
run22507.mid.gz 1438826418 False 1438826418
run22508.mid.gz 1438701903 False 1438701903
run22509.mid.gz 1437232881 False 1437232881
run22510.mid.gz 1436998196 False 1436998196
run22511.mid.gz 1439028767 False 1439028767
run22512.mid.gz 1440247719 False 1440247719
run22513.mid.gz 1439835380 False 1439835380
run22514.mid.gz 1437422113 False 1437422113
run22515.mid.gz 1438663370 False 1438663370
run22516.mid.gz 1440873677 False 1440873677
run22517.mid.gz 1441166873 False 1441166873
run22518.mid.gz 1445268477 False 1445268477
run22519.mid.gz 1444455749 False 1444455749
run22520.mid.gz 1442123632 False 1442123632
run22521.mid.gz 1438642019 False 1438642019
run22522.mid.gz 1437683473 False 1437683473
run22523.mid.gz 1438217996 False 1438217996
run22524.mid.gz 1438719095 False 1438719095
run22525.mid.gz 1436793250 False 1436793250
run22526.mid.gz 1440248831 False 1440248831
run22527.mid.gz 1436381329 False 1436381329
run22528.mid.gz 1436553805 False 1436553805
run22529.mid.gz 1436308824 False 1436308824
run22530.mid.gz 1436390725 False 1436390725
run22531.mid.gz 1436897767 False 1436897767
run22532.mid.gz 1436663762 False 1436663762
run22533.mid.gz 1437438216 False 1437438216
run22534.mid.gz 1437451345 False 1437451345
run22535.mid.gz 1438196483 False 1438196483
run22536.mid.gz 1440651633 False 1440651633
run22537.mid.gz 1444483211 False 1444483211
run22538.mid.gz 1439478231 False 1439478231
run22539.mid.gz 1439435951 False 1439435951
run22540.mid.gz 1437809174 False 1437809174
run22541.mid.gz 1437134983 False 1437134983
run22542.mid.gz 1438111820 False 1438111820
run22543.mid.gz 1436766143 False 1436766143
run22544.mid.gz 1439713788 False 1439713788
run22545.mid.gz 1441585961 False 1441585961
run22546.mid.gz 1437367520 False 1437367520
run22547.mid.gz 1437280429 False 1437280429
run22548.mid.gz 1435558187 False 1435558187
run22549.mid.gz 1438193627 False 1438193627
run22550.mid.gz 1437114437 False 1437114437
run22551.mid.gz 1436474895 False 1436474895
run22552.mid.gz 1438304729 False 1438304729
run22553.mid.gz 1441801241 False 1441801241
run22554.mid.gz 1437379901 False 1437379901
run22555.mid.gz 1436840635 False 1436840635
run22556.mid.gz 1436817347 False 1436817347
run22557.mid.gz 1436098894 False 1436098894
run22558.mid.gz 1434612336 False 1434612336
run22559.mid.gz 1435482878 False 1435482878
run22560.mid.gz 1436363847 False 1436363847
run22561.mid.gz 1439329501 False 1439329501
run22562.mid.gz 1439141516 False 1439141516
run22563.mid.gz 1437518379 False 1437518379
run22564.mid.gz 1440727188 False 1440727188
run22565.mid.gz 1439793450 False 1439793450
run22566.mid.gz 1440684057 False 1440684057
run22567.mid.gz 1438618191 False 1438618191
run22568.mid.gz 1439730027 False 1439730027
run22569.mid.gz 1437945161 False 1437945161
run22570.mid.gz 1437363702 False 1437363702
run22571.mid.gz 1435559360 False 1435559360
run22572.mid.gz 1437267501 False 1437267501
run22573.mid.gz 1437516576 False 1437516576
run22574.mid.gz 1436841395 False 1436841395
run22575.mid.gz 1438138668 False 1438138668
run22576.mid.gz 1437011778 False 1437011778
run22577.mid.gz 1437899531 False 1437899531
run22578.mid.gz 1436791087 False 1436791087
run22579.mid.gz 1436318869 False 1436318869
run22580.mid.gz 1437005007 False 1437005007
run22581.mid.gz 1438347007 False 1438347007
run22582.mid.gz 1436447584 False 1436447584
run22583.mid.gz 1435494143 False 1435494143
run22584.mid.gz 1438574589 False 1438574589
run22585.mid.gz 1437214304 False 1437214304
run22586.mid.gz 1438163031 False 1438163031
run22587.mid.gz 1438524352 False 1438524352
run22588.mid.gz 1438845387 False 1438845387
run22589.mid.gz 1436963941 False 1436963941
run22590.mid.gz 1437485565 False 1437485565
run22591.mid.gz 1438020187 False 1438020187
run22592.mid.gz 1439773066 False 1439773066
run22593.mid.gz 1440523669 False 1440523669
run22594.mid.gz 1440325145 False 1440325145
run22595.mid.gz 1440005296 False 1440005296
run22596.mid.gz 1440128409 False 1440128409
run22597.mid.gz 1439500971 False 1439500971
run22598.mid.gz 1439049771 False 1439049771
run22599.mid.gz 1439842729 False 1439842729
run22600.mid.gz 1440234073 False 1440234073
run22601.mid.gz 1444399832 False 1444399832
run22602.mid.gz 1442463814 False 1442463814
run22603.mid.gz 1445977014 False 1445977014
run22604.mid.gz 1442474632 False 1442474632
run22605.mid.gz 1441844757 False 1441844757
run22606.mid.gz 1442302012 False 1442302012
run22607.mid.gz 1442370811 False 1442370811
run22608.mid.gz 1442875276 False 1442875276
run22609.mid.gz 1442476092 False 1442476092
run22610.mid.gz 1442444292 False 1442444292
run22611.mid.gz 1442364094 False 1442364094
run22612.mid.gz 1442694425 False 1442694425
run22613.mid.gz 1443085628 False 1443085628
run22614.mid.gz 1446306539 False 1446306539
run22615.mid.gz 1443598815 False 1443598815
run22616.mid.gz 1442362449 False 1442362449
run22617.mid.gz 1442094602 False 1442094602
run22618.mid.gz 1442754754 False 1442754754
run22619.mid.gz 1441340516 False 1441340516
run22620.mid.gz 1448133712 False 1448133712
run22621.mid.gz 1445271546 False 1445271546
run22622.mid.gz 1445157400 False 1445157400
run22623.mid.gz 1447925458 False 1447925458
run22624.mid.gz 1450928295 False 1450928295
run22625.mid.gz 1448445667 False 1448445667
run22626.mid.gz 1444316337 False 1444316337
run22627.mid.gz 1445407265 False 1445407265
run22628.mid.gz 1442762082 False 1442762082
run22629.mid.gz 1442792492 False 1442792492
run22630.mid.gz 1445123783 False 1445123783
run22631.mid.gz 1443657351 False 1443657351
run22632.mid.gz 1442612555 False 1442612555
run22633.mid.gz 1441551656 False 1441551656
run22634.mid.gz 1441455313 False 1441455313
run22635.mid.gz 1441503367 False 1441503367
run22636.mid.gz 1442080463 False 1442080463
run22637.mid.gz 1442930312 False 1442930312
run22638.mid.gz 1444840500 False 1444840500
run22639.mid.gz 1440875089 False 1440875089
run22640.mid.gz 1445171187 False 1445171187
run22641.mid.gz 1446428809 False 1446428809
run22642.mid.gz 1448142893 False 1448142893
run22643.mid.gz 1448265707 False 1448265707
run22644.mid.gz 1444572605 False 1444572605
run22645.mid.gz 1443007168 False 1443007168
run22646.mid.gz 1443746034 False 1443746034
run22647.mid.gz 1442664111 False 1442664111
run22648.mid.gz 1441456172 False 1441456172
run22649.mid.gz 1439629331 False 1439629331
run22650.mid.gz 1441197123 False 1441197123
run22651.mid.gz 1441092750 False 1441092750
run22652.mid.gz 1440900393 False 1440900393
run22653.mid.gz 1440741210 False 1440741210
run22654.mid.gz 1440917534 False 1440917534
run22655.mid.gz 1440769280 False 1440769280
run22656.mid.gz 1440952853 False 1440952853
run22657.mid.gz 1441001345 False 1441001345
run22658.mid.gz 1440993483 False 1440993483
run22659.mid.gz 1441148858 False 1441148858
run22660.mid.gz 1441289211 False 1441289211
run22661.mid.gz 1441426700 False 1441426700
run22662.mid.gz 1441624894 False 1441624894
run22663.mid.gz 1441330480 False 1441330480
run22664.mid.gz 1441295361 False 1441295361
run22665.mid.gz 1441471686 False 1441471686
run22666.mid.gz 1441744405 False 1441744405
run22667.mid.gz 1441656532 False 1441656532
run22668.mid.gz 1443660817 False 1443660817
run22669.mid.gz 1443801723 False 1443801723
run22670.mid.gz 1443373182 False 1443373182
run22671.mid.gz 1444208593 False 1444208593
run22672.mid.gz 1442695552 False 1442695552
run22673.mid.gz 1446347630 False 1446347630
run22674.mid.gz 1443824193 False 1443824193
run22675.mid.gz 1444622140 False 1444622140
run22676.mid.gz 1441974881 False 1441974881
run22677.mid.gz 1441651311 False 1441651311
run22678.mid.gz 1441598209 False 1441598209
run22679.mid.gz 1441829601 False 1441829601
run22680.mid.gz 1445597039 False 1445597039
run22681.mid.gz 1449955068 False 1449955068
run22682.mid.gz 1445989322 False 1445989322
run22683.mid.gz 1448970065 False 1448970065
run22684.mid.gz 1450572556 False 1450572556
run22685.mid.gz 1446751015 False 1446751015
run22686.mid.gz 1446799953 False 1446799953
run22687.mid.gz 1445007231 False 1445007231
run22688.mid.gz 1446567684 False 1446567684
run22689.mid.gz 1445870857 False 1445870857
run22690.mid.gz 1448222805 False 1448222805
run22691.mid.gz 1451422859 False 1451422859
run22692.mid.gz 1449302640 False 1449302640
run22693.mid.gz 1449225203 False 1449225203
run22694.mid.gz 1449977954 False 1449977954
run22695.mid.gz 1450877585 False 1450877585
run22696.mid.gz 1448460148 False 1448460148
run22697.mid.gz 1450174856 False 1450174856
run22698.mid.gz 1449518979 False 1449518979
run22699.mid.gz 1448604224 False 1448604224
run22700.mid.gz 1448591550 False 1448591550
run22701.mid.gz 1448317624 False 1448317624
run22702.mid.gz 1449366519 False 1449366519
run22703.mid.gz 1449539259 False 1449539259
run22704.mid.gz 1449977090 False 1449977090
run22705.mid.gz 1451567786 False 1451567786
run22706.mid.gz 1448233901 False 1448233901
run22707.mid.gz 1430688347 False 1430688347
run22708.mid.gz 1429252343 False 1429252343
run22709.mid.gz 1428684971 False 1428684971
run22710.mid.gz 1429925950 False 1429925950
run22711.mid.gz 1430960633 False 1430960633
run22712.mid.gz 1432494746 False 1432494746
run22713.mid.gz 1433908737 False 1433908737
run22714.mid.gz 1435859487 False 1435859487
run22715.mid.gz 1437560143 False 1437560143
run22716.mid.gz 1439574153 False 1439574153
run22717.mid.gz 1439446206 False 1439446206
run22718.mid.gz 1407581466 False 1407581466
run22719.mid.gz 1433886763 False 1433886763
run22720.mid.gz 1442871410 False 1442871410
run22721.mid.gz 1439878768 False 1439878768
run22722.mid.gz 1440330263 False 1440330263
run22723.mid.gz 1436563809 False 1436563809
run22724.mid.gz 1408088247 False 1408088247
run22725.mid.gz 1420130407 False 1420130407
run22726.mid.gz 1437665038 False 1437665038
run22727.mid.gz 1436811037 False 1436811037
run22728.mid.gz 1440995425 False 1440995425
run22729.mid.gz 1435445636 False 1435445636
run22730.mid.gz 1435705269 False 1435705269
run22731.mid.gz 1436414710 False 1436414710
run22732.mid.gz 1437416881 False 1437416881
run22733.mid.gz 1438638359 False 1438638359
run22734.mid.gz 1440887247 False 1440887247
run22735.mid.gz 1438039108 False 1438039108
run22736.mid.gz 1441723193 False 1441723193
run22737.mid.gz 1444268107 False 1444268107
run22738.mid.gz 1443589587 False 1443589587
run22739.mid.gz 1443301017 False 1443301017
run22740.mid.gz 1443656240 False 1443656240
run22741.mid.gz 1443765321 False 1443765321
run22742.mid.gz 1443959033 False 1443959033
run22743.mid.gz 1444069935 False 1444069935
run22744.mid.gz 1444152974 False 1444152974
run22745.mid.gz 1444451009 False 1444451009
run22746.mid.gz 1444582236 False 1444582236
run22747.mid.gz 1418194341 False 1418194341
run22749.mid.gz 673660005 False 673660005
run22748.mid.gz 1407126786 False 1407126786
run22751.mid.gz 1406003602 False 1406003602
run22752.mid.gz 1420134132 False 1420134132
run22753.mid.gz 1420165735 False 1420165735
run22754.mid.gz 1420234178 False 1420234178
run22755.mid.gz 1420366049 False 1420366049
run22756.mid.gz 1420223533 False 1420223533
run22757.mid.gz 1420406520 False 1420406520
run22758.mid.gz 1420247168 False 1420247168
run22759.mid.gz 1420242179 False 1420242179
run22760.mid.gz 1420127421 False 1420127421
run22761.mid.gz 1420286742 False 1420286742
run22762.mid.gz 1420165067 False 1420165067
run22763.mid.gz 1420336405 False 1420336405
run22764.mid.gz 1420118290 False 1420118290
run22765.mid.gz 1420202513 False 1420202513
run22766.mid.gz 1420338543 False 1420338543
run22767.mid.gz 1420035215 False 1420035215
run22768.mid.gz 1420346169 False 1420346169
run22769.mid.gz 1420174804 False 1420174804
run22770.mid.gz 1420412213 False 1420412213
run22771.mid.gz 1420249100 False 1420249100
run22772.mid.gz 1420364269 False 1420364269
run22773.mid.gz 1420119842 False 1420119842
run22774.mid.gz 1420319253 False 1420319253
run22775.mid.gz 1420409186 False 1420409186
run22776.mid.gz 1419902668 False 1419902668
run22777.mid.gz 1420249705 False 1420249705
run22778.mid.gz 1420121458 False 1420121458
run22779.mid.gz 1420269961 False 1420269961
run22780.mid.gz 1420234942 False 1420234942
run22781.mid.gz 1420343678 False 1420343678
run22782.mid.gz 1420151121 False 1420151121
run22783.mid.gz 1419971506 False 1419971506
run22784.mid.gz 1420196018 False 1420196018
run22785.mid.gz 1420323820 False 1420323820
run22786.mid.gz 1420199667 False 1420199667
run22787.mid.gz 1420140747 False 1420140747
run22788.mid.gz 1420094852 False 1420094852
run22789.mid.gz 1420145382 False 1420145382
run22790.mid.gz 1420291344 False 1420291344
run22791.mid.gz 1420081942 False 1420081942
run22792.mid.gz 1420219811 False 1420219811
run22793.mid.gz 1420237781 False 1420237781
run22794.mid.gz 1420235693 False 1420235693
run22795.mid.gz 1420098613 False 1420098613
run22796.mid.gz 1420273738 False 1420273738
run22797.mid.gz 1420078898 False 1420078898
run22798.mid.gz 1420315359 False 1420315359
run22799.mid.gz 1420216602 False 1420216602
run22800.mid.gz 1420030873 False 1420030873
run22801.mid.gz 1420145261 False 1420145261
run22802.mid.gz 1420199103 False 1420199103
run22803.mid.gz 1420141446 False 1420141446
run22804.mid.gz 1420273874 False 1420273874
run22805.mid.gz 1420230590 False 1420230590
run22806.mid.gz 1420520718 False 1420520718
run22807.mid.gz 1420194974 False 1420194974
run22808.mid.gz 1420151398 False 1420151398
run22809.mid.gz 1420435526 False 1420435526
run22810.mid.gz 1420317995 False 1420317995
run22811.mid.gz 1420282462 False 1420282462
run22812.mid.gz 1420192031 False 1420192031
run22813.mid.gz 1420307852 False 1420307852
run22814.mid.gz 1420003048 False 1420003048
run22815.mid.gz 1420295633 False 1420295633
run22816.mid.gz 1420075360 False 1420075360
run22817.mid.gz 1420153887 False 1420153887
run22818.mid.gz 1420022401 False 1420022401
run22819.mid.gz 1416741727 False 1416741727
run22820.mid.gz 1416732451 False 1416732451
run22821.mid.gz 1416502049 False 1416502049
run22822.mid.gz 1416644484 False 1416644484
run22823.mid.gz 1416620220 False 1416620220
run22824.mid.gz 1416532628 False 1416532628
run22825.mid.gz 1416781505 False 1416781505
run22826.mid.gz 1413028725 False 1413028725
run22827.mid.gz 1406212893 False 1406212893
run22828.mid.gz 1406133106 False 1406133106
run22829.mid.gz 1406231358 False 1406231358
run22830.mid.gz 1406024914 False 1406024914
run22831.mid.gz 1406129696 False 1406129696
run22832.mid.gz 1406216064 False 1406216064
run22833.mid.gz 1406045719 False 1406045719
run22834.mid.gz 1406147472 False 1406147472
run22835.mid.gz 1406147833 False 1406147833
run22836.mid.gz 1406099212 False 1406099212
run22837.mid.gz 1406108129 False 1406108129
run22838.mid.gz 1406123419 False 1406123419
run22839.mid.gz 1406096183 False 1406096183
run22840.mid.gz 1406095377 False 1406095377
run22841.mid.gz 1406134806 False 1406134806
run22842.mid.gz 1406042998 False 1406042998
run22843.mid.gz 1406221756 False 1406221756
run22844.mid.gz 1405994157 False 1405994157
run22845.mid.gz 1406272947 False 1406272947
run22846.mid.gz 1406096128 False 1406096128
run22847.mid.gz 1406285016 False 1406285016
run22848.mid.gz 1406060518 False 1406060518
run22849.mid.gz 1406090296 False 1406090296
run22850.mid.gz 1405981457 False 1405981457
run22851.mid.gz 1406148327 False 1406148327
run22852.mid.gz 1406144843 False 1406144843
run22853.mid.gz 1406064117 False 1406064117
run22854.mid.gz 1405909405 False 1405909405
run22855.mid.gz 1405989918 False 1405989918
run22856.mid.gz 1406247737 False 1406247737
run22857.mid.gz 1406054846 False 1406054846
run22858.mid.gz 1406242356 False 1406242356
run22859.mid.gz 1405961681 False 1405961681
run22860.mid.gz 1406160436 False 1406160436
run22861.mid.gz 1406046947 False 1406046947
run22862.mid.gz 1406002656 False 1406002656
run22863.mid.gz 1406316616 False 1406316616
run22864.mid.gz 1406074865 False 1406074865
run22865.mid.gz 1406271618 False 1406271618
run22866.mid.gz 1405924932 False 1405924932
run22867.mid.gz 1406283012 False 1406283012
run22868.mid.gz 1406081941 False 1406081941
run22869.mid.gz 1405907878 False 1405907878
run22870.mid.gz 1406214853 False 1406214853
run22871.mid.gz 1406181683 False 1406181683
run22872.mid.gz 1406191958 False 1406191958
run22873.mid.gz 1406357609 False 1406357609
run22874.mid.gz 1406182391 False 1406182391
run22875.mid.gz 1406306600 False 1406306600
run22876.mid.gz 1406086536 False 1406086536
run22877.mid.gz 1406240120 False 1406240120
run22878.mid.gz 1406243065 False 1406243065
run22879.mid.gz 1406078121 False 1406078121
run22880.mid.gz 1406021344 False 1406021344
run22881.mid.gz 1406147730 False 1406147730
run22882.mid.gz 1406526081 False 1406526081
run22883.mid.gz 1406052523 False 1406052523
run22884.mid.gz 1406102596 False 1406102596
run22885.mid.gz 1406148823 False 1406148823
run22886.mid.gz 1406155126 False 1406155126
run22887.mid.gz 1406064405 False 1406064405
run22888.mid.gz 1406258609 False 1406258609
run22889.mid.gz 1405991984 False 1405991984
run22890.mid.gz 1406069831 False 1406069831
run22891.mid.gz 1406343807 False 1406343807
run22892.mid.gz 1406177016 False 1406177016
run22893.mid.gz 1405922048 False 1405922048
run22894.mid.gz 1406253616 False 1406253616
run22895.mid.gz 1406127181 False 1406127181
run22896.mid.gz 1405841116 False 1405841116
run22897.mid.gz 1406126653 False 1406126653
run22898.mid.gz 1406426456 False 1406426456
run22899.mid.gz 1406067102 False 1406067102
run22900.mid.gz 1406158285 False 1406158285
run22901.mid.gz 1405884856 False 1405884856
run22902.mid.gz 1406029347 False 1406029347
run22903.mid.gz 1405985005 False 1405985005
run22904.mid.gz 1406120574 False 1406120574
run22905.mid.gz 1406057015 False 1406057015
run22906.mid.gz 1405929047 False 1405929047
run22907.mid.gz 1406167500 False 1406167500
run22908.mid.gz 1406119530 False 1406119530
run22909.mid.gz 1406248762 False 1406248762
run22910.mid.gz 1406206920 False 1406206920
run22911.mid.gz 1406149102 False 1406149102
run22912.mid.gz 1406059715 False 1406059715
run22913.mid.gz 1406094003 False 1406094003
run22914.mid.gz 1406132613 False 1406132613
run22915.mid.gz 1406347990 False 1406347990
run22916.mid.gz 1406000732 False 1406000732
run22917.mid.gz 1406024063 False 1406024063
run22918.mid.gz 1406004252 False 1406004252
run22919.mid.gz 1406262893 False 1406262893
run22920.mid.gz 1406029557 False 1406029557
run22921.mid.gz 1406137138 False 1406137138
run22922.mid.gz 1405924053 False 1405924053
run22923.mid.gz 1405876177 False 1405876177
run22924.mid.gz 1405926241 False 1405926241
run22925.mid.gz 1405891610 False 1405891610
run22926.mid.gz 1406071477 False 1406071477
run22927.mid.gz 1406039816 False 1406039816
run22928.mid.gz 1406172244 False 1406172244
run22929.mid.gz 1406134479 False 1406134479
run22930.mid.gz 1406226441 False 1406226441
run22931.mid.gz 1406312157 False 1406312157
run22932.mid.gz 1406179282 False 1406179282
run22933.mid.gz 1406014915 False 1406014915
run22934.mid.gz 1406202586 False 1406202586
run22935.mid.gz 1406011243 False 1406011243
run22936.mid.gz 1406022011 False 1406022011
run22937.mid.gz 1406055623 False 1406055623
run22938.mid.gz 1406020595 False 1406020595
run22939.mid.gz 1406256209 False 1406256209
run22940.mid.gz 1405906004 False 1405906004
run22941.mid.gz 1406084215 False 1406084215
run22942.mid.gz 1406272489 False 1406272489
run22943.mid.gz 1406102755 False 1406102755
run22944.mid.gz 1405997930 False 1405997930
run22945.mid.gz 1406151900 False 1406151900
run22946.mid.gz 1406052602 False 1406052602
run22947.mid.gz 1406296059 False 1406296059
run22948.mid.gz 1406262283 False 1406262283
run22949.mid.gz 1406208659 False 1406208659
run22950.mid.gz 1406114551 False 1406114551
run22951.mid.gz 1406336066 False 1406336066
run22952.mid.gz 1405977600 False 1405977600
run22953.mid.gz 1406224146 False 1406224146
run22954.mid.gz 1406161630 False 1406161630
run22955.mid.gz 1406069809 False 1406069809
run22956.mid.gz 1406368377 False 1406368377
run22957.mid.gz 1406269420 False 1406269420
run22958.mid.gz 1405997073 False 1405997073
run22959.mid.gz 1406022197 False 1406022197
run22960.mid.gz 1405925331 False 1405925331
run22961.mid.gz 1406014984 False 1406014984
run22962.mid.gz 1406138926 False 1406138926
run22963.mid.gz 1406095746 False 1406095746
run22964.mid.gz 1405891649 False 1405891649
run22965.mid.gz 1406007056 False 1406007056
run22966.mid.gz 1405992249 False 1405992249
run22967.mid.gz 1405961803 False 1405961803
run22968.mid.gz 1406006884 False 1406006884
run22969.mid.gz 1405876644 False 1405876644
run22970.mid.gz 1406050252 False 1406050252
run22971.mid.gz 1406193093 False 1406193093
run22972.mid.gz 1405974811 False 1405974811
run22973.mid.gz 1405993641 False 1405993641
run22974.mid.gz 1406053781 False 1406053781
run22975.mid.gz 1406096293 False 1406096293
run22976.mid.gz 1405935667 False 1405935667
run22977.mid.gz 1405941961 False 1405941961
run22978.mid.gz 1406130370 False 1406130370
run22979.mid.gz 1406011092 False 1406011092
run22980.mid.gz 1406131577 False 1406131577
run22981.mid.gz 1405975250 False 1405975250
run22982.mid.gz 1406309467 False 1406309467
run22983.mid.gz 1406143171 False 1406143171
run22984.mid.gz 1405949679 False 1405949679
run22985.mid.gz 1406039539 False 1406039539
run22986.mid.gz 1406069661 False 1406069661
run22987.mid.gz 1406173100 False 1406173100
run22988.mid.gz 1406211766 False 1406211766
run22989.mid.gz 1406158336 False 1406158336
run22990.mid.gz 1406144156 False 1406144156
run22991.mid.gz 1405850169 False 1405850169
run22992.mid.gz 1406149003 False 1406149003
run22993.mid.gz 1405951214 False 1405951214
run22994.mid.gz 1406267922 False 1406267922
run22995.mid.gz 1406083338 False 1406083338
run22996.mid.gz 1405913700 False 1405913700
run22997.mid.gz 1405944622 False 1405944622
run22998.mid.gz 1406003820 False 1406003820
run22999.mid.gz 1405794794 False 1405794794
run23000.mid.gz 1406010011 False 1406010011
run23001.mid.gz 1405818227 False 1405818227
run23002.mid.gz 1406065212 False 1406065212
run23003.mid.gz 1405938610 False 1405938610
run23004.mid.gz 1406092748 False 1406092748
run23005.mid.gz 1406264532 False 1406264532
run23006.mid.gz 1406121399 False 1406121399
run23007.mid.gz 1405948007 False 1405948007
run23008.mid.gz 1406023891 False 1406023891
run23009.mid.gz 1405984473 False 1405984473
run23010.mid.gz 1406201982 False 1406201982
run23011.mid.gz 1405991941 False 1405991941
run23012.mid.gz 1406204239 False 1406204239
run23013.mid.gz 1406060245 False 1406060245
run23014.mid.gz 1406089434 False 1406089434
run23015.mid.gz 1405961358 False 1405961358
run23016.mid.gz 1406175811 False 1406175811
run23017.mid.gz 1408369478 False 1408369478
run23018.mid.gz 1406197238 False 1406197238
run23019.mid.gz 1406064151 False 1406064151
run23020.mid.gz 1406011324 False 1406011324
run23021.mid.gz 1405981272 False 1405981272
run23022.mid.gz 1406112949 False 1406112949
run23023.mid.gz 1406108280 False 1406108280
run23024.mid.gz 1406136335 False 1406136335
run23025.mid.gz 1406172230 False 1406172230
run23026.mid.gz 1406145767 False 1406145767
run23027.mid.gz 1405969972 False 1405969972
run23028.mid.gz 1406061268 False 1406061268
run23029.mid.gz 1405937133 False 1405937133
run23030.mid.gz 1406210111 False 1406210111
run23031.mid.gz 1406076824 False 1406076824
run23032.mid.gz 1406307350 False 1406307350
run23033.mid.gz 1406181346 False 1406181346
run23034.mid.gz 1406047769 False 1406047769
run23035.mid.gz 1406200533 False 1406200533
run23036.mid.gz 1405993610 False 1405993610
run23037.mid.gz 1406088626 False 1406088626
run23038.mid.gz 1406301282 False 1406301282
run23039.mid.gz 1406120442 False 1406120442
run23040.mid.gz 1406104548 False 1406104548
run23041.mid.gz 1406209197 False 1406209197
run23042.mid.gz 1406231936 False 1406231936
run23043.mid.gz 1406042564 False 1406042564
run23044.mid.gz 1406265219 False 1406265219
run23045.mid.gz 1406158268 False 1406158268
run23046.mid.gz 1406069129 False 1406069129
run23047.mid.gz 1406237509 False 1406237509
run23048.mid.gz 1406066227 False 1406066227
run23049.mid.gz 1406271856 False 1406271856
run23050.mid.gz 1406038151 False 1406038151
run23051.mid.gz 1405960219 False 1405960219
run23052.mid.gz 1406201268 False 1406201268
run23053.mid.gz 1406026209 False 1406026209
run23054.mid.gz 1406100461 False 1406100461
run23055.mid.gz 1406387807 False 1406387807
run23056.mid.gz 1406247735 False 1406247735
run23057.mid.gz 1406019160 False 1406019160
run23058.mid.gz 1406377971 False 1406377971
run23059.mid.gz 1406039853 False 1406039853
run23060.mid.gz 1406094413 False 1406094413
run23061.mid.gz 1406109368 False 1406109368
run23062.mid.gz 1406144088 False 1406144088
run23063.mid.gz 1406107125 False 1406107125
run23064.mid.gz 1406223952 False 1406223952
run23065.mid.gz 1406178749 False 1406178749
run23066.mid.gz 1406202190 False 1406202190
run23067.mid.gz 1406245589 False 1406245589
run23068.mid.gz 1406337741 False 1406337741
run23069.mid.gz 1406105938 False 1406105938
run23070.mid.gz 1405947557 False 1405947557
run23071.mid.gz 1406051156 False 1406051156
run23072.mid.gz 1406137882 False 1406137882
run23073.mid.gz 1406248805 False 1406248805
run23074.mid.gz 1406283001 False 1406283001
run23075.mid.gz 1448114618 False 1448114618
run23076.mid.gz 1461617460 False 1461617460
run23077.mid.gz 1454019299 False 1454019299
run23078.mid.gz 1451498661 False 1451498661
run23079.mid.gz 1450694920 False 1450694920
run23080.mid.gz 1454317251 False 1454317251
run23081.mid.gz 1478251263 False 1478251263
run23082.mid.gz 1467238313 False 1467238313
run23083.mid.gz 1460763055 False 1460763055
run23084.mid.gz 1456671077 False 1456671077
run23085.mid.gz 1454334182 False 1454334182
run23086.mid.gz 1452466018 False 1452466018
run23087.mid.gz 1451456052 False 1451456052
run23088.mid.gz 1450637299 False 1450637299
run23089.mid.gz 1450213808 False 1450213808
run23090.mid.gz 1449835861 False 1449835861
run23091.mid.gz 1449617590 False 1449617590
run23092.mid.gz 1449422894 False 1449422894
run23093.mid.gz 1449502860 False 1449502860
run23094.mid.gz 1449512911 False 1449512911
run23095.mid.gz 1449490145 False 1449490145
run23096.mid.gz 1449810266 False 1449810266
run23097.mid.gz 1449653664 False 1449653664
run23098.mid.gz 1450323065 False 1450323065
run23099.mid.gz 1450442535 False 1450442535
run23100.mid.gz 1450480889 False 1450480889
run23101.mid.gz 1450675828 False 1450675828
run23102.mid.gz 1450717725 False 1450717725
run23103.mid.gz 1450868826 False 1450868826
run23104.mid.gz 1451268099 False 1451268099
run23105.mid.gz 1435705740 False 1435705740
run23106.mid.gz 1406462344 False 1406462344
run23107.mid.gz 1406735997 False 1406735997
run23108.mid.gz 1406405441 False 1406405441
run23109.mid.gz 1406491046 False 1406491046
run23110.mid.gz 1406377160 False 1406377160
run23111.mid.gz 1406504508 False 1406504508
run23112.mid.gz 1406309326 False 1406309326
run23113.mid.gz 1406359740 False 1406359740
run23114.mid.gz 1406236302 False 1406236302
run23115.mid.gz 1406198279 False 1406198279
run23116.mid.gz 1406358773 False 1406358773
run23117.mid.gz 1406326421 False 1406326421
run23118.mid.gz 1406055825 False 1406055825
run23119.mid.gz 1406414102 False 1406414102
run23120.mid.gz 1406015608 False 1406015608
run23121.mid.gz 1406154681 False 1406154681
run23122.mid.gz 1406123171 False 1406123171
run23123.mid.gz 1406295439 False 1406295439
run23124.mid.gz 1406297277 False 1406297277
run23125.mid.gz 1406334549 False 1406334549
run23126.mid.gz 1406156199 False 1406156199
run23127.mid.gz 1406268809 False 1406268809
run23128.mid.gz 1406421166 False 1406421166
run23129.mid.gz 1406159293 False 1406159293
run23130.mid.gz 1406196438 False 1406196438
run23131.mid.gz 1406324014 False 1406324014
run23132.mid.gz 1406265743 False 1406265743
run23133.mid.gz 1406124729 False 1406124729
run23134.mid.gz 1406168837 False 1406168837
run23135.mid.gz 1406047668 False 1406047668
run23136.mid.gz 1406133670 False 1406133670
run23137.mid.gz 1406088099 False 1406088099
run23138.mid.gz 1406284378 False 1406284378
run23139.mid.gz 1406250012 False 1406250012
run23140.mid.gz 1406269637 False 1406269637
run23141.mid.gz 1406255502 False 1406255502
run23142.mid.gz 1406179716 False 1406179716
run23143.mid.gz 1406148949 False 1406148949
run23144.mid.gz 1406244683 False 1406244683
run23145.mid.gz 1406004356 False 1406004356
run23146.mid.gz 1406086396 False 1406086396
run23147.mid.gz 1406141886 False 1406141886
run23148.mid.gz 1406042199 False 1406042199
run23149.mid.gz 1406278377 False 1406278377
run23150.mid.gz 1406139716 False 1406139716
run23151.mid.gz 1406349231 False 1406349231
run23152.mid.gz 1406248795 False 1406248795
run23153.mid.gz 1405989860 False 1405989860
run23154.mid.gz 1406143711 False 1406143711
run23155.mid.gz 1406100465 False 1406100465
run23156.mid.gz 1406020298 False 1406020298
run23157.mid.gz 1406387248 False 1406387248
run23158.mid.gz 1406049497 False 1406049497
run23159.mid.gz 1406072606 False 1406072606
run23160.mid.gz 1406156452 False 1406156452
run23161.mid.gz 1406170798 False 1406170798
run23162.mid.gz 1406112925 False 1406112925
run23163.mid.gz 1406099821 False 1406099821
run23164.mid.gz 1405926728 False 1405926728
run23165.mid.gz 1406051177 False 1406051177
run23166.mid.gz 1406079147 False 1406079147
run23167.mid.gz 1406229888 False 1406229888
run23168.mid.gz 1406112720 False 1406112720
run23169.mid.gz 1406286393 False 1406286393
run23170.mid.gz 1406236801 False 1406236801
run23171.mid.gz 1406069535 False 1406069535
run23172.mid.gz 1406410540 False 1406410540
run23173.mid.gz 1406281175 False 1406281175
run23174.mid.gz 1406050375 False 1406050375
run23175.mid.gz 1406185045 False 1406185045
run23176.mid.gz 1405930166 False 1405930166
run23177.mid.gz 1413978103 False 1413978103
run23178.mid.gz 1403657361 False 1403657361
run23179.mid.gz 1403724738 False 1403724738
run23180.mid.gz 1403505874 False 1403505874
run23181.mid.gz 1403464834 False 1403464834
run23182.mid.gz 1403712057 False 1403712057
run23183.mid.gz 1403498462 False 1403498462
run23184.mid.gz 1403608781 False 1403608781
run23185.mid.gz 1403685720 False 1403685720
run23186.mid.gz 1403473732 False 1403473732
run23187.mid.gz 1403500806 False 1403500806
run23188.mid.gz 1403503655 False 1403503655
run23189.mid.gz 1403528986 False 1403528986
run23190.mid.gz 1403452816 False 1403452816
run23191.mid.gz 1403543516 False 1403543516
run23192.mid.gz 1403470805 False 1403470805
run23193.mid.gz 1403581090 False 1403581090
run23194.mid.gz 1403423062 False 1403423062
run23195.mid.gz 1403631720 False 1403631720
run23196.mid.gz 1403454830 False 1403454830
run23197.mid.gz 1403441761 False 1403441761
run23198.mid.gz 1403557701 False 1403557701
run23199.mid.gz 1403451648 False 1403451648
run23200.mid.gz 1403285780 False 1403285780
run23201.mid.gz 1403313285 False 1403313285
run23202.mid.gz 1403641483 False 1403641483
run23203.mid.gz 1403383689 False 1403383689
run23204.mid.gz 1403522798 False 1403522798
run23205.mid.gz 1475333081 False 1475333081
run23206.mid.gz 1413939792 False 1413939792
run23207.mid.gz 1403700291 False 1403700291
run23208.mid.gz 1403470156 False 1403470156
run23209.mid.gz 1403432029 False 1403432029
run23210.mid.gz 1403454604 False 1403454604
run23211.mid.gz 1403436914 False 1403436914
run23212.mid.gz 1403625976 False 1403625976
run23213.mid.gz 1403466767 False 1403466767
run23214.mid.gz 1403644371 False 1403644371
run23215.mid.gz 1403434000 False 1403434000
run23216.mid.gz 1403840098 False 1403840098
run23217.mid.gz 1403718903 False 1403718903
run23218.mid.gz 1403629057 False 1403629057
run23219.mid.gz 1403452874 False 1403452874
run23220.mid.gz 1403452410 False 1403452410
run23221.mid.gz 1403455928 False 1403455928
run23222.mid.gz 1403592061 False 1403592061
run23223.mid.gz 1403618978 False 1403618978
run23224.mid.gz 1403584072 False 1403584072
run23225.mid.gz 1403651692 False 1403651692
run23226.mid.gz 1403750592 False 1403750592
run23227.mid.gz 1403752252 False 1403752252
run23228.mid.gz 1403598785 False 1403598785
run23229.mid.gz 1403482153 False 1403482153
run23230.mid.gz 1403591356 False 1403591356
run23231.mid.gz 1403649433 False 1403649433
run23232.mid.gz 1403586547 False 1403586547
run23233.mid.gz 1403494725 False 1403494725
run23234.mid.gz 1403483688 False 1403483688
run23235.mid.gz 1403388229 False 1403388229
run23236.mid.gz 1403572009 False 1403572009
run23237.mid.gz 1403582871 False 1403582871
run23238.mid.gz 1403505850 False 1403505850
run23239.mid.gz 1403533875 False 1403533875
run23240.mid.gz 1403711024 False 1403711024
run23241.mid.gz 1403539985 False 1403539985
run23242.mid.gz 1403461581 False 1403461581
run23243.mid.gz 1403452823 False 1403452823
run23244.mid.gz 1403696087 False 1403696087
run23245.mid.gz 1403561751 False 1403561751
run23246.mid.gz 1403660890 False 1403660890
run23247.mid.gz 1403561320 False 1403561320
run23248.mid.gz 1403575346 False 1403575346
run23249.mid.gz 1403494618 False 1403494618
run23250.mid.gz 1403726096 False 1403726096
run23251.mid.gz 1403601257 False 1403601257
run23252.mid.gz 1403741683 False 1403741683
run23253.mid.gz 1413959660 False 1413959660
run23254.mid.gz 1405687052 False 1405687052
run23255.mid.gz 1405676366 False 1405676366
run23256.mid.gz 1405624367 False 1405624367
run23257.mid.gz 1405793498 False 1405793498
run23258.mid.gz 717037283 False 717037283
run23259.mid.gz 1406078733 False 1406078733
run23260.mid.gz 1406282949 False 1406282949
run23261.mid.gz 1406313740 False 1406313740
run23262.mid.gz 1406398247 False 1406398247
run23263.mid.gz 1405977829 False 1405977829
run23264.mid.gz 1406184498 False 1406184498
run23265.mid.gz 1406267954 False 1406267954
run23266.mid.gz 1406129122 False 1406129122
run23267.mid.gz 1406323640 False 1406323640
run23268.mid.gz 1406268619 False 1406268619
run23269.mid.gz 1406266667 False 1406266667
run23270.mid.gz 1406489154 False 1406489154
run23271.mid.gz 1406168155 False 1406168155
run23272.mid.gz 1406273953 False 1406273953
run23273.mid.gz 1406578228 False 1406578228
run23274.mid.gz 1406266765 False 1406266765
run23275.mid.gz 1405987937 False 1405987937
run23276.mid.gz 1406016748 False 1406016748
run23277.mid.gz 1406156039 False 1406156039
run23278.mid.gz 1406207416 False 1406207416
run23279.mid.gz 1406088998 False 1406088998
run23280.mid.gz 1406232756 False 1406232756
run23281.mid.gz 1406009111 False 1406009111
run23282.mid.gz 1406115158 False 1406115158
run23283.mid.gz 1406181588 False 1406181588
run23284.mid.gz 1406216383 False 1406216383
run23285.mid.gz 1406121761 False 1406121761
run23286.mid.gz 1406115523 False 1406115523
run23287.mid.gz 1406196533 False 1406196533
run23288.mid.gz 1406111124 False 1406111124
run23289.mid.gz 1406346585 False 1406346585
run23290.mid.gz 1406199187 False 1406199187
run23291.mid.gz 1406097877 False 1406097877
run23292.mid.gz 1406057108 False 1406057108
run23293.mid.gz 1406113914 False 1406113914
run23294.mid.gz 1406136134 False 1406136134
run23295.mid.gz 1406248329 False 1406248329
run23296.mid.gz 1406220386 False 1406220386
run23297.mid.gz 1406114134 False 1406114134
run23298.mid.gz 1406260738 False 1406260738
run23299.mid.gz 1406234649 False 1406234649
run23300.mid.gz 1406153667 False 1406153667
run23301.mid.gz 1406024058 False 1406024058
run23302.mid.gz 1406009369 False 1406009369
run23303.mid.gz 1406209801 False 1406209801
run23304.mid.gz 1406122637 False 1406122637
run23305.mid.gz 1406096561 False 1406096561
run23306.mid.gz 1406186594 False 1406186594
run23307.mid.gz 1406338837 False 1406338837
run23308.mid.gz 1406197417 False 1406197417
run23309.mid.gz 1406180659 False 1406180659
run23310.mid.gz 1406052946 False 1406052946
run23311.mid.gz 1406341596 False 1406341596
run23312.mid.gz 1406181444 False 1406181444
run23313.mid.gz 1405905041 False 1405905041
run23314.mid.gz 1406163007 False 1406163007
run23315.mid.gz 1406389641 False 1406389641
run23316.mid.gz 1406240881 False 1406240881
run23317.mid.gz 1406177641 False 1406177641
run23318.mid.gz 1406215739 False 1406215739
run23319.mid.gz 1406330731 False 1406330731
run23320.mid.gz 1406144375 False 1406144375
run23321.mid.gz 1406082617 False 1406082617
run23322.mid.gz 1406243073 False 1406243073
run23323.mid.gz 1406138972 False 1406138972
run23324.mid.gz 1406223510 False 1406223510
run23325.mid.gz 1406131315 False 1406131315
run23326.mid.gz 1406222033 False 1406222033
run23327.mid.gz 1406282790 False 1406282790
run23328.mid.gz 1406377931 False 1406377931
run23329.mid.gz 1406134434 False 1406134434
run23330.mid.gz 1406178158 False 1406178158
run23331.mid.gz 1405951905 False 1405951905
run23332.mid.gz 1406220578 False 1406220578
run23333.mid.gz 1406316521 False 1406316521
run23334.mid.gz 1406160999 False 1406160999
run23335.mid.gz 1406193744 False 1406193744
run23336.mid.gz 1406087183 False 1406087183
run23337.mid.gz 1406097704 False 1406097704
run23338.mid.gz 1406291868 False 1406291868
run23339.mid.gz 1406176546 False 1406176546
run23340.mid.gz 1406191448 False 1406191448
run23341.mid.gz 1406226566 False 1406226566
run23342.mid.gz 1406278388 False 1406278388
run23343.mid.gz 1406258991 False 1406258991
run23344.mid.gz 1406133889 False 1406133889
run23345.mid.gz 1406429481 False 1406429481
run23346.mid.gz 1406145629 False 1406145629
run23347.mid.gz 1406347083 False 1406347083
run23348.mid.gz 1406181169 False 1406181169
run23349.mid.gz 1406075551 False 1406075551
run23350.mid.gz 1406005918 False 1406005918
run23351.mid.gz 1405925530 False 1405925530
run23352.mid.gz 1405848582 False 1405848582
run23353.mid.gz 1406063022 False 1406063022
run23354.mid.gz 1406267550 False 1406267550
run23355.mid.gz 1406235279 False 1406235279
run23356.mid.gz 1406155032 False 1406155032
run23357.mid.gz 1406318555 False 1406318555
run23358.mid.gz 1405989957 False 1405989957
run23359.mid.gz 1406101205 False 1406101205
run23360.mid.gz 1406180279 False 1406180279
run23361.mid.gz 1406082302 False 1406082302
run23362.mid.gz 1406251553 False 1406251553
run23363.mid.gz 1406126640 False 1406126640
run23364.mid.gz 1406272322 False 1406272322
run23365.mid.gz 1406264731 False 1406264731
run23366.mid.gz 1406219992 False 1406219992
run23367.mid.gz 1406305827 False 1406305827
run23368.mid.gz 1406006464 False 1406006464
run23369.mid.gz 1406233046 False 1406233046
run23370.mid.gz 1406127249 False 1406127249
run23371.mid.gz 1406089428 False 1406089428
run23372.mid.gz 1406213270 False 1406213270
run23373.mid.gz 1406225388 False 1406225388
run23374.mid.gz 1406340710 False 1406340710
run23375.mid.gz 1406166055 False 1406166055
run23376.mid.gz 1406154024 False 1406154024
run23377.mid.gz 1406070897 False 1406070897
run23378.mid.gz 1406405915 False 1406405915
run23379.mid.gz 1406126192 False 1406126192
run23380.mid.gz 1406181847 False 1406181847
run23381.mid.gz 1406179433 False 1406179433
run23382.mid.gz 1406103771 False 1406103771
run23383.mid.gz 1406258000 False 1406258000
run23384.mid.gz 1406101854 False 1406101854
run23385.mid.gz 1406038467 False 1406038467
run23386.mid.gz 1406180716 False 1406180716
run23387.mid.gz 1406139766 False 1406139766
run23388.mid.gz 1406135300 False 1406135300
run23389.mid.gz 1406177675 False 1406177675
run23390.mid.gz 1406138087 False 1406138087
run23391.mid.gz 1406383723 False 1406383723
run23392.mid.gz 1405958663 False 1405958663
run23393.mid.gz 1406313156 False 1406313156
run23394.mid.gz 1406076403 False 1406076403
run23395.mid.gz 1406131470 False 1406131470
run23396.mid.gz 1406084068 False 1406084068
run23397.mid.gz 1406110638 False 1406110638
run23398.mid.gz 1406213434 False 1406213434
run23399.mid.gz 1406123763 False 1406123763
run23400.mid.gz 1406204636 False 1406204636
run23401.mid.gz 1406032097 False 1406032097
run23402.mid.gz 1406396000 False 1406396000
run23403.mid.gz 1405969937 False 1405969937
run23404.mid.gz 1406112791 False 1406112791
run23405.mid.gz 1406178084 False 1406178084
run23406.mid.gz 1406104858 False 1406104858
run23407.mid.gz 1406215811 False 1406215811
run23408.mid.gz 1405943635 False 1405943635
run23409.mid.gz 1406165179 False 1406165179
run23410.mid.gz 1406224299 False 1406224299
run23411.mid.gz 1406160329 False 1406160329
run23412.mid.gz 1406393013 False 1406393013
run23413.mid.gz 1406270141 False 1406270141
run23414.mid.gz 1406279770 False 1406279770
run23415.mid.gz 1406040276 False 1406040276
run23416.mid.gz 1406169036 False 1406169036
run23417.mid.gz 1406324615 False 1406324615
run23418.mid.gz 1406271406 False 1406271406
run23419.mid.gz 1406184818 False 1406184818
run23420.mid.gz 1406386881 False 1406386881
run23421.mid.gz 1406271855 False 1406271855
run23422.mid.gz 1406328294 False 1406328294
run23423.mid.gz 1406305007 False 1406305007
run23424.mid.gz 1406277487 False 1406277487
run23425.mid.gz 1406394756 False 1406394756
run23426.mid.gz 1406482312 False 1406482312
run23427.mid.gz 1406410037 False 1406410037
run23428.mid.gz 1406349393 False 1406349393
run23429.mid.gz 1406263671 False 1406263671
run23430.mid.gz 1406244076 False 1406244076
run23431.mid.gz 1406358564 False 1406358564
run23432.mid.gz 1406203288 False 1406203288
run23433.mid.gz 1406024787 False 1406024787
run23434.mid.gz 1406217615 False 1406217615
run23435.mid.gz 1405976704 False 1405976704
run23436.mid.gz 1406270681 False 1406270681
run23437.mid.gz 1406172769 False 1406172769
run23438.mid.gz 1406211228 False 1406211228
run23439.mid.gz 1406148334 False 1406148334
run23440.mid.gz 1406083704 False 1406083704
run23441.mid.gz 1405872630 False 1405872630
run23442.mid.gz 1406244871 False 1406244871
run23443.mid.gz 1406270687 False 1406270687
run23444.mid.gz 1405927934 False 1405927934
run23445.mid.gz 1405928228 False 1405928228
run23446.mid.gz 1406120047 False 1406120047
run23447.mid.gz 1406058629 False 1406058629
run23448.mid.gz 1406314567 False 1406314567
run23449.mid.gz 1406369205 False 1406369205
run23450.mid.gz 1406107007 False 1406107007
run23451.mid.gz 1405964656 False 1405964656
run23452.mid.gz 1406052100 False 1406052100
run23453.mid.gz 1406218854 False 1406218854
run23454.mid.gz 1406142939 False 1406142939
run23455.mid.gz 1406053555 False 1406053555
run23456.mid.gz 1405963536 False 1405963536
run23457.mid.gz 1406040613 False 1406040613
run23458.mid.gz 1406128300 False 1406128300
run23459.mid.gz 1406167489 False 1406167489
run23460.mid.gz 1406158826 False 1406158826
run23461.mid.gz 1406101307 False 1406101307
run23462.mid.gz 1405964675 False 1405964675
run23463.mid.gz 1405803056 False 1405803056
run23464.mid.gz 1406122984 False 1406122984
run23465.mid.gz 1405933717 False 1405933717
run23466.mid.gz 1406019252 False 1406019252
run23467.mid.gz 1406100924 False 1406100924
run23468.mid.gz 1406050661 False 1406050661
run23469.mid.gz 1406062694 False 1406062694
run23470.mid.gz 1405801067 False 1405801067
run23471.mid.gz 1406077452 False 1406077452
run23472.mid.gz 1406067140 False 1406067140
run23473.mid.gz 1405993379 False 1405993379
run23490.mid.gz 1406010095 False 1406010095
run23491.mid.gz 1406252427 False 1406252427
run23492.mid.gz 1405853828 False 1405853828
run23493.mid.gz 1406098779 False 1406098779
run23494.mid.gz 1406010289 False 1406010289
run23495.mid.gz 1405856537 False 1405856537
run23496.mid.gz 1405892928 False 1405892928
run23497.mid.gz 1406032297 False 1406032297
run23498.mid.gz 1405824848 False 1405824848
run23499.mid.gz 1406007396 False 1406007396
run23500.mid.gz 1405980857 False 1405980857
run23501.mid.gz 1405911445 False 1405911445
run23502.mid.gz 1405889090 False 1405889090
run23503.mid.gz 1406047282 False 1406047282
run23504.mid.gz 1406003563 False 1406003563
run23505.mid.gz 1406071705 False 1406071705
run23506.mid.gz 1406097386 False 1406097386
run23507.mid.gz 1405886463 False 1405886463
run23508.mid.gz 1406134243 False 1406134243
run23509.mid.gz 1406035235 False 1406035235
run23510.mid.gz 1405756747 False 1405756747
run23511.mid.gz 1406004611 False 1406004611
run23512.mid.gz 1406027884 False 1406027884
run23513.mid.gz 1406068869 False 1406068869
run23514.mid.gz 1405921261 False 1405921261
run23515.mid.gz 1406053892 False 1406053892
run23516.mid.gz 1405826758 False 1405826758
run23517.mid.gz 1406180183 False 1406180183
run23518.mid.gz 1406064665 False 1406064665
run23519.mid.gz 1406052978 False 1406052978
run23520.mid.gz 1405988409 False 1405988409
run23521.mid.gz 1406152367 False 1406152367
run23522.mid.gz 1405838520 False 1405838520
run23523.mid.gz 1405906241 False 1405906241
run23524.mid.gz 1405993836 False 1405993836
run23525.mid.gz 1406087913 False 1406087913
run23526.mid.gz 1405851602 False 1405851602
run23527.mid.gz 1406127256 False 1406127256
run23528.mid.gz 1406212216 False 1406212216
run23529.mid.gz 1406497145 False 1406497145
run23530.mid.gz 1406209700 False 1406209700
run23531.mid.gz 1406106511 False 1406106511
run23532.mid.gz 1406198650 False 1406198650
run23533.mid.gz 1406057137 False 1406057137
run23534.mid.gz 1406283287 False 1406283287
run23535.mid.gz 1406165779 False 1406165779
run23536.mid.gz 1406028265 False 1406028265
run23537.mid.gz 1406187447 False 1406187447
run23538.mid.gz 1406279797 False 1406279797
run23539.mid.gz 1406262734 False 1406262734
run23540.mid.gz 1406019192 False 1406019192
run23541.mid.gz 1406300039 False 1406300039
run23542.mid.gz 1406273634 False 1406273634
run23543.mid.gz 1406271425 False 1406271425
run23544.mid.gz 1406103928 False 1406103928
run23545.mid.gz 1406279484 False 1406279484
run23546.mid.gz 1406059302 False 1406059302
run23547.mid.gz 1406417929 False 1406417929
run23548.mid.gz 1406183773 False 1406183773
run23549.mid.gz 1406179260 False 1406179260
run23550.mid.gz 1406337899 False 1406337899
run23551.mid.gz 1406186657 False 1406186657
run23552.mid.gz 1406084656 False 1406084656
run23553.mid.gz 1406108227 False 1406108227
run23554.mid.gz 1406467217 False 1406467217
run23555.mid.gz 1406186402 False 1406186402
run23556.mid.gz 1406138899 False 1406138899
run23557.mid.gz 1406112364 False 1406112364
run23558.mid.gz 1406076217 False 1406076217
run23559.mid.gz 1406367553 False 1406367553
run23560.mid.gz 1406218755 False 1406218755
run23561.mid.gz 1406276897 False 1406276897
run23562.mid.gz 1406213122 False 1406213122
run23563.mid.gz 1406343854 False 1406343854
run23564.mid.gz 1406027732 False 1406027732
run23565.mid.gz 1406124877 False 1406124877
run23566.mid.gz 1406241240 False 1406241240
run23567.mid.gz 1406250749 False 1406250749
run23568.mid.gz 1406179480 False 1406179480
run23569.mid.gz 1406178651 False 1406178651
run23570.mid.gz 1406205821 False 1406205821
run23571.mid.gz 1406054542 False 1406054542
run23572.mid.gz 1406399580 False 1406399580
run23573.mid.gz 1405994905 False 1405994905
run23574.mid.gz 1406070397 False 1406070397
run23575.mid.gz 1406263938 False 1406263938
run23576.mid.gz 1406054955 False 1406054955
run23577.mid.gz 1406137320 False 1406137320
run23578.mid.gz 1406407662 False 1406407662
run23579.mid.gz 1406462355 False 1406462355
run23580.mid.gz 1406208598 False 1406208598
run23581.mid.gz 1406171147 False 1406171147
run23582.mid.gz 1406358913 False 1406358913
run23583.mid.gz 1406288295 False 1406288295
run23584.mid.gz 1406109476 False 1406109476
run23585.mid.gz 1406067207 False 1406067207
run23586.mid.gz 1406266717 False 1406266717
run23587.mid.gz 1406282481 False 1406282481
run23588.mid.gz 1406270908 False 1406270908
run23589.mid.gz 1406374084 False 1406374084
run23590.mid.gz 1406083946 False 1406083946
run23591.mid.gz 1406259294 False 1406259294
run23592.mid.gz 1406302072 False 1406302072
run23593.mid.gz 1406226803 False 1406226803
run23594.mid.gz 1406265599 False 1406265599
run23595.mid.gz 1406306912 False 1406306912
run23596.mid.gz 1406130790 False 1406130790
run23597.mid.gz 1406377076 False 1406377076
run23598.mid.gz 1406181722 False 1406181722
run23599.mid.gz 1406336357 False 1406336357
run23600.mid.gz 1406222878 False 1406222878
run23601.mid.gz 1406189929 False 1406189929
run23602.mid.gz 1406107474 False 1406107474
run23603.mid.gz 1406388102 False 1406388102
run23604.mid.gz 1406215815 False 1406215815
run23605.mid.gz 1406283547 False 1406283547
run23606.mid.gz 1406060175 False 1406060175
run23607.mid.gz 1406269121 False 1406269121
run23608.mid.gz 1406271743 False 1406271743
run23609.mid.gz 1406036660 False 1406036660
run23610.mid.gz 1406172151 False 1406172151
run23611.mid.gz 1406219274 False 1406219274
run23612.mid.gz 1406371131 False 1406371131
run23613.mid.gz 1406440449 False 1406440449
run23614.mid.gz 1406281911 False 1406281911
run23615.mid.gz 1406422763 False 1406422763
run23616.mid.gz 1406569097 False 1406569097
run23619.mid.gz 1424032039 False 1424032039
run23620.mid.gz 1409971880 False 1409971880
run23621.mid.gz 1409569150 False 1409569150
run23622.mid.gz 1409563605 False 1409563605
run23623.mid.gz 1409705001 False 1409705001
run23624.mid.gz 1409682660 False 1409682660
run23625.mid.gz 1409463569 False 1409463569
run23626.mid.gz 1409997554 False 1409997554
run23627.mid.gz 1409496336 False 1409496336
run23628.mid.gz 1409641144 False 1409641144
run23629.mid.gz 1409796323 False 1409796323
run23630.mid.gz 1410200129 False 1410200129
run23631.mid.gz 1409827617 False 1409827617
run23632.mid.gz 1409713457 False 1409713457
run23633.mid.gz 1409512738 False 1409512738
run23634.mid.gz 1409792981 False 1409792981
run23635.mid.gz 1409608310 False 1409608310
run23636.mid.gz 1409931393 False 1409931393
run23637.mid.gz 1409718554 False 1409718554
run23638.mid.gz 1409883925 False 1409883925
run23639.mid.gz 1409237406 False 1409237406
run23640.mid.gz 1409872174 False 1409872174
run23641.mid.gz 1409646025 False 1409646025
run23642.mid.gz 1409461345 False 1409461345
run23643.mid.gz 1409643633 False 1409643633
run23644.mid.gz 1410113994 False 1410113994
run23645.mid.gz 1409894992 False 1409894992
run23646.mid.gz 1409717229 False 1409717229
run23647.mid.gz 1409679875 False 1409679875
run23648.mid.gz 1409602828 False 1409602828
run23649.mid.gz 1409300440 False 1409300440
run23650.mid.gz 1409688111 False 1409688111
run23651.mid.gz 1409612939 False 1409612939
run23652.mid.gz 1409657035 False 1409657035
run23653.mid.gz 1409406939 False 1409406939
run23654.mid.gz 1409521359 False 1409521359
run23655.mid.gz 1409797925 False 1409797925
run23656.mid.gz 1409592926 False 1409592926
run23657.mid.gz 1409587798 False 1409587798
run23658.mid.gz 1409722118 False 1409722118
run23475.mid.gz 1406083055 False 1406083055
run23476.mid.gz 1406095508 False 1406095508
run23477.mid.gz 1405818382 False 1405818382
run23478.mid.gz 1405785784 False 1405785784
run23479.mid.gz 1405898647 False 1405898647
run23480.mid.gz 1406033624 False 1406033624
run23481.mid.gz 1405932117 False 1405932117
run23482.mid.gz 1405990807 False 1405990807
run23483.mid.gz 1405754031 False 1405754031
run23484.mid.gz 1405844607 False 1405844607
run23485.mid.gz 1405886329 False 1405886329
run23486.mid.gz 1405917829 False 1405917829
run23487.mid.gz 1405897908 False 1405897908
run23488.mid.gz 1406064181 False 1406064181
run23489.mid.gz 1405846488 False 1405846488
run23663.mid.gz 1089298720 False 1089298720
run23665.mid.gz 2134344244 False 2134344244
run23666.mid.gz 2133250940 False 2133250940
run23667.mid.gz 2154087352 False 2154087352
run23668.mid.gz 2127714292 False 2127714292
run23669.mid.gz 2154127372 False 2154127372
run23670.mid.gz 2128148160 False 2128148160
run23671.mid.gz 2155120362 False 2155120362
run23672.mid.gz 2128438625 False 2128438625
run23673.mid.gz 2154965798 False 2154965798
run23674.mid.gz 2127986489 False 2127986489
run23675.mid.gz 2154327253 False 2154327253
run23676.mid.gz 2128116771 False 2128116771
run23677.mid.gz 2154077654 False 2154077654
run23678.mid.gz 2127662769 False 2127662769
run23679.mid.gz 2154777575 False 2154777575
run23680.mid.gz 2128085976 False 2128085976
run23681.mid.gz 2154048870 False 2154048870
run23682.mid.gz 2127930754 False 2127930754
run23683.mid.gz 2154877753 False 2154877753
run23684.mid.gz 2128230708 False 2128230708
run23685.mid.gz 2153985237 False 2153985237
run23686.mid.gz 2127692090 False 2127692090
run23687.mid.gz 2154684989 False 2154684989
run23688.mid.gz 2128372947 False 2128372947
run23689.mid.gz 2154589287 False 2154589287
run23690.mid.gz 2128234017 False 2128234017
run23691.mid.gz 2154431091 False 2154431091
run23692.mid.gz 2128575565 False 2128575565
run23693.mid.gz 2154789982 False 2154789982
run23694.mid.gz 2128178713 False 2128178713
run23695.mid.gz 2154712925 False 2154712925
run23696.mid.gz 2128622781 False 2128622781
run23697.mid.gz 2154918391 False 2154918391
run23698.mid.gz 2127617782 False 2127617782
run23699.mid.gz 2154802500 False 2154802500
run23700.mid.gz 2128659957 False 2128659957
run23701.mid.gz 2155102515 False 2155102515
run23702.mid.gz 2128757824 False 2128757824
run23703.mid.gz 2155110452 False 2155110452
run23704.mid.gz 2128492885 False 2128492885
run23705.mid.gz 2155262999 False 2155262999
run23706.mid.gz 2128498304 False 2128498304
run23707.mid.gz 2154389616 False 2154389616
run23708.mid.gz 2128497612 False 2128497612
run23709.mid.gz 2154927787 False 2154927787
run23710.mid.gz 2128376862 False 2128376862
run23711.mid.gz 2155028973 False 2155028973
run23712.mid.gz 2128322636 False 2128322636
run23713.mid.gz 2154372732 False 2154372732
run23714.mid.gz 2128613460 False 2128613460
run23715.mid.gz 2155075223 False 2155075223
run23716.mid.gz 2128398154 False 2128398154
run23717.mid.gz 2154826175 False 2154826175
run23718.mid.gz 2128653533 False 2128653533
run23719.mid.gz 2155153100 False 2155153100
run23720.mid.gz 2128412530 False 2128412530
run23721.mid.gz 2154818763 False 2154818763
run23722.mid.gz 2128477711 False 2128477711
run23723.mid.gz 2155141725 False 2155141725
run23724.mid.gz 2128497646 False 2128497646
run23725.mid.gz 2155080845 False 2155080845
run23726.mid.gz 2127991582 False 2127991582
run23727.mid.gz 2155179526 False 2155179526
run23728.mid.gz 2128456482 False 2128456482
run23729.mid.gz 2154745042 False 2154745042
run23730.mid.gz 2127968327 False 2127968327
run23731.mid.gz 2154481943 False 2154481943
run23732.mid.gz 2128828412 False 2128828412
run23733.mid.gz 2155008045 False 2155008045
run23734.mid.gz 2128805379 False 2128805379
run23735.mid.gz 2155080346 False 2155080346
run23736.mid.gz 2128851604 False 2128851604
run23737.mid.gz 2154628608 False 2154628608
run23738.mid.gz 2128552414 False 2128552414
run23739.mid.gz 2155698066 False 2155698066
run23740.mid.gz 2128868212 False 2128868212
run23741.mid.gz 2154309551 False 2154309551
run23742.mid.gz 2129140500 False 2129140500
run23743.mid.gz 2155118910 False 2155118910
run23744.mid.gz 2128041304 False 2128041304
run23745.mid.gz 2155632894 False 2155632894
run23746.mid.gz 2128319653 False 2128319653
run23747.mid.gz 2155142094 False 2155142094
run23748.mid.gz 2128587912 False 2128587912
run23749.mid.gz 2155097776 False 2155097776
run23750.mid.gz 2128683577 False 2128683577
run23751.mid.gz 2155899212 False 2155899212
run23752.mid.gz 2128885577 False 2128885577
run23753.mid.gz 2154914157 False 2154914157
run23754.mid.gz 2129090356 False 2129090356
run23755.mid.gz 2155525529 False 2155525529
run23756.mid.gz 2128443541 False 2128443541
run23757.mid.gz 2155847669 False 2155847669
run23758.mid.gz 2129073401 False 2129073401
run23759.mid.gz 2155737970 False 2155737970
run23760.mid.gz 2128838259 False 2128838259
run23761.mid.gz 2156301147 False 2156301147
run23762.mid.gz 2128737816 False 2128737816
run23763.mid.gz 2155478289 False 2155478289
run23764.mid.gz 2129122592 False 2129122592
run23765.mid.gz 2155617210 False 2155617210
run23766.mid.gz 2129021554 False 2129021554
run23767.mid.gz 2156124549 False 2156124549
run23768.mid.gz 2129263486 False 2129263486
run23769.mid.gz 2155034928 False 2155034928
run23770.mid.gz 2128930147 False 2128930147
run23771.mid.gz 2155753055 False 2155753055
run23772.mid.gz 2128301247 False 2128301247
run23773.mid.gz 2155923923 False 2155923923
run23774.mid.gz 2129613115 False 2129613115
run23775.mid.gz 2155377481 False 2155377481
run23776.mid.gz 2129403682 False 2129403682
run23777.mid.gz 2154957443 False 2154957443
run23778.mid.gz 2128348133 False 2128348133
run23779.mid.gz 2155650013 False 2155650013
run23780.mid.gz 2129130779 False 2129130779
run23781.mid.gz 2155385624 False 2155385624
run23782.mid.gz 2128141893 False 2128141893
run23783.mid.gz 2155062175 False 2155062175
run23784.mid.gz 2129669545 False 2129669545
run23785.mid.gz 2156172889 False 2156172889
run23786.mid.gz 2128710322 False 2128710322
run23787.mid.gz 2154691310 False 2154691310
run23788.mid.gz 2128757999 False 2128757999
run23789.mid.gz 2155509995 False 2155509995
run23790.mid.gz 2129074803 False 2129074803
run23791.mid.gz 2155680560 False 2155680560
run23792.mid.gz 2128471677 False 2128471677
run23793.mid.gz 2154848782 False 2154848782
run23794.mid.gz 2128598622 False 2128598622
run23795.mid.gz 2154680861 False 2154680861
run23796.mid.gz 2128870938 False 2128870938
run23797.mid.gz 2155324787 False 2155324787
run23798.mid.gz 2128539069 False 2128539069
run23799.mid.gz 2155073619 False 2155073619
run23800.mid.gz 2128654183 False 2128654183
run23801.mid.gz 2155160249 False 2155160249
run23802.mid.gz 2128774157 False 2128774157
run23803.mid.gz 2155262499 False 2155262499
run23804.mid.gz 2128738132 False 2128738132
run23805.mid.gz 2155256714 False 2155256714
run23806.mid.gz 2127877853 False 2127877853
run23807.mid.gz 2155562353 False 2155562353
run23808.mid.gz 2128549880 False 2128549880
run23809.mid.gz 2155074444 False 2155074444
run23810.mid.gz 2128389034 False 2128389034
run23811.mid.gz 2155328450 False 2155328450
run23812.mid.gz 2128512714 False 2128512714
run23813.mid.gz 2154589594 False 2154589594
run23814.mid.gz 2128993368 False 2128993368
run23815.mid.gz 2155307805 False 2155307805
run23816.mid.gz 2128624224 False 2128624224
run23817.mid.gz 2155134647 False 2155134647
run23818.mid.gz 2129142373 False 2129142373
run23819.mid.gz 2155669460 False 2155669460
run23820.mid.gz 2129173009 False 2129173009
run23821.mid.gz 2154878870 False 2154878870
run23822.mid.gz 2128988295 False 2128988295
run23823.mid.gz 2155183853 False 2155183853
run23824.mid.gz 2129518283 False 2129518283
run23825.mid.gz 2155808054 False 2155808054
run23826.mid.gz 2129631223 False 2129631223
run23827.mid.gz 2155606980 False 2155606980
run23828.mid.gz 2129266191 False 2129266191
run23829.mid.gz 2155668927 False 2155668927
run23830.mid.gz 2128599409 False 2128599409
run23831.mid.gz 2155375326 False 2155375326
run23832.mid.gz 2129355601 False 2129355601
run23833.mid.gz 2155540870 False 2155540870
run23834.mid.gz 2128925478 False 2128925478
run23835.mid.gz 2155221279 False 2155221279
run23836.mid.gz 2128396977 False 2128396977
run23837.mid.gz 2155468424 False 2155468424
run23838.mid.gz 2129473926 False 2129473926
run23839.mid.gz 2155695340 False 2155695340
run23840.mid.gz 2129354732 False 2129354732
run23841.mid.gz 2155688664 False 2155688664
run23842.mid.gz 2129405489 False 2129405489
run23843.mid.gz 2155718933 False 2155718933
run23844.mid.gz 2128806468 False 2128806468
run23845.mid.gz 2155109890 False 2155109890
run23846.mid.gz 2129530250 False 2129530250
run23847.mid.gz 2155932242 False 2155932242
run23848.mid.gz 2129997149 False 2129997149
run23849.mid.gz 2155645850 False 2155645850
run23850.mid.gz 2128346115 False 2128346115
run23851.mid.gz 2155472626 False 2155472626
run23852.mid.gz 2129323363 False 2129323363
run23853.mid.gz 2155872194 False 2155872194
run23854.mid.gz 2129576004 False 2129576004
run23855.mid.gz 2156415508 False 2156415508
run23856.mid.gz 2129333744 False 2129333744
run23857.mid.gz 2155396665 False 2155396665
run23858.mid.gz 2129703500 False 2129703500
run23859.mid.gz 2155800293 False 2155800293
run23860.mid.gz 2129602937 False 2129602937
run23861.mid.gz 2155570712 False 2155570712
run23862.mid.gz 2129446683 False 2129446683
run23863.mid.gz 2155270493 False 2155270493
run23864.mid.gz 2130097825 False 2130097825
run23865.mid.gz 2155477278 False 2155477278
run23866.mid.gz 2129121488 False 2129121488
run23867.mid.gz 2155306839 False 2155306839
run23868.mid.gz 2129623588 False 2129623588
run23869.mid.gz 2155274545 False 2155274545
run23870.mid.gz 2128922632 False 2128922632
run23871.mid.gz 2155711051 False 2155711051
run23872.mid.gz 2130276877 False 2130276877
run23873.mid.gz 2156041964 False 2156041964
run23874.mid.gz 2129263516 False 2129263516
run23875.mid.gz 2155408218 False 2155408218
run23876.mid.gz 2133961725 False 2133961725
run23877.mid.gz 2129738810 False 2129738810
run23878.mid.gz 2155688480 False 2155688480
run23879.mid.gz 2128678912 False 2128678912
run23880.mid.gz 2155791697 False 2155791697
run23881.mid.gz 2129390053 False 2129390053
run23882.mid.gz 2155589691 False 2155589691
run23883.mid.gz 2129306084 False 2129306084
run23884.mid.gz 2156443421 False 2156443421
run23885.mid.gz 2129966746 False 2129966746
run23886.mid.gz 2156512894 False 2156512894
run23887.mid.gz 2129881602 False 2129881602
run23888.mid.gz 2155372880 False 2155372880
run23889.mid.gz 2129346008 False 2129346008
run23890.mid.gz 2155150854 False 2155150854
run23891.mid.gz 2129385045 False 2129385045
run23892.mid.gz 2156356702 False 2156356702
run23893.mid.gz 2129558243 False 2129558243
run23894.mid.gz 2154979409 False 2154979409
run23895.mid.gz 2129993014 False 2129993014
run23896.mid.gz 2155972071 False 2155972071
run23897.mid.gz 2129137399 False 2129137399
run23898.mid.gz 2157108352 False 2157108352
run23899.mid.gz 2129673179 False 2129673179
run23900.mid.gz 2155547987 False 2155547987
run23901.mid.gz 2129838319 False 2129838319
run23902.mid.gz 2156406987 False 2156406987
run23903.mid.gz 2129301231 False 2129301231
run23904.mid.gz 2161303944 False 2161303944
run23905.mid.gz 2132371233 False 2132371233
run23906.mid.gz 2159536371 False 2159536371
run23907.mid.gz 2132522750 False 2132522750
run23908.mid.gz 2157657813 False 2157657813
run23909.mid.gz 2130305796 False 2130305796
run23910.mid.gz 2157023484 False 2157023484
run23911.mid.gz 2129811140 False 2129811140
run23912.mid.gz 2157190109 False 2157190109
run23913.mid.gz 2130340243 False 2130340243
run23914.mid.gz 2156288599 False 2156288599
run23915.mid.gz 2130298960 False 2130298960
run23916.mid.gz 2155861245 False 2155861245
run23917.mid.gz 2130132291 False 2130132291
run23933.mid.gz 1329032398 False 1329032398
run23934.mid.gz 2736850652 False 2736850652
run23935.mid.gz 2594424981 False 2594424981
run23936.mid.gz 2754886449 False 2754886449
run23937.mid.gz 2658532828 False 2658532828
run23938.mid.gz 2581514550 False 2581514550
run23939.mid.gz 2677736819 False 2677736819
run23940.mid.gz 2671603706 False 2671603706
run23941.mid.gz 2620219618 False 2620219618
run23942.mid.gz 2761369953 False 2761369953
run23943.mid.gz 2652199165 False 2652199165
run23944.mid.gz 2742285961 False 2742285961
run23945.mid.gz 2671545486 False 2671545486
run23946.mid.gz 2652427147 False 2652427147
run23947.mid.gz 2626721242 False 2626721242
run23948.mid.gz 2588137769 False 2588137769
run23949.mid.gz 2703789014 False 2703789014
run23950.mid.gz 2664926451 False 2664926451
run23953.mid.gz 2582173215 False 2582173215
run23954.mid.gz 2652441244 False 2652441244
run23955.mid.gz 2614053784 False 2614053784
run23956.mid.gz 2581804760 False 2581804760
run23957.mid.gz 2665398996 False 2665398996
run23958.mid.gz 2748794493 False 2748794493
run23959.mid.gz 2768157418 False 2768157418
run23960.mid.gz 2620510531 False 2620510531
run23961.mid.gz 2581900814 False 2581900814
run23962.mid.gz 2710302710 False 2710302710
run23963.mid.gz 2620295918 False 2620295918
run23964.mid.gz 2774593258 False 2774593258
run23965.mid.gz 2639566623 False 2639566623
run23966.mid.gz 2581975764 False 2581975764
run23967.mid.gz 2736103349 False 2736103349
run23968.mid.gz 2697412667 False 2697412667
run23969.mid.gz 2671766179 False 2671766179
run23970.mid.gz 2620539154 False 2620539154
run23971.mid.gz 2581931223 False 2581931223
run23972.mid.gz 2665434867 False 2665434867
run23973.mid.gz 2607496398 False 2607496398
run23974.mid.gz 2684597041 False 2684597041
run23975.mid.gz 2659015642 False 2659015642
run23976.mid.gz 2736111156 False 2736111156
run23977.mid.gz 2710205551 False 2710205551
run23978.mid.gz 2671722875 False 2671722875
run23979.mid.gz 2620330166 False 2620330166
run23980.mid.gz 2774445862 False 2774445862
run23981.mid.gz 2665371866 False 2665371866
run23982.mid.gz 2620470569 False 2620470569
run23983.mid.gz 2774441052 False 2774441052
run23984.mid.gz 2665293030 False 2665293030
run23985.mid.gz 2601029312 False 2601029312
run23986.mid.gz 2652694546 False 2652694546
run23987.mid.gz 2665497172 False 2665497172
run23988.mid.gz 2620476652 False 2620476652
run23989.mid.gz 2768324739 False 2768324739
run23990.mid.gz 2742553073 False 2742553073
run23991.mid.gz 2639856145 False 2639856145
run23992.mid.gz 2646017322 False 2646017322
run23993.mid.gz 2594725612 False 2594725612
run23994.mid.gz 2767897046 False 2767897046
run23995.mid.gz 2735799868 False 2735799868
run23996.mid.gz 2755309097 False 2755309097
run23997.mid.gz 2729510641 False 2729510641
run23998.mid.gz 2703803798 False 2703803798
run23999.mid.gz 2665284152 False 2665284152
run24000.mid.gz 2633411653 False 2633411653
run24001.mid.gz 2665755070 False 2665755070
run24002.mid.gz 2748853426 False 2748853426
run24003.mid.gz 2710333629 False 2710333629
run24004.mid.gz 2652546268 False 2652546268
run24005.mid.gz 2601136975 False 2601136975
run24006.mid.gz 2690892010 False 2690892010
run24007.mid.gz 2658748300 False 2658748300
run24008.mid.gz 2594671301 False 2594671301
run24009.mid.gz 2684536701 False 2684536701
run24010.mid.gz 2645934247 False 2645934247
run24011.mid.gz 2607443771 False 2607443771
run24012.mid.gz 2581574683 False 2581574683
run24013.mid.gz 2690992891 False 2690992891
run24014.mid.gz 2652429471 False 2652429471
run24015.mid.gz 2614082815 False 2614082815
run24016.mid.gz 2582017658 False 2582017658
run24017.mid.gz 2691204128 False 2691204128
run24018.mid.gz 2652644710 False 2652644710
run24019.mid.gz 2607779676 False 2607779676
run24020.mid.gz 2716751546 False 2716751546
run24021.mid.gz 2697497075 False 2697497075
run24022.mid.gz 2639772046 False 2639772046
run24023.mid.gz 2588386493 False 2588386493
run24024.mid.gz 2658968325 False 2658968325
run24025.mid.gz 2626833498 False 2626833498
run24026.mid.gz 2588346957 False 2588346957
run24027.mid.gz 2665276760 False 2665276760
run24028.mid.gz 2620311060 False 2620311060
run24029.mid.gz 2774620615 False 2774620615
run24030.mid.gz 2665371624 False 2665371624
run24031.mid.gz 2607534483 False 2607534483
run24032.mid.gz 2780837490 False 2780837490
run24033.mid.gz 2748775068 False 2748775068
run24034.mid.gz 2671590093 False 2671590093
run24412.mid.gz 2602339322 False 2602339322
run24413.mid.gz 2615035380 False 2615035380
run24414.mid.gz 2627994404 False 2627994404
run24415.mid.gz 2621577920 False 2621577920
run24416.mid.gz 2647155244 False 2647155244
run24417.mid.gz 2640584788 False 2640584788
run24418.mid.gz 2660321649 False 2660321649
run24419.mid.gz 2672833335 False 2672833335
run24420.mid.gz 2608737881 False 2608737881
run24421.mid.gz 2608861876 False 2608861876
run24422.mid.gz 2628214635 False 2628214635
run24423.mid.gz 2640715339 False 2640715339
run24424.mid.gz 2628025523 False 2628025523
run24425.mid.gz 2595911375 False 2595911375
run24426.mid.gz 2666355833 False 2666355833
run24427.mid.gz 2615107891 False 2615107891
run24428.mid.gz 2756355617 False 2756355617
run24429.mid.gz 2627900704 False 2627900704
run24430.mid.gz 2621525061 False 2621525061
run24431.mid.gz 2672922438 False 2672922438
run24432.mid.gz 2608579754 False 2608579754
run24433.mid.gz 2621569409 False 2621569409
run24434.mid.gz 2615188056 False 2615188056
run24435.mid.gz 2685560917 False 2685560917
run24436.mid.gz 2627988850 False 2627988850
run24437.mid.gz 2608884295 False 2608884295
run24438.mid.gz 2595668964 False 2595668964
run24439.mid.gz 2602321276 False 2602321276
run24440.mid.gz 2615294845 False 2615294845
run24441.mid.gz 2660097859 False 2660097859
run24442.mid.gz 2583348126 False 2583348126
run24443.mid.gz 2608929158 False 2608929158
run24444.mid.gz 2653777167 False 2653777167
run24445.mid.gz 2750129323 False 2750129323
run24446.mid.gz 2596037319 False 2596037319
run24447.mid.gz 2628045516 False 2628045516
run24448.mid.gz 2692369607 False 2692369607
run24449.mid.gz 2679602514 False 2679602514
run24450.mid.gz 2711705460 False 2711705460
run24451.mid.gz 2737333080 False 2737333080
run24452.mid.gz 2615318254 False 2615318254
run24453.mid.gz 2628177103 False 2628177103
run24454.mid.gz 2628172007 False 2628172007
run24456.mid.gz 2884028311 False 2884028311
run24458.mid.gz 2639276594 False 2639276594
run24459.mid.gz 2692365454 False 2692365454
run24460.mid.gz 2609140860 False 2609140860
run24461.mid.gz 2648096503 False 2648096503
run24462.mid.gz 2718088459 False 2718088459
run24528.mid.gz 52555 False 52555
run24529.mid.gz 52558 False 52558
run24684.mid.gz 2775202576 False 2775202576
run24685.mid.gz 2768715989 False 2768715989
run24686.mid.gz 2736551841 False 2736551841
run24687.mid.gz 2595110943 False 2595110943
run24688.mid.gz 2685096019 False 2685096019
run24689.mid.gz 2640124780 False 2640124780
run24690.mid.gz 2582381293 False 2582381293
run24691.mid.gz 2665896634 False 2665896634
run24692.mid.gz 2627357312 False 2627357312
run24693.mid.gz 2595130413 False 2595130413
run24694.mid.gz 2698006437 False 2698006437
run24695.mid.gz 2652718302 False 2652718302
run24696.mid.gz 2614297074 False 2614297074
run24697.mid.gz 2781255076 False 2781255076
run24698.mid.gz 2723417702 False 2723417702
run24699.mid.gz 2678463666 False 2678463666
run24700.mid.gz 2640063641 False 2640063641
run24701.mid.gz 2608043846 False 2608043846
run24703.mid.gz 1335464036 False 1335464036
run24704.mid.gz 2737301888 False 2737301888
run24705.mid.gz 2627262099 False 2627262099
run24706.mid.gz 2607740000 False 2607740000
run24463.mid.gz 2718334541 False 2718334541
run24464.mid.gz 2692434134 False 2692434134
run24465.mid.gz 2718140504 False 2718140504
run24466.mid.gz 2731056313 False 2731056313
run24467.mid.gz 2583188249 False 2583188249
run24468.mid.gz 2640861834 False 2640861834
run24469.mid.gz 2627939750 False 2627939750
run24470.mid.gz 2653843292 False 2653843292
run24471.mid.gz 2596076696 False 2596076696
run24472.mid.gz 2596074089 False 2596074089
run24473.mid.gz 2602663272 False 2602663272
run24474.mid.gz 2608800033 False 2608800033
run24475.mid.gz 2602492121 False 2602492121
run24476.mid.gz 2750260982 False 2750260982
run24477.mid.gz 2602389370 False 2602389370
run24478.mid.gz 2627766071 False 2627766071
run24479.mid.gz 2640603536 False 2640603536
run24480.mid.gz 2640683692 False 2640683692
run24481.mid.gz 2730770289 False 2730770289
run24482.mid.gz 2756403847 False 2756403847
run24483.mid.gz 2596132449 False 2596132449
run24484.mid.gz 2628113647 False 2628113647
run24485.mid.gz 2628066689 False 2628066689
run24486.mid.gz 2621755536 False 2621755536
run24487.mid.gz 2595985732 False 2595985732
run24488.mid.gz 2583176418 False 2583176418
run24489.mid.gz 2596041241 False 2596041241
run24490.mid.gz 2608734563 False 2608734563
run24491.mid.gz 2621825904 False 2621825904
run24492.mid.gz 2615278511 False 2615278511
run24493.mid.gz 2589524763 False 2589524763
run24494.mid.gz 2634502105 False 2634502105
run24495.mid.gz 2659981935 False 2659981935
run24496.mid.gz 2769411949 False 2769411949
run24497.mid.gz 2595738372 False 2595738372
run24498.mid.gz 2602484153 False 2602484153
run24499.mid.gz 2596038902 False 2596038902
run24500.mid.gz 2621513896 False 2621513896
run24501.mid.gz 2608744206 False 2608744206
run24502.mid.gz 2615203508 False 2615203508
run24503.mid.gz 2596097543 False 2596097543
run24504.mid.gz 2596013345 False 2596013345
run24505.mid.gz 2589477912 False 2589477912
run24506.mid.gz 2763019449 False 2763019449
run24507.mid.gz 2621780208 False 2621780208
run24508.mid.gz 2615170946 False 2615170946
run24509.mid.gz 2608615232 False 2608615232
run24510.mid.gz 2743622046 False 2743622046
run24511.mid.gz 2621667097 False 2621667097
run24512.mid.gz 2608847072 False 2608847072
run24513.mid.gz 2595930276 False 2595930276
run24514.mid.gz 2615270688 False 2615270688
run24515.mid.gz 2640774075 False 2640774075
run24516.mid.gz 2608835305 False 2608835305
run24517.mid.gz 2621650560 False 2621650560
run24518.mid.gz 2628087516 False 2628087516
run24519.mid.gz 2615263002 False 2615263002
run24520.mid.gz 2615308666 False 2615308666
run24521.mid.gz 2640847671 False 2640847671
run24522.mid.gz 2647193755 False 2647193755
run24523.mid.gz 2769297129 False 2769297129
run24524.mid.gz 1992113691 False 1992113691
run24525.mid.gz 2054408742 False 2054408742
run24526.mid.gz 2601792341 False 2601792341
run24530.mid.gz 2628232242 False 2628232242
run24531.mid.gz 2711577583 False 2711577583
run24532.mid.gz 2685848205 False 2685848205
run24533.mid.gz 2704950000 False 2704950000
run24534.mid.gz 2730729408 False 2730729408
run24535.mid.gz 2762799901 False 2762799901
run24537.mid.gz 2588617305 False 2588617305
run24538.mid.gz 2704783164 False 2704783164
run24539.mid.gz 2756281682 False 2756281682
run24540.mid.gz 2692102519 False 2692102519
run24541.mid.gz 2724257996 False 2724257996
run24542.mid.gz 2730669859 False 2730669859
run24543.mid.gz 2756387170 False 2756387170
run24544.mid.gz 2711709048 False 2711709048
run24545.mid.gz 2730811689 False 2730811689
run24546.mid.gz 2653946015 False 2653946015
run24547.mid.gz 2672971936 False 2672971936
run24549.mid.gz 2728962206 False 2728962206
run24550.mid.gz 2698401623 False 2698401623
run24551.mid.gz 2659901255 False 2659901255
run24552.mid.gz 2627777257 False 2627777257
run24553.mid.gz 2582705976 False 2582705976
run24554.mid.gz 2749521402 False 2749521402
run24555.mid.gz 2717478634 False 2717478634
run24556.mid.gz 2691813167 False 2691813167
run24557.mid.gz 2672710907 False 2672710907
run24558.mid.gz 2627688326 False 2627688326
run24559.mid.gz 2582754316 False 2582754316
run24560.mid.gz 2698264029 False 2698264029
run24561.mid.gz 2659608747 False 2659608747
run24562.mid.gz 2627688557 False 2627688557
run24563.mid.gz 2775506503 False 2775506503
run24564.mid.gz 2749753503 False 2749753503
run24565.mid.gz 2698437499 False 2698437499
run24566.mid.gz 2659836042 False 2659836042
run24567.mid.gz 2621296962 False 2621296962
run24568.mid.gz 2582897958 False 2582897958
run24569.mid.gz 2698195723 False 2698195723
run24570.mid.gz 2653395928 False 2653395928
run24571.mid.gz 2627572302 False 2627572302
run24572.mid.gz 2601893270 False 2601893270
run24573.mid.gz 2666234919 False 2666234919
run24574.mid.gz 2646862512 False 2646862512
run24575.mid.gz 2589190450 False 2589190450
run24576.mid.gz 2691970347 False 2691970347
run24577.mid.gz 2659664321 False 2659664321
run24578.mid.gz 2608392021 False 2608392021
run24579.mid.gz 2711131156 False 2711131156
run24580.mid.gz 2659968836 False 2659968836
run24581.mid.gz 2627662837 False 2627662837
run24582.mid.gz 2781748594 False 2781748594
run24583.mid.gz 2698301011 False 2698301011
run24584.mid.gz 2647136702 False 2647136702
run24585.mid.gz 2595580368 False 2595580368
run24586.mid.gz 2698326033 False 2698326033
run24587.mid.gz 2679021024 False 2679021024
run24588.mid.gz 2614906703 False 2614906703
run24589.mid.gz 2685407789 False 2685407789
run24590.mid.gz 2653241435 False 2653241435
run24591.mid.gz 2582670435 False 2582670435
run24592.mid.gz 2730477354 False 2730477354
run24593.mid.gz 2698419426 False 2698419426
run24594.mid.gz 2659819115 False 2659819115
run24595.mid.gz 2601937433 False 2601937433
run24596.mid.gz 2679106816 False 2679106816
run24597.mid.gz 2614772935 False 2614772935
run24598.mid.gz 2775418164 False 2775418164
run24599.mid.gz 2730441950 False 2730441950
run24600.mid.gz 2691757583 False 2691757583
run24601.mid.gz 2646939681 False 2646939681
run24602.mid.gz 2601957833 False 2601957833
run24603.mid.gz 2704840186 False 2704840186
run24604.mid.gz 2666326954 False 2666326954
run24605.mid.gz 2640762071 False 2640762071
run24606.mid.gz 2582733098 False 2582733098
run24607.mid.gz 2679213850 False 2679213850
run24608.mid.gz 2679162201 False 2679162201
run24609.mid.gz 2634393174 False 2634393174
run24610.mid.gz 2595757745 False 2595757745
run24611.mid.gz 2717710112 False 2717710112
run24612.mid.gz 2666353874 False 2666353874
run24613.mid.gz 2621488573 False 2621488573
run24614.mid.gz 2769084410 False 2769084410
run24615.mid.gz 2724227007 False 2724227007
run24616.mid.gz 2691841859 False 2691841859
run24617.mid.gz 2666189224 False 2666189224
run24618.mid.gz 2621199030 False 2621199030
run24619.mid.gz 2589233033 False 2589233033
run24620.mid.gz 2704574915 False 2704574915
run24621.mid.gz 2679125920 False 2679125920
run24622.mid.gz 2653351131 False 2653351131
run24623.mid.gz 2608511102 False 2608511102
run24624.mid.gz 2679055723 False 2679055723
run24625.mid.gz 2659867171 False 2659867171
run24626.mid.gz 2640378475 False 2640378475
run24627.mid.gz 2601764961 False 2601764961
run24628.mid.gz 2691720858 False 2691720858
run24634.mid.gz 2704692203 False 2704692203
run24635.mid.gz 2672504674 False 2672504674
run24636.mid.gz 2621198449 False 2621198449
run24637.mid.gz 2589141643 False 2589141643
run24638.mid.gz 2685382572 False 2685382572
run24639.mid.gz 2634082271 False 2634082271
run24640.mid.gz 2582640841 False 2582640841
run24641.mid.gz 2691706127 False 2691706127
run24642.mid.gz 2685204871 False 2685204871
run24643.mid.gz 2640353667 False 2640353667
run24644.mid.gz 2730166674 False 2730166674
run24645.mid.gz 2588767870 False 2588767870
run24646.mid.gz 2755781679 False 2755781679
run24647.mid.gz 2781681408 False 2781681408
run24648.mid.gz 2736772428 False 2736772428
run24649.mid.gz 2768733050 False 2768733050
run24650.mid.gz 2595243814 False 2595243814
run24651.mid.gz 2768659685 False 2768659685
run24652.mid.gz 2588613784 False 2588613784
run24653.mid.gz 2717237885 False 2717237885
run24654.mid.gz 2762339437 False 2762339437
run24655.mid.gz 2775149355 False 2775149355
run24656.mid.gz 2781671507 False 2781671507
run24657.mid.gz 2762342992 False 2762342992
run24658.mid.gz 2608317898 False 2608317898
run24659.mid.gz 2749361463 False 2749361463
run24660.mid.gz 2742952723 False 2742952723
run24661.mid.gz 2582401240 False 2582401240
run24662.mid.gz 2749535552 False 2749535552
run24663.mid.gz 2595303385 False 2595303385
run24664.mid.gz 2749371747 False 2749371747
run24665.mid.gz 2794375868 False 2794375868
run24666.mid.gz 2730144267 False 2730144267
run24667.mid.gz 2755937166 False 2755937166
run24668.mid.gz 2762332873 False 2762332873
run24669.mid.gz 2588819161 False 2588819161
run24670.mid.gz 2749562185 False 2749562185
run24671.mid.gz 2582580402 False 2582580402
run24672.mid.gz 2608102182 False 2608102182
run24673.mid.gz 2659591752 False 2659591752
run24674.mid.gz 2666040623 False 2666040623
run24675.mid.gz 2698127996 False 2698127996
run24676.mid.gz 2717423576 False 2717423576
run24677.mid.gz 2736749207 False 2736749207
run24678.mid.gz 2768863005 False 2768863005
run24679.mid.gz 2775134189 False 2775134189
run24680.mid.gz 2595263883 False 2595263883
run24681.mid.gz 2762190895 False 2762190895
run24682.mid.gz 2608217988 False 2608217988
run24683.mid.gz 2762258821 False 2762258821
run24707.mid.gz 2755499785 False 2755499785
run24708.mid.gz 2678450068 False 2678450068
run24709.mid.gz 2620607484 False 2620607484
run24710.mid.gz 2774820207 False 2774820207
run24711.mid.gz 2697520673 False 2697520673
run24712.mid.gz 2652579888 False 2652579888
run24713.mid.gz 2627064532 False 2627064532
run24714.mid.gz 2762142983 False 2762142983
run24715.mid.gz 2672225344 False 2672225344
run24716.mid.gz 2646550847 False 2646550847
run24717.mid.gz 2775017979 False 2775017979
run24718.mid.gz 2659422591 False 2659422591
run24719.mid.gz 2781513665 False 2781513665
run24720.mid.gz 2678779608 False 2678779608
run24721.mid.gz 2620831255 False 2620831255
run24722.mid.gz 2755753507 False 2755753507
run24723.mid.gz 2672005390 False 2672005390
run24724.mid.gz 2639977292 False 2639977292
run24725.mid.gz 2768413695 False 2768413695
run24726.mid.gz 2672251275 False 2672251275
run24727.mid.gz 2659112025 False 2659112025
run24728.mid.gz 2594849169 False 2594849169
run24729.mid.gz 2717002038 False 2717002038
run24730.mid.gz 2652709048 False 2652709048
run24731.mid.gz 2620806947 False 2620806947
run24732.mid.gz 2768397230 False 2768397230
run24733.mid.gz 2671995130 False 2671995130
run24734.mid.gz 2659494270 False 2659494270
run24735.mid.gz 2671831502 False 2671831502
run24736.mid.gz 2614272693 False 2614272693
run24737.mid.gz 2684728388 False 2684728388
run24738.mid.gz 2646184049 False 2646184049
run24739.mid.gz 2588757886 False 2588757886
run24740.mid.gz 2697512067 False 2697512067
run24741.mid.gz 2639879065 False 2639879065
run24742.mid.gz 2774636435 False 2774636435
run24743.mid.gz 2671994224 False 2671994224
run24744.mid.gz 2601349821 False 2601349821
run24745.mid.gz 2749207013 False 2749207013
run24746.mid.gz 2659033808 False 2659033808
run24747.mid.gz 2607824645 False 2607824645
run24748.mid.gz 2742870306 False 2742870306
run24749.mid.gz 2665538866 False 2665538866
run24750.mid.gz 2594986342 False 2594986342
run24751.mid.gz 2671920717 False 2671920717
run24752.mid.gz 2639969471 False 2639969471
run24753.mid.gz 2601507935 False 2601507935
run24757.mid.gz 2646381766 False 2646381766
run24758.mid.gz 2677587501 False 2677587501
run24759.mid.gz 2594210052 False 2594210052
run24760.mid.gz 2645472944 False 2645472944
run24761.mid.gz 2587774326 False 2587774326
run24762.mid.gz 2671137701 False 2671137701
run24763.mid.gz 2619874976 False 2619874976
run24764.mid.gz 2754652028 False 2754652028
run24765.mid.gz 2651962098 False 2651962098
run24766.mid.gz 2594281855 False 2594281855
run24768.mid.gz 1073850844 False 1073850844
run24769.mid.gz 2138607961 False 2138607961
run24770.mid.gz 2144064283 False 2144064283
run24771.mid.gz 2127980898 False 2127980898
run24772.mid.gz 2143810465 False 2143810465
run24773.mid.gz 2127764323 False 2127764323
run24774.mid.gz 2149227039 False 2149227039
run24775.mid.gz 2144162585 False 2144162585
run24776.mid.gz 2138755358 False 2138755358
run24777.mid.gz 2133140181 False 2133140181
run24778.mid.gz 2127920803 False 2127920803
run24779.mid.gz 2128846201 False 2128846201
run24780.mid.gz 2144087317 False 2144087317
run24781.mid.gz 2122567386 False 2122567386
run24782.mid.gz 2149413540 False 2149413540
run24783.mid.gz 2133498069 False 2133498069
run24784.mid.gz 2128300650 False 2128300650
run24785.mid.gz 2144125041 False 2144125041
run23951.mid.gz 610208543 False 610208543
run24035.mid.gz 2652503448 False 2652503448
run24036.mid.gz 2716906552 False 2716906552
run24037.mid.gz 2742391307 False 2742391307
run24038.mid.gz 2723352605 False 2723352605
run24039.mid.gz 2691028001 False 2691028001
run24040.mid.gz 2659058099 False 2659058099
run24041.mid.gz 2607574208 False 2607574208
run24042.mid.gz 2703980237 False 2703980237
run24043.mid.gz 2665347713 False 2665347713
run24044.mid.gz 2614042937 False 2614042937
run24045.mid.gz 2582100950 False 2582100950
run24046.mid.gz 2678230833 False 2678230833
run24047.mid.gz 2729703297 False 2729703297
run24048.mid.gz 2723284842 False 2723284842
run24049.mid.gz 2691139036 False 2691139036
run24050.mid.gz 2659124940 False 2659124940
run24051.mid.gz 2588490102 False 2588490102
run24052.mid.gz 2736079716 False 2736079716
run24053.mid.gz 2723178098 False 2723178098
run24054.mid.gz 2691257716 False 2691257716
run24055.mid.gz 2620574625 False 2620574625
run24056.mid.gz 2755511247 False 2755511247
run24057.mid.gz 2736487806 False 2736487806
run24058.mid.gz 2646416323 False 2646416323
run24059.mid.gz 2614313340 False 2614313340
run24060.mid.gz 2761899825 False 2761899825
run24061.mid.gz 2665516379 False 2665516379
run24062.mid.gz 2639794498 False 2639794498
run24063.mid.gz 2633241723 False 2633241723
run24064.mid.gz 2601189214 False 2601189214
run24065.mid.gz 2742299885 False 2742299885
run24066.mid.gz 2633309192 False 2633309192
run24067.mid.gz 2594928867 False 2594928867
run24068.mid.gz 2582025496 False 2582025496
run24069.mid.gz 2761800767 False 2761800767
run24070.mid.gz 2678341924 False 2678341924
run24071.mid.gz 2665359237 False 2665359237
run24072.mid.gz 2658918821 False 2658918821
run24073.mid.gz 2620296253 False 2620296253
run24074.mid.gz 2620171356 False 2620171356
run24075.mid.gz 2620248128 False 2620248128
run24076.mid.gz 2780854177 False 2780854177
run24077.mid.gz 2665369871 False 2665369871
run24078.mid.gz 2620486778 False 2620486778
run24079.mid.gz 2652722824 False 2652722824
run24080.mid.gz 2716695470 False 2716695470
run24081.mid.gz 2684676471 False 2684676471
run24082.mid.gz 2633324065 False 2633324065
run24083.mid.gz 2601299551 False 2601299551
run24084.mid.gz 2781193088 False 2781193088
run24085.mid.gz 2723150021 False 2723150021
run24086.mid.gz 2691235343 False 2691235343
run24087.mid.gz 2633289174 False 2633289174
run24088.mid.gz 2581803421 False 2581803421
run24089.mid.gz 2620505516 False 2620505516
run24090.mid.gz 2633327784 False 2633327784
run24091.mid.gz 2607586107 False 2607586107
run24092.mid.gz 2703783826 False 2703783826
run24093.mid.gz 2633400500 False 2633400500
run24094.mid.gz 2716854938 False 2716854938
run24095.mid.gz 2684458175 False 2684458175
run24096.mid.gz 2671680900 False 2671680900
run24097.mid.gz 2601180324 False 2601180324
run24098.mid.gz 2691092154 False 2691092154
run24099.mid.gz 2755453647 False 2755453647
run24100.mid.gz 2678069836 False 2678069836
run24101.mid.gz 2658885082 False 2658885082
run24102.mid.gz 2626785956 False 2626785956
run24103.mid.gz 2581913989 False 2581913989
run24104.mid.gz 2690811686 False 2690811686
run24105.mid.gz 2646040785 False 2646040785
run24106.mid.gz 2594763647 False 2594763647
run24107.mid.gz 2684562908 False 2684562908
run24108.mid.gz 2652511082 False 2652511082
run24109.mid.gz 2735921007 False 2735921007
run24110.mid.gz 2697549701 False 2697549701
run24111.mid.gz 2652434576 False 2652434576
run24112.mid.gz 2697641278 False 2697641278
run24113.mid.gz 2716544367 False 2716544367
run24114.mid.gz 2626734485 False 2626734485
run24115.mid.gz 2633192742 False 2633192742
run24116.mid.gz 2588317985 False 2588317985
run24117.mid.gz 2678061890 False 2678061890
run24118.mid.gz 2652484040 False 2652484040
run24119.mid.gz 2742296832 False 2742296832
run24120.mid.gz 2703922269 False 2703922269
run24121.mid.gz 2671699574 False 2671699574
run24122.mid.gz 2607541758 False 2607541758
run24123.mid.gz 2588306395 False 2588306395
run24124.mid.gz 2768170556 False 2768170556
run24125.mid.gz 2684556005 False 2684556005
run24126.mid.gz 2633165330 False 2633165330
run24127.mid.gz 2613948602 False 2613948602
run24128.mid.gz 2780888920 False 2780888920
run24129.mid.gz 2736067630 False 2736067630
run24130.mid.gz 2690822321 False 2690822321
run24131.mid.gz 2671572653 False 2671572653
run24132.mid.gz 2620492028 False 2620492028
run24133.mid.gz 2601371016 False 2601371016
run24134.mid.gz 2671691284 False 2671691284
run24135.mid.gz 2665265515 False 2665265515
run24136.mid.gz 2639680348 False 2639680348
run24137.mid.gz 2780905287 False 2780905287
run24138.mid.gz 2742454180 False 2742454180
run24139.mid.gz 2684587522 False 2684587522
run24140.mid.gz 2588341584 False 2588341584
run24141.mid.gz 2607437829 False 2607437829
run24142.mid.gz 2780974299 False 2780974299
run24143.mid.gz 2671882077 False 2671882077
run24293.mid.gz 1355122317 False 1355122317
run24294.mid.gz 2775999440 False 2775999440
run24295.mid.gz 2730790216 False 2730790216
run24296.mid.gz 2602057587 False 2602057587
run24297.mid.gz 2711250409 False 2711250409
run24298.mid.gz 2608403927 False 2608403927
run24299.mid.gz 2723998778 False 2723998778
run24300.mid.gz 2602143298 False 2602143298
run24301.mid.gz 2640607998 False 2640607998
run24302.mid.gz 2775603203 False 2775603203
run24303.mid.gz 2685579317 False 2685579317
run24304.mid.gz 2659929168 False 2659929168
run24305.mid.gz 2659656877 False 2659656877
run24306.mid.gz 2749671763 False 2749671763
run24307.mid.gz 2640326573 False 2640326573
run24308.mid.gz 2736621972 False 2736621972
run24309.mid.gz 2634253111 False 2634253111
run24310.mid.gz 2717434308 False 2717434308
run24311.mid.gz 2614768217 False 2614768217
run24312.mid.gz 2673149309 False 2673149309
run24313.mid.gz 2717532622 False 2717532622
run24314.mid.gz 2704862109 False 2704862109
run24315.mid.gz 2615281421 False 2615281421
run24316.mid.gz 2711703125 False 2711703125
run24317.mid.gz 2660292064 False 2660292064
run24318.mid.gz 2589285453 False 2589285453
run24319.mid.gz 2672825899 False 2672825899
run24320.mid.gz 2672887934 False 2672887934
run24321.mid.gz 2692209480 False 2692209480
run24322.mid.gz 2724308756 False 2724308756
run24323.mid.gz 2621561596 False 2621561596
run24324.mid.gz 2659990557 False 2659990557
run24325.mid.gz 2685701876 False 2685701876
run24326.mid.gz 2685594852 False 2685594852
run24327.mid.gz 2679214428 False 2679214428
run24328.mid.gz 2685621907 False 2685621907
run24329.mid.gz 2737435910 False 2737435910
run24330.mid.gz 2666721205 False 2666721205
run24331.mid.gz 2641088399 False 2641088399
run24332.mid.gz 2724531104 False 2724531104
run24333.mid.gz 2666673462 False 2666673462
run24334.mid.gz 2750211570 False 2750211570
run24335.mid.gz 2653907685 False 2653907685
run24336.mid.gz 2640971603 False 2640971603
run24337.mid.gz 2583113468 False 2583113468
run24338.mid.gz 2750168986 False 2750168986
run24339.mid.gz 2698830597 False 2698830597
run24340.mid.gz 2641098874 False 2641098874
run24341.mid.gz 2737324407 False 2737324407
run24342.mid.gz 2666734225 False 2666734225
run24343.mid.gz 2628065006 False 2628065006
run24344.mid.gz 2756385240 False 2756385240
run24345.mid.gz 2666547705 False 2666547705
run24346.mid.gz 2660169777 False 2660169777
run24347.mid.gz 2660132465 False 2660132465
run24348.mid.gz 2750178927 False 2750178927
run24349.mid.gz 2718168005 False 2718168005
run24352.mid.gz 2627752010 False 2627752010
run24353.mid.gz 2685390406 False 2685390406
run24354.mid.gz 2736774257 False 2736774257
run24355.mid.gz 2704492073 False 2704492073
run24356.mid.gz 2755898695 False 2755898695
run24357.mid.gz 2710852695 False 2710852695
run24358.mid.gz 2717308018 False 2717308018
run24359.mid.gz 2723754255 False 2723754255
run24360.mid.gz 2749558179 False 2749558179
run24362.mid.gz 3595369655 False 3595369655
run24363.mid.gz 2620820209 False 2620820209
run24364.mid.gz 2601716733 False 2601716733
run24365.mid.gz 2768756916 False 2768756916
run24366.mid.gz 2710803877 False 2710803877
run24367.mid.gz 2698155629 False 2698155629
run24368.mid.gz 2653090121 False 2653090121
run24369.mid.gz 2749649734 False 2749649734
run24370.mid.gz 2595530722 False 2595530722
run24371.mid.gz 2583021542 False 2583021542
run24372.mid.gz 2595941670 False 2595941670
run24373.mid.gz 2653683928 False 2653683928
run24374.mid.gz 2602287503 False 2602287503
run24375.mid.gz 2640865955 False 2640865955
run24376.mid.gz 2595688691 False 2595688691
run24377.mid.gz 2614941640 False 2614941640
run24378.mid.gz 2608646239 False 2608646239
run24379.mid.gz 2615015216 False 2615015216
run24380.mid.gz 2647067089 False 2647067089
run24381.mid.gz 2730776814 False 2730776814
run24382.mid.gz 2756464691 False 2756464691
run24383.mid.gz 2608603495 False 2608603495
run24384.mid.gz 2615154399 False 2615154399
run24385.mid.gz 2621579703 False 2621579703
run24386.mid.gz 2672839335 False 2672839335
run24387.mid.gz 2583118377 False 2583118377
run24388.mid.gz 2621528921 False 2621528921
run24389.mid.gz 2621610303 False 2621610303
run24390.mid.gz 2621644397 False 2621644397
run24391.mid.gz 2621691103 False 2621691103
run24392.mid.gz 2615224702 False 2615224702
run24393.mid.gz 2595800374 False 2595800374
run24394.mid.gz 2621482334 False 2621482334
run24395.mid.gz 2634372645 False 2634372645
run24396.mid.gz 2640840111 False 2640840111
run24397.mid.gz 2615135859 False 2615135859
run24398.mid.gz 2641128578 False 2641128578
run24399.mid.gz 2730997593 False 2730997593
run24400.mid.gz 2743725776 False 2743725776
run24401.mid.gz 2666380496 False 2666380496
run24402.mid.gz 2763049753 False 2763049753
run24403.mid.gz 2583187289 False 2583187289
run24404.mid.gz 2756735560 False 2756735560
run24405.mid.gz 2608768163 False 2608768163
run24406.mid.gz 2589489243 False 2589489243
run24407.mid.gz 2595913533 False 2595913533
run24408.mid.gz 2595881151 False 2595881151
run24409.mid.gz 2627893425 False 2627893425
run24410.mid.gz 2653488426 False 2653488426
run24411.mid.gz 2634275040 False 2634275040
run24803.mid.gz 1085451399 False 1085451399
run24805.mid.gz 2142536766 False 2142536766
run24806.mid.gz 2158266795 False 2158266795
run24807.mid.gz 2381007602 False 2381007602
run24808.mid.gz 2627348663 False 2627348663
run24809.mid.gz 2756683667 False 2756683667
run24629.mid.gz 0 False 0
run24630.mid.gz 0 False 0
run24631.mid.gz 0 False 0
run24632.mid.gz 0 False 0
run24633.mid.gz 46661632 False 46923776
run24812.mid.gz 1073421706 False 1073421706
run24187.mid.gz 2736530798 False 2736530798
run24188.mid.gz 2717178714 False 2717178714
run24191.mid.gz 2671961468 False 2671961468
run24192.mid.gz 2711057681 False 2711057681
run24193.mid.gz 2724167486 False 2724167486
run24194.mid.gz 2672667236 False 2672667236
run24195.mid.gz 2704714689 False 2704714689
run24196.mid.gz 2685437678 False 2685437678
run24197.mid.gz 2685493493 False 2685493493
run24198.mid.gz 2756317884 False 2756317884
run24199.mid.gz 2723734315 False 2723734315
run24200.mid.gz 2698152217 False 2698152217
run24144.mid.gz 2658917716 False 2658917716
run24145.mid.gz 2723242689 False 2723242689
run24146.mid.gz 2729446762 False 2729446762
run24147.mid.gz 2697354540 False 2697354540
run24148.mid.gz 2639708225 False 2639708225
run24149.mid.gz 2774358196 False 2774358196
run24150.mid.gz 2678087481 False 2678087481
run24151.mid.gz 2671689357 False 2671689357
run24152.mid.gz 2620260101 False 2620260101
run24153.mid.gz 2755074236 False 2755074236
run24154.mid.gz 2742292349 False 2742292349
run24155.mid.gz 2658790859 False 2658790859
run24156.mid.gz 2671584785 False 2671584785
run24157.mid.gz 2613660357 False 2613660357
run24160.mid.gz 2730470757 False 2730470757
run24161.mid.gz 2685466237 False 2685466237
run24162.mid.gz 2621342035 False 2621342035
run24163.mid.gz 2692322396 False 2692322396
run24164.mid.gz 2672584016 False 2672584016
run24165.mid.gz 2653592190 False 2653592190
run24166.mid.gz 2640594426 False 2640594426
run24167.mid.gz 2704923410 False 2704923410
run24168.mid.gz 2711328864 False 2711328864
run24169.mid.gz 2730546353 False 2730546353
run24170.mid.gz 2595864471 False 2595864471
run24171.mid.gz 2749891098 False 2749891098
run24172.mid.gz 2717760747 False 2717760747
run24173.mid.gz 2653555265 False 2653555265
run24174.mid.gz 2608433718 False 2608433718
run24175.mid.gz 2743550205 False 2743550205
run24176.mid.gz 2692180536 False 2692180536
run24177.mid.gz 2640942680 False 2640942680
run24180.mid.gz 2724146890 False 2724146890
run24181.mid.gz 2736576373 False 2736576373
run24182.mid.gz 2762164813 False 2762164813
run24183.mid.gz 2710844235 False 2710844235
run24184.mid.gz 2710723227 False 2710723227
run24185.mid.gz 2697926622 False 2697926622
run24186.mid.gz 2729988167 False 2729988167
run24201.mid.gz 2717449977 False 2717449977
run24202.mid.gz 2704474694 False 2704474694
run24203.mid.gz 2730354242 False 2730354242
run24204.mid.gz 2672658000 False 2672658000
run24205.mid.gz 2646921072 False 2646921072
run24206.mid.gz 2679026666 False 2679026666
run24207.mid.gz 2698253310 False 2698253310
run24208.mid.gz 2749520522 False 2749520522
run24209.mid.gz 2775252429 False 2775252429
run24210.mid.gz 2723845986 False 2723845986
run24211.mid.gz 2730413908 False 2730413908
run24212.mid.gz 2704745135 False 2704745135
run24213.mid.gz 2711014345 False 2711014345
run24214.mid.gz 2768908428 False 2768908428
run24215.mid.gz 2743258030 False 2743258030
run24216.mid.gz 2743279711 False 2743279711
run24217.mid.gz 2723869151 False 2723869151
run24218.mid.gz 2698224743 False 2698224743
run24219.mid.gz 2730153753 False 2730153753
run24220.mid.gz 2711152610 False 2711152610
run24221.mid.gz 2711119249 False 2711119249
run24222.mid.gz 2711037539 False 2711037539
run24223.mid.gz 2730350068 False 2730350068
run24224.mid.gz 2723852829 False 2723852829
run24225.mid.gz 2653085218 False 2653085218
run24226.mid.gz 2736639442 False 2736639442
run24227.mid.gz 2697928844 False 2697928844
run24228.mid.gz 2678787781 False 2678787781
run24229.mid.gz 2672281435 False 2672281435
run24230.mid.gz 2672611183 False 2672611183
run24231.mid.gz 2743047406 False 2743047406
run24232.mid.gz 2698005268 False 2698005268
run24233.mid.gz 2678712358 False 2678712358
run24234.mid.gz 2601667119 False 2601667119
run24235.mid.gz 2601615201 False 2601615201
run24236.mid.gz 2730081263 False 2730081263
run24237.mid.gz 2691717260 False 2691717260
run24238.mid.gz 2646474505 False 2646474505
run24239.mid.gz 2608103789 False 2608103789
run24240.mid.gz 2781331203 False 2781331203
run24241.mid.gz 2672231618 False 2672231618
run24242.mid.gz 2640169410 False 2640169410
run24243.mid.gz 2620783798 False 2620783798
run24244.mid.gz 2595285399 False 2595285399
run24245.mid.gz 2768548574 False 2768548574
run24246.mid.gz 2678586223 False 2678586223
run24247.mid.gz 2627303936 False 2627303936
run24248.mid.gz 2601753049 False 2601753049
run24249.mid.gz 2691576085 False 2691576085
run24250.mid.gz 2646714827 False 2646714827
run24251.mid.gz 2601696320 False 2601696320
run24252.mid.gz 2710943690 False 2710943690
run24253.mid.gz 2678936686 False 2678936686
run24254.mid.gz 2640270216 False 2640270216
run24255.mid.gz 2608070358 False 2608070358
run24256.mid.gz 2775171638 False 2775171638
run24257.mid.gz 2685196861 False 2685196861
run24258.mid.gz 2743090001 False 2743090001
run24259.mid.gz 2666093174 False 2666093174
run24260.mid.gz 2640487324 False 2640487324
run24261.mid.gz 2608270235 False 2608270235
run24262.mid.gz 2582411748 False 2582411748
run24263.mid.gz 2717384069 False 2717384069
run24264.mid.gz 2665916990 False 2665916990
run24265.mid.gz 2614459166 False 2614459166
run24266.mid.gz 2762002390 False 2762002390
run24267.mid.gz 2730109362 False 2730109362
run24268.mid.gz 2698042929 False 2698042929
run24269.mid.gz 2659503754 False 2659503754
run24270.mid.gz 2627408696 False 2627408696
run24271.mid.gz 2775054060 False 2775054060
run24272.mid.gz 2717313828 False 2717313828
run24273.mid.gz 2691715436 False 2691715436
run24274.mid.gz 2672536119 False 2672536119
run24275.mid.gz 2640394615 False 2640394615
run24276.mid.gz 2614724965 False 2614724965
run24277.mid.gz 2768918273 False 2768918273
run24278.mid.gz 2749495017 False 2749495017
run24279.mid.gz 2704658702 False 2704658702
run24280.mid.gz 2672621529 False 2672621529
run24281.mid.gz 2666201536 False 2666201536
run24282.mid.gz 2653168349 False 2653168349
run24283.mid.gz 2685495994 False 2685495994
run24284.mid.gz 2678938533 False 2678938533
run24285.mid.gz 2653327844 False 2653327844
run24286.mid.gz 2640424073 False 2640424073
run24287.mid.gz 2704625741 False 2704625741
run24288.mid.gz 2717482907 False 2717482907
run24289.mid.gz 2666074716 False 2666074716
run24290.mid.gz 2588978100 False 2588978100
run24291.mid.gz 2723833287 False 2723833287
run24813.mid.gz 2140043248 False 2140043248
run24814.mid.gz 2155236765 False 2155236765
run24815.mid.gz 2134685009 False 2134685009
run24819.mid.gz 1092534463 False 1092534463
run24820.mid.gz 2154047092 False 2154047092
run24821.mid.gz 2131177263 False 2131177263
run24822.mid.gz 2161914984 False 2161914984
run24823.mid.gz 2130611698 False 2130611698
run24824.mid.gz 1365696393 False 1365696393
run24825.mid.gz 1365079472 False 1365079472
run24826.mid.gz 1365016077 False 1365016077
run24827.mid.gz 1365019422 False 1365019422
run24828.mid.gz 1338266844 False 1338266844
run24829.mid.gz 1363917829 False 1363917829
run24830.mid.gz 1363913457 False 1363913457
run24831.mid.gz 1363999773 False 1363999773
run24832.mid.gz 1352795163 False 1352795163
run24833.mid.gz 1363290611 False 1363290611
run24834.mid.gz 1363385961 False 1363385961
run24835.mid.gz 1363424421 False 1363424421
run24836.mid.gz 1362967900 False 1362967900
run24837.mid.gz 1362795618 False 1362795618
run24838.mid.gz 1362310002 False 1362310002
run24839.mid.gz 1362605764 False 1362605764
run24840.mid.gz 1330850893 False 1330850893
run24841.mid.gz 1346560575 False 1346560575
run24842.mid.gz 1362302903 False 1362302903
run24843.mid.gz 1362287155 False 1362287155
run24844.mid.gz 1362176835 False 1362176835
run24845.mid.gz 1361941598 False 1361941598
run24846.mid.gz 1362001628 False 1362001628
run24847.mid.gz 1362031447 False 1362031447
run24859.mid.gz 1121772122 False 1121772122
run24860.mid.gz 1478072194 False 1478072194
run24861.mid.gz 1495411625 False 1495411625
run24862.mid.gz 1515545871 False 1515545871
run24863.mid.gz 1512851694 False 1512851694
run24864.mid.gz 411093686 False 411093686
run24866.mid.gz 1486850570 False 1486850570
run24867.mid.gz 1505617925 False 1505617925
run24868.mid.gz 1503035329 False 1503035329
run24869.mid.gz 1495537542 False 1495537542
run24870.mid.gz 1003551028 False 1003551028
run24872.mid.gz 2365940590 False 2365940590
run24873.mid.gz 2402503069 False 2402503069
run24874.mid.gz 2378824311 False 2378824311
run24875.mid.gz 2403939633 False 2403939633
run24876.mid.gz 2376190280 False 2376190280
run24877.mid.gz 2446324935 False 2446324935
run24878.mid.gz 2389001390 False 2389001390
run24879.mid.gz 2411100910 False 2411100910
run24880.mid.gz 2357914725 False 2357914725
run24881.mid.gz 2416728429 False 2416728429
run24882.mid.gz 2401313199 False 2401313199
run24883.mid.gz 2363210563 False 2363210563
run24884.mid.gz 2401922932 False 2401922932
run24885.mid.gz 2403362854 False 2403362854
run24886.mid.gz 2414314330 False 2414314330
run24887.mid.gz 2400715387 False 2400715387
run24888.mid.gz 2440694499 False 2440694499
run24889.mid.gz 2371375268 False 2371375268
run24890.mid.gz 2364542632 False 2364542632
run24891.mid.gz 2337104441 False 2337104441
run24892.mid.gz 2341835136 False 2341835136
run24893.mid.gz 2363393869 False 2363393869
run24894.mid.gz 2349656438 False 2349656438
run24895.mid.gz 2367165688 False 2367165688
run24896.mid.gz 2334223197 False 2334223197
run24897.mid.gz 2362045814 False 2362045814
run24898.mid.gz 2334221376 False 2334221376
run24899.mid.gz 2378437805 False 2378437805
run24900.mid.gz 2341628249 False 2341628249
run24901.mid.gz 2374256226 False 2374256226
run24903.mid.gz 1485899996 False 1485899996
run24904.mid.gz 1496230225 False 1496230225
run24905.mid.gz 1472700701 False 1472700701
run24906.mid.gz 1488042497 False 1488042497
run24907.mid.gz 1615681365 False 1615681365
run24908.mid.gz 1653122650 False 1653122650
run24909.mid.gz 1645491071 False 1645491071
run24910.mid.gz 1645097379 False 1645097379
run24911.mid.gz 2644486501 False 2644486501
run24912.mid.gz 2685964034 False 2685964034
run24913.mid.gz 2648902094 False 2648902094
run24914.mid.gz 2689036364 False 2689036364
run24915.mid.gz 2653690039 False 2653690039
run24916.mid.gz 2612407324 False 2612407324
run24917.mid.gz 2655076928 False 2655076928
run24918.mid.gz 2626591439 False 2626591439
run24919.mid.gz 2645773851 False 2645773851
run24920.mid.gz 2623781728 False 2623781728
run24921.mid.gz 2600945952 False 2600945952
run24922.mid.gz 2594694839 False 2594694839
run24923.mid.gz 2639809586 False 2639809586
run24924.mid.gz 2605076125 False 2605076125
run24925.mid.gz 2636297595 False 2636297595
run24926.mid.gz 2611252782 False 2611252782
run24927.mid.gz 2597625544 False 2597625544
run24928.mid.gz 2628912202 False 2628912202
run24929.mid.gz 2597317383 False 2597317383
run24930.mid.gz 2633441728 False 2633441728
run24931.mid.gz 2615860972 False 2615860972
run24932.mid.gz 2598701532 False 2598701532
run24933.mid.gz 2629259630 False 2629259630
run24934.mid.gz 2602471122 False 2602471122
run24935.mid.gz 2631613770 False 2631613770
run24936.mid.gz 2627687732 False 2627687732
run24937.mid.gz 2598807988 False 2598807988
run24938.mid.gz 2630498846 False 2630498846
run24939.mid.gz 2594556466 False 2594556466
run24940.mid.gz 2630172265 False 2630172265
run24942.mid.gz 1470994386 False 1470994386
run24943.mid.gz 1501886568 False 1501886568
run24944.mid.gz 1500376590 False 1500376590
run24945.mid.gz 1501321797 False 1501321797
run24946.mid.gz 1552816994 False 1552816994
run24947.mid.gz 1551576583 False 1551576583
run24948.mid.gz 1549814367 False 1549814367
run24949.mid.gz 1551419039 False 1551419039
run24950.mid.gz 2498954338 False 2498954338
run24951.mid.gz 2469569638 False 2469569638
run24952.mid.gz 2498473030 False 2498473030
run24953.mid.gz 2466137901 False 2466137901
run24954.mid.gz 2494350671 False 2494350671
run24955.mid.gz 2470977037 False 2470977037
run24956.mid.gz 2431873728 False 2431873728
run24957.mid.gz 2465656707 False 2465656707
run24958.mid.gz 2431275976 False 2431275976
run24959.mid.gz 2466505192 False 2466505192
run24960.mid.gz 2409778959 False 2409778959
run24961.mid.gz 2440653642 False 2440653642
run24962.mid.gz 2413795116 False 2413795116
run24963.mid.gz 2447034022 False 2447034022
run24964.mid.gz 2418359456 False 2418359456
run24965.mid.gz 2399168120 False 2399168120
run24966.mid.gz 2426883479 False 2426883479
run24967.mid.gz 2404550458 False 2404550458
run24968.mid.gz 2429381981 False 2429381981
run24969.mid.gz 2397597356 False 2397597356
run24970.mid.gz 2436712103 False 2436712103
run24971.mid.gz 2406074733 False 2406074733
run24972.mid.gz 2441930192 False 2441930192
run24973.mid.gz 2402200227 False 2402200227
run24974.mid.gz 2429130128 False 2429130128
run24975.mid.gz 2405508076 False 2405508076
run24976.mid.gz 2446680520 False 2446680520
run24977.mid.gz 2402185847 False 2402185847
run24978.mid.gz 2445852477 False 2445852477
run24979.mid.gz 2432458858 False 2432458858
run24981.mid.gz 202750505 False 202750505
run24987.mid.gz 116263141 False 116263141
run24988.mid.gz 39724986 False 39724986
run24991.mid.gz 723854460 False 723854460
run24993.mid.gz 723010831 False 723010831
run24996.mid.gz 1791025717 False 1791025717
run24995.mid.gz 1801725221 False 1801725221
run24997.mid.gz 1787521479 False 1787521479
run24998.mid.gz 1791049633 False 1791049633
run24999.mid.gz 1787652419 False 1787652419
run25000.mid.gz 1791205393 False 1791205393
run25001.mid.gz 1787521082 False 1787521082
run25002.mid.gz 1791101054 False 1791101054
run25003.mid.gz 1787437267 False 1787437267
run25004.mid.gz 1783827927 False 1783827927
run25005.mid.gz 1787376136 False 1787376136
run25006.mid.gz 1790967875 False 1790967875
run25007.mid.gz 1787461270 False 1787461270
run25008.mid.gz 1791257874 False 1791257874
run25009.mid.gz 1787559624 False 1787559624
run25010.mid.gz 1790911011 False 1790911011
run25011.mid.gz 1787417949 False 1787417949
run25012.mid.gz 1790931250 False 1790931250
run25013.mid.gz 1787241629 False 1787241629
run25014.mid.gz 1783824478 False 1783824478
run25015.mid.gz 1787324847 False 1787324847
run25016.mid.gz 1790729526 False 1790729526
run25017.mid.gz 1790728357 False 1790728357
run25018.mid.gz 1787247570 False 1787247570
run25019.mid.gz 1790756057 False 1790756057
run25020.mid.gz 1787227047 False 1787227047
run25021.mid.gz 1790836577 False 1790836577
run25022.mid.gz 1787299929 False 1787299929
run25023.mid.gz 1790736670 False 1790736670
run25024.mid.gz 1783473495 False 1783473495
run25025.mid.gz 1787007572 False 1787007572
run25026.mid.gz 1790525369 False 1790525369
run25027.mid.gz 1786933196 False 1786933196
run25028.mid.gz 1790489391 False 1790489391
run25029.mid.gz 1786747874 False 1786747874
run25030.mid.gz 1790378808 False 1790378808
run25031.mid.gz 1790360321 False 1790360321
run25032.mid.gz 1786824945 False 1786824945
run25033.mid.gz 1790542703 False 1790542703
run25034.mid.gz 1783476057 False 1783476057
run25035.mid.gz 1786902982 False 1786902982
run25036.mid.gz 1790461311 False 1790461311
run25037.mid.gz 1786688980 False 1786688980
run25038.mid.gz 1790053214 False 1790053214
run25039.mid.gz 1786561206 False 1786561206
run25040.mid.gz 1789993900 False 1789993900
run25041.mid.gz 1786303959 False 1786303959
run25042.mid.gz 1789767733 False 1789767733
run25043.mid.gz 1786086150 False 1786086150
run25044.mid.gz 1796471440 False 1796471440
run25045.mid.gz 1801282515 False 1801282515
run25046.mid.gz 1797465300 False 1797465300
run25047.mid.gz 1801704760 False 1801704760
run25048.mid.gz 1798639236 False 1798639236
run25049.mid.gz 1802605598 False 1802605598
run25050.mid.gz 1799263755 False 1799263755
run25051.mid.gz 1803364970 False 1803364970
run25052.mid.gz 1800922306 False 1800922306
run25053.mid.gz 1805296493 False 1805296493
run25054.mid.gz 1798081635 False 1798081635
run25055.mid.gz 1801540730 False 1801540730
run25056.mid.gz 1804845998 False 1804845998
run25057.mid.gz 1800599573 False 1800599573
run25058.mid.gz 1803718181 False 1803718181
run25059.mid.gz 1799989812 False 1799989812
run25060.mid.gz 1803679592 False 1803679592
run25061.mid.gz 1800176144 False 1800176144
run25062.mid.gz 1803725990 False 1803725990
run25063.mid.gz 1800083387 False 1800083387
run25064.mid.gz 1799899788 False 1799899788
run25065.mid.gz 1803430714 False 1803430714
run25066.mid.gz 1800000670 False 1800000670
run25067.mid.gz 1803569350 False 1803569350
run25068.mid.gz 1799312045 False 1799312045
run25069.mid.gz 1802438774 False 1802438774
run25070.mid.gz 1798283638 False 1798283638
run25071.mid.gz 1801556888 False 1801556888
run25072.mid.gz 1797805673 False 1797805673
run25073.mid.gz 1800088684 False 1800088684
run25074.mid.gz 1792299933 False 1792299933
run25075.mid.gz 1795343161 False 1795343161
run25076.mid.gz 1798575776 False 1798575776
run25077.mid.gz 1795270696 False 1795270696
run25078.mid.gz 1797512896 False 1797512896
run25079.mid.gz 1793097499 False 1793097499
run25080.mid.gz 1796002408 False 1796002408
run25081.mid.gz 1791763039 False 1791763039
run25082.mid.gz 1795045377 False 1795045377
run25083.mid.gz 1791216320 False 1791216320
run25084.mid.gz 1786908151 False 1786908151
run25085.mid.gz 1790298025 False 1790298025
run25086.mid.gz 1793203389 False 1793203389
run25087.mid.gz 1789228103 False 1789228103
run25088.mid.gz 1792853256 False 1792853256
run25089.mid.gz 1789113920 False 1789113920
run25090.mid.gz 1792208042 False 1792208042
run25091.mid.gz 1788388478 False 1788388478
run25092.mid.gz 1791508115 False 1791508115
run25093.mid.gz 1790937837 False 1790937837
run25094.mid.gz 1800283652 False 1800283652
run25095.mid.gz 1789719498 False 1789719498
run25096.mid.gz 1789851726 False 1789851726
run25097.mid.gz 1786319307 False 1786319307
run25098.mid.gz 1793398708 False 1793398708
run25099.mid.gz 1793479082 False 1793479082
run25100.mid.gz 1789940204 False 1789940204
run25101.mid.gz 1789944430 False 1789944430
run25102.mid.gz 1786509400 False 1786509400
run25103.mid.gz 1790348936 False 1790348936
run25104.mid.gz 1783390989 False 1783390989
run25105.mid.gz 1790476638 False 1790476638
run25106.mid.gz 1786919114 False 1786919114
run25107.mid.gz 1790479762 False 1790479762
run25108.mid.gz 1786937436 False 1786937436
run25109.mid.gz 1790597517 False 1790597517
run25110.mid.gz 1787010084 False 1787010084
run25111.mid.gz 1790624490 False 1790624490
run25112.mid.gz 1786985797 False 1786985797
run25113.mid.gz 1790621711 False 1790621711
run25114.mid.gz 1787043840 False 1787043840
run25115.mid.gz 1790560690 False 1790560690
run25116.mid.gz 1787022950 False 1787022950
run25117.mid.gz 1790573004 False 1790573004
run25118.mid.gz 1786938254 False 1786938254
run25119.mid.gz 1790543952 False 1790543952
run25120.mid.gz 1786968114 False 1786968114
run25121.mid.gz 1790638372 False 1790638372
run25122.mid.gz 1787035132 False 1787035132
run25123.mid.gz 1790595843 False 1790595843
run25124.mid.gz 1801404614 False 1801404614
run25125.mid.gz 1790682940 False 1790682940
run25126.mid.gz 1787142679 False 1787142679
run25127.mid.gz 1790741957 False 1790741957
run25128.mid.gz 1787131475 False 1787131475
run25129.mid.gz 1790724046 False 1790724046
run25130.mid.gz 1787096982 False 1787096982
run25131.mid.gz 1790751936 False 1790751936
run25132.mid.gz 1787144723 False 1787144723
run25133.mid.gz 1790708425 False 1790708425
run25134.mid.gz 1801425065 False 1801425065
run25135.mid.gz 1790722382 False 1790722382
run25136.mid.gz 1787174075 False 1787174075
run25137.mid.gz 1790771469 False 1790771469
run25138.mid.gz 1787237746 False 1787237746
run25139.mid.gz 1790772490 False 1790772490
run25140.mid.gz 1787360237 False 1787360237
run25141.mid.gz 1790916562 False 1790916562
run25142.mid.gz 1787301851 False 1787301851
run25143.mid.gz 1790972221 False 1790972221
run25144.mid.gz 1801406593 False 1801406593
run25145.mid.gz 1791119183 False 1791119183
run25146.mid.gz 1801814625 False 1801814625
run25147.mid.gz 1791111649 False 1791111649
run25148.mid.gz 1787636852 False 1787636852
run25149.mid.gz 1791110728 False 1791110728
run25150.mid.gz 1801817749 False 1801817749
run25151.mid.gz 1791024499 False 1791024499
run25152.mid.gz 1787523475 False 1787523475
run25153.mid.gz 1791053662 False 1791053662
run25154.mid.gz 1784047347 False 1784047347
run25155.mid.gz 1794649035 False 1794649035
run25156.mid.gz 1791118554 False 1791118554
run25157.mid.gz 1787576077 False 1787576077
run25158.mid.gz 1791160311 False 1791160311
run25159.mid.gz 1801929395 False 1801929395
run25160.mid.gz 1791242990 False 1791242990
run25161.mid.gz 1787735978 False 1787735978
run25162.mid.gz 1791298916 False 1791298916
run25163.mid.gz 1787928662 False 1787928662
run25164.mid.gz 1784383155 False 1784383155
run25165.mid.gz 1795056651 False 1795056651
run25166.mid.gz 1791424476 False 1791424476
run25167.mid.gz 1787763350 False 1787763350
run25168.mid.gz 1791289480 False 1791289480
run25169.mid.gz 1801905611 False 1801905611
run25170.mid.gz 1791414442 False 1791414442
run25171.mid.gz 1787888054 False 1787888054
run25172.mid.gz 1791381727 False 1791381727
run25173.mid.gz 1802099369 False 1802099369
run25174.mid.gz 1784340398 False 1784340398
run25175.mid.gz 1794953499 False 1794953499
run25176.mid.gz 1791336763 False 1791336763
run25177.mid.gz 1791428438 False 1791428438
run25178.mid.gz 1791362097 False 1791362097
run25179.mid.gz 1794816901 False 1794816901
run25180.mid.gz 1791168623 False 1791168623
run25181.mid.gz 1794683458 False 1794683458
run25182.mid.gz 1791058010 False 1791058010
run25183.mid.gz 1787182761 False 1787182761
run25184.mid.gz 1783787482 False 1783787482
run25185.mid.gz 1794456408 False 1794456408
run25186.mid.gz 1790802991 False 1790802991
run25187.mid.gz 1787094277 False 1787094277
run25188.mid.gz 1790312734 False 1790312734
run25189.mid.gz 1794056563 False 1794056563
run25190.mid.gz 1790428188 False 1790428188
run25191.mid.gz 1786793883 False 1786793883
run25192.mid.gz 1790557416 False 1790557416
run25193.mid.gz 1793623014 False 1793623014
run25194.mid.gz 1812647437 False 1812647437
run25195.mid.gz 1809731407 False 1809731407
run25196.mid.gz 1806193903 False 1806193903
run25197.mid.gz 1809912852 False 1809912852
run25198.mid.gz 1813164474 False 1813164474
run25199.mid.gz 1809192114 False 1809192114
run25200.mid.gz 1805310885 False 1805310885
run25201.mid.gz 1808586369 False 1808586369
run25202.mid.gz 1804893495 False 1804893495
run25203.mid.gz 1808212940 False 1808212940
run25204.mid.gz 1818505788 False 1818505788
run25205.mid.gz 1807624986 False 1807624986
run25206.mid.gz 1810787021 False 1810787021
run25207.mid.gz 1807000556 False 1807000556
run25208.mid.gz 1802917762 False 1802917762
run25209.mid.gz 1806519920 False 1806519920
run25210.mid.gz 1802382202 False 1802382202
run25211.mid.gz 1805399234 False 1805399234
run25212.mid.gz 1815768574 False 1815768574
run25213.mid.gz 1804756185 False 1804756185
run25214.mid.gz 1815109831 False 1815109831
run25215.mid.gz 1804194613 False 1804194613
run25216.mid.gz 1800143137 False 1800143137
run25217.mid.gz 1803367939 False 1803367939
run25218.mid.gz 1806770228 False 1806770228
run25219.mid.gz 1803060836 False 1803060836
run25220.mid.gz 1798916495 False 1798916495
run25221.mid.gz 1801831126 False 1801831126
run25222.mid.gz 1804813916 False 1804813916
run25223.mid.gz 1801001572 False 1801001572
run25224.mid.gz 1796800834 False 1796800834
run25225.mid.gz 1800010180 False 1800010180
run25226.mid.gz 1796126700 False 1796126700
run25227.mid.gz 1799348782 False 1799348782
run25228.mid.gz 1795266512 False 1795266512
run25229.mid.gz 1798606969 False 1798606969
run25230.mid.gz 1801887610 False 1801887610
run25231.mid.gz 1797964707 False 1797964707
run25232.mid.gz 1794150580 False 1794150580
run25233.mid.gz 1798074166 False 1798074166
run25234.mid.gz 1808085402 False 1808085402
run25235.mid.gz 1797101674 False 1797101674
run25236.mid.gz 1800425036 False 1800425036
run25237.mid.gz 1796370051 False 1796370051
run25238.mid.gz 1807007911 False 1807007911
run25239.mid.gz 1796334827 False 1796334827
run25240.mid.gz 1792575483 False 1792575483
run25241.mid.gz 1795486173 False 1795486173
run25242.mid.gz 1791519700 False 1791519700
run25243.mid.gz 1794486472 False 1794486472
run25244.mid.gz 1790068193 False 1790068193
run25245.mid.gz 1786798054 False 1786798054
run25246.mid.gz 1790418446 False 1790418446
run25247.mid.gz 1793992596 False 1793992596
run25248.mid.gz 1790427582 False 1790427582
run25249.mid.gz 1786960069 False 1786960069
run25250.mid.gz 1790385012 False 1790385012
run25251.mid.gz 1786798867 False 1786798867
run25252.mid.gz 1790422325 False 1790422325
run25253.mid.gz 1801032720 False 1801032720
run25254.mid.gz 1783256737 False 1783256737
run25255.mid.gz 1801141125 False 1801141125
run25256.mid.gz 1790400692 False 1790400692
run25257.mid.gz 1801036242 False 1801036242
run25258.mid.gz 1790302879 False 1790302879
run25259.mid.gz 1800985613 False 1800985613
run25260.mid.gz 1790520869 False 1790520869
run25261.mid.gz 1794001397 False 1794001397
run25262.mid.gz 1790355508 False 1790355508
run25263.mid.gz 1794019864 False 1794019864
run25264.mid.gz 1783367064 False 1783367064
run25265.mid.gz 1794030321 False 1794030321
run25266.mid.gz 1790409636 False 1790409636
run25267.mid.gz 1794065229 False 1794065229
run25268.mid.gz 1790387979 False 1790387979
run25269.mid.gz 1786870461 False 1786870461
run25270.mid.gz 1790476670 False 1790476670
run25271.mid.gz 1787006768 False 1787006768
run25272.mid.gz 1790549685 False 1790549685
run25273.mid.gz 1794092029 False 1794092029
run25274.mid.gz 1783378445 False 1783378445
run25275.mid.gz 1794156872 False 1794156872
run25276.mid.gz 1790495346 False 1790495346
run25277.mid.gz 1794080798 False 1794080798
run25278.mid.gz 1790501677 False 1790501677
run25279.mid.gz 1794043367 False 1794043367
run25280.mid.gz 1790414106 False 1790414106
run25281.mid.gz 1801111759 False 1801111759
run25282.mid.gz 1790451284 False 1790451284
run25283.mid.gz 1794043362 False 1794043362
run25284.mid.gz 1783307583 False 1783307583
run25285.mid.gz 1801169720 False 1801169720
run25286.mid.gz 1790548286 False 1790548286
run25287.mid.gz 1793968095 False 1793968095
run25288.mid.gz 1790484961 False 1790484961
run25289.mid.gz 1801150469 False 1801150469
run25290.mid.gz 1790383936 False 1790383936
run25291.mid.gz 1786890643 False 1786890643
run25292.mid.gz 1790545732 False 1790545732
run25293.mid.gz 1790411394 False 1790411394
run25294.mid.gz 1785808193 False 1785808193
run25295.mid.gz 1786025597 False 1786025597
run25296.mid.gz 1789634418 False 1789634418
run25297.mid.gz 1789640779 False 1789640779
run25298.mid.gz 1793145378 False 1793145378
run25299.mid.gz 1789502112 False 1789502112
run25300.mid.gz 1800138303 False 1800138303
run25301.mid.gz 1789234768 False 1789234768
run25302.mid.gz 1792834867 False 1792834867
run25303.mid.gz 1790659828 False 1790659828
run25304.mid.gz 1803339590 False 1803339590
run25305.mid.gz 1793324756 False 1793324756
run25306.mid.gz 1790200072 False 1790200072
run25307.mid.gz 1794584541 False 1794584541
run25308.mid.gz 1791576927 False 1791576927
run25309.mid.gz 1795646558 False 1795646558
run25310.mid.gz 1792514192 False 1792514192
run25311.mid.gz 1796307787 False 1796307787
run25312.mid.gz 1792889565 False 1792889565
run25313.mid.gz 1796636118 False 1796636118
run25314.mid.gz 1807603811 False 1807603811
run25315.mid.gz 1797456955 False 1797456955
run25316.mid.gz 1794127712 False 1794127712
run25317.mid.gz 1797764713 False 1797764713
run25318.mid.gz 1801449833 False 1801449833
run25319.mid.gz 1797996495 False 1797996495
run25320.mid.gz 1807722334 False 1807722334
run25321.mid.gz 1795391351 False 1795391351
run25322.mid.gz 1789737678 False 1789737678
run25323.mid.gz 1791828381 False 1791828381
run25324.mid.gz 1786860149 False 1786860149
run25325.mid.gz 1789606598 False 1789606598
run25326.mid.gz 1792851005 False 1792851005
run25327.mid.gz 1789469063 False 1789469063
run25328.mid.gz 1785995786 False 1785995786
run25329.mid.gz 1789860763 False 1789860763
run25330.mid.gz 1793586828 False 1793586828
run25331.mid.gz 1790266849 False 1790266849
run25332.mid.gz 1786907298 False 1786907298
run25333.mid.gz 1790536501 False 1790536501
run25334.mid.gz 1783439088 False 1783439088
run25335.mid.gz 1794166566 False 1794166566
run25336.mid.gz 1790727760 False 1790727760
run25337.mid.gz 1794363480 False 1794363480
run25338.mid.gz 1790992287 False 1790992287
run25339.mid.gz 1794655407 False 1794655407
run25340.mid.gz 1791063167 False 1791063167
run25341.mid.gz 1794544027 False 1794544027
run25342.mid.gz 1790942237 False 1790942237
run25343.mid.gz 1794539697 False 1794539697
run25344.mid.gz 1800961130 False 1800961130
run25345.mid.gz 1790675994 False 1790675994
run25346.mid.gz 1787188017 False 1787188017
run25347.mid.gz 1790798786 False 1790798786
run25348.mid.gz 1794302034 False 1794302034
run25349.mid.gz 1790723002 False 1790723002
run25350.mid.gz 1794296367 False 1794296367
run25351.mid.gz 1790869142 False 1790869142
run25352.mid.gz 1801544343 False 1801544343
run25353.mid.gz 1790873993 False 1790873993
run25354.mid.gz 1801633238 False 1801633238
run25355.mid.gz 1791048715 False 1791048715
run25356.mid.gz 1794636209 False 1794636209
run25357.mid.gz 1791086467 False 1791086467
run25358.mid.gz 1787552958 False 1787552958
run25431.mid.gz 1792430806 False 1792430806
run25432.mid.gz 1803067333 False 1803067333
run25433.mid.gz 1792349603 False 1792349603
run25434.mid.gz 1789039552 False 1789039552
run25435.mid.gz 1792720870 False 1792720870
run25436.mid.gz 1795977042 False 1795977042
run25437.mid.gz 1792505462 False 1792505462
run25438.mid.gz 1788890231 False 1788890231
run25439.mid.gz 1792175143 False 1792175143
run25440.mid.gz 1792430160 False 1792430160
run25441.mid.gz 1788967072 False 1788967072
run25442.mid.gz 1792574818 False 1792574818
run25443.mid.gz 1796049251 False 1796049251
run25444.mid.gz 1791884118 False 1791884118
run25445.mid.gz 1792175226 False 1792175226
run25446.mid.gz 1788733145 False 1788733145
run25447.mid.gz 1792283537 False 1792283537
run25448.mid.gz 1795778229 False 1795778229
run25449.mid.gz 1792273070 False 1792273070
run25450.mid.gz 1802901817 False 1802901817
run25451.mid.gz 1792187190 False 1792187190
run25452.mid.gz 1792315900 False 1792315900
run25453.mid.gz 1803030859 False 1803030859
run25454.mid.gz 1785242915 False 1785242915
run25455.mid.gz 1796021172 False 1796021172
run25456.mid.gz 1792372640 False 1792372640
run25457.mid.gz 1802991943 False 1802991943
run25458.mid.gz 1792373090 False 1792373090
run25459.mid.gz 1795859154 False 1795859154
run25460.mid.gz 1792288839 False 1792288839
run25461.mid.gz 1795858870 False 1795858870
run25462.mid.gz 1792292034 False 1792292034
run25463.mid.gz 1788875731 False 1788875731
run25464.mid.gz 1785393017 False 1785393017
run25465.mid.gz 1792506419 False 1792506419
run25466.mid.gz 1788921433 False 1788921433
run25467.mid.gz 1792487104 False 1792487104
run25468.mid.gz 1796075228 False 1796075228
run25469.mid.gz 1792454965 False 1792454965
run25470.mid.gz 1792405644 False 1792405644
run25471.mid.gz 1795987079 False 1795987079
run25472.mid.gz 1792416510 False 1792416510
run25473.mid.gz 1795968533 False 1795968533
run25474.mid.gz 1785304542 False 1785304542
run25475.mid.gz 1795956341 False 1795956341
run25476.mid.gz 1792410467 False 1792410467
run25477.mid.gz 1796017062 False 1796017062
run25478.mid.gz 1792484749 False 1792484749
run25479.mid.gz 1796115718 False 1796115718
run25480.mid.gz 1788446348 False 1788446348
run25481.mid.gz 1803234643 False 1803234643
run25482.mid.gz 1790692796 False 1790692796
run25483.mid.gz 1792449194 False 1792449194
run25484.mid.gz 1788947511 False 1788947511
run25485.mid.gz 1792478684 False 1792478684
run25486.mid.gz 1803117372 False 1803117372
run25487.mid.gz 1792310550 False 1792310550
run25488.mid.gz 1788738966 False 1788738966
run25489.mid.gz 1792374293 False 1792374293
run25490.mid.gz 1795959257 False 1795959257
run25491.mid.gz 1792291124 False 1792291124
run25492.mid.gz 1795971409 False 1795971409
run25493.mid.gz 1792309765 False 1792309765
run25494.mid.gz 1792330583 False 1792330583
run25495.mid.gz 1795922344 False 1795922344
run25496.mid.gz 1792255037 False 1792255037
run25497.mid.gz 1792183549 False 1792183549
run25498.mid.gz 1796082681 False 1796082681
run25499.mid.gz 1792784225 False 1792784225
run25500.mid.gz 1792551773 False 1792551773
run25501.mid.gz 1795947386 False 1795947386
run25502.mid.gz 1792426386 False 1792426386
run25503.mid.gz 1792103340 False 1792103340
run25504.mid.gz 1788468573 False 1788468573
run25505.mid.gz 1792278037 False 1792278037
run25506.mid.gz 1792124005 False 1792124005
run25507.mid.gz 1795647694 False 1795647694
run25508.mid.gz 1792017083 False 1792017083
run25509.mid.gz 1791986285 False 1791986285
run25510.mid.gz 1795571484 False 1795571484
run25511.mid.gz 1788475810 False 1788475810
run25512.mid.gz 1788446799 False 1788446799
run25513.mid.gz 1788472320 False 1788472320
run25514.mid.gz 1784971158 False 1784971158
run25515.mid.gz 1792065243 False 1792065243
run25516.mid.gz 1795600236 False 1795600236
run25517.mid.gz 1792017697 False 1792017697
run25518.mid.gz 1792006846 False 1792006846
run25519.mid.gz 1792126811 False 1792126811
run25520.mid.gz 1792623757 False 1792623757
run25521.mid.gz 1792729909 False 1792729909
run25522.mid.gz 1796603977 False 1796603977
run25523.mid.gz 1788720923 False 1788720923
run25524.mid.gz 1785055691 False 1785055691
run25525.mid.gz 1792099136 False 1792099136
run25526.mid.gz 1795596783 False 1795596783
run25527.mid.gz 1788497707 False 1788497707
run25528.mid.gz 1788355691 False 1788355691
run25529.mid.gz 1788436411 False 1788436411
run25530.mid.gz 1791886671 False 1791886671
run25531.mid.gz 1795448898 False 1795448898
run25532.mid.gz 1792002902 False 1792002902
run25533.mid.gz 1792037106 False 1792037106
run25534.mid.gz 1788401273 False 1788401273
run25535.mid.gz 1791983928 False 1791983928
run25536.mid.gz 1791949637 False 1791949637
run25537.mid.gz 1791898111 False 1791898111
run25538.mid.gz 1791970031 False 1791970031
run25539.mid.gz 1791877390 False 1791877390
run25540.mid.gz 1791839912 False 1791839912
run25541.mid.gz 1795478653 False 1795478653
run25542.mid.gz 1788320142 False 1788320142
run25543.mid.gz 1788349496 False 1788349496
run25544.mid.gz 1787969279 False 1787969279
run25545.mid.gz 1791848232 False 1791848232
run25546.mid.gz 1788364093 False 1788364093
run25547.mid.gz 1788438969 False 1788438969
run25548.mid.gz 1788391486 False 1788391486
run25549.mid.gz 1788472748 False 1788472748
run25550.mid.gz 1788490105 False 1788490105
run25551.mid.gz 1792011802 False 1792011802
run25552.mid.gz 1795643199 False 1795643199
run25553.mid.gz 1792072265 False 1792072265
run25554.mid.gz 1788559120 False 1788559120
run25555.mid.gz 1788436829 False 1788436829
run25556.mid.gz 1788402424 False 1788402424
run25557.mid.gz 1791897968 False 1791897968
run25558.mid.gz 1795603878 False 1795603878
run25559.mid.gz 1791999955 False 1791999955
run25560.mid.gz 1792100972 False 1792100972
run25561.mid.gz 1791986374 False 1791986374
run25562.mid.gz 1791937558 False 1791937558
run25563.mid.gz 1791938404 False 1791938404
run25564.mid.gz 1788452723 False 1788452723
run25565.mid.gz 1788613814 False 1788613814
run25566.mid.gz 1788599666 False 1788599666
run25567.mid.gz 1788617201 False 1788617201
run25568.mid.gz 1788629737 False 1788629737
run25569.mid.gz 1792029949 False 1792029949
run25570.mid.gz 1792146118 False 1792146118
run25571.mid.gz 1792164995 False 1792164995
run25359.mid.gz 1791044534 False 1791044534
run25360.mid.gz 1787499777 False 1787499777
run25361.mid.gz 1791052713 False 1791052713
run25362.mid.gz 1787532565 False 1787532565
run25363.mid.gz 1790993852 False 1790993852
run25364.mid.gz 1787510424 False 1787510424
run25365.mid.gz 1791205403 False 1791205403
run25366.mid.gz 1794649472 False 1794649472
run25367.mid.gz 1791050399 False 1791050399
run25368.mid.gz 1801720188 False 1801720188
run25369.mid.gz 1791101924 False 1791101924
run25370.mid.gz 1794634274 False 1794634274
run25371.mid.gz 1791147357 False 1791147357
run25372.mid.gz 1794793205 False 1794793205
run25373.mid.gz 1791056471 False 1791056471
run25374.mid.gz 1801878095 False 1801878095
run25375.mid.gz 1791078986 False 1791078986
run25376.mid.gz 1787398974 False 1787398974
run25377.mid.gz 1791085367 False 1791085367
run25378.mid.gz 1801852831 False 1801852831
run25379.mid.gz 1791155421 False 1791155421
run25380.mid.gz 1787728219 False 1787728219
run25381.mid.gz 1791235543 False 1791235543
run25382.mid.gz 1794856001 False 1794856001
run25383.mid.gz 1791206220 False 1791206220
run25384.mid.gz 1787759652 False 1787759652
run25385.mid.gz 1791328232 False 1791328232
run25386.mid.gz 1801945097 False 1801945097
run25387.mid.gz 1791220916 False 1791220916
run25388.mid.gz 1794803282 False 1794803282
run25389.mid.gz 1791179888 False 1791179888
run25390.mid.gz 1794807519 False 1794807519
run25391.mid.gz 1791247930 False 1791247930
run25392.mid.gz 1794795476 False 1794795476
run25393.mid.gz 1791213817 False 1791213817
run25394.mid.gz 1795298500 False 1795298500
run25395.mid.gz 1792070837 False 1792070837
run25396.mid.gz 1802815737 False 1802815737
run25397.mid.gz 1792249173 False 1792249173
run25398.mid.gz 1792077966 False 1792077966
run25399.mid.gz 1792180743 False 1792180743
run25400.mid.gz 1792123696 False 1792123696
run25401.mid.gz 1795636053 False 1795636053
run25402.mid.gz 1792092026 False 1792092026
run25403.mid.gz 1792155329 False 1792155329
run25404.mid.gz 1785169290 False 1785169290
run25405.mid.gz 1795848024 False 1795848024
run25406.mid.gz 1788649391 False 1788649391
run25407.mid.gz 1792302933 False 1792302933
run25408.mid.gz 1792294035 False 1792294035
run25409.mid.gz 1795865329 False 1795865329
run25410.mid.gz 1792132574 False 1792132574
run25411.mid.gz 1792067319 False 1792067319
run25412.mid.gz 1795720030 False 1795720030
run25413.mid.gz 1792174516 False 1792174516
run25414.mid.gz 1788667355 False 1788667355
run25415.mid.gz 1788850723 False 1788850723
run25416.mid.gz 1792427505 False 1792427505
run25417.mid.gz 1792165344 False 1792165344
run25418.mid.gz 1792280130 False 1792280130
run25419.mid.gz 1795883308 False 1795883308
run25420.mid.gz 1792338131 False 1792338131
run25421.mid.gz 1792440598 False 1792440598
run25422.mid.gz 1796028604 False 1796028604
run25423.mid.gz 1792409474 False 1792409474
run25424.mid.gz 1788863234 False 1788863234
run25425.mid.gz 1792454535 False 1792454535
run25426.mid.gz 1796081540 False 1796081540
run25427.mid.gz 1792507684 False 1792507684
run25428.mid.gz 1796113817 False 1796113817
run25429.mid.gz 1792495474 False 1792495474
run25430.mid.gz 1796072278 False 1796072278
run25572.mid.gz 1792152597 False 1792152597
run25573.mid.gz 1792234115 False 1792234115
run25574.mid.gz 1788606463 False 1788606463
run25575.mid.gz 1788626092 False 1788626092
run25576.mid.gz 1792165163 False 1792165163
run25577.mid.gz 1795741541 False 1795741541
run25578.mid.gz 1792196695 False 1792196695
run25579.mid.gz 1788661779 False 1788661779
run25580.mid.gz 1792236497 False 1792236497
run25581.mid.gz 1802902052 False 1802902052
run25582.mid.gz 1792179662 False 1792179662
run25583.mid.gz 1788608997 False 1788608997
run25584.mid.gz 1785078968 False 1785078968
run25585.mid.gz 1795718673 False 1795718673
run25586.mid.gz 1792143998 False 1792143998
run25587.mid.gz 1788524556 False 1788524556
run25588.mid.gz 1792177979 False 1792177979
run25589.mid.gz 1795664654 False 1795664654
run25590.mid.gz 1792115337 False 1792115337
run25591.mid.gz 1788654375 False 1788654375
run25592.mid.gz 1792174236 False 1792174236
run25593.mid.gz 1788705194 False 1788705194
run25594.mid.gz 57057886 False 57057886
run25605.mid.gz 1087068588 False 1087068588
run25606.mid.gz 2656756501 False 2656756501
run25607.mid.gz 2657912820 False 2657912820
run25608.mid.gz 2687714623 False 2687714623
run25609.mid.gz 2662266566 False 2662266566
run25610.mid.gz 2671872620 False 2671872620
run25611.mid.gz 2690073159 False 2690073159
run25612.mid.gz 2677128912 False 2677128912
run25613.mid.gz 2715543745 False 2715543745
run25614.mid.gz 175554970 False 175554970
run25620.mid.gz 1094267434 False 1094267434
run25642.mid.gz 1083855047 False 1083855047
run25644.mid.gz 1349118286 False 1349118286
run25645.mid.gz 1343963420 False 1343963420
run25646.mid.gz 1344105462 False 1344105462
run25647.mid.gz 1354790920 False 1354790920
run25648.mid.gz 1332985506 False 1332985506
run25649.mid.gz 1360014982 False 1360014982
run25650.mid.gz 1344247613 False 1344247613
run25651.mid.gz 1360686395 False 1360686395
run25652.mid.gz 1338589132 False 1338589132
run25653.mid.gz 1354748528 False 1354748528
run25654.mid.gz 1339831887 False 1339831887
run25655.mid.gz 1334579339 False 1334579339
run25656.mid.gz 1334604330 False 1334604330
run25657.mid.gz 1340038548 False 1340038548
run25658.mid.gz 1334228537 False 1334228537
run25659.mid.gz 1339742934 False 1339742934
run25660.mid.gz 1351037823 False 1351037823
run25661.mid.gz 1361042319 False 1361042319
run25662.mid.gz 1361231450 False 1361231450
run25663.mid.gz 1334062638 False 1334062638
run25664.mid.gz 1346963571 False 1346963571
run25665.mid.gz 1357651216 False 1357651216
run25666.mid.gz 1347553125 False 1347553125
run25667.mid.gz 1330783413 False 1330783413
run25668.mid.gz 1347297971 False 1347297971
run25669.mid.gz 1341992416 False 1341992416
run25670.mid.gz 1341860540 False 1341860540
run25671.mid.gz 1346841133 False 1346841133
run25672.mid.gz 1341735128 False 1341735128
run25673.mid.gz 1336373877 False 1336373877
run25674.mid.gz 1351356158 False 1351356158
run25675.mid.gz 1352225051 False 1352225051
run25676.mid.gz 1351448407 False 1351448407
run25677.mid.gz 1362052981 False 1362052981
run25678.mid.gz 1350330171 False 1350330171
run25679.mid.gz 1362933151 False 1362933151
run25680.mid.gz 1347422626 False 1347422626
run25681.mid.gz 1368015456 False 1368015456
run25682.mid.gz 1351262800 False 1351262800
run25683.mid.gz 1346868872 False 1346868872
run25687.mid.gz 208329657 False 208329657
run25688.mid.gz 1068369590 False 1068369590
run25689.mid.gz 1343860267 False 1343860267
run25690.mid.gz 1333035937 False 1333035937
run25691.mid.gz 1349089723 False 1349089723
run25692.mid.gz 1343951561 False 1343951561
run25693.mid.gz 1343846829 False 1343846829
run25694.mid.gz 1354757298 False 1354757298
run25695.mid.gz 1354700330 False 1354700330
run25696.mid.gz 1333780343 False 1333780343
run25697.mid.gz 1344196231 False 1344196231
run25698.mid.gz 1328411620 False 1328411620
run25699.mid.gz 1349896369 False 1349896369
run25700.mid.gz 1360273049 False 1360273049
run25701.mid.gz 1365913374 False 1365913374
run25702.mid.gz 1354573035 False 1354573035
run25703.mid.gz 1365774605 False 1365774605
run25704.mid.gz 1333440513 False 1333440513
run25705.mid.gz 1349867572 False 1349867572
run25706.mid.gz 1339151579 False 1339151579
run25707.mid.gz 1349601763 False 1349601763
run25708.mid.gz 1355197130 False 1355197130
run25709.mid.gz 1350718805 False 1350718805
run25710.mid.gz 1345026771 False 1345026771
run25711.mid.gz 1361403057 False 1361403057
run25712.mid.gz 1334530720 False 1334530720
run25713.mid.gz 1355953955 False 1355953955
run25714.mid.gz 1366046016 False 1366046016
run25715.mid.gz 1356345125 False 1356345125
run25716.mid.gz 1345180098 False 1345180098
run25717.mid.gz 1361220925 False 1361220925
run25718.mid.gz 1350347982 False 1350347982
run25719.mid.gz 1356510745 False 1356510745
run25720.mid.gz 1356608379 False 1356608379
run25721.mid.gz 1351303228 False 1351303228
run25722.mid.gz 1335827911 False 1335827911
run25723.mid.gz 1341053408 False 1341053408
run25724.mid.gz 1361907213 False 1361907213
run25725.mid.gz 1368040596 False 1368040596
run25726.mid.gz 1372664032 False 1372664032
run25727.mid.gz 1335580143 False 1335580143
run25728.mid.gz 1362074253 False 1362074253
run25729.mid.gz 1347761260 False 1347761260
run25730.mid.gz 1337193894 False 1337193894
run25731.mid.gz 1341970196 False 1341970196
run25732.mid.gz 1353491474 False 1353491474
run25733.mid.gz 1347724971 False 1347724971
run25734.mid.gz 1342254808 False 1342254808
run25735.mid.gz 1347885033 False 1347885033
run25736.mid.gz 1357972355 False 1357972355
run25737.mid.gz 1364132821 False 1364132821
run25738.mid.gz 1358222782 False 1358222782
run25739.mid.gz 1366661966 False 1366661966
run25740.mid.gz 1372234335 False 1372234335
run25741.mid.gz 1339919515 False 1339919515
run25742.mid.gz 1355249582 False 1355249582
run25743.mid.gz 1360618501 False 1360618501
run25744.mid.gz 1371234934 False 1371234934
run25745.mid.gz 1361441474 False 1361441474
run25746.mid.gz 1360142031 False 1360142031
run25747.mid.gz 1355513702 False 1355513702
run25748.mid.gz 1361143234 False 1361143234
run25749.mid.gz 1370765370 False 1370765370
run25750.mid.gz 1353398008 False 1353398008
run25751.mid.gz 1349085116 False 1349085116
run25752.mid.gz 1374337455 False 1374337455
run25753.mid.gz 1381738923 False 1381738923
run25754.mid.gz 1354251016 False 1354251016
run25755.mid.gz 1374543633 False 1374543633
run25756.mid.gz 1365568664 False 1365568664
run25757.mid.gz 1353983961 False 1353983961
run25758.mid.gz 1352128185 False 1352128185
run25759.mid.gz 1378023543 False 1378023543
run25760.mid.gz 1384932347 False 1384932347
run25761.mid.gz 1360487633 False 1360487633
run25762.mid.gz 1397647861 False 1397647861
run25763.mid.gz 1388275166 False 1388275166
run25764.mid.gz 1393684887 False 1393684887
run25765.mid.gz 1384030890 False 1384030890
run25766.mid.gz 1388323764 False 1388323764
run25767.mid.gz 1374891794 False 1374891794
run25768.mid.gz 1394720411 False 1394720411
run25769.mid.gz 1401597989 False 1401597989
run25770.mid.gz 1393473640 False 1393473640
run25771.mid.gz 1414430493 False 1414430493
run25772.mid.gz 1390900424 False 1390900424
run25773.mid.gz 1399614947 False 1399614947
run25774.mid.gz 1409118936 False 1409118936
run25775.mid.gz 1396826977 False 1396826977
run25776.mid.gz 1389509619 False 1389509619
run25777.mid.gz 1406151603 False 1406151603
run25778.mid.gz 1398707220 False 1398707220
run25779.mid.gz 1359506483 False 1359506483
run25780.mid.gz 1332934375 False 1332934375
run25781.mid.gz 1343557762 False 1343557762
run25782.mid.gz 1343879558 False 1343879558
run25783.mid.gz 1353874520 False 1353874520
run25784.mid.gz 1343578919 False 1343578919
run25785.mid.gz 1344085620 False 1344085620
run25786.mid.gz 1343731143 False 1343731143
run25787.mid.gz 1338858990 False 1338858990
run25788.mid.gz 1333430440 False 1333430440
run25789.mid.gz 1089038931 False 1089038931
run25790.mid.gz 815433100 False 815433100
run25793.mid.gz 2640939455 False 2640939455
run25794.mid.gz 2646578006 False 2646578006
run25795.mid.gz 2647337613 False 2647337613
run25796.mid.gz 2669587121 False 2669587121
run25797.mid.gz 2645075868 False 2645075868
run25798.mid.gz 2668512758 False 2668512758
run25799.mid.gz 2671980500 False 2671980500
run25800.mid.gz 2655476525 False 2655476525
run25801.mid.gz 2664400174 False 2664400174
run25802.mid.gz 2686536874 False 2686536874
run25803.mid.gz 659956567 False 659956567
run25804.mid.gz 691420347 False 691420347
run25805.mid.gz 686540808 False 686540808
run25806.mid.gz 701573597 False 701573597
run25807.mid.gz 659871461 False 659871461
run25808.mid.gz 660676735 False 660676735
run25809.mid.gz 677403371 False 677403371
run25810.mid.gz 685187834 False 685187834
run25813.mid.gz 654482214 False 654482214
run25814.mid.gz 654858233 False 654858233
run25815.mid.gz 687122256 False 687122256
run25818.mid.gz 1094398411 False 1094398411
run25819.mid.gz 1357370143 False 1357370143
run25820.mid.gz 1372089613 False 1372089613
run25821.mid.gz 1371597100 False 1371597100
run25822.mid.gz 1368337874 False 1368337874
run25823.mid.gz 1356846136 False 1356846136
run25824.mid.gz 1340790545 False 1340790545
run25825.mid.gz 1340409027 False 1340409027
run25826.mid.gz 1371957106 False 1371957106
run25827.mid.gz 1351390069 False 1351390069
run25828.mid.gz 1361880244 False 1361880244
run25829.mid.gz 1342589605 False 1342589605
run25830.mid.gz 1358715073 False 1358715073
run25831.mid.gz 1342467382 False 1342467382
run25832.mid.gz 1337131327 False 1337131327
run25833.mid.gz 1358859546 False 1358859546
run25834.mid.gz 1342230994 False 1342230994
run25835.mid.gz 1369212098 False 1369212098
run25836.mid.gz 1357968079 False 1357968079
run25837.mid.gz 1364364881 False 1364364881
run25838.mid.gz 1342944251 False 1342944251
run25839.mid.gz 1346497238 False 1346497238
run25840.mid.gz 1357172894 False 1357172894
run25841.mid.gz 1351257577 False 1351257577
run25842.mid.gz 1362373040 False 1362373040
run25843.mid.gz 1335463376 False 1335463376
run25844.mid.gz 1335562459 False 1335562459
run25845.mid.gz 1340915218 False 1340915218
run25846.mid.gz 1351574362 False 1351574362
run25847.mid.gz 1340585892 False 1340585892
run25848.mid.gz 1362077015 False 1362077015
run25849.mid.gz 1345337472 False 1345337472
run25850.mid.gz 1361655629 False 1361655629
run25851.mid.gz 1366478939 False 1366478939
run25852.mid.gz 1335020528 False 1335020528
run25853.mid.gz 1356156150 False 1356156150
run25854.mid.gz 1356161518 False 1356161518
run25855.mid.gz 1355939669 False 1355939669
run25856.mid.gz 1367090686 False 1367090686
run25857.mid.gz 1361006492 False 1361006492
run25858.mid.gz 1339694444 False 1339694444
run25859.mid.gz 1366128920 False 1366128920
run25860.mid.gz 1345258839 False 1345258839
run25861.mid.gz 1355440547 False 1355440547
run25862.mid.gz 1361316121 False 1361316121
run25863.mid.gz 1350571312 False 1350571312
run25864.mid.gz 1340243175 False 1340243175
run25865.mid.gz 1345069309 False 1345069309
run25866.mid.gz 1361335635 False 1361335635
run25867.mid.gz 1350196622 False 1350196622
run25868.mid.gz 1339968729 False 1339968729
run25869.mid.gz 1333823723 False 1333823723
run25870.mid.gz 1355734361 False 1355734361
run25871.mid.gz 1349387313 False 1349387313
run25872.mid.gz 1339272681 False 1339272681
run25873.mid.gz 1339004446 False 1339004446
run25874.mid.gz 1344726211 False 1344726211
run25875.mid.gz 1355338813 False 1355338813
run25876.mid.gz 1344509808 False 1344509808
run25877.mid.gz 1355119736 False 1355119736
run25878.mid.gz 1344291807 False 1344291807
run25879.mid.gz 1335458680 False 1335458680
run25880.mid.gz 1334471508 False 1334471508
run25881.mid.gz 1345710081 False 1345710081
run25882.mid.gz 1334847227 False 1334847227
run25883.mid.gz 1340346481 False 1340346481
run25884.mid.gz 1361104367 False 1361104367
run25885.mid.gz 1345480035 False 1345480035
run25886.mid.gz 1334581350 False 1334581350
run25887.mid.gz 1361008303 False 1361008303
run25888.mid.gz 1335002241 False 1335002241
run25889.mid.gz 1361005686 False 1361005686
run25890.mid.gz 1345657319 False 1345657319
run25891.mid.gz 1345011127 False 1345011127
run25892.mid.gz 1355498500 False 1355498500
run25893.mid.gz 1356485677 False 1356485677
run25894.mid.gz 1340145068 False 1340145068
run25895.mid.gz 1361860635 False 1361860635
run25896.mid.gz 1365869017 False 1365869017
run25897.mid.gz 1334313356 False 1334313356
run25898.mid.gz 1345535802 False 1345535802
run25899.mid.gz 1340628542 False 1340628542
run25900.mid.gz 1350649971 False 1350649971
run25901.mid.gz 1366436140 False 1366436140
run25902.mid.gz 1340331604 False 1340331604
run25903.mid.gz 1339868967 False 1339868967
run25904.mid.gz 1339951695 False 1339951695
run25905.mid.gz 1361572732 False 1361572732
run25906.mid.gz 1360879250 False 1360879250
run25907.mid.gz 1334548016 False 1334548016
run25908.mid.gz 1356403788 False 1356403788
run25909.mid.gz 1334520153 False 1334520153
run25910.mid.gz 1356169048 False 1356169048
run25911.mid.gz 1351068776 False 1351068776
run25912.mid.gz 1340054409 False 1340054409
run25913.mid.gz 1356098604 False 1356098604
run25914.mid.gz 1339605694 False 1339605694
run25915.mid.gz 1350439683 False 1350439683
run25916.mid.gz 1344753573 False 1344753573
run25917.mid.gz 1350194581 False 1350194581
run25918.mid.gz 1361461358 False 1361461358
run25924.mid.gz 1333851090 False 1333851090
run25923.mid.gz 2188526214 False 2188526214
run25925.mid.gz 1349415351 False 1349415351
run25926.mid.gz 1344679898 False 1344679898
run25927.mid.gz 1349916892 False 1349916892
run25928.mid.gz 1371593137 False 1371593137
run25929.mid.gz 1334152850 False 1334152850
run25930.mid.gz 1339328877 False 1339328877
run25931.mid.gz 1344470565 False 1344470565
run25932.mid.gz 1350203382 False 1350203382
run25933.mid.gz 1333898682 False 1333898682
run25934.mid.gz 772405722 False 772405722
run25935.mid.gz 1346705209 False 1346705209
run25936.mid.gz 1358569017 False 1358569017
run25937.mid.gz 1349485284 False 1349485284
run25938.mid.gz 1360010496 False 1360010496
run25939.mid.gz 1339981618 False 1339981618
run25940.mid.gz 1348436030 False 1348436030
run25941.mid.gz 1340888134 False 1340888134
run25942.mid.gz 1359114288 False 1359114288
run25943.mid.gz 1354211315 False 1354211315
run25944.mid.gz 1338648071 False 1338648071
run25945.mid.gz 1358300990 False 1358300990
run25948.mid.gz 471630204 False 471630204
run25946.mid.gz 1400601146 False 1400601146
run25947.mid.gz 1406893470 False 1406893470
run25949.mid.gz 1348568284 False 1348568284
run25950.mid.gz 1378770309 False 1378770309
run25951.mid.gz 1350833292 False 1350833292
run25952.mid.gz 1342548542 False 1342548542
run25953.mid.gz 1366501899 False 1366501899
run25954.mid.gz 1351998911 False 1351998911
run25955.mid.gz 1344873816 False 1344873816
run25956.mid.gz 1372674087 False 1372674087
run25957.mid.gz 1342794741 False 1342794741
run25958.mid.gz 1364983134 False 1364983134
run25959.mid.gz 1068280565 False 1068280565
run25962.mid.gz 1332278935 False 1332278935
run25963.mid.gz 1353701331 False 1353701331
run25964.mid.gz 1343073686 False 1343073686
run25965.mid.gz 1342839291 False 1342839291
run25966.mid.gz 1327009935 False 1327009935
run25967.mid.gz 1342651248 False 1342651248
run25968.mid.gz 1331979743 False 1331979743
run25969.mid.gz 1332048924 False 1332048924
run25970.mid.gz 1332071111 False 1332071111
run25971.mid.gz 1337426814 False 1337426814
run25972.mid.gz 1337927392 False 1337927392
run25973.mid.gz 1349913329 False 1349913329
run25974.mid.gz 1343087251 False 1343087251
run25975.mid.gz 1332879001 False 1332879001
run25976.mid.gz 1338018497 False 1338018497
run25977.mid.gz 1332584179 False 1332584179
run25978.mid.gz 1337997894 False 1337997894
run25979.mid.gz 1332936376 False 1332936376
run25980.mid.gz 1348744909 False 1348744909
run25981.mid.gz 1333078765 False 1333078765
run25982.mid.gz 1364526387 False 1364526387
run25983.mid.gz 1355319684 False 1355319684
run25984.mid.gz 1333460153 False 1333460153
run25985.mid.gz 1332792004 False 1332792004
run25986.mid.gz 1341541656 False 1341541656
run25987.mid.gz 1352621027 False 1352621027
run25988.mid.gz 1354403879 False 1354403879
run25989.mid.gz 1355708606 False 1355708606
run25990.mid.gz 1354573478 False 1354573478
run25991.mid.gz 1338489956 False 1338489956
run25992.mid.gz 1333828122 False 1333828122
run25994.mid.gz 1339384418 False 1339384418
run25995.mid.gz 1340411075 False 1340411075
run25996.mid.gz 1340008182 False 1340008182
run25997.mid.gz 1334925279 False 1334925279
run25998.mid.gz 1350680776 False 1350680776
run25999.mid.gz 1339956830 False 1339956830
run26000.mid.gz 1329897874 False 1329897874
run26001.mid.gz 1345798786 False 1345798786
run26002.mid.gz 1337599487 False 1337599487
run26003.mid.gz 1335304943 False 1335304943
run26004.mid.gz 1351298891 False 1351298891
run26005.mid.gz 1353235629 False 1353235629
run26006.mid.gz 1335839574 False 1335839574
run26007.mid.gz 1341319227 False 1341319227
run26008.mid.gz 1351733865 False 1351733865
run26009.mid.gz 1335799383 False 1335799383
run26010.mid.gz 1346437013 False 1346437013
run26011.mid.gz 1352952380 False 1352952380
run26012.mid.gz 1342544239 False 1342544239
run26013.mid.gz 1338648196 False 1338648196
run26014.mid.gz 1351128767 False 1351128767
run26015.mid.gz 1380529069 False 1380529069
run26016.mid.gz 1361440543 False 1361440543
run26017.mid.gz 1343389192 False 1343389192
run26018.mid.gz 1335075174 False 1335075174
run26019.mid.gz 1348760156 False 1348760156
run26020.mid.gz 1356339503 False 1356339503
run26021.mid.gz 1348606513 False 1348606513
run26022.mid.gz 1357115279 False 1357115279
run26023.mid.gz 1342600654 False 1342600654
run26024.mid.gz 1452864295 False 1452864295
run26025.mid.gz 1355666246 False 1355666246
run26026.mid.gz 1432982055 False 1432982055
run26027.mid.gz 1372562442 False 1372562442
run26028.mid.gz 1386780003 False 1386780003
run26031.mid.gz 21560753 False 21560753
run26029.mid.gz 1365885068 False 1365885068
run26030.mid.gz 1379376614 False 1379376614
run26033.mid.gz 1068197911 False 1068197911
run26036.mid.gz 42526984 False 42526984
run26037.mid.gz 1344433069 False 1344433069
run26038.mid.gz 1327759628 False 1327759628
run26039.mid.gz 1338614603 False 1338614603
run26040.mid.gz 1332875794 False 1332875794
run26041.mid.gz 1343111825 False 1343111825
run26042.mid.gz 1337354696 False 1337354696
run26043.mid.gz 1348315611 False 1348315611
run26044.mid.gz 1332098623 False 1332098623
run26045.mid.gz 1337163295 False 1337163295
run26046.mid.gz 1332251174 False 1332251174
run26047.mid.gz 1342924866 False 1342924866
run26048.mid.gz 1347895801 False 1347895801
run26049.mid.gz 1358741191 False 1358741191
run26050.mid.gz 1358922191 False 1358922191
run26051.mid.gz 1342724885 False 1342724885
run26052.mid.gz 1353394996 False 1353394996
run26053.mid.gz 1337256378 False 1337256378
run26054.mid.gz 1342471866 False 1342471866
run26056.mid.gz 1359145530 False 1359145530
run26057.mid.gz 1333087133 False 1333087133
run26058.mid.gz 1332564088 False 1332564088
run26059.mid.gz 1342754242 False 1342754242
run26060.mid.gz 1332645059 False 1332645059
run26061.mid.gz 1358056776 False 1358056776
run26062.mid.gz 1343489938 False 1343489938
run26063.mid.gz 1326735193 False 1326735193
run26064.mid.gz 1342726938 False 1342726938
run26065.mid.gz 1357782513 False 1357782513
run26067.mid.gz 1376028519 False 1376028519
run26068.mid.gz 1348668016 False 1348668016
run26069.mid.gz 1364238978 False 1364238978
run26070.mid.gz 1355895636 False 1355895636
run26071.mid.gz 1376594712 False 1376594712
run26072.mid.gz 1445205976 False 1445205976
run26073.mid.gz 1349824934 False 1349824934
run26074.mid.gz 1411906830 False 1411906830
run26075.mid.gz 1434700849 False 1434700849
run26076.mid.gz 1377276966 False 1377276966
run26089.mid.gz 1078453082 False 1078453082
run26090.mid.gz 2726104468 False 2726104468
run26092.mid.gz 1454471131 False 1454471131
run26096.mid.gz 2684725645 False 2684725645
run26097.mid.gz 2868802093 False 2868802093
run26099.mid.gz 2820732773 False 2820732773
run26101.mid.gz 2940031380 False 2940031380
run26102.mid.gz 2953364890 False 2953364890
run26105.mid.gz 2940898957 False 2940898957
run26106.mid.gz 2977066109 False 2977066109
run26112.mid.gz 1062821982 False 1062821982
run26113.mid.gz 2673905143 False 2673905143
run26114.mid.gz 2662877289 False 2662877289
run26115.mid.gz 2673672675 False 2673672675
run26116.mid.gz 2674076005 False 2674076005
run26117.mid.gz 2662905075 False 2662905075
run26118.mid.gz 2684183710 False 2684183710
run26119.mid.gz 2663352161 False 2663352161
run26120.mid.gz 2668688745 False 2668688745
run26121.mid.gz 2672481123 False 2672481123
run26122.mid.gz 2657995449 False 2657995449
run26123.mid.gz 2657375734 False 2657375734
run26124.mid.gz 52628 False 52628
run26125.mid.gz 2887257609 False 2887257609
run26126.mid.gz 2947416311 False 2947416311
run26129.mid.gz 52760 False 52760
run26128.mid.gz 810748151 False 810748151
run26130.mid.gz 2663260051 False 2663260051
run26132.mid.gz 2675409332 False 2675409332
run26133.mid.gz 2853619795 False 2853619795
run26135.mid.gz 2910256942 False 2910256942
run26136.mid.gz 2921739795 False 2921739795
run26138.mid.gz 2847544928 False 2847544928
run26140.mid.gz 2866411697 False 2866411697
run26142.mid.gz 2871717332 False 2871717332
run26143.mid.gz 2864408120 False 2864408120
run26145.mid.gz 1279379185 False 1279379185
run26147.mid.gz 810186088 False 810186088
run26148.mid.gz 2767445747 False 2767445747
run26151.mid.gz 2650220398 False 2650220398
run26153.mid.gz 2653016572 False 2653016572
run26155.mid.gz 2773013597 False 2773013597
run26157.mid.gz 2912812108 False 2912812108
run26159.mid.gz 2916301601 False 2916301601
run26161.mid.gz 2852615345 False 2852615345
run26162.mid.gz 2876198523 False 2876198523
run26164.mid.gz 2853961043 False 2853961043
run26165.mid.gz 2833770748 False 2833770748
run26169.mid.gz 811043301 False 811043301
run26171.mid.gz 2852800450 False 2852800450
run26172.mid.gz 2862081988 False 2862081988
run26174.mid.gz 2932925777 False 2932925777
run26175.mid.gz 2944545178 False 2944545178
run26177.mid.gz 2934430176 False 2934430176
run26178.mid.gz 2927265016 False 2927265016
run26180.mid.gz 2903758973 False 2903758973
run26183.mid.gz 1149947795 False 1149947795
run26184.mid.gz 3868700 False 3868700
run26186.mid.gz 8145937 False 8145937
run26185.mid.gz 1190078518 False 1190078518
run26188.mid.gz 11733391 False 11733391
run26189.mid.gz 52577 False 52577
run26187.mid.gz 1194922929 False 1194922929
run26191.mid.gz 6859464 False 6859464
run26190.mid.gz 1160808266 False 1160808266
run26194.mid.gz 7804740 False 7804740
run26192.mid.gz 1178118737 False 1178118737
run26193.mid.gz 1116233064 False 1116233064
run26195.mid.gz 1106986376 False 1106986376
run26196.mid.gz 1113006423 False 1113006423
run26197.mid.gz 1111780625 False 1111780625
run26199.mid.gz 199304545 False 199304545
run26198.mid.gz 1117240673 False 1117240673
run26200.mid.gz 1138351168 False 1138351168
run26202.mid.gz 1139853047 False 1139853047
run26204.mid.gz 1146616735 False 1146616735
run26209.mid.gz 85124688 False 85124688
run26210.mid.gz 74469056 False 74469056
run26211.mid.gz 90260412 False 90260412
