2024-02-07 09:02:25 Compressing file: run13626.mid
2024-02-07 09:06:26 File successfully compressed: run13626.mid.gz
2024-02-07 09:30:35 Compressing file: run13627.mid
2024-02-07 09:32:36 File successfully compressed: run13627.mid.gz
2024-02-07 09:34:37 Compressing file: run13628.mid
2024-02-07 09:36:38 File successfully compressed: run13628.mid.gz
2024-02-07 09:38:38 Compressing file: run13629.mid
2024-02-07 09:40:39 File successfully compressed: run13629.mid.gz
2024-02-07 09:42:10 Compressing file: run13630.mid
2024-02-07 09:44:41 File successfully compressed: run13630.mid.gz
2024-02-07 09:46:12 Compressing file: run13631.mid
2024-02-07 09:49:13 File successfully compressed: run13631.mid.gz
2024-02-07 09:49:43 Compressing file: run13632.mid
2024-02-07 09:52:44 File successfully compressed: run13632.mid.gz
2024-02-07 09:53:15 Compressing file: run13633.mid
2024-02-07 09:56:16 File successfully compressed: run13633.mid.gz
2024-02-07 09:56:46 Compressing file: run13634.mid
2024-02-07 09:58:47 File successfully compressed: run13634.mid.gz
2024-02-07 10:00:17 Compressing file: run13635.mid
2024-02-07 10:02:49 File successfully compressed: run13635.mid.gz
2024-02-07 10:03:19 Compressing file: run13636.mid
2024-02-07 10:05:50 File successfully compressed: run13636.mid.gz
2024-02-07 10:11:52 Compressing file: run13637.mid
2024-02-07 10:12:22 File successfully compressed: run13637.mid.gz
2024-02-07 11:20:18 Compressing file: run13639.mid
2024-02-07 11:22:19 File successfully compressed: run13639.mid.gz
2024-02-07 11:24:20 Compressing file: run13640.mid
2024-02-07 11:26:51 File successfully compressed: run13640.mid.gz
2024-02-07 11:27:21 Compressing file: run13641.mid
2024-02-07 11:29:52 File successfully compressed: run13641.mid.gz
2024-02-07 11:30:52 Compressing file: run13642.mid
2024-02-07 11:33:23 File successfully compressed: run13642.mid.gz
2024-02-07 11:34:24 Compressing file: run13643.mid
2024-02-07 11:36:55 File successfully compressed: run13643.mid.gz
2024-02-07 11:37:55 Compressing file: run13644.mid
2024-02-07 11:40:26 File successfully compressed: run13644.mid.gz
2024-02-07 11:40:57 Compressing file: run13645.mid
2024-02-07 11:43:28 File successfully compressed: run13645.mid.gz
2024-02-07 11:44:28 Compressing file: run13646.mid
2024-02-07 11:46:59 File successfully compressed: run13646.mid.gz
2024-02-07 11:48:30 Compressing file: run13647.mid
2024-02-07 11:51:01 File successfully compressed: run13647.mid.gz
2024-02-07 11:52:01 Compressing file: run13648.mid
2024-02-07 11:54:02 File successfully compressed: run13648.mid.gz
2024-02-07 12:00:35 Compressing file: run13649.mid
2024-02-07 12:02:35 File successfully compressed: run13649.mid.gz
2024-02-07 12:04:06 Compressing file: run13650.mid
2024-02-07 12:07:07 File successfully compressed: run13650.mid.gz
2024-02-07 12:07:37 Compressing file: run13651.mid
2024-02-07 12:10:39 Compressing file: run13652.mid
2024-02-07 12:11:09 File successfully compressed: run13651.mid.gz
2024-02-07 12:14:40 Compressing file: run13653.mid
2024-02-07 12:14:40 File successfully compressed: run13652.mid.gz
2024-02-07 12:17:42 Compressing file: run13654.mid
2024-02-07 12:18:12 File successfully compressed: run13653.mid.gz
2024-02-07 12:21:43 Compressing file: run13655.mid
2024-02-07 12:21:44 File successfully compressed: run13654.mid.gz
2024-02-07 12:25:15 Compressing file: run13656.mid
2024-02-07 12:25:15 File successfully compressed: run13655.mid.gz
2024-02-07 12:28:16 Compressing file: run13657.mid
2024-02-07 12:28:46 File successfully compressed: run13656.mid.gz
2024-02-07 12:31:48 Compressing file: run13658.mid
2024-02-07 12:31:48 File successfully compressed: run13657.mid.gz
2024-02-07 12:35:19 File successfully compressed: run13658.mid.gz
2024-02-07 12:36:50 Compressing file: run13659.mid
2024-02-07 12:40:22 File successfully compressed: run13659.mid.gz
2024-02-07 12:40:52 Compressing file: run13660.mid
2024-02-07 12:43:23 File successfully compressed: run13660.mid.gz
2024-02-07 12:44:53 Compressing file: run13661.mid
2024-02-07 12:47:25 File successfully compressed: run13661.mid.gz
2024-02-07 12:48:25 Compressing file: run13662.mid
2024-02-07 12:50:56 File successfully compressed: run13662.mid.gz
2024-02-07 12:51:56 Compressing file: run13663.mid
2024-02-07 12:54:27 File successfully compressed: run13663.mid.gz
2024-02-07 12:55:28 Compressing file: run13664.mid
2024-02-07 12:57:59 File successfully compressed: run13664.mid.gz
2024-02-07 12:58:59 Compressing file: run13665.mid
2024-02-07 13:01:30 File successfully compressed: run13665.mid.gz
2024-02-07 13:03:01 Compressing file: run13666.mid
2024-02-07 13:06:02 File successfully compressed: run13666.mid.gz
2024-02-07 13:06:33 Compressing file: run13667.mid
2024-02-07 13:09:04 File successfully compressed: run13667.mid.gz
2024-02-07 13:10:04 Compressing file: run13668.mid
2024-02-07 13:12:05 File successfully compressed: run13668.mid.gz
2024-02-09 09:11:52 Compressing file: run13669.mid
2024-02-09 09:16:54 File successfully compressed: run13669.mid.gz
2024-02-09 09:23:26 Compressing file: run13671.mid
2024-02-09 09:25:57 File successfully compressed: run13671.mid.gz
2024-02-09 09:27:28 Compressing file: run13672.mid
2024-02-09 09:29:59 File successfully compressed: run13672.mid.gz
2024-02-09 09:31:00 Compressing file: run13673.mid
2024-02-09 09:33:31 File successfully compressed: run13673.mid.gz
2024-02-09 09:34:01 Compressing file: run13674.mid
2024-02-09 09:36:32 File successfully compressed: run13674.mid.gz
2024-02-09 09:38:03 Compressing file: run13675.mid
2024-02-09 09:40:34 File successfully compressed: run13675.mid.gz
2024-02-09 09:41:34 Compressing file: run13676.mid
2024-02-09 09:44:36 File successfully compressed: run13676.mid.gz
2024-02-09 09:45:36 Compressing file: run13677.mid
2024-02-09 09:48:07 File successfully compressed: run13677.mid.gz
2024-02-09 09:49:08 Compressing file: run13678.mid
2024-02-09 09:51:39 File successfully compressed: run13678.mid.gz
2024-02-09 09:52:39 Compressing file: run13679.mid
2024-02-09 09:55:10 File successfully compressed: run13679.mid.gz
2024-02-09 09:56:11 Compressing file: run13680.mid
2024-02-09 09:58:42 File successfully compressed: run13680.mid.gz
2024-02-09 10:08:46 Compressing file: run13681.mid
2024-02-09 10:11:17 File successfully compressed: run13681.mid.gz
2024-02-09 10:12:17 Compressing file: run13682.mid
2024-02-09 10:14:48 File successfully compressed: run13682.mid.gz
2024-02-09 10:16:19 Compressing file: run13683.mid
2024-02-09 10:18:50 File successfully compressed: run13683.mid.gz
2024-02-09 10:19:50 Compressing file: run13684.mid
2024-02-09 10:22:22 File successfully compressed: run13684.mid.gz
2024-02-09 10:23:22 Compressing file: run13685.mid
2024-02-09 10:25:53 File successfully compressed: run13685.mid.gz
2024-02-09 10:27:24 Compressing file: run13686.mid
2024-02-09 10:29:55 File successfully compressed: run13686.mid.gz
2024-02-09 10:31:26 Compressing file: run13687.mid
2024-02-09 10:34:27 Compressing file: run13688.mid
2024-02-09 10:34:27 File successfully compressed: run13687.mid.gz
2024-02-09 10:36:58 File successfully compressed: run13688.mid.gz
2024-02-09 10:38:59 Compressing file: run13689.mid
2024-02-09 10:41:30 File successfully compressed: run13689.mid.gz
2024-02-09 10:42:30 Compressing file: run13690.mid
2024-02-09 10:45:02 File successfully compressed: run13690.mid.gz
2024-02-09 10:52:35 Compressing file: run13691.mid
2024-02-09 10:55:06 File successfully compressed: run13691.mid.gz
2024-02-09 10:56:36 Compressing file: run13692.mid
2024-02-09 10:59:08 File successfully compressed: run13692.mid.gz
2024-02-09 11:00:08 Compressing file: run13693.mid
2024-02-09 11:02:39 File successfully compressed: run13693.mid.gz
2024-02-09 11:04:10 Compressing file: run13694.mid
2024-02-09 11:06:41 File successfully compressed: run13694.mid.gz
2024-02-09 11:07:11 Compressing file: run13695.mid
2024-02-09 11:09:42 File successfully compressed: run13695.mid.gz
2024-02-09 11:10:43 Compressing file: run13696.mid
2024-02-09 11:13:14 File successfully compressed: run13696.mid.gz
2024-02-09 11:14:44 Compressing file: run13697.mid
2024-02-09 11:17:16 File successfully compressed: run13697.mid.gz
2024-02-09 11:18:46 Compressing file: run13698.mid
2024-02-09 11:21:47 Compressing file: run13699.mid
2024-02-09 11:21:48 File successfully compressed: run13698.mid.gz
2024-02-09 11:24:19 File successfully compressed: run13699.mid.gz
2024-02-09 11:26:20 Compressing file: run13700.mid
2024-02-09 11:28:21 File successfully compressed: run13700.mid.gz
2024-02-09 11:34:23 Compressing file: run13701.mid
2024-02-09 11:36:54 File successfully compressed: run13701.mid.gz
2024-02-09 11:37:55 Compressing file: run13702.mid
2024-02-09 11:40:26 File successfully compressed: run13702.mid.gz
2024-02-09 11:41:26 Compressing file: run13703.mid
2024-02-09 11:44:27 Compressing file: run13704.mid
2024-02-09 11:44:28 File successfully compressed: run13703.mid.gz
2024-02-09 11:46:59 File successfully compressed: run13704.mid.gz
2024-02-09 11:47:59 Compressing file: run13705.mid
2024-02-09 11:50:00 File successfully compressed: run13705.mid.gz
2024-02-09 11:51:31 Compressing file: run13706.mid
2024-02-09 11:54:32 File successfully compressed: run13706.mid.gz
2024-02-09 11:55:02 Compressing file: run13707.mid
2024-02-09 11:58:04 Compressing file: run13708.mid
2024-02-09 11:58:04 File successfully compressed: run13707.mid.gz
2024-02-09 12:00:35 File successfully compressed: run13708.mid.gz
2024-02-09 12:01:35 Compressing file: run13709.mid
2024-02-09 12:04:06 File successfully compressed: run13709.mid.gz
2024-02-09 12:05:07 Compressing file: run13710.mid
2024-02-09 12:07:08 File successfully compressed: run13710.mid.gz
2024-02-09 12:13:40 Compressing file: run13711.mid
2024-02-09 12:16:12 File successfully compressed: run13711.mid.gz
2024-02-09 12:16:42 Compressing file: run13712.mid
2024-02-09 12:19:13 File successfully compressed: run13712.mid.gz
2024-02-09 12:20:13 Compressing file: run13713.mid
2024-02-09 12:22:44 File successfully compressed: run13713.mid.gz
2024-02-09 12:23:45 Compressing file: run13714.mid
2024-02-09 12:26:46 File successfully compressed: run13714.mid.gz
2024-02-09 12:27:16 Compressing file: run13715.mid
2024-02-09 12:30:18 File successfully compressed: run13715.mid.gz
2024-02-09 12:30:48 Compressing file: run13716.mid
2024-02-09 12:33:49 File successfully compressed: run13716.mid.gz
2024-02-09 12:34:20 Compressing file: run13717.mid
2024-02-09 12:37:21 Compressing file: run13718.mid
2024-02-09 12:37:21 File successfully compressed: run13717.mid.gz
2024-02-09 12:40:23 File successfully compressed: run13718.mid.gz
2024-02-09 12:40:53 Compressing file: run13719.mid
2024-02-09 12:43:24 File successfully compressed: run13719.mid.gz
2024-02-09 12:44:55 Compressing file: run13720.mid
2024-02-09 12:46:55 File successfully compressed: run13720.mid.gz
2024-02-09 13:31:13 Compressing file: run13721.mid
2024-02-09 13:33:44 File successfully compressed: run13721.mid.gz
2024-02-09 13:35:15 Compressing file: run13722.mid
2024-02-09 13:37:46 File successfully compressed: run13722.mid.gz
2024-02-09 13:38:47 Compressing file: run13723.mid
2024-02-09 13:41:18 File successfully compressed: run13723.mid.gz
2024-02-09 13:42:18 Compressing file: run13724.mid
2024-02-09 13:44:50 File successfully compressed: run13724.mid.gz
2024-02-09 13:46:20 Compressing file: run13725.mid
2024-02-09 13:48:51 File successfully compressed: run13725.mid.gz
2024-02-09 13:50:22 Compressing file: run13726.mid
2024-02-09 13:52:53 File successfully compressed: run13726.mid.gz
2024-02-09 13:53:23 Compressing file: run13727.mid
2024-02-09 13:55:55 File successfully compressed: run13727.mid.gz
2024-02-09 13:56:55 Compressing file: run13728.mid
2024-02-09 13:59:26 File successfully compressed: run13728.mid.gz
2024-02-09 14:01:27 Compressing file: run13729.mid
2024-02-09 14:03:58 File successfully compressed: run13729.mid.gz
2024-02-09 14:04:59 Compressing file: run13730.mid
2024-02-09 14:07:30 File successfully compressed: run13730.mid.gz
2024-02-09 14:14:02 Compressing file: run13731.mid
2024-02-09 14:16:03 File successfully compressed: run13731.mid.gz
2024-02-09 14:17:34 Compressing file: run13732.mid
2024-02-09 14:20:05 File successfully compressed: run13732.mid.gz
2024-02-09 14:21:36 Compressing file: run13733.mid
2024-02-09 14:24:37 File successfully compressed: run13733.mid.gz
2024-02-09 14:25:38 Compressing file: run13734.mid
2024-02-09 14:28:09 File successfully compressed: run13734.mid.gz
2024-02-09 14:29:09 Compressing file: run13735.mid
2024-02-09 14:32:11 Compressing file: run13736.mid
2024-02-09 14:32:11 File successfully compressed: run13735.mid.gz
2024-02-09 14:34:42 File successfully compressed: run13736.mid.gz
2024-02-09 14:36:12 Compressing file: run13737.mid
2024-02-09 14:38:44 File successfully compressed: run13737.mid.gz
2024-02-09 14:40:14 Compressing file: run13738.mid
2024-02-09 14:42:45 File successfully compressed: run13738.mid.gz
2024-02-09 14:44:16 Compressing file: run13739.mid
2024-02-09 14:46:47 File successfully compressed: run13739.mid.gz
2024-02-09 14:47:48 Compressing file: run13740.mid
2024-02-09 14:49:49 File successfully compressed: run13740.mid.gz
2024-02-09 15:02:24 Compressing file: run13741.mid
2024-02-09 15:04:25 File successfully compressed: run13741.mid.gz
2024-02-09 15:05:56 Compressing file: run13742.mid
2024-02-09 15:08:27 File successfully compressed: run13742.mid.gz
2024-02-09 15:09:27 Compressing file: run13743.mid
2024-02-09 15:12:28 Compressing file: run13744.mid
2024-02-09 15:12:29 File successfully compressed: run13743.mid.gz
2024-02-09 15:15:00 File successfully compressed: run13744.mid.gz
2024-02-09 15:15:30 Compressing file: run13745.mid
2024-02-09 15:17:31 File successfully compressed: run13745.mid.gz
2024-02-09 15:20:02 Compressing file: run13746.mid
2024-02-09 15:22:33 File successfully compressed: run13746.mid.gz
2024-02-09 15:23:34 Compressing file: run13747.mid
2024-02-09 15:26:05 File successfully compressed: run13747.mid.gz
2024-02-09 15:27:05 Compressing file: run13748.mid
2024-02-09 15:29:37 File successfully compressed: run13748.mid.gz
2024-02-09 15:30:37 Compressing file: run13749.mid
2024-02-09 15:33:08 File successfully compressed: run13749.mid.gz
2024-02-09 15:34:09 Compressing file: run13750.mid
2024-02-09 15:36:10 File successfully compressed: run13750.mid.gz
2024-02-09 15:42:12 Compressing file: run13751.mid
2024-02-09 15:44:43 File successfully compressed: run13751.mid.gz
2024-02-09 15:45:13 Compressing file: run13752.mid
2024-02-09 15:48:15 Compressing file: run13753.mid
2024-02-09 15:48:15 File successfully compressed: run13752.mid.gz
2024-02-09 15:50:46 File successfully compressed: run13753.mid.gz
2024-02-09 15:51:46 Compressing file: run13754.mid
2024-02-09 15:53:47 File successfully compressed: run13754.mid.gz
2024-02-09 15:55:48 Compressing file: run13755.mid
2024-02-09 15:57:49 File successfully compressed: run13755.mid.gz
2024-02-09 16:00:20 Compressing file: run13756.mid
2024-02-09 16:02:21 File successfully compressed: run13756.mid.gz
2024-02-09 16:03:22 Compressing file: run13757.mid
2024-02-09 16:06:23 File successfully compressed: run13757.mid.gz
2024-02-09 16:06:53 Compressing file: run13758.mid
2024-02-09 16:09:24 File successfully compressed: run13758.mid.gz
2024-02-09 16:10:25 Compressing file: run13759.mid
2024-02-09 16:12:26 File successfully compressed: run13759.mid.gz
2024-02-09 16:13:57 Compressing file: run13760.mid
2024-02-09 16:15:58 File successfully compressed: run13760.mid.gz
2024-02-09 16:21:00 Compressing file: run13761.mid
2024-02-09 16:23:01 File successfully compressed: run13761.mid.gz
2024-02-09 16:24:31 Compressing file: run13762.mid
2024-02-09 16:27:02 File successfully compressed: run13762.mid.gz
2024-02-09 16:28:03 Compressing file: run13763.mid
2024-02-09 16:30:34 File successfully compressed: run13763.mid.gz
2024-02-09 16:31:34 Compressing file: run13764.mid
2024-02-09 16:34:06 File successfully compressed: run13764.mid.gz
2024-02-09 16:35:36 Compressing file: run13765.mid
2024-02-09 16:37:37 File successfully compressed: run13765.mid.gz
2024-02-09 16:39:08 Compressing file: run13766.mid
2024-02-09 16:41:39 File successfully compressed: run13766.mid.gz
2024-02-09 16:42:40 Compressing file: run13767.mid
2024-02-09 16:45:11 File successfully compressed: run13767.mid.gz
2024-02-09 16:46:11 Compressing file: run13768.mid
2024-02-09 16:48:42 File successfully compressed: run13768.mid.gz
2024-02-09 16:49:43 Compressing file: run13769.mid
2024-02-09 16:51:44 File successfully compressed: run13769.mid.gz
2024-02-09 16:53:14 Compressing file: run13770.mid
2024-02-09 16:55:46 File successfully compressed: run13770.mid.gz
2024-02-09 17:05:50 Compressing file: run13771.mid
2024-02-09 17:08:21 File successfully compressed: run13771.mid.gz
2024-02-09 17:09:52 Compressing file: run13772.mid
2024-02-09 17:11:53 File successfully compressed: run13772.mid.gz
2024-02-09 17:14:24 Compressing file: run13773.mid
2024-02-09 17:16:55 File successfully compressed: run13773.mid.gz
2024-02-09 17:18:25 Compressing file: run13774.mid
2024-02-09 17:20:57 File successfully compressed: run13774.mid.gz
2024-02-09 17:22:27 Compressing file: run13775.mid
2024-02-09 17:24:28 File successfully compressed: run13775.mid.gz
2024-02-09 17:26:29 Compressing file: run13776.mid
2024-02-09 17:28:30 File successfully compressed: run13776.mid.gz
2024-02-09 17:30:31 Compressing file: run13777.mid
2024-02-09 17:33:02 File successfully compressed: run13777.mid.gz
2024-02-09 17:34:33 Compressing file: run13778.mid
2024-02-09 17:37:04 File successfully compressed: run13778.mid.gz
2024-02-09 17:38:04 Compressing file: run13779.mid
2024-02-09 17:40:36 File successfully compressed: run13779.mid.gz
2024-02-09 17:42:36 Compressing file: run13780.mid
2024-02-09 17:44:37 File successfully compressed: run13780.mid.gz
2024-02-09 18:10:18 Compressing file: run13781.mid
2024-02-09 18:12:50 File successfully compressed: run13781.mid.gz
2024-02-09 18:14:20 Compressing file: run13782.mid
2024-02-09 18:16:51 File successfully compressed: run13782.mid.gz
2024-02-09 18:18:22 Compressing file: run13783.mid
2024-02-09 18:20:53 File successfully compressed: run13783.mid.gz
2024-02-09 18:21:54 Compressing file: run13784.mid
2024-02-09 18:23:55 File successfully compressed: run13784.mid.gz
2024-02-09 18:25:56 Compressing file: run13785.mid
2024-02-09 18:27:57 File successfully compressed: run13785.mid.gz
2024-02-09 18:29:27 Compressing file: run13786.mid
2024-02-09 18:32:29 File successfully compressed: run13786.mid.gz
2024-02-09 18:32:59 Compressing file: run13787.mid
2024-02-09 18:35:30 File successfully compressed: run13787.mid.gz
2024-02-09 18:37:01 Compressing file: run13788.mid
2024-02-09 18:39:02 File successfully compressed: run13788.mid.gz
2024-02-09 18:41:03 Compressing file: run13789.mid
2024-02-09 18:43:34 File successfully compressed: run13789.mid.gz
2024-02-09 18:45:05 Compressing file: run13790.mid
2024-02-09 18:47:36 File successfully compressed: run13790.mid.gz
2024-02-09 18:50:07 Compressing file: run13791.mid
2024-02-09 18:52:08 File successfully compressed: run13791.mid.gz
2024-02-09 18:54:09 Compressing file: run13792.mid
2024-02-09 18:56:10 File successfully compressed: run13792.mid.gz
2024-02-09 18:58:41 Compressing file: run13793.mid
2024-02-09 19:00:42 File successfully compressed: run13793.mid.gz
2024-02-09 19:02:43 Compressing file: run13794.mid
2024-02-09 19:05:14 File successfully compressed: run13794.mid.gz
2024-02-09 19:06:45 Compressing file: run13795.mid
2024-02-09 19:09:16 File successfully compressed: run13795.mid.gz
2024-02-09 19:10:47 Compressing file: run13796.mid
2024-02-09 19:13:48 File successfully compressed: run13796.mid.gz
2024-02-09 19:14:18 Compressing file: run13797.mid
2024-02-09 19:17:20 File successfully compressed: run13797.mid.gz
2024-02-09 19:18:51 Compressing file: run13798.mid
2024-02-09 19:21:22 File successfully compressed: run13798.mid.gz
2024-02-09 19:22:52 Compressing file: run13799.mid
2024-02-09 19:24:53 File successfully compressed: run13799.mid.gz
2024-02-09 19:27:25 Compressing file: run13800.mid
2024-02-09 19:29:26 File successfully compressed: run13800.mid.gz
2024-02-09 19:34:28 Compressing file: run13801.mid
2024-02-09 19:36:29 File successfully compressed: run13801.mid.gz
2024-02-09 19:38:30 Compressing file: run13802.mid
2024-02-09 19:41:01 File successfully compressed: run13802.mid.gz
2024-02-09 19:42:31 Compressing file: run13803.mid
2024-02-09 19:45:33 File successfully compressed: run13803.mid.gz
2024-02-09 19:46:03 Compressing file: run13804.mid
2024-02-09 19:48:34 File successfully compressed: run13804.mid.gz
2024-02-09 19:50:05 Compressing file: run13805.mid
2024-02-09 19:52:36 File successfully compressed: run13805.mid.gz
2024-02-09 19:54:07 Compressing file: run13806.mid
2024-02-09 19:57:08 File successfully compressed: run13806.mid.gz
2024-02-09 19:58:09 Compressing file: run13807.mid
2024-02-09 20:00:40 File successfully compressed: run13807.mid.gz
2024-02-09 20:02:11 Compressing file: run13808.mid
2024-02-09 20:04:12 File successfully compressed: run13808.mid.gz
2024-02-09 20:05:42 Compressing file: run13809.mid
2024-02-09 20:08:14 File successfully compressed: run13809.mid.gz
2024-02-09 20:10:14 Compressing file: run13810.mid
2024-02-09 20:12:46 File successfully compressed: run13810.mid.gz
2024-02-09 20:19:18 Compressing file: run13811.mid
2024-02-09 20:21:50 File successfully compressed: run13811.mid.gz
2024-02-09 20:23:20 Compressing file: run13812.mid
2024-02-09 20:25:52 File successfully compressed: run13812.mid.gz
2024-02-09 20:27:22 Compressing file: run13813.mid
2024-02-09 20:29:54 File successfully compressed: run13813.mid.gz
2024-02-09 20:30:54 Compressing file: run13814.mid
2024-02-09 20:33:25 File successfully compressed: run13814.mid.gz
2024-02-09 20:34:26 Compressing file: run13815.mid
2024-02-09 20:36:57 File successfully compressed: run13815.mid.gz
2024-02-09 20:37:57 Compressing file: run13816.mid
2024-02-09 20:40:29 File successfully compressed: run13816.mid.gz
2024-02-09 20:41:59 Compressing file: run13817.mid
2024-02-09 20:44:30 File successfully compressed: run13817.mid.gz
2024-02-09 20:46:01 Compressing file: run13818.mid
2024-02-09 20:48:32 File successfully compressed: run13818.mid.gz
2024-02-09 20:50:03 Compressing file: run13819.mid
2024-02-09 20:52:34 File successfully compressed: run13819.mid.gz
2024-02-09 20:53:35 Compressing file: run13820.mid
2024-02-09 20:56:06 File successfully compressed: run13820.mid.gz
2024-02-10 11:48:34 Compressing file: run13821.mid
2024-02-10 11:53:37 File successfully compressed: run13821.mid.gz
2024-02-10 11:56:08 Compressing file: run13822.mid
2024-02-10 11:58:39 File successfully compressed: run13822.mid.gz
2024-02-10 11:59:40 Compressing file: run13823.mid
2024-02-10 12:01:41 File successfully compressed: run13823.mid.gz
2024-02-10 12:04:12 Compressing file: run13824.mid
2024-02-10 12:06:43 File successfully compressed: run13824.mid.gz
2024-02-10 12:08:14 Compressing file: run13825.mid
2024-02-10 12:10:45 File successfully compressed: run13825.mid.gz
2024-02-10 12:11:46 Compressing file: run13826.mid
2024-02-10 12:14:47 File successfully compressed: run13826.mid.gz
2024-02-10 12:15:18 Compressing file: run13827.mid
2024-02-10 12:18:19 File successfully compressed: run13827.mid.gz
2024-02-10 12:19:19 Compressing file: run13828.mid
2024-02-10 12:21:51 File successfully compressed: run13828.mid.gz
2024-02-10 12:22:51 Compressing file: run13829.mid
2024-02-10 12:25:22 File successfully compressed: run13829.mid.gz
2024-02-10 12:26:23 Compressing file: run13830.mid
2024-02-10 12:28:54 File successfully compressed: run13830.mid.gz
2024-02-10 12:29:55 Compressing file: run13831.mid
2024-02-10 12:31:56 File successfully compressed: run13831.mid.gz
2024-02-10 12:52:35 Compressing file: run13832.mid
2024-02-10 12:55:06 File successfully compressed: run13832.mid.gz
2024-02-10 12:55:36 Compressing file: run13833.mid
2024-02-10 12:58:08 File successfully compressed: run13833.mid.gz
2024-02-10 12:59:08 Compressing file: run13834.mid
2024-02-10 13:01:09 File successfully compressed: run13834.mid.gz
2024-02-10 13:02:40 Compressing file: run13835.mid
2024-02-10 13:04:41 File successfully compressed: run13835.mid.gz
2024-02-10 13:06:11 Compressing file: run13836.mid
2024-02-10 13:09:13 File successfully compressed: run13836.mid.gz
2024-02-10 13:09:43 Compressing file: run13837.mid
2024-02-10 13:12:14 File successfully compressed: run13837.mid.gz
2024-02-10 13:13:15 Compressing file: run13838.mid
2024-02-10 13:16:16 File successfully compressed: run13838.mid.gz
2024-02-10 13:16:46 Compressing file: run13839.mid
2024-02-10 13:19:18 File successfully compressed: run13839.mid.gz
2024-02-10 13:20:18 Compressing file: run13840.mid
2024-02-10 13:22:49 File successfully compressed: run13840.mid.gz
2024-02-10 13:23:50 Compressing file: run13841.mid
2024-02-10 13:25:51 File successfully compressed: run13841.mid.gz
2024-02-10 13:41:58 Compressing file: run13842.mid
2024-02-10 13:44:29 File successfully compressed: run13842.mid.gz
2024-02-10 13:45:30 Compressing file: run13843.mid
2024-02-10 13:48:01 File successfully compressed: run13843.mid.gz
2024-02-10 13:49:02 Compressing file: run13844.mid
2024-02-10 13:51:33 File successfully compressed: run13844.mid.gz
2024-02-10 13:53:03 Compressing file: run13845.mid
2024-02-10 13:55:35 File successfully compressed: run13845.mid.gz
2024-02-10 13:56:35 Compressing file: run13846.mid
2024-02-10 13:59:37 File successfully compressed: run13846.mid.gz
2024-02-10 14:00:07 Compressing file: run13847.mid
2024-02-10 14:03:08 Compressing file: run13848.mid
2024-02-10 14:03:08 File successfully compressed: run13847.mid.gz
2024-02-10 14:06:10 File successfully compressed: run13848.mid.gz
2024-02-10 14:06:40 Compressing file: run13849.mid
2024-02-10 14:09:42 File successfully compressed: run13849.mid.gz
2024-02-10 14:10:12 Compressing file: run13850.mid
2024-02-10 14:13:14 File successfully compressed: run13850.mid.gz
2024-02-10 14:13:44 Compressing file: run13851.mid
2024-02-10 14:16:15 File successfully compressed: run13851.mid.gz
2024-02-10 15:01:36 Compressing file: run13852.mid
2024-02-10 15:03:37 File successfully compressed: run13852.mid.gz
2024-02-10 15:05:07 Compressing file: run13853.mid
2024-02-10 15:07:39 File successfully compressed: run13853.mid.gz
2024-02-10 15:08:39 Compressing file: run13854.mid
2024-02-10 15:11:40 Compressing file: run13855.mid
2024-02-10 15:11:41 File successfully compressed: run13854.mid.gz
2024-02-10 15:14:12 File successfully compressed: run13855.mid.gz
2024-02-10 15:15:43 Compressing file: run13856.mid
2024-02-10 15:18:14 File successfully compressed: run13856.mid.gz
2024-02-10 15:19:14 Compressing file: run13857.mid
2024-02-10 15:21:46 File successfully compressed: run13857.mid.gz
2024-02-10 15:22:46 Compressing file: run13858.mid
2024-02-10 15:25:47 File successfully compressed: run13858.mid.gz
2024-02-10 15:26:48 Compressing file: run13859.mid
2024-02-10 15:29:19 File successfully compressed: run13859.mid.gz
2024-02-10 15:29:50 Compressing file: run13860.mid
2024-02-10 15:32:21 File successfully compressed: run13860.mid.gz
2024-02-10 15:33:52 Compressing file: run13861.mid
2024-02-10 15:36:24 File successfully compressed: run13861.mid.gz
2024-02-10 15:47:29 Compressing file: run13862.mid
2024-02-10 15:50:00 File successfully compressed: run13862.mid.gz
2024-02-10 15:51:31 Compressing file: run13863.mid
2024-02-10 15:54:02 File successfully compressed: run13863.mid.gz
2024-02-10 15:54:32 Compressing file: run13864.mid
2024-02-10 15:57:03 File successfully compressed: run13864.mid.gz
2024-02-10 15:58:04 Compressing file: run13865.mid
2024-02-10 16:00:35 File successfully compressed: run13865.mid.gz
2024-02-10 16:02:06 Compressing file: run13866.mid
2024-02-10 16:04:37 File successfully compressed: run13866.mid.gz
2024-02-10 16:05:38 Compressing file: run13867.mid
2024-02-10 16:08:39 Compressing file: run13868.mid
2024-02-10 16:08:39 File successfully compressed: run13867.mid.gz
2024-02-10 16:11:41 File successfully compressed: run13868.mid.gz
2024-02-10 16:12:11 Compressing file: run13869.mid
2024-02-10 16:14:42 File successfully compressed: run13869.mid.gz
2024-02-10 16:15:43 Compressing file: run13870.mid
2024-02-10 16:18:14 File successfully compressed: run13870.mid.gz
2024-02-10 16:19:15 Compressing file: run13871.mid
2024-02-10 16:21:46 File successfully compressed: run13871.mid.gz
2024-02-10 17:05:05 Compressing file: run13872.mid
2024-02-10 17:05:36 File successfully compressed: run13872.mid.gz
2024-02-12 19:09:00 Compressing file: run13874.mid
2024-02-12 19:13:33 File successfully compressed: run13874.mid.gz
Midas shutdown
[fileCompressor,INFO] Client 'midas2cloud' on buffer 'SYSMSG' removed by cm_periodic_tasks because process pid 2239709 does not exist
[fileCompressor,INFO] Client 'midas2cloud' on database 'ODB' pid 2239709 does not exist and db_cleanup called by cm_periodic_tasks removed it
Killed
cm_msg_log: Message "[fileCompressor,LOG] Program fileCompressor on host localhost started" not written to midas.log because open(/media/cygno01/LaCIA/data/midas.log) failed with errno 2 (No such file or directory)
Traceback (most recent call last):
  File "/home/cygno01/daq/middleware/dev/fileCompressor.py", line 169, in <module>
    main()
  File "/home/cygno01/daq/middleware/dev/fileCompressor.py", line 118, in main
    file_in_dir=sorted(os.listdir(INAPATH))
FileNotFoundError: [Errno 2] No such file or directory: '/media/cygno01/LaCIA/data/'
cm_msg_log: Message "[fileCompressor,LOG] Program fileCompressor on host localhost stopped" not written to midas.log because open(/media/cygno01/LaCIA/data/midas.log) failed with errno 2 (No such file or directory)
Killed
Killed
Killed
Killed
Killed
Midas shutdown
Midas shutdown
2024-02-13 11:36:36 Compressing file: run13877.mid
2024-02-13 11:40:38 File successfully compressed: run13877.mid.gz
2024-02-13 11:48:11 Compressing file: run13878.mid
2024-02-13 11:52:13 File successfully compressed: run13878.mid.gz
2024-02-13 14:50:00 Compressing file: run13881.mid
2024-02-13 14:55:03 File successfully compressed: run13881.mid.gz
2024-02-13 15:38:52 Compressing file: run13883.mid
2024-02-13 15:40:53 File successfully compressed: run13883.mid.gz
2024-02-13 15:41:23 Compressing file: run13884.mid
2024-02-13 15:43:24 File successfully compressed: run13884.mid.gz
2024-02-13 15:43:54 Compressing file: run13885.mid
2024-02-13 15:46:56 Compressing file: run13886.mid
2024-02-13 15:46:56 File successfully compressed: run13885.mid.gz
2024-02-13 15:49:57 Compressing file: run13887.mid
2024-02-13 15:49:57 File successfully compressed: run13886.mid.gz
2024-02-13 15:52:29 File successfully compressed: run13887.mid.gz
2024-02-13 15:53:29 Compressing file: run13888.mid
2024-02-13 15:56:00 Compressing file: run13889.mid
2024-02-13 15:56:00 File successfully compressed: run13888.mid.gz
2024-02-13 15:58:31 Compressing file: run13890.mid
2024-02-13 15:59:32 File successfully compressed: run13889.mid.gz
2024-02-13 16:00:32 Compressing file: run13891.mid
2024-02-13 16:02:03 Compressing file: run13892.mid
2024-02-13 16:02:03 File successfully compressed: run13890.mid.gz
2024-02-13 16:03:34 File successfully compressed: run13891.mid.gz
2024-02-13 16:04:04 File successfully compressed: run13892.mid.gz
2024-02-13 16:16:40 Compressing file: run13893.mid
2024-02-13 16:19:11 Compressing file: run13894.mid
2024-02-13 16:19:11 File successfully compressed: run13893.mid.gz
2024-02-13 16:21:12 Compressing file: run13895.mid
2024-02-13 16:21:12 File successfully compressed: run13894.mid.gz
2024-02-13 16:23:43 Compressing file: run13896.mid
2024-02-13 16:23:44 File successfully compressed: run13895.mid.gz
2024-02-13 16:25:44 Compressing file: run13897.mid
2024-02-13 16:26:45 File successfully compressed: run13896.mid.gz
2024-02-13 16:28:16 Compressing file: run13898.mid
2024-02-13 16:29:16 File successfully compressed: run13897.mid.gz
2024-02-13 16:30:47 File successfully compressed: run13898.mid.gz
2024-02-13 16:31:17 Compressing file: run13899.mid
2024-02-13 16:33:48 Compressing file: run13900.mid
2024-02-13 16:33:48 File successfully compressed: run13899.mid.gz
2024-02-13 16:35:49 File successfully compressed: run13900.mid.gz
2024-02-13 16:36:20 Compressing file: run13901.mid
2024-02-13 16:38:21 File successfully compressed: run13901.mid.gz
2024-02-13 16:39:21 Compressing file: run13902.mid
2024-02-13 16:41:22 File successfully compressed: run13902.mid.gz
2024-02-13 16:49:56 Compressing file: run13903.mid
2024-02-13 16:52:27 File successfully compressed: run13903.mid.gz
2024-02-13 16:53:28 Compressing file: run13904.mid
2024-02-13 16:56:29 Compressing file: run13905.mid
2024-02-13 16:56:29 File successfully compressed: run13904.mid.gz
2024-02-13 16:59:00 File successfully compressed: run13905.mid.gz
2024-02-13 17:00:01 Compressing file: run13906.mid
2024-02-13 17:02:32 File successfully compressed: run13906.mid.gz
2024-02-13 17:03:02 Compressing file: run13907.mid
2024-02-13 17:05:33 Compressing file: run13908.mid
2024-02-13 17:06:04 File successfully compressed: run13907.mid.gz
2024-02-13 17:08:05 File successfully compressed: run13908.mid.gz
2024-02-13 17:08:35 Compressing file: run13909.mid
2024-02-13 17:10:36 File successfully compressed: run13909.mid.gz
2024-02-13 17:12:07 Compressing file: run13910.mid
2024-02-13 17:14:08 File successfully compressed: run13910.mid.gz
2024-02-13 17:15:08 Compressing file: run13911.mid
2024-02-13 17:17:09 File successfully compressed: run13911.mid.gz
2024-02-13 17:18:10 Compressing file: run13912.mid
2024-02-13 17:20:11 File successfully compressed: run13912.mid.gz
2024-02-15 10:33:17 Compressing file: run13917.mid
2024-02-15 10:35:48 File successfully compressed: run13917.mid.gz
2024-02-15 10:50:25 Compressing file: run13918.mid
2024-02-15 10:53:26 Compressing file: run13919.mid
2024-02-15 10:57:28 Compressing file: run13920.mid
2024-02-15 11:00:29 Compressing file: run13921.mid
2024-02-15 11:04:02 Compressing file: run13922.mid
2024-02-15 11:07:04 Compressing file: run13923.mid
2024-02-15 11:10:05 File successfully compressed: run13919.mid.gz
2024-02-15 11:21:21 File successfully compressed: run13920.mid.gz
2024-02-15 11:26:23 File successfully compressed: run13921.mid.gz
2024-02-15 11:29:55 File successfully compressed: run13922.mid.gz
2024-02-15 11:31:56 File successfully compressed: run13923.mid.gz
2024-02-15 11:43:01 File successfully compressed: run13918.mid.gz
2024-02-15 13:54:31 Compressing file: run13924.mid
2024-02-15 13:56:32 File successfully compressed: run13924.mid.gz
Midas shutdown
[fileCompressor,TALK] Software alarm: Program midas2cloud is not running
[fileCompressor,TALK] software alarm: Program cygnus_daq is not running
[fileCompressor,TALK] software alarm: Program cygnus_daq is not running
[fileCompressor,TALK] software alarm: Program cygnus_daq is not running
[fileCompressor,TALK] software alarm: Program cygnus_daq is not running
[fileCompressor,TALK] software alarm: Program cygnus_daq is not running
[fileCompressor,TALK] software alarm: Program cygnus_daq is not running
[fileCompressor,TALK] software alarm: Program cygnus_daq is not running
[fileCompressor,TALK] software alarm: Program cygnus_daq is not running
[fileCompressor,TALK] software alarm: Program cygnus_daq is not running
[fileCompressor,TALK] software alarm: Program cygnus_daq is not running
[fileCompressor,TALK] software alarm: Program cygnus_daq is not running
[fileCompressor,TALK] software alarm: Program cygnus_daq is not running
[fileCompressor,TALK] software alarm: Program cygnus_daq is not running
[fileCompressor,TALK] software alarm: Program cygnus_daq is not running
[fileCompressor,TALK] software alarm: Program cygnus_daq is not running
[fileCompressor,TALK] software alarm: Program cygnus_daq is not running
[fileCompressor,TALK] software alarm: Program cygnus_daq is not running
[fileCompressor,TALK] software alarm: Program cygnus_daq is not running
[fileCompressor,TALK] software alarm: Program cygnus_daq is not running
[fileCompressor,TALK] software alarm: Program cygnus_daq is not running
[fileCompressor,TALK] software alarm: Program cygnus_daq is not running
[fileCompressor,TALK] software alarm: Program cygnus_daq is not running
[fileCompressor,TALK] software alarm: Program cygnus_daq is not running
[fileCompressor,TALK] software alarm: Program cygnus_daq is not running
[fileCompressor,TALK] software alarm: Program cygnus_daq is not running
[fileCompressor,TALK] software alarm: Program cygnus_daq is not running
[fileCompressor,TALK] software alarm: Program cygnus_daq is not running
[fileCompressor,TALK] software alarm: Program cygnus_daq is not running
[fileCompressor,TALK] software alarm: Program cygnus_daq is not running
[fileCompressor,TALK] software alarm: Program cygnus_daq is not running
[fileCompressor,TALK] software alarm: Program cygnus_daq is not running
[fileCompressor,TALK] software alarm: Program cygnus_daq is not running
[fileCompressor,TALK] software alarm: Program cygnus_daq is not running
[fileCompressor,TALK] software alarm: Program cygnus_daq is not running
[fileCompressor,TALK] software alarm: Program cygnus_daq is not running
[fileCompressor,TALK] software alarm: Program cygnus_daq is not running
[fileCompressor,TALK] software alarm: Program cygnus_daq is not running
[fileCompressor,TALK] software alarm: Program cygnus_daq is not running
[fileCompressor,TALK] software alarm: Program cygnus_daq is not running
[fileCompressor,TALK] software alarm: Program cygnus_daq is not running
[fileCompressor,TALK] software alarm: Program cygnus_daq is not running
[fileCompressor,TALK] software alarm: Program cygnus_daq is not running
[fileCompressor,TALK] software alarm: Program cygnus_daq is not running
[fileCompressor,TALK] software alarm: Program cygnus_daq is not running
[fileCompressor,TALK] software alarm: Program cygnus_daq is not running
[fileCompressor,TALK] software alarm: Program cygnus_daq is not running
[fileCompressor,TALK] software alarm: Program cygnus_daq is not running
[fileCompressor,TALK] software alarm: Program cygnus_daq is not running
[fileCompressor,TALK] software alarm: Program cygnus_daq is not running
[fileCompressor,TALK] software alarm: Program cygnus_daq is not running
[fileCompressor,TALK] software alarm: Program cygnus_daq is not running
[fileCompressor,TALK] software alarm: Program cygnus_daq is not running
[fileCompressor,TALK] software alarm: Program cygnus_daq is not running
[fileCompressor,TALK] software alarm: Program cygnus_daq is not running
[fileCompressor,TALK] software alarm: Program cygnus_daq is not running
[fileCompressor,TALK] software alarm: Program cygnus_daq is not running
[fileCompressor,TALK] software alarm: Program cygnus_daq is not running
[fileCompressor,TALK] software alarm: Program cygnus_daq is not running
[fileCompressor,TALK] software alarm: Program cygnus_daq is not running
[fileCompressor,TALK] software alarm: Program cygnus_daq is not running
[fileCompressor,TALK] software alarm: Program cygnus_daq is not running
[fileCompressor,TALK] software alarm: Program cygnus_daq is not running
[fileCompressor,TALK] software alarm: Program cygnus_daq is not running
[fileCompressor,TALK] software alarm: Program cygnus_daq is not running
[fileCompressor,TALK] software alarm: Program cygnus_daq is not running
[fileCompressor,TALK] software alarm: Program cygnus_daq is not running
[fileCompressor,TALK] software alarm: Program cygnus_daq is not running
[fileCompressor,TALK] software alarm: Program cygnus_daq is not running
[fileCompressor,TALK] software alarm: Program cygnus_daq is not running
[fileCompressor,TALK] software alarm: Program cygnus_daq is not running
[fileCompressor,TALK] software alarm: Program cygnus_daq is not running
[fileCompressor,TALK] software alarm: Program cygnus_daq is not running
[fileCompressor,TALK] software alarm: Program cygnus_daq is not running
[fileCompressor,TALK] software alarm: Program cygnus_daq is not running
[fileCompressor,TALK] software alarm: Program cygnus_daq is not running
[fileCompressor,TALK] software alarm: Program cygnus_daq is not running
[fileCompressor,TALK] software alarm: Program cygnus_daq is not running
[fileCompressor,TALK] software alarm: Program cygnus_daq is not running
[fileCompressor,TALK] software alarm: Program cygnus_daq is not running
[fileCompressor,TALK] software alarm: Program cygnus_daq is not running
[fileCompressor,TALK] software alarm: Program cygnus_daq is not running
[fileCompressor,TALK] software alarm: Program cygnus_daq is not running
[fileCompressor,TALK] software alarm: Program cygnus_daq is not running
[fileCompressor,TALK] software alarm: Program cygnus_daq is not running
[fileCompressor,TALK] software alarm: Program cygnus_daq is not running
[fileCompressor,TALK] software alarm: Program cygnus_daq is not running
[fileCompressor,TALK] software alarm: Program cygnus_daq is not running
[fileCompressor,TALK] software alarm: Program cygnus_daq is not running
[fileCompressor,TALK] software alarm: Program cygnus_daq is not running
[fileCompressor,TALK] software alarm: Program cygnus_daq is not running
[fileCompressor,TALK] software alarm: Program cygnus_daq is not running
[fileCompressor,TALK] software alarm: Program cygnus_daq is not running
[fileCompressor,TALK] software alarm: Program cygnus_daq is not running
[fileCompressor,TALK] software alarm: Program cygnus_daq is not running
[fileCompressor,TALK] software alarm: Program cygnus_daq is not running
[fileCompressor,TALK] software alarm: Program cygnus_daq is not running
[fileCompressor,TALK] software alarm: Program cygnus_daq is not running
[fileCompressor,TALK] software alarm: Program cygnus_daq is not running
[fileCompressor,TALK] software alarm: Program cygnus_daq is not running
[fileCompressor,TALK] software alarm: Program cygnus_daq is not running
[fileCompressor,TALK] software alarm: Program cygnus_daq is not running
[fileCompressor,TALK] software alarm: Program cygnus_daq is not running
[fileCompressor,TALK] software alarm: Program cygnus_daq is not running
[fileCompressor,TALK] software alarm: Program cygnus_daq is not running
[fileCompressor,TALK] software alarm: Program cygnus_daq is not running
[fileCompressor,TALK] software alarm: Program cygnus_daq is not running
[fileCompressor,TALK] software alarm: Program cygnus_daq is not running
[fileCompressor,TALK] software alarm: Program cygnus_daq is not running
[fileCompressor,TALK] software alarm: Program cygnus_daq is not running
[fileCompressor,TALK] software alarm: Program cygnus_daq is not running
[fileCompressor,TALK] software alarm: Program cygnus_daq is not running
[fileCompressor,TALK] software alarm: Program cygnus_daq is not running
[fileCompressor,TALK] software alarm: Program cygnus_daq is not running
[fileCompressor,TALK] software alarm: Program cygnus_daq is not running
[fileCompressor,TALK] software alarm: Program cygnus_daq is not running
[fileCompressor,TALK] software alarm: Program cygnus_daq is not running
[fileCompressor,TALK] software alarm: Program cygnus_daq is not running
[fileCompressor,TALK] software alarm: Program cygnus_daq is not running
[fileCompressor,TALK] software alarm: Program cygnus_daq is not running
[fileCompressor,TALK] software alarm: Program cygnus_daq is not running
[fileCompressor,TALK] software alarm: Program cygnus_daq is not running
[fileCompressor,TALK] software alarm: Program cygnus_daq is not running
[fileCompressor,TALK] software alarm: Program cygnus_daq is not running
[fileCompressor,TALK] software alarm: Program cygnus_daq is not running
[fileCompressor,TALK] software alarm: Program cygnus_daq is not running
[fileCompressor,TALK] software alarm: Program cygnus_daq is not running
[fileCompressor,TALK] software alarm: Program cygnus_daq is not running
[fileCompressor,TALK] software alarm: Program cygnus_daq is not running
[fileCompressor,TALK] software alarm: Program cygnus_daq is not running
[fileCompressor,TALK] software alarm: Program cygnus_daq is not running
[fileCompressor,TALK] software alarm: Program cygnus_daq is not running
[fileCompressor,TALK] software alarm: Program cygnus_daq is not running
[fileCompressor,TALK] software alarm: Program cygnus_daq is not running
[fileCompressor,TALK] software alarm: Program cygnus_daq is not running
[fileCompressor,TALK] software alarm: Program cygnus_daq is not running
[fileCompressor,TALK] software alarm: Program cygnus_daq is not running
[fileCompressor,TALK] software alarm: Program cygnus_daq is not running
[fileCompressor,TALK] software alarm: Program cygnus_daq is not running
[fileCompressor,TALK] software alarm: Program cygnus_daq is not running
[fileCompressor,TALK] software alarm: Program cygnus_daq is not running
[fileCompressor,TALK] software alarm: Program cygnus_daq is not running
[fileCompressor,TALK] software alarm: Program cygnus_daq is not running
[fileCompressor,TALK] software alarm: Program cygnus_daq is not running
[fileCompressor,TALK] software alarm: Program cygnus_daq is not running
[fileCompressor,TALK] software alarm: Program cygnus_daq is not running
[fileCompressor,TALK] software alarm: Program cygnus_daq is not running
[fileCompressor,TALK] software alarm: Program cygnus_daq is not running
[fileCompressor,TALK] software alarm: Program cygnus_daq is not running
[fileCompressor,TALK] software alarm: Program cygnus_daq is not running
[fileCompressor,TALK] software alarm: Program cygnus_daq is not running
[fileCompressor,TALK] software alarm: Program cygnus_daq is not running
[fileCompressor,TALK] software alarm: Program cygnus_daq is not running
[fileCompressor,TALK] software alarm: Program cygnus_daq is not running
[fileCompressor,TALK] software alarm: Program cygnus_daq is not running
[fileCompressor,TALK] software alarm: Program cygnus_daq is not running
[fileCompressor,TALK] software alarm: Program cygnus_daq is not running
[fileCompressor,TALK] software alarm: Program cygnus_daq is not running
[fileCompressor,TALK] software alarm: Program cygnus_daq is not running
[fileCompressor,TALK] software alarm: Program cygnus_daq is not running
[fileCompressor,TALK] software alarm: Program cygnus_daq is not running
[fileCompressor,TALK] software alarm: Program cygnus_daq is not running
[fileCompressor,TALK] software alarm: Program cygnus_daq is not running
[fileCompressor,TALK] software alarm: Program cygnus_daq is not running
[fileCompressor,TALK] software alarm: Program cygnus_daq is not running
[fileCompressor,TALK] software alarm: Program cygnus_daq is not running
[fileCompressor,TALK] software alarm: Program cygnus_daq is not running
[fileCompressor,TALK] software alarm: Program cygnus_daq is not running
[fileCompressor,TALK] software alarm: Program cygnus_daq is not running
[fileCompressor,TALK] software alarm: Program cygnus_daq is not running
[fileCompressor,TALK] software alarm: Program cygnus_daq is not running
[fileCompressor,TALK] software alarm: Program cygnus_daq is not running
[fileCompressor,TALK] software alarm: Program cygnus_daq is not running
[fileCompressor,TALK] software alarm: Program cygnus_daq is not running
[fileCompressor,TALK] software alarm: Program cygnus_daq is not running
[fileCompressor,TALK] software alarm: Program cygnus_daq is not running
[fileCompressor,TALK] software alarm: Program cygnus_daq is not running
[fileCompressor,TALK] software alarm: Program cygnus_daq is not running
[fileCompressor,TALK] software alarm: Program cygnus_daq is not running
[fileCompressor,TALK] software alarm: Program cygnus_daq is not running
[fileCompressor,TALK] software alarm: Program cygnus_daq is not running
[fileCompressor,TALK] software alarm: Program cygnus_daq is not running
[fileCompressor,TALK] software alarm: Program cygnus_daq is not running
[fileCompressor,TALK] software alarm: Program cygnus_daq is not running
[fileCompressor,TALK] software alarm: Program cygnus_daq is not running
[fileCompressor,TALK] software alarm: Program cygnus_daq is not running
[fileCompressor,TALK] software alarm: Program cygnus_daq is not running
[fileCompressor,TALK] software alarm: Program cygnus_daq is not running
[fileCompressor,TALK] software alarm: Program cygnus_daq is not running
[fileCompressor,TALK] software alarm: Program cygnus_daq is not running
[fileCompressor,TALK] software alarm: Program cygnus_daq is not running
[fileCompressor,TALK] software alarm: Program cygnus_daq is not running
[fileCompressor,TALK] software alarm: Program cygnus_daq is not running
[fileCompressor,TALK] software alarm: Program cygnus_daq is not running
[fileCompressor,TALK] software alarm: Program cygnus_daq is not running
[fileCompressor,TALK] software alarm: Program cygnus_daq is not running
[fileCompressor,TALK] software alarm: Program cygnus_daq is not running
[fileCompressor,TALK] software alarm: Program cygnus_daq is not running
[fileCompressor,TALK] software alarm: Program cygnus_daq is not running
[fileCompressor,TALK] software alarm: Program cygnus_daq is not running
[fileCompressor,TALK] software alarm: Program cygnus_daq is not running
[fileCompressor,TALK] software alarm: Program cygnus_daq is not running
[fileCompressor,TALK] software alarm: Program cygnus_daq is not running
[fileCompressor,TALK] software alarm: Program cygnus_daq is not running
[fileCompressor,TALK] software alarm: Program cygnus_daq is not running
[fileCompressor,TALK] software alarm: Program cygnus_daq is not running
[fileCompressor,TALK] software alarm: Program cygnus_daq is not running
[fileCompressor,TALK] software alarm: Program cygnus_daq is not running
[fileCompressor,TALK] software alarm: Program cygnus_daq is not running
[fileCompressor,TALK] software alarm: Program cygnus_daq is not running
[fileCompressor,TALK] software alarm: Program cygnus_daq is not running
[fileCompressor,TALK] software alarm: Program cygnus_daq is not running
[fileCompressor,TALK] software alarm: Program cygnus_daq is not running
[fileCompressor,TALK] software alarm: Program cygnus_daq is not running
[fileCompressor,TALK] software alarm: Program cygnus_daq is not running
[fileCompressor,TALK] software alarm: Program cygnus_daq is not running
[fileCompressor,TALK] software alarm: Program cygnus_daq is not running
[fileCompressor,TALK] software alarm: Program cygnus_daq is not running
[fileCompressor,TALK] software alarm: Program cygnus_daq is not running
[fileCompressor,TALK] software alarm: Program cygnus_daq is not running
[fileCompressor,TALK] software alarm: Program cygnus_daq is not running
[fileCompressor,TALK] software alarm: Program cygnus_daq is not running
[fileCompressor,TALK] software alarm: Program cygnus_daq is not running
[fileCompressor,TALK] software alarm: Program cygnus_daq is not running
[fileCompressor,TALK] software alarm: Program cygnus_daq is not running
[fileCompressor,TALK] software alarm: Program cygnus_daq is not running
[fileCompressor,TALK] software alarm: Program cygnus_daq is not running
[fileCompressor,TALK] software alarm: Program cygnus_daq is not running
[fileCompressor,TALK] software alarm: Program cygnus_daq is not running
[fileCompressor,TALK] software alarm: Program cygnus_daq is not running
[fileCompressor,TALK] software alarm: Program cygnus_daq is not running
[fileCompressor,TALK] software alarm: Program cygnus_daq is not running
[fileCompressor,TALK] software alarm: Program cygnus_daq is not running
[fileCompressor,TALK] software alarm: Program cygnus_daq is not running
[fileCompressor,TALK] software alarm: Program cygnus_daq is not running
[fileCompressor,TALK] software alarm: Program cygnus_daq is not running
[fileCompressor,TALK] software alarm: Program cygnus_daq is not running
[fileCompressor,TALK] software alarm: Program cygnus_daq is not running
[fileCompressor,TALK] software alarm: Program cygnus_daq is not running
[fileCompressor,TALK] software alarm: Program cygnus_daq is not running
[fileCompressor,TALK] software alarm: Program cygnus_daq is not running
[fileCompressor,TALK] software alarm: Program cygnus_daq is not running
[fileCompressor,TALK] software alarm: Program cygnus_daq is not running
[fileCompressor,TALK] software alarm: Program cygnus_daq is not running
[fileCompressor,TALK] software alarm: Program cygnus_daq is not running
[fileCompressor,TALK] software alarm: Program cygnus_daq is not running
[fileCompressor,TALK] software alarm: Program cygnus_daq is not running
[fileCompressor,TALK] software alarm: Program cygnus_daq is not running
[fileCompressor,TALK] software alarm: Program cygnus_daq is not running
[fileCompressor,TALK] software alarm: Program cygnus_daq is not running
[fileCompressor,TALK] software alarm: Program cygnus_daq is not running
[fileCompressor,TALK] software alarm: Program cygnus_daq is not running
[fileCompressor,TALK] software alarm: Program cygnus_daq is not running
[fileCompressor,TALK] software alarm: Program cygnus_daq is not running
[fileCompressor,TALK] software alarm: Program cygnus_daq is not running
[fileCompressor,TALK] software alarm: Program cygnus_daq is not running
[fileCompressor,TALK] software alarm: Program cygnus_daq is not running
[fileCompressor,TALK] software alarm: Program cygnus_daq is not running
[fileCompressor,TALK] software alarm: Program cygnus_daq is not running
[fileCompressor,TALK] software alarm: Program cygnus_daq is not running
[fileCompressor,TALK] software alarm: Program cygnus_daq is not running
[fileCompressor,TALK] software alarm: Program cygnus_daq is not running
[fileCompressor,TALK] software alarm: Program cygnus_daq is not running
[fileCompressor,TALK] software alarm: Program cygnus_daq is not running
[fileCompressor,TALK] software alarm: Program cygnus_daq is not running
[fileCompressor,TALK] software alarm: Program cygnus_daq is not running
[fileCompressor,TALK] software alarm: Program cygnus_daq is not running
[fileCompressor,TALK] software alarm: Program cygnus_daq is not running
[fileCompressor,TALK] software alarm: Program cygnus_daq is not running
[fileCompressor,TALK] software alarm: Program cygnus_daq is not running
[fileCompressor,TALK] software alarm: Program cygnus_daq is not running
[fileCompressor,TALK] software alarm: Program cygnus_daq is not running
[fileCompressor,TALK] software alarm: Program cygnus_daq is not running
[fileCompressor,TALK] software alarm: Program cygnus_daq is not running
[fileCompressor,TALK] software alarm: Program cygnus_daq is not running
[fileCompressor,TALK] software alarm: Program cygnus_daq is not running
[fileCompressor,TALK] software alarm: Program cygnus_daq is not running
[fileCompressor,TALK] software alarm: Program cygnus_daq is not running
[fileCompressor,TALK] software alarm: Program cygnus_daq is not running
[fileCompressor,TALK] software alarm: Program cygnus_daq is not running
[fileCompressor,TALK] software alarm: Program cygnus_daq is not running
[fileCompressor,TALK] software alarm: Program cygnus_daq is not running
[fileCompressor,TALK] software alarm: Program cygnus_daq is not running
[fileCompressor,TALK] software alarm: Program cygnus_daq is not running
[fileCompressor,TALK] software alarm: Program cygnus_daq is not running
[fileCompressor,TALK] software alarm: Program cygnus_daq is not running
[fileCompressor,TALK] software alarm: Program cygnus_daq is not running
[fileCompressor,TALK] software alarm: Program cygnus_daq is not running
[fileCompressor,TALK] software alarm: Program cygnus_daq is not running
[fileCompressor,TALK] software alarm: Program cygnus_daq is not running
[fileCompressor,TALK] software alarm: Program cygnus_daq is not running
[fileCompressor,TALK] software alarm: Program cygnus_daq is not running
[fileCompressor,TALK] software alarm: Program cygnus_daq is not running
[fileCompressor,TALK] software alarm: Program cygnus_daq is not running
[fileCompressor,TALK] software alarm: Program cygnus_daq is not running
[fileCompressor,TALK] software alarm: Program cygnus_daq is not running
[fileCompressor,TALK] software alarm: Program cygnus_daq is not running
[fileCompressor,TALK] software alarm: Program cygnus_daq is not running
[fileCompressor,TALK] software alarm: Program cygnus_daq is not running
[fileCompressor,TALK] software alarm: Program cygnus_daq is not running
[fileCompressor,TALK] software alarm: Program cygnus_daq is not running
[fileCompressor,TALK] software alarm: Program cygnus_daq is not running
[fileCompressor,TALK] software alarm: Program cygnus_daq is not running
[fileCompressor,TALK] software alarm: Program cygnus_daq is not running
[fileCompressor,TALK] software alarm: Program cygnus_daq is not running
[fileCompressor,TALK] software alarm: Program cygnus_daq is not running
[fileCompressor,TALK] software alarm: Program cygnus_daq is not running
[fileCompressor,TALK] software alarm: Program cygnus_daq is not running
[fileCompressor,TALK] software alarm: Program cygnus_daq is not running
[fileCompressor,TALK] software alarm: Program cygnus_daq is not running
[fileCompressor,TALK] software alarm: Program cygnus_daq is not running
[fileCompressor,TALK] software alarm: Program cygnus_daq is not running
[fileCompressor,TALK] software alarm: Program cygnus_daq is not running
[fileCompressor,TALK] software alarm: Program cygnus_daq is not running
[fileCompressor,TALK] software alarm: Program cygnus_daq is not running
[fileCompressor,TALK] software alarm: Program cygnus_daq is not running
[fileCompressor,TALK] software alarm: Program cygnus_daq is not running
[fileCompressor,TALK] software alarm: Program cygnus_daq is not running
[fileCompressor,TALK] software alarm: Program cygnus_daq is not running
[fileCompressor,TALK] software alarm: Program cygnus_daq is not running
[fileCompressor,TALK] software alarm: Program cygnus_daq is not running
[fileCompressor,TALK] software alarm: Program cygnus_daq is not running
[fileCompressor,TALK] software alarm: Program cygnus_daq is not running
[fileCompressor,TALK] software alarm: Program cygnus_daq is not running
[fileCompressor,TALK] software alarm: Program cygnus_daq is not running
[fileCompressor,TALK] software alarm: Program cygnus_daq is not running
[fileCompressor,TALK] software alarm: Program cygnus_daq is not running
[fileCompressor,TALK] software alarm: Program cygnus_daq is not running
[fileCompressor,TALK] software alarm: Program cygnus_daq is not running
[fileCompressor,TALK] software alarm: Program cygnus_daq is not running
[fileCompressor,TALK] software alarm: Program cygnus_daq is not running
[fileCompressor,TALK] software alarm: Program cygnus_daq is not running
[fileCompressor,TALK] software alarm: Program cygnus_daq is not running
[fileCompressor,TALK] software alarm: Program cygnus_daq is not running
[fileCompressor,TALK] software alarm: Program cygnus_daq is not running
[fileCompressor,TALK] software alarm: Program cygnus_daq is not running
[fileCompressor,TALK] software alarm: Program cygnus_daq is not running
[fileCompressor,TALK] software alarm: Program cygnus_daq is not running
[fileCompressor,TALK] software alarm: Program cygnus_daq is not running
[fileCompressor,TALK] software alarm: Program cygnus_daq is not running
[fileCompressor,TALK] software alarm: Program cygnus_daq is not running
[fileCompressor,TALK] software alarm: Program cygnus_daq is not running
[fileCompressor,TALK] software alarm: Program cygnus_daq is not running
[fileCompressor,TALK] software alarm: Program cygnus_daq is not running
[fileCompressor,TALK] software alarm: Program cygnus_daq is not running
[fileCompressor,TALK] software alarm: Program cygnus_daq is not running
[fileCompressor,TALK] software alarm: Program cygnus_daq is not running
[fileCompressor,TALK] software alarm: Program cygnus_daq is not running
[fileCompressor,TALK] software alarm: Program cygnus_daq is not running
[fileCompressor,TALK] software alarm: Program cygnus_daq is not running
[fileCompressor,TALK] software alarm: Program cygnus_daq is not running
[fileCompressor,TALK] software alarm: Program cygnus_daq is not running
[fileCompressor,TALK] software alarm: Program cygnus_daq is not running
[fileCompressor,TALK] software alarm: Program cygnus_daq is not running
[fileCompressor,TALK] software alarm: Program cygnus_daq is not running
[fileCompressor,TALK] software alarm: Program cygnus_daq is not running
[fileCompressor,TALK] software alarm: Program cygnus_daq is not running
[fileCompressor,TALK] software alarm: Program cygnus_daq is not running
[fileCompressor,TALK] software alarm: Program cygnus_daq is not running
[fileCompressor,TALK] software alarm: Program cygnus_daq is not running
[fileCompressor,TALK] software alarm: Program cygnus_daq is not running
[fileCompressor,TALK] software alarm: Program cygnus_daq is not running
[fileCompressor,TALK] software alarm: Program cygnus_daq is not running
[fileCompressor,TALK] software alarm: Program cygnus_daq is not running
[fileCompressor,TALK] software alarm: Program cygnus_daq is not running
[fileCompressor,TALK] software alarm: Program cygnus_daq is not running
[fileCompressor,TALK] software alarm: Program cygnus_daq is not running
[fileCompressor,TALK] software alarm: Program cygnus_daq is not running
[fileCompressor,TALK] software alarm: Program cygnus_daq is not running
[fileCompressor,TALK] software alarm: Program cygnus_daq is not running
[fileCompressor,TALK] software alarm: Program cygnus_daq is not running
[fileCompressor,TALK] software alarm: Program cygnus_daq is not running
[fileCompressor,TALK] software alarm: Program cygnus_daq is not running
[fileCompressor,TALK] software alarm: Program cygnus_daq is not running
[fileCompressor,TALK] software alarm: Program cygnus_daq is not running
[fileCompressor,TALK] software alarm: Program cygnus_daq is not running
[fileCompressor,TALK] software alarm: Program cygnus_daq is not running
[fileCompressor,TALK] software alarm: Program cygnus_daq is not running
[fileCompressor,TALK] software alarm: Program cygnus_daq is not running
[fileCompressor,TALK] software alarm: Program cygnus_daq is not running
[fileCompressor,TALK] software alarm: Program cygnus_daq is not running
[fileCompressor,TALK] software alarm: Program cygnus_daq is not running
[fileCompressor,TALK] software alarm: Program cygnus_daq is not running
[fileCompressor,TALK] software alarm: Program cygnus_daq is not running
[fileCompressor,TALK] software alarm: Program cygnus_daq is not running
[fileCompressor,TALK] software alarm: Program cygnus_daq is not running
[fileCompressor,TALK] software alarm: Program cygnus_daq is not running
[fileCompressor,TALK] software alarm: Program cygnus_daq is not running
[fileCompressor,TALK] software alarm: Program cygnus_daq is not running
[fileCompressor,TALK] software alarm: Program cygnus_daq is not running
[fileCompressor,TALK] software alarm: Program cygnus_daq is not running
[fileCompressor,TALK] software alarm: Program cygnus_daq is not running
[fileCompressor,TALK] software alarm: Program cygnus_daq is not running
[fileCompressor,TALK] software alarm: Program cygnus_daq is not running
[fileCompressor,TALK] software alarm: Program cygnus_daq is not running
[fileCompressor,TALK] software alarm: Program cygnus_daq is not running
[fileCompressor,TALK] software alarm: Program cygnus_daq is not running
[fileCompressor,TALK] software alarm: Program cygnus_daq is not running
[fileCompressor,TALK] software alarm: Program cygnus_daq is not running
[fileCompressor,TALK] software alarm: Program cygnus_daq is not running
[fileCompressor,TALK] software alarm: Program cygnus_daq is not running
[fileCompressor,TALK] software alarm: Program cygnus_daq is not running
[fileCompressor,TALK] software alarm: Program cygnus_daq is not running
[fileCompressor,TALK] software alarm: Program cygnus_daq is not running
[fileCompressor,TALK] software alarm: Program cygnus_daq is not running
[fileCompressor,TALK] software alarm: Program cygnus_daq is not running
[fileCompressor,TALK] software alarm: Program cygnus_daq is not running
[fileCompressor,TALK] software alarm: Program cygnus_daq is not running
[fileCompressor,TALK] software alarm: Program cygnus_daq is not running
[fileCompressor,TALK] software alarm: Program cygnus_daq is not running
[fileCompressor,TALK] software alarm: Program cygnus_daq is not running
[fileCompressor,TALK] software alarm: Program cygnus_daq is not running
[fileCompressor,TALK] software alarm: Program cygnus_daq is not running
[fileCompressor,TALK] software alarm: Program cygnus_daq is not running
[fileCompressor,TALK] software alarm: Program cygnus_daq is not running
[fileCompressor,TALK] software alarm: Program cygnus_daq is not running
[fileCompressor,TALK] software alarm: Program cygnus_daq is not running
[fileCompressor,TALK] software alarm: Program cygnus_daq is not running
[fileCompressor,TALK] software alarm: Program cygnus_daq is not running
[fileCompressor,TALK] software alarm: Program cygnus_daq is not running
[fileCompressor,TALK] software alarm: Program cygnus_daq is not running
[fileCompressor,TALK] software alarm: Program cygnus_daq is not running
[fileCompressor,TALK] software alarm: Program cygnus_daq is not running
[fileCompressor,TALK] software alarm: Program cygnus_daq is not running
[fileCompressor,TALK] software alarm: Program cygnus_daq is not running
[fileCompressor,TALK] software alarm: Program cygnus_daq is not running
[fileCompressor,TALK] software alarm: Program cygnus_daq is not running
[fileCompressor,TALK] software alarm: Program cygnus_daq is not running
[fileCompressor,TALK] software alarm: Program cygnus_daq is not running
[fileCompressor,TALK] software alarm: Program cygnus_daq is not running
[fileCompressor,TALK] software alarm: Program cygnus_daq is not running
[fileCompressor,TALK] software alarm: Program cygnus_daq is not running
[fileCompressor,TALK] software alarm: Program cygnus_daq is not running
[fileCompressor,TALK] software alarm: Program cygnus_daq is not running
[fileCompressor,TALK] software alarm: Program cygnus_daq is not running
[fileCompressor,TALK] software alarm: Program cygnus_daq is not running
[fileCompressor,TALK] software alarm: Program cygnus_daq is not running
[fileCompressor,TALK] software alarm: Program cygnus_daq is not running
[fileCompressor,TALK] software alarm: Program cygnus_daq is not running
[fileCompressor,TALK] software alarm: Program cygnus_daq is not running
[fileCompressor,TALK] software alarm: Program cygnus_daq is not running
[fileCompressor,TALK] software alarm: Program cygnus_daq is not running
[fileCompressor,TALK] software alarm: Program cygnus_daq is not running
[fileCompressor,TALK] software alarm: Program cygnus_daq is not running
[fileCompressor,TALK] software alarm: Program cygnus_daq is not running
[fileCompressor,TALK] software alarm: Program cygnus_daq is not running
[fileCompressor,TALK] software alarm: Program cygnus_daq is not running
[fileCompressor,TALK] software alarm: Program cygnus_daq is not running
[fileCompressor,TALK] software alarm: Program cygnus_daq is not running
[fileCompressor,TALK] software alarm: Program cygnus_daq is not running
[fileCompressor,TALK] software alarm: Program cygnus_daq is not running
[fileCompressor,TALK] software alarm: Program cygnus_daq is not running
[fileCompressor,TALK] software alarm: Program cygnus_daq is not running
[fileCompressor,TALK] software alarm: Program cygnus_daq is not running
[fileCompressor,TALK] software alarm: Program cygnus_daq is not running
[fileCompressor,TALK] software alarm: Program cygnus_daq is not running
[fileCompressor,TALK] software alarm: Program cygnus_daq is not running
[fileCompressor,TALK] software alarm: Program cygnus_daq is not running
[fileCompressor,TALK] software alarm: Program cygnus_daq is not running
[fileCompressor,TALK] software alarm: Program cygnus_daq is not running
[fileCompressor,TALK] software alarm: Program cygnus_daq is not running
[fileCompressor,TALK] software alarm: Program cygnus_daq is not running
[fileCompressor,TALK] software alarm: Program cygnus_daq is not running
[fileCompressor,TALK] software alarm: Program cygnus_daq is not running
[fileCompressor,TALK] software alarm: Program cygnus_daq is not running
[fileCompressor,TALK] software alarm: Program cygnus_daq is not running
[fileCompressor,TALK] software alarm: Program cygnus_daq is not running
[fileCompressor,TALK] software alarm: Program cygnus_daq is not running
[fileCompressor,TALK] software alarm: Program cygnus_daq is not running
[fileCompressor,TALK] software alarm: Program cygnus_daq is not running
[fileCompressor,TALK] software alarm: Program cygnus_daq is not running
[fileCompressor,TALK] software alarm: Program cygnus_daq is not running
[fileCompressor,TALK] software alarm: Program cygnus_daq is not running
[fileCompressor,TALK] software alarm: Program cygnus_daq is not running
[fileCompressor,TALK] software alarm: Program cygnus_daq is not running
[fileCompressor,TALK] software alarm: Program cygnus_daq is not running
[fileCompressor,TALK] software alarm: Program cygnus_daq is not running
[fileCompressor,TALK] software alarm: Program cygnus_daq is not running
[fileCompressor,TALK] software alarm: Program cygnus_daq is not running
[fileCompressor,TALK] software alarm: Program cygnus_daq is not running
[fileCompressor,TALK] software alarm: Program cygnus_daq is not running
[fileCompressor,TALK] software alarm: Program cygnus_daq is not running
[fileCompressor,TALK] software alarm: Program cygnus_daq is not running
[fileCompressor,TALK] software alarm: Program cygnus_daq is not running
[fileCompressor,TALK] software alarm: Program cygnus_daq is not running
[fileCompressor,TALK] software alarm: Program cygnus_daq is not running
[fileCompressor,TALK] software alarm: Program cygnus_daq is not running
[fileCompressor,TALK] software alarm: Program cygnus_daq is not running
[fileCompressor,TALK] software alarm: Program cygnus_daq is not running
[fileCompressor,TALK] software alarm: Program cygnus_daq is not running
[fileCompressor,TALK] software alarm: Program cygnus_daq is not running
[fileCompressor,TALK] software alarm: Program cygnus_daq is not running
[fileCompressor,TALK] software alarm: Program cygnus_daq is not running
[fileCompressor,TALK] software alarm: Program cygnus_daq is not running
[fileCompressor,TALK] software alarm: Program cygnus_daq is not running
[fileCompressor,TALK] software alarm: Program cygnus_daq is not running
[fileCompressor,TALK] software alarm: Program cygnus_daq is not running
[fileCompressor,TALK] software alarm: Program cygnus_daq is not running
[fileCompressor,TALK] software alarm: Program cygnus_daq is not running
[fileCompressor,TALK] software alarm: Program cygnus_daq is not running
[fileCompressor,TALK] software alarm: Program cygnus_daq is not running
[fileCompressor,TALK] software alarm: Program cygnus_daq is not running
[fileCompressor,TALK] software alarm: Program cygnus_daq is not running
[fileCompressor,TALK] software alarm: Program cygnus_daq is not running
[fileCompressor,TALK] software alarm: Program cygnus_daq is not running
[fileCompressor,TALK] software alarm: Program cygnus_daq is not running
[fileCompressor,TALK] software alarm: Program cygnus_daq is not running
[fileCompressor,TALK] software alarm: Program cygnus_daq is not running
[fileCompressor,TALK] software alarm: Program cygnus_daq is not running
[fileCompressor,TALK] software alarm: Program cygnus_daq is not running
[fileCompressor,TALK] software alarm: Program cygnus_daq is not running
[fileCompressor,TALK] software alarm: Program cygnus_daq is not running
[fileCompressor,TALK] software alarm: Program cygnus_daq is not running
[fileCompressor,TALK] software alarm: Program cygnus_daq is not running
[fileCompressor,TALK] software alarm: Program cygnus_daq is not running
[fileCompressor,TALK] software alarm: Program cygnus_daq is not running
[fileCompressor,TALK] software alarm: Program cygnus_daq is not running
[fileCompressor,TALK] software alarm: Program cygnus_daq is not running
[fileCompressor,TALK] software alarm: Program cygnus_daq is not running
[fileCompressor,TALK] software alarm: Program cygnus_daq is not running
[fileCompressor,TALK] software alarm: Program cygnus_daq is not running
[fileCompressor,TALK] software alarm: Program cygnus_daq is not running
[fileCompressor,TALK] software alarm: Program cygnus_daq is not running
[fileCompressor,TALK] software alarm: Program cygnus_daq is not running
[fileCompressor,TALK] software alarm: Program cygnus_daq is not running
[fileCompressor,TALK] software alarm: Program cygnus_daq is not running
[fileCompressor,TALK] software alarm: Program cygnus_daq is not running
[fileCompressor,TALK] software alarm: Program cygnus_daq is not running
[fileCompressor,TALK] software alarm: Program cygnus_daq is not running
[fileCompressor,TALK] software alarm: Program cygnus_daq is not running
[fileCompressor,TALK] software alarm: Program cygnus_daq is not running
[fileCompressor,TALK] software alarm: Program cygnus_daq is not running
[fileCompressor,TALK] software alarm: Program cygnus_daq is not running
[fileCompressor,TALK] software alarm: Program cygnus_daq is not running
[fileCompressor,TALK] software alarm: Program cygnus_daq is not running
[fileCompressor,TALK] software alarm: Program cygnus_daq is not running
[fileCompressor,TALK] software alarm: Program cygnus_daq is not running
[fileCompressor,TALK] software alarm: Program cygnus_daq is not running
[fileCompressor,TALK] software alarm: Program cygnus_daq is not running
[fileCompressor,TALK] software alarm: Program cygnus_daq is not running
[fileCompressor,TALK] software alarm: Program cygnus_daq is not running
[fileCompressor,TALK] software alarm: Program cygnus_daq is not running
[fileCompressor,TALK] software alarm: Program cygnus_daq is not running
[fileCompressor,TALK] software alarm: Program cygnus_daq is not running
[fileCompressor,TALK] software alarm: Program cygnus_daq is not running
[fileCompressor,TALK] software alarm: Program cygnus_daq is not running
[fileCompressor,TALK] software alarm: Program cygnus_daq is not running
[fileCompressor,TALK] software alarm: Program cygnus_daq is not running
[fileCompressor,TALK] software alarm: Program cygnus_daq is not running
[fileCompressor,TALK] software alarm: Program cygnus_daq is not running
[fileCompressor,TALK] software alarm: Program cygnus_daq is not running
[fileCompressor,TALK] software alarm: Program cygnus_daq is not running
[fileCompressor,TALK] software alarm: Program cygnus_daq is not running
[fileCompressor,TALK] software alarm: Program cygnus_daq is not running
[fileCompressor,TALK] software alarm: Program cygnus_daq is not running
[fileCompressor,TALK] software alarm: Program cygnus_daq is not running
[fileCompressor,TALK] software alarm: Program cygnus_daq is not running
[fileCompressor,TALK] software alarm: Program cygnus_daq is not running
[fileCompressor,TALK] software alarm: Program cygnus_daq is not running
[fileCompressor,TALK] software alarm: Program cygnus_daq is not running
[fileCompressor,TALK] software alarm: Program cygnus_daq is not running
[fileCompressor,TALK] software alarm: Program cygnus_daq is not running
[fileCompressor,TALK] software alarm: Program cygnus_daq is not running
[fileCompressor,TALK] software alarm: Program cygnus_daq is not running
[fileCompressor,TALK] software alarm: Program cygnus_daq is not running
[fileCompressor,TALK] software alarm: Program cygnus_daq is not running
[fileCompressor,TALK] software alarm: Program cygnus_daq is not running
[fileCompressor,TALK] software alarm: Program cygnus_daq is not running
[fileCompressor,TALK] software alarm: Program cygnus_daq is not running
[fileCompressor,TALK] software alarm: Program cygnus_daq is not running
[fileCompressor,TALK] software alarm: Program cygnus_daq is not 2024-02-16 11:29:43 Compressing file: run13929.mid
2024-02-16 11:33:15 File successfully compressed: run13929.mid.gz
2024-02-16 11:34:16 Compressing file: run13930.mid
2024-02-16 11:37:17 Compressing file: run13931.mid
2024-02-16 11:40:49 Compressing file: run13932.mid
2024-02-16 11:43:50 Compressing file: run13933.mid
2024-02-16 11:44:51 File successfully compressed: run13930.mid.gz
2024-02-16 11:49:54 File successfully compressed: run13931.mid.gz
2024-02-16 11:53:56 File successfully compressed: run13932.mid.gz
2024-02-16 11:56:27 File successfully compressed: run13933.mid.gz
2024-02-16 14:17:02 Compressing file: run12203.mid
2024-02-16 14:17:02 Compressing file: run12218.mid
2024-02-16 14:20:03 File successfully compressed: run12218.mid.gz
2024-02-16 14:22:34 File successfully compressed: run12203.mid.gz
2024-02-16 14:29:05 Compressing file: run13934.mid
2024-02-16 14:29:35 File successfully compressed: run13934.mid.gz
2024-02-16 14:34:35 Compressing file: run13935.mid
2024-02-16 14:43:07 File successfully compressed: run13935.mid.gz
2024-02-16 15:39:45 Compressing file: run13936.mid
2024-02-16 15:48:17 File successfully compressed: run13936.mid.gz
2024-02-16 16:44:26 Compressing file: run13937.mid
2024-02-16 16:52:57 File successfully compressed: run13937.mid.gz
2024-02-16 17:49:36 Compressing file: run13938.mid
2024-02-16 17:58:07 File successfully compressed: run13938.mid.gz
2024-02-16 18:54:46 Compressing file: run13939.mid
2024-02-16 19:03:17 File successfully compressed: run13939.mid.gz
2024-02-16 19:59:56 Compressing file: run13940.mid
2024-02-16 20:08:27 File successfully compressed: run13940.mid.gz
2024-02-16 21:05:06 Compressing file: run13941.mid
2024-02-16 21:14:07 File successfully compressed: run13941.mid.gz
2024-02-16 22:10:16 Compressing file: run13942.mid
2024-02-16 22:18:47 File successfully compressed: run13942.mid.gz
2024-02-16 23:14:56 Compressing file: run13943.mid
2024-02-16 23:23:27 File successfully compressed: run13943.mid.gz
2024-02-17 00:20:06 Compressing file: run13944.mid
2024-02-17 00:28:37 File successfully compressed: run13944.mid.gz
2024-02-17 01:25:16 Compressing file: run13945.mid
2024-02-17 01:33:48 File successfully compressed: run13945.mid.gz
2024-02-17 02:30:26 Compressing file: run13946.mid
2024-02-17 02:38:58 File successfully compressed: run13946.mid.gz
2024-02-17 03:35:37 Compressing file: run13947.mid
2024-02-17 03:44:08 File successfully compressed: run13947.mid.gz
2024-02-17 04:40:47 Compressing file: run13948.mid
2024-02-17 04:49:18 File successfully compressed: run13948.mid.gz
2024-02-17 05:45:27 Compressing file: run13949.mid
2024-02-17 05:53:58 File successfully compressed: run13949.mid.gz
2024-02-17 06:50:37 Compressing file: run13950.mid
2024-02-17 06:59:09 File successfully compressed: run13950.mid.gz
2024-02-17 07:55:48 Compressing file: run13951.mid
2024-02-17 08:04:19 File successfully compressed: run13951.mid.gz
2024-02-17 09:00:58 Compressing file: run13952.mid
2024-02-17 09:09:29 File successfully compressed: run13952.mid.gz
2024-02-17 10:06:08 Compressing file: run13953.mid
2024-02-17 10:14:39 File successfully compressed: run13953.mid.gz
2024-02-17 11:11:18 Compressing file: run13954.mid
2024-02-17 11:19:50 File successfully compressed: run13954.mid.gz
2024-02-17 12:15:59 Compressing file: run13955.mid
2024-02-17 12:24:30 File successfully compressed: run13955.mid.gz
2024-02-17 13:21:09 Compressing file: run13956.mid
2024-02-17 13:29:40 File successfully compressed: run13956.mid.gz
2024-02-17 14:26:19 Compressing file: run13957.mid
2024-02-17 14:34:51 File successfully compressed: run13957.mid.gz
2024-02-17 15:31:30 Compressing file: run13958.mid
2024-02-17 15:40:31 File successfully compressed: run13958.mid.gz
2024-02-17 16:36:40 Compressing file: run13959.mid
2024-02-17 16:45:11 File successfully compressed: run13959.mid.gz
2024-02-17 17:41:51 Compressing file: run13960.mid
2024-02-17 17:50:22 File successfully compressed: run13960.mid.gz
2024-02-17 18:46:31 Compressing file: run13961.mid
2024-02-17 18:56:02 File successfully compressed: run13961.mid.gz
2024-02-17 19:51:41 Compressing file: run13962.mid
2024-02-17 20:00:13 File successfully compressed: run13962.mid.gz
2024-02-17 20:56:52 Compressing file: run13963.mid
2024-02-17 21:05:23 File successfully compressed: run13963.mid.gz
2024-02-17 22:02:02 Compressing file: run13964.mid
2024-02-17 22:10:33 File successfully compressed: run13964.mid.gz
2024-02-17 23:07:13 Compressing file: run13965.mid
2024-02-17 23:15:44 File successfully compressed: run13965.mid.gz
2024-02-18 00:11:53 Compressing file: run13966.mid
2024-02-18 00:20:24 File successfully compressed: run13966.mid.gz
2024-02-18 01:17:03 Compressing file: run13967.mid
2024-02-18 01:25:35 File successfully compressed: run13967.mid.gz
2024-02-18 02:22:14 Compressing file: run13968.mid
2024-02-18 02:30:45 File successfully compressed: run13968.mid.gz
2024-02-18 03:27:24 Compressing file: run13969.mid
2024-02-18 03:35:56 File successfully compressed: run13969.mid.gz
2024-02-18 04:32:35 Compressing file: run13970.mid
2024-02-18 04:41:06 File successfully compressed: run13970.mid.gz
2024-02-18 05:37:15 Compressing file: run13971.mid
2024-02-18 05:45:47 File successfully compressed: run13971.mid.gz
2024-02-18 06:42:26 Compressing file: run13972.mid
2024-02-18 06:50:57 File successfully compressed: run13972.mid.gz
2024-02-18 07:47:36 Compressing file: run13973.mid
2024-02-18 07:56:08 File successfully compressed: run13973.mid.gz
2024-02-18 08:52:47 Compressing file: run13974.mid
2024-02-18 09:01:18 File successfully compressed: run13974.mid.gz
2024-02-18 09:57:57 Compressing file: run13975.mid
2024-02-18 10:06:29 File successfully compressed: run13975.mid.gz
2024-02-18 11:02:38 Compressing file: run13976.mid
2024-02-18 11:11:09 File successfully compressed: run13976.mid.gz
2024-02-18 12:07:48 Compressing file: run13977.mid
2024-02-18 12:16:20 File successfully compressed: run13977.mid.gz
2024-02-18 13:12:59 Compressing file: run13978.mid
2024-02-18 13:21:30 File successfully compressed: run13978.mid.gz
2024-02-18 14:18:09 Compressing file: run13979.mid
2024-02-18 14:26:41 File successfully compressed: run13979.mid.gz
2024-02-18 15:23:20 Compressing file: run13980.mid
2024-02-18 15:31:51 File successfully compressed: run13980.mid.gz
2024-02-18 16:28:00 Compressing file: run13981.mid
2024-02-18 16:36:32 File successfully compressed: run13981.mid.gz
2024-02-18 17:33:11 Compressing file: run13982.mid
2024-02-18 17:41:42 File successfully compressed: run13982.mid.gz
2024-02-18 18:38:22 Compressing file: run13983.mid
2024-02-18 18:46:53 File successfully compressed: run13983.mid.gz
2024-02-18 19:43:32 Compressing file: run13984.mid
2024-02-18 19:52:04 File successfully compressed: run13984.mid.gz
2024-02-18 20:48:43 Compressing file: run13985.mid
2024-02-18 20:57:15 File successfully compressed: run13985.mid.gz
2024-02-18 21:53:24 Compressing file: run13986.mid
2024-02-18 22:01:55 File successfully compressed: run13986.mid.gz
2024-02-18 22:58:34 Compressing file: run13987.mid
2024-02-18 23:07:06 File successfully compressed: run13987.mid.gz
2024-02-19 00:03:45 Compressing file: run13988.mid
2024-02-19 00:12:17 File successfully compressed: run13988.mid.gz
2024-02-19 01:08:56 Compressing file: run13989.mid
2024-02-19 01:17:27 File successfully compressed: run13989.mid.gz
2024-02-19 02:14:07 Compressing file: run13990.mid
2024-02-19 02:22:38 File successfully compressed: run13990.mid.gz
2024-02-19 03:19:17 Compressing file: run13991.mid
2024-02-19 03:27:49 File successfully compressed: run13991.mid.gz
2024-02-19 04:23:58 Compressing file: run13992.mid
2024-02-19 04:32:29 File successfully compressed: run13992.mid.gz
2024-02-19 05:29:09 Compressing file: run13993.mid
2024-02-19 05:37:40 File successfully compressed: run13993.mid.gz
2024-02-19 06:34:19 Compressing file: run13994.mid
2024-02-19 06:42:51 File successfully compressed: run13994.mid.gz
2024-02-19 07:39:30 Compressing file: run13995.mid
2024-02-19 07:48:02 File successfully compressed: run13995.mid.gz
2024-02-19 08:44:41 Compressing file: run13996.mid
2024-02-19 08:53:12 File successfully compressed: run13996.mid.gz
2024-02-19 13:23:58 Compressing file: run13997.mid
2024-02-19 13:26:29 File successfully compressed: run13997.mid.gz
2024-02-20 09:19:18 Compressing file: run13998.mid
2024-02-20 09:21:49 File successfully compressed: run13998.mid.gz
2024-02-20 09:43:22 Compressing file: run13999.mid
2024-02-20 09:48:53 File successfully compressed: run13999.mid.gz
2024-02-20 09:54:54 Compressing file: run14000.mid
2024-02-20 10:00:55 File successfully compressed: run14000.mid.gz
2024-02-20 10:06:26 Compressing file: run14001.mid
2024-02-20 10:12:27 File successfully compressed: run14001.mid.gz
2024-02-20 10:17:28 Compressing file: run14002.mid
2024-02-20 10:22:59 File successfully compressed: run14002.mid.gz
2024-02-20 10:32:00 Compressing file: run14003.mid
2024-02-20 10:38:01 File successfully compressed: run14003.mid.gz
2024-02-20 10:44:02 Compressing file: run14004.mid
2024-02-20 10:50:03 File successfully compressed: run14004.mid.gz
2024-02-20 10:55:34 Compressing file: run14005.mid
2024-02-20 11:01:35 File successfully compressed: run14005.mid.gz
2024-02-20 11:06:36 Compressing file: run14006.mid
2024-02-20 11:12:07 File successfully compressed: run14006.mid.gz
2024-02-20 11:20:38 Compressing file: run14007.mid
2024-02-20 11:26:39 File successfully compressed: run14007.mid.gz
2024-02-20 11:32:10 Compressing file: run14008.mid
2024-02-20 11:38:11 File successfully compressed: run14008.mid.gz
2024-02-20 11:44:12 Compressing file: run14009.mid
2024-02-20 11:50:13 File successfully compressed: run14009.mid.gz
2024-02-20 11:56:45 Compressing file: run14010.mid
2024-02-20 12:02:15 File successfully compressed: run14010.mid.gz
2024-02-20 12:12:47 Compressing file: run14011.mid
2024-02-20 12:18:48 File successfully compressed: run14011.mid.gz
2024-02-20 12:25:49 Compressing file: run14012.mid
2024-02-20 12:31:20 File successfully compressed: run14012.mid.gz
2024-02-20 12:37:21 Compressing file: run14013.mid
2024-02-20 12:43:22 File successfully compressed: run14013.mid.gz
2024-02-20 12:49:23 Compressing file: run14014.mid
2024-02-20 12:54:54 File successfully compressed: run14014.mid.gz
2024-02-20 13:05:26 Compressing file: run14015.mid
2024-02-20 13:11:27 File successfully compressed: run14015.mid.gz
2024-02-20 13:16:58 Compressing file: run14016.mid
2024-02-20 13:22:59 File successfully compressed: run14016.mid.gz
2024-02-20 13:31:00 Compressing file: run14017.mid
2024-02-20 13:37:02 File successfully compressed: run14017.mid.gz
2024-02-20 13:45:33 Compressing file: run14018.mid
2024-02-20 13:51:04 File successfully compressed: run14018.mid.gz
2024-02-20 14:05:37 Compressing file: run14019.mid
2024-02-20 14:11:38 File successfully compressed: run14019.mid.gz
2024-02-20 14:18:09 Compressing file: run14020.mid
2024-02-20 14:24:10 File successfully compressed: run14020.mid.gz
2024-02-20 14:30:41 Compressing file: run14021.mid
2024-02-20 14:36:42 File successfully compressed: run14021.mid.gz
2024-02-20 14:43:43 Compressing file: run14022.mid
2024-02-20 14:48:44 File successfully compressed: run14022.mid.gz
2024-02-20 14:59:46 Compressing file: run14023.mid
2024-02-20 15:05:47 File successfully compressed: run14023.mid.gz
2024-02-20 15:12:18 Compressing file: run14024.mid
2024-02-20 15:17:49 File successfully compressed: run14024.mid.gz
2024-02-20 15:24:50 Compressing file: run14025.mid
2024-02-20 15:30:51 File successfully compressed: run14025.mid.gz
2024-02-20 15:35:52 Compressing file: run14026.mid
2024-02-20 15:41:23 File successfully compressed: run14026.mid.gz
2024-02-20 15:53:25 Compressing file: run14027.mid
2024-02-20 15:59:26 File successfully compressed: run14027.mid.gz
2024-02-20 16:06:57 Compressing file: run14028.mid
2024-02-20 16:12:28 File successfully compressed: run14028.mid.gz
2024-02-20 16:20:30 Compressing file: run14029.mid
2024-02-20 16:26:31 File successfully compressed: run14029.mid.gz
2024-02-20 16:33:32 Compressing file: run14030.mid
2024-02-20 16:38:33 File successfully compressed: run14030.mid.gz
2024-02-20 16:50:35 Compressing file: run14031.mid
2024-02-20 16:55:36 File successfully compressed: run14031.mid.gz
2024-02-20 17:04:07 Compressing file: run14032.mid
2024-02-20 17:10:08 File successfully compressed: run14032.mid.gz
2024-02-20 17:16:39 Compressing file: run14033.mid
2024-02-20 17:22:40 File successfully compressed: run14033.mid.gz
2024-02-20 17:30:12 Compressing file: run14034.mid
2024-02-20 17:35:43 File successfully compressed: run14034.mid.gz
2024-02-20 17:48:15 Compressing file: run14035.mid
2024-02-20 17:53:16 File successfully compressed: run14035.mid.gz
2024-02-20 18:02:17 Compressing file: run14036.mid
2024-02-20 18:07:48 File successfully compressed: run14036.mid.gz
2024-02-20 18:14:49 Compressing file: run14037.mid
2024-02-20 18:20:20 File successfully compressed: run14037.mid.gz
2024-02-20 18:28:22 Compressing file: run14038.mid
2024-02-20 18:33:23 File successfully compressed: run14038.mid.gz
2024-02-20 19:05:28 Compressing file: run14039.mid
2024-02-20 19:10:59 File successfully compressed: run14039.mid.gz
2024-02-20 19:17:30 Compressing file: run14040.mid
2024-02-20 19:23:01 File successfully compressed: run14040.mid.gz
2024-02-20 19:29:33 Compressing file: run14041.mid
2024-02-20 19:35:03 File successfully compressed: run14041.mid.gz
2024-02-20 19:41:05 Compressing file: run14042.mid
2024-02-20 19:46:05 File successfully compressed: run14042.mid.gz
2024-02-20 19:59:38 Compressing file: run14043.mid
2024-02-20 20:05:39 File successfully compressed: run14043.mid.gz
2024-02-20 20:13:10 Compressing file: run14044.mid
2024-02-20 20:18:41 File successfully compressed: run14044.mid.gz
2024-02-20 20:26:12 Compressing file: run14045.mid
2024-02-20 20:32:13 File successfully compressed: run14045.mid.gz
2024-02-20 20:38:15 Compressing file: run14046.mid
2024-02-20 20:43:15 File successfully compressed: run14046.mid.gz
2024-02-20 21:08:50 Compressing file: run14047.mid
2024-02-20 21:14:51 File successfully compressed: run14047.mid.gz
2024-02-20 21:21:22 Compressing file: run14048.mid
2024-02-20 21:26:53 File successfully compressed: run14048.mid.gz
2024-02-20 21:33:24 Compressing file: run14049.mid
2024-02-20 21:38:55 File successfully compressed: run14049.mid.gz
2024-02-20 21:46:57 Compressing file: run14050.mid
2024-02-20 21:51:57 File successfully compressed: run14050.mid.gz
2024-02-20 22:13:31 Compressing file: run14051.mid
2024-02-20 22:19:02 File successfully compressed: run14051.mid.gz
2024-02-20 22:26:03 Compressing file: run14052.mid
2024-02-20 22:32:04 File successfully compressed: run14052.mid.gz
2024-02-20 22:38:06 Compressing file: run14053.mid
2024-02-20 22:44:07 File successfully compressed: run14053.mid.gz
2024-02-20 22:50:38 Compressing file: run14054.mid
2024-02-20 22:55:39 File successfully compressed: run14054.mid.gz
2024-02-20 23:12:12 Compressing file: run14055.mid
2024-02-20 23:18:13 File successfully compressed: run14055.mid.gz
2024-02-20 23:26:44 Compressing file: run14056.mid
2024-02-20 23:32:45 File successfully compressed: run14056.mid.gz
2024-02-20 23:39:16 Compressing file: run14057.mid
2024-02-20 23:45:17 File successfully compressed: run14057.mid.gz
2024-02-20 23:52:19 Compressing file: run14058.mid
2024-02-20 23:57:50 File successfully compressed: run14058.mid.gz
2024-02-21 09:01:56 Compressing file: run14059.mid
2024-02-21 09:03:56 File successfully compressed: run14059.mid.gz
2024-02-21 09:30:31 Compressing file: run14060.mid
2024-02-21 09:36:02 File successfully compressed: run14060.mid.gz
2024-02-21 09:44:03 Compressing file: run14061.mid
2024-02-21 09:49:34 File successfully compressed: run14061.mid.gz
2024-02-21 09:56:36 Compressing file: run14062.mid
2024-02-21 10:02:37 File successfully compressed: run14062.mid.gz
2024-02-21 10:10:08 Compressing file: run14063.mid
2024-02-21 10:15:39 File successfully compressed: run14063.mid.gz
2024-02-21 10:26:41 Compressing file: run14064.mid
2024-02-21 10:32:42 File successfully compressed: run14064.mid.gz
2024-02-21 10:39:43 Compressing file: run14065.mid
2024-02-21 10:45:14 File successfully compressed: run14065.mid.gz
2024-02-21 10:52:46 Compressing file: run14066.mid
2024-02-21 10:58:47 File successfully compressed: run14066.mid.gz
2024-02-21 11:05:18 Compressing file: run14067.mid
2024-02-21 11:10:19 File successfully compressed: run14067.mid.gz
2024-02-21 11:21:51 Compressing file: run14068.mid
2024-02-21 11:27:52 File successfully compressed: run14068.mid.gz
2024-02-21 11:35:23 Compressing file: run14069.mid
2024-02-21 11:41:24 File successfully compressed: run14069.mid.gz
2024-02-21 11:46:25 Compressing file: run14070.mid
2024-02-21 11:52:56 File successfully compressed: run14070.mid.gz
2024-02-21 11:57:27 Compressing file: run14071.mid
2024-02-21 12:02:28 File successfully compressed: run14071.mid.gz
2024-02-21 12:14:00 Compressing file: run14072.mid
2024-02-21 12:20:01 File successfully compressed: run14072.mid.gz
2024-02-21 12:27:03 Compressing file: run14073.mid
2024-02-21 12:33:04 File successfully compressed: run14073.mid.gz
2024-02-21 12:39:35 Compressing file: run14074.mid
2024-02-21 12:45:36 File successfully compressed: run14074.mid.gz
2024-02-21 12:50:07 Compressing file: run14075.mid
2024-02-21 12:55:38 File successfully compressed: run14075.mid.gz
2024-02-21 13:06:40 Compressing file: run14076.mid
2024-02-21 13:12:41 File successfully compressed: run14076.mid.gz
2024-02-21 13:19:42 Compressing file: run14077.mid
2024-02-21 13:25:43 File successfully compressed: run14077.mid.gz
2024-02-21 13:31:14 Compressing file: run14078.mid
2024-02-21 13:37:15 File successfully compressed: run14078.mid.gz
2024-02-21 13:44:17 Compressing file: run14079.mid
2024-02-21 13:49:18 File successfully compressed: run14079.mid.gz
2024-02-21 14:11:52 Compressing file: run14080.mid
2024-02-21 14:17:53 File successfully compressed: run14080.mid.gz
2024-02-21 14:23:54 Compressing file: run14081.mid
2024-02-21 14:29:55 File successfully compressed: run14081.mid.gz
2024-02-21 14:35:56 Compressing file: run14082.mid
2024-02-21 14:41:57 File successfully compressed: run14082.mid.gz
2024-02-21 14:47:28 Compressing file: run14083.mid
2024-02-21 14:52:29 File successfully compressed: run14083.mid.gz
2024-02-21 15:05:31 Compressing file: run14084.mid
2024-02-21 15:11:32 File successfully compressed: run14084.mid.gz
2024-02-21 15:18:34 Compressing file: run14085.mid
2024-02-21 15:24:05 File successfully compressed: run14085.mid.gz
2024-02-21 15:32:36 Compressing file: run14086.mid
2024-02-21 15:38:37 File successfully compressed: run14086.mid.gz
2024-02-21 15:44:38 Compressing file: run14087.mid
2024-02-21 15:49:39 File successfully compressed: run14087.mid.gz
2024-02-21 16:01:41 Compressing file: run14088.mid
2024-02-21 16:07:43 File successfully compressed: run14088.mid.gz
2024-02-21 16:14:44 Compressing file: run14089.mid
2024-02-21 16:20:15 File successfully compressed: run14089.mid.gz
2024-02-21 16:26:16 Compressing file: run14090.mid
2024-02-21 16:32:17 File successfully compressed: run14090.mid.gz
2024-02-21 16:39:48 Compressing file: run14091.mid
2024-02-21 16:44:49 File successfully compressed: run14091.mid.gz
2024-02-21 16:55:21 Compressing file: run14092.mid
2024-02-21 17:01:22 File successfully compressed: run14092.mid.gz
2024-02-21 17:07:54 Compressing file: run14093.mid
2024-02-21 17:13:25 File successfully compressed: run14093.mid.gz
2024-02-21 17:21:26 Compressing file: run14094.mid
2024-02-21 17:27:27 File successfully compressed: run14094.mid.gz
2024-02-21 17:33:28 Compressing file: run14095.mid
2024-02-21 17:38:59 File successfully compressed: run14095.mid.gz
2024-02-21 17:51:02 Compressing file: run14096.mid
2024-02-21 17:57:03 File successfully compressed: run14096.mid.gz
2024-02-21 18:03:34 Compressing file: run14097.mid
2024-02-21 18:09:05 File successfully compressed: run14097.mid.gz
2024-02-21 18:18:07 Compressing file: run14098.mid
2024-02-21 18:23:38 File successfully compressed: run14098.mid.gz
2024-02-21 18:29:39 Compressing file: run14099.mid
2024-02-21 18:35:10 File successfully compressed: run14099.mid.gz
2024-02-21 18:50:43 Compressing file: run14100.mid
2024-02-21 18:55:44 File successfully compressed: run14100.mid.gz
2024-02-21 19:02:45 Compressing file: run14101.mid
2024-02-21 19:08:46 File successfully compressed: run14101.mid.gz
2024-02-21 19:14:47 Compressing file: run14102.mid
2024-02-21 19:20:18 File successfully compressed: run14102.mid.gz
2024-02-21 19:27:50 Compressing file: run14103.mid
2024-02-21 19:32:51 File successfully compressed: run14103.mid.gz
2024-02-21 19:44:53 Compressing file: run14104.mid
2024-02-21 19:50:24 File successfully compressed: run14104.mid.gz
2024-02-21 19:57:55 Compressing file: run14105.mid
2024-02-21 20:03:56 File successfully compressed: run14105.mid.gz
2024-02-21 20:10:58 Compressing file: run14106.mid
2024-02-21 20:16:59 File successfully compressed: run14106.mid.gz
2024-02-21 20:24:00 Compressing file: run14107.mid
2024-02-21 20:30:01 File successfully compressed: run14107.mid.gz
2024-02-21 20:40:03 Compressing file: run14108.mid
2024-02-21 20:46:04 File successfully compressed: run14108.mid.gz
2024-02-21 20:53:06 Compressing file: run14109.mid
2024-02-21 20:58:37 File successfully compressed: run14109.mid.gz
2024-02-21 21:07:38 Compressing file: run14110.mid
2024-02-21 21:13:39 File successfully compressed: run14110.mid.gz
2024-02-21 21:21:11 Compressing file: run14111.mid
2024-02-21 21:26:42 File successfully compressed: run14111.mid.gz
2024-02-21 21:37:44 Compressing file: run14112.mid
2024-02-21 21:43:45 File successfully compressed: run14112.mid.gz
2024-02-21 21:54:47 Compressing file: run14113.mid
2024-02-21 22:00:18 File successfully compressed: run14113.mid.gz
2024-02-21 22:08:50 Compressing file: run14114.mid
2024-02-21 22:14:51 File successfully compressed: run14114.mid.gz
2024-02-21 22:23:52 Compressing file: run14115.mid
2024-02-21 22:28:53 File successfully compressed: run14115.mid.gz
2024-02-21 22:41:56 Compressing file: run14116.mid
2024-02-21 22:47:27 File successfully compressed: run14116.mid.gz
2024-02-21 22:58:59 Compressing file: run14117.mid
2024-02-21 23:04:30 File successfully compressed: run14117.mid.gz
2024-02-21 23:15:02 Compressing file: run14118.mid
2024-02-21 23:20:33 File successfully compressed: run14118.mid.gz
2024-02-21 23:31:05 Compressing file: run14119.mid
2024-02-21 23:36:06 File successfully compressed: run14119.mid.gz
2024-02-23 10:43:39 Compressing file: run14121.mid
2024-02-23 10:48:10 File successfully compressed: run14121.mid.gz
2024-02-23 11:02:43 Compressing file: run14122.mid
2024-02-23 11:08:44 File successfully compressed: run14122.mid.gz
2024-02-23 11:11:15 Compressing file: run14123.mid
2024-02-23 11:17:16 File successfully compressed: run14123.mid.gz
2024-02-23 11:20:16 Compressing file: run14124.mid
2024-02-23 11:26:17 File successfully compressed: run14124.mid.gz
2024-02-23 11:29:48 Compressing file: run14125.mid
2024-02-23 11:35:19 File successfully compressed: run14125.mid.gz
2024-02-23 13:55:15 Compressing file: run14126.mid
2024-02-23 14:01:16 File successfully compressed: run14126.mid.gz
2024-02-23 14:05:47 Compressing file: run14127.mid
2024-02-23 14:11:48 File successfully compressed: run14127.mid.gz
2024-02-23 14:14:49 Compressing file: run14128.mid
2024-02-23 14:20:50 File successfully compressed: run14128.mid.gz
2024-02-23 14:24:51 Compressing file: run14129.mid
2024-02-23 14:30:52 File successfully compressed: run14129.mid.gz
2024-02-23 14:38:54 Compressing file: run14130.mid
2024-02-23 14:44:55 File successfully compressed: run14130.mid.gz
2024-02-23 14:48:56 Compressing file: run14131.mid
2024-02-23 14:54:57 File successfully compressed: run14131.mid.gz
2024-02-23 15:00:28 Compressing file: run14132.mid
2024-02-23 15:06:29 File successfully compressed: run14132.mid.gz
2024-02-23 15:11:00 Compressing file: run14133.mid
2024-02-23 15:16:31 File successfully compressed: run14133.mid.gz
2024-02-23 15:24:02 Compressing file: run14134.mid
2024-02-23 15:30:03 File successfully compressed: run14134.mid.gz
2024-02-23 15:34:34 Compressing file: run14135.mid
2024-02-23 15:40:35 File successfully compressed: run14135.mid.gz
2024-02-23 15:45:06 Compressing file: run14136.mid
2024-02-23 15:50:37 File successfully compressed: run14136.mid.gz
2024-02-23 15:57:09 Compressing file: run14137.mid
2024-02-23 16:02:40 File successfully compressed: run14137.mid.gz
2024-02-23 16:21:13 Compressing file: run14138.mid
2024-02-23 16:27:14 File successfully compressed: run14138.mid.gz
2024-02-23 16:32:46 Compressing file: run14139.mid
2024-02-23 16:38:47 File successfully compressed: run14139.mid.gz
2024-02-23 16:43:48 Compressing file: run14140.mid
2024-02-23 16:49:49 File successfully compressed: run14140.mid.gz
2024-02-23 16:54:50 Compressing file: run14141.mid
2024-02-23 17:00:21 File successfully compressed: run14141.mid.gz
2024-02-23 17:42:59 Compressing file: run14142.mid
2024-02-23 17:49:00 File successfully compressed: run14142.mid.gz
2024-02-23 17:54:31 Compressing file: run14143.mid
2024-02-23 18:00:32 File successfully compressed: run14143.mid.gz
2024-02-23 18:06:04 Compressing file: run14144.mid
2024-02-23 18:12:05 File successfully compressed: run14144.mid.gz
2024-02-23 18:18:36 Compressing file: run14145.mid
2024-02-23 18:24:07 File successfully compressed: run14145.mid.gz
2024-02-24 08:04:16 Compressing file: run14146.mid
2024-02-24 08:08:47 File successfully compressed: run14146.mid.gz
2024-02-24 08:30:21 Compressing file: run14147.mid
2024-02-24 08:36:22 File successfully compressed: run14147.mid.gz
2024-02-24 08:41:23 Compressing file: run14148.mid
2024-02-24 08:47:24 File successfully compressed: run14148.mid.gz
2024-02-24 08:52:25 Compressing file: run14149.mid
2024-02-24 08:58:26 File successfully compressed: run14149.mid.gz
2024-02-24 09:05:28 Compressing file: run14150.mid
2024-02-24 09:10:59 File successfully compressed: run14150.mid.gz
2024-02-24 09:18:30 Compressing file: run14151.mid
2024-02-24 09:24:32 File successfully compressed: run14151.mid.gz
2024-02-24 09:30:03 Compressing file: run14152.mid
2024-02-24 09:36:04 File successfully compressed: run14152.mid.gz
2024-02-24 09:41:35 Compressing file: run14153.mid
2024-02-24 09:47:36 File successfully compressed: run14153.mid.gz
2024-02-24 09:54:07 Compressing file: run14154.mid
2024-02-24 09:59:39 File successfully compressed: run14154.mid.gz
2024-02-24 10:09:10 Compressing file: run14155.mid
2024-02-24 10:14:41 File successfully compressed: run14155.mid.gz
2024-02-24 10:22:43 Compressing file: run14156.mid
2024-02-24 10:28:44 File successfully compressed: run14156.mid.gz
2024-02-24 10:34:45 Compressing file: run14157.mid
2024-02-24 10:40:47 File successfully compressed: run14157.mid.gz
2024-02-24 10:46:48 Compressing file: run14158.mid
2024-02-24 10:52:19 File successfully compressed: run14158.mid.gz
2024-02-24 11:01:51 Compressing file: run14159.mid
2024-02-24 11:07:52 File successfully compressed: run14159.mid.gz
2024-02-24 11:13:53 Compressing file: run14160.mid
2024-02-24 11:19:54 File successfully compressed: run14160.mid.gz
2024-02-24 11:26:56 Compressing file: run14161.mid
2024-02-24 11:32:57 File successfully compressed: run14161.mid.gz
2024-02-24 11:39:28 Compressing file: run14162.mid
2024-02-24 11:44:59 File successfully compressed: run14162.mid.gz
2024-02-24 11:56:02 Compressing file: run14163.mid
2024-02-24 12:02:03 File successfully compressed: run14163.mid.gz
2024-02-24 12:09:04 Compressing file: run14164.mid
2024-02-24 12:14:35 File successfully compressed: run14164.mid.gz
2024-02-24 12:23:37 Compressing file: run14165.mid
2024-02-24 12:29:38 File successfully compressed: run14165.mid.gz
2024-02-24 12:36:10 Compressing file: run14166.mid
2024-02-24 12:41:41 File successfully compressed: run14166.mid.gz
2024-02-24 12:55:13 Compressing file: run14167.mid
2024-02-24 13:01:15 File successfully compressed: run14167.mid.gz
2024-02-24 13:06:46 Compressing file: run14168.mid
2024-02-24 13:12:47 File successfully compressed: run14168.mid.gz
2024-02-24 13:18:18 Compressing file: run14169.mid
2024-02-24 13:24:19 File successfully compressed: run14169.mid.gz
2024-02-24 13:28:20 Compressing file: run14170.mid
2024-02-24 13:33:51 File successfully compressed: run14170.mid.gz
2024-02-24 13:44:23 Compressing file: run14171.mid
2024-02-24 13:50:24 File successfully compressed: run14171.mid.gz
2024-02-24 13:55:55 Compressing file: run14172.mid
2024-02-24 14:01:57 File successfully compressed: run14172.mid.gz
2024-02-24 14:07:28 Compressing file: run14173.mid
2024-02-24 14:13:29 File successfully compressed: run14173.mid.gz
2024-02-24 14:19:30 Compressing file: run14174.mid
2024-02-24 14:25:01 File successfully compressed: run14174.mid.gz
2024-02-24 14:34:33 Compressing file: run14175.mid
2024-02-24 14:40:34 File successfully compressed: run14175.mid.gz
2024-02-24 14:46:36 Compressing file: run14176.mid
2024-02-24 14:52:37 File successfully compressed: run14176.mid.gz
2024-02-24 14:59:08 Compressing file: run14177.mid
2024-02-24 15:05:09 File successfully compressed: run14177.mid.gz
2024-02-24 15:12:41 Compressing file: run14178.mid
2024-02-24 15:18:12 File successfully compressed: run14178.mid.gz
2024-02-24 15:31:15 Compressing file: run14179.mid
2024-02-24 15:37:16 File successfully compressed: run14179.mid.gz
2024-02-24 15:44:47 Compressing file: run14180.mid
2024-02-24 15:50:49 File successfully compressed: run14180.mid.gz
2024-02-24 15:58:20 Compressing file: run14181.mid
2024-02-24 16:04:21 File successfully compressed: run14181.mid.gz
2024-02-24 16:11:23 Compressing file: run14182.mid
2024-02-24 16:16:54 File successfully compressed: run14182.mid.gz
2024-02-24 16:29:56 Compressing file: run14183.mid
2024-02-24 16:35:28 File successfully compressed: run14183.mid.gz
2024-02-24 16:43:59 Compressing file: run14184.mid
2024-02-24 16:50:00 File successfully compressed: run14184.mid.gz
2024-02-24 16:58:32 Compressing file: run14185.mid
2024-02-24 17:04:34 File successfully compressed: run14185.mid.gz
2024-02-24 17:12:05 Compressing file: run14186.mid
2024-02-24 17:17:36 File successfully compressed: run14186.mid.gz
2024-02-24 17:40:41 Compressing file: run14187.mid
2024-02-24 17:46:42 File successfully compressed: run14187.mid.gz
2024-02-24 17:53:13 Compressing file: run14188.mid
2024-02-24 17:59:15 File successfully compressed: run14188.mid.gz
2024-02-24 18:05:46 Compressing file: run14189.mid
2024-02-24 18:11:47 File successfully compressed: run14189.mid.gz
2024-02-24 18:18:18 Compressing file: run14190.mid
2024-02-24 18:23:50 File successfully compressed: run14190.mid.gz
2024-02-24 18:40:53 Compressing file: run14191.mid
2024-02-24 18:46:54 File successfully compressed: run14191.mid.gz
2024-02-24 18:54:56 Compressing file: run14192.mid
2024-02-24 19:00:57 File successfully compressed: run14192.mid.gz
2024-02-24 19:08:29 Compressing file: run14193.mid
2024-02-24 19:14:30 File successfully compressed: run14193.mid.gz
2024-02-24 19:21:31 Compressing file: run14194.mid
2024-02-24 19:27:03 File successfully compressed: run14194.mid.gz
2024-02-24 19:38:05 Compressing file: run14195.mid
2024-02-24 19:44:06 File successfully compressed: run14195.mid.gz
2024-02-24 19:50:37 Compressing file: run14196.mid
2024-02-24 19:56:39 File successfully compressed: run14196.mid.gz
2024-02-24 20:04:40 Compressing file: run14197.mid
2024-02-24 20:10:11 File successfully compressed: run14197.mid.gz
2024-02-24 20:18:43 Compressing file: run14198.mid
2024-02-24 20:23:44 File successfully compressed: run14198.mid.gz
2024-02-24 20:41:18 Compressing file: run14199.mid
2024-02-24 20:47:19 File successfully compressed: run14199.mid.gz
2024-02-24 20:55:21 Compressing file: run14200.mid
2024-02-24 21:00:52 File successfully compressed: run14200.mid.gz
2024-02-24 21:09:54 Compressing file: run14201.mid
2024-02-24 21:15:55 File successfully compressed: run14201.mid.gz
2024-02-24 21:25:27 Compressing file: run14202.mid
2024-02-24 21:30:58 File successfully compressed: run14202.mid.gz
2024-02-24 21:46:31 Compressing file: run14203.mid
2024-02-24 21:52:03 File successfully compressed: run14203.mid.gz
2024-02-24 22:02:05 Compressing file: run14204.mid
2024-02-24 22:07:36 File successfully compressed: run14204.mid.gz
2024-02-24 22:17:08 Compressing file: run14205.mid
2024-02-24 22:22:39 File successfully compressed: run14205.mid.gz
2024-02-24 22:32:41 Compressing file: run14206.mid
2024-02-24 22:38:12 File successfully compressed: run14206.mid.gz
2024-02-25 10:56:13 Compressing file: run14207.mid
2024-02-25 11:00:44 File successfully compressed: run14207.mid.gz
2024-02-25 11:18:48 Compressing file: run14208.mid
2024-02-25 11:24:49 File successfully compressed: run14208.mid.gz
2024-02-25 11:32:51 Compressing file: run14209.mid
2024-02-25 11:38:52 File successfully compressed: run14209.mid.gz
2024-02-25 11:45:53 Compressing file: run14210.mid
2024-02-25 11:51:25 File successfully compressed: run14210.mid.gz
2024-02-25 11:58:26 Compressing file: run14211.mid
2024-02-25 12:03:57 File successfully compressed: run14211.mid.gz
2024-02-25 12:16:00 Compressing file: run14212.mid
2024-02-25 12:22:01 File successfully compressed: run14212.mid.gz
2024-02-25 12:30:02 Compressing file: run14213.mid
2024-02-25 12:36:04 File successfully compressed: run14213.mid.gz
2024-02-25 12:42:35 Compressing file: run14214.mid
2024-02-25 12:48:36 File successfully compressed: run14214.mid.gz
2024-02-25 12:55:38 Compressing file: run14215.mid
2024-02-25 13:01:09 File successfully compressed: run14215.mid.gz
2024-02-25 13:11:41 Compressing file: run14216.mid
2024-02-25 13:17:42 File successfully compressed: run14216.mid.gz
2024-02-25 13:24:14 Compressing file: run14217.mid
2024-02-25 13:29:45 File successfully compressed: run14217.mid.gz
2024-02-25 13:38:17 Compressing file: run14218.mid
2024-02-25 13:43:48 File successfully compressed: run14218.mid.gz
2024-02-25 13:53:20 Compressing file: run14219.mid
2024-02-25 13:58:51 File successfully compressed: run14219.mid.gz
2024-02-25 14:16:24 Compressing file: run14220.mid
2024-02-25 14:22:26 File successfully compressed: run14220.mid.gz
2024-02-25 14:31:28 Compressing file: run14221.mid
2024-02-25 14:36:59 File successfully compressed: run14221.mid.gz
2024-02-25 14:47:01 Compressing file: run14222.mid
2024-02-25 14:52:32 File successfully compressed: run14222.mid.gz
2024-02-25 15:02:04 Compressing file: run14223.mid
2024-02-25 15:07:35 File successfully compressed: run14223.mid.gz
2024-02-25 15:20:08 Compressing file: run14224.mid
2024-02-25 15:25:39 File successfully compressed: run14224.mid.gz
2024-02-25 15:38:12 Compressing file: run14225.mid
2024-02-25 15:43:43 File successfully compressed: run14225.mid.gz
2024-02-25 15:54:45 Compressing file: run14226.mid
2024-02-25 16:00:16 File successfully compressed: run14226.mid.gz
2024-02-25 16:10:48 Compressing file: run14227.mid
2024-02-25 16:16:19 File successfully compressed: run14227.mid.gz
2024-02-25 16:31:53 Compressing file: run14228.mid
2024-02-25 16:37:24 File successfully compressed: run14228.mid.gz
2024-02-25 16:48:26 Compressing file: run14229.mid
2024-02-25 16:54:28 File successfully compressed: run14229.mid.gz
2024-02-25 17:03:29 Compressing file: run14230.mid
2024-02-25 17:09:01 File successfully compressed: run14230.mid.gz
2024-02-25 17:18:03 Compressing file: run14231.mid
2024-02-25 17:23:34 File successfully compressed: run14231.mid.gz
2024-02-25 17:50:39 Compressing file: run14232.mid
2024-02-25 17:56:41 File successfully compressed: run14232.mid.gz
2024-02-25 18:05:43 Compressing file: run14233.mid
2024-02-25 18:11:44 File successfully compressed: run14233.mid.gz
2024-02-25 18:20:46 Compressing file: run14234.mid
2024-02-25 18:26:47 File successfully compressed: run14234.mid.gz
2024-02-25 18:36:49 Compressing file: run14235.mid
2024-02-25 18:42:20 File successfully compressed: run14235.mid.gz
2024-02-25 20:04:08 Compressing file: run14236.mid
2024-02-25 20:09:39 File successfully compressed: run14236.mid.gz
2024-02-25 20:20:41 Compressing file: run14237.mid
2024-02-25 20:26:12 File successfully compressed: run14237.mid.gz
2024-02-25 20:37:15 Compressing file: run14238.mid
2024-02-25 20:43:16 File successfully compressed: run14238.mid.gz
2024-02-25 20:53:18 Compressing file: run14239.mid
2024-02-25 20:58:49 File successfully compressed: run14239.mid.gz
2024-02-25 21:25:55 Compressing file: run14240.mid
2024-02-25 21:31:26 File successfully compressed: run14240.mid.gz
2024-02-25 21:43:29 Compressing file: run14241.mid
2024-02-25 21:49:00 File successfully compressed: run14241.mid.gz
2024-02-25 22:02:33 Compressing file: run14242.mid
2024-02-25 22:08:04 File successfully compressed: run14242.mid.gz
2024-02-25 22:20:07 Compressing file: run14243.mid
2024-02-25 22:25:38 File successfully compressed: run14243.mid.gz
2024-02-25 22:45:12 Compressing file: run14244.mid
2024-02-25 22:50:44 File successfully compressed: run14244.mid.gz
2024-02-25 23:03:16 Compressing file: run14245.mid
2024-02-25 23:08:47 File successfully compressed: run14245.mid.gz
2024-02-25 23:20:50 Compressing file: run14246.mid
2024-02-25 23:26:51 File successfully compressed: run14246.mid.gz
2024-02-25 23:38:54 Compressing file: run14247.mid
2024-02-25 23:44:25 File successfully compressed: run14247.mid.gz
2024-02-28 09:57:11 Compressing file: run14249.mid
2024-02-28 10:02:12 File successfully compressed: run14249.mid.gz
2024-02-28 10:22:47 Compressing file: run14250.mid
2024-02-28 10:28:48 File successfully compressed: run14250.mid.gz
2024-02-28 10:38:50 Compressing file: run14251.mid
2024-02-28 10:44:51 File successfully compressed: run14251.mid.gz
2024-02-28 10:55:54 Compressing file: run14252.mid
2024-02-28 11:01:55 File successfully compressed: run14252.mid.gz
2024-02-28 11:11:57 Compressing file: run14253.mid
2024-02-28 11:17:58 File successfully compressed: run14253.mid.gz
2024-02-28 11:25:30 Compressing file: run14254.mid
2024-02-28 11:31:31 File successfully compressed: run14254.mid.gz
2024-02-28 11:38:03 Compressing file: run14255.mid
2024-02-28 11:44:04 File successfully compressed: run14255.mid.gz
2024-02-28 11:49:35 Compressing file: run14256.mid
2024-02-28 11:55:37 File successfully compressed: run14256.mid.gz
2024-02-28 12:03:08 Compressing file: run14257.mid
2024-02-28 12:08:39 File successfully compressed: run14257.mid.gz
2024-02-28 12:25:43 Compressing file: run14258.mid
2024-02-28 12:31:44 File successfully compressed: run14258.mid.gz
2024-02-28 12:36:45 Compressing file: run14259.mid
2024-02-28 12:42:47 File successfully compressed: run14259.mid.gz
2024-02-28 12:48:48 Compressing file: run14260.mid
2024-02-28 12:54:49 File successfully compressed: run14260.mid.gz
2024-02-28 13:01:21 Compressing file: run14261.mid
2024-02-28 13:06:52 File successfully compressed: run14261.mid.gz
2024-02-28 13:21:25 Compressing file: run14262.mid
2024-02-28 13:27:27 File successfully compressed: run14262.mid.gz
2024-02-28 13:32:58 Compressing file: run14263.mid
2024-02-28 13:38:59 File successfully compressed: run14263.mid.gz
2024-02-28 13:45:31 Compressing file: run14264.mid
2024-02-28 13:51:02 File successfully compressed: run14264.mid.gz
2024-02-28 13:58:03 Compressing file: run14265.mid
2024-02-28 14:03:35 File successfully compressed: run14265.mid.gz
2024-02-28 14:34:41 Compressing file: run14266.mid
2024-02-28 14:40:43 File successfully compressed: run14266.mid.gz
2024-02-28 14:47:44 Compressing file: run14267.mid
2024-02-28 14:53:45 File successfully compressed: run14267.mid.gz
2024-02-28 15:02:47 Compressing file: run14268.mid
2024-02-28 15:08:49 File successfully compressed: run14268.mid.gz
2024-02-28 15:14:50 Compressing file: run14269.mid
2024-02-28 15:20:21 File successfully compressed: run14269.mid.gz
2024-02-28 15:32:54 Compressing file: run14270.mid
2024-02-28 15:38:25 File successfully compressed: run14270.mid.gz
2024-02-28 15:47:57 Compressing file: run14271.mid
2024-02-28 15:53:29 File successfully compressed: run14271.mid.gz
2024-02-28 16:03:01 Compressing file: run14272.mid
2024-02-28 16:08:32 File successfully compressed: run14272.mid.gz
2024-02-28 16:17:34 Compressing file: run14273.mid
2024-02-28 16:23:05 File successfully compressed: run14273.mid.gz
2024-02-28 16:34:38 Compressing file: run14274.mid
2024-02-28 16:40:39 File successfully compressed: run14274.mid.gz
2024-02-28 16:47:10 Compressing file: run14275.mid
2024-02-28 16:53:12 File successfully compressed: run14275.mid.gz
2024-02-28 17:00:13 Compressing file: run14276.mid
2024-02-28 17:06:15 File successfully compressed: run14276.mid.gz
2024-02-28 17:12:16 Compressing file: run14277.mid
2024-02-28 17:17:47 File successfully compressed: run14277.mid.gz
2024-02-28 17:27:19 Compressing file: run14278.mid
2024-02-28 17:32:50 File successfully compressed: run14278.mid.gz
running
[fileCompressor,TALK] software alarm: Program cygnus_daq is not running
[fileCompressor,TALK] software alarm: Program cygnus_daq is not running
[fileCompressor,TALK] software alarm: Program cygnus_daq is not running
[fileCompressor,TALK] software alarm: Program cygnus_daq is not running
[fileCompressor,TALK] software alarm: Program cygnus_daq is not running
[fileCompressor,TALK] software alarm: Program cygnus_daq is not running
[fileCompressor,TALK] software alarm: Program cygnus_daq is not running
[fileCompressor,TALK] software alarm: Program cygnus_daq is not running
[fileCompressor,TALK] software alarm: Program cygnus_daq is not running
[fileCompressor,TALK] software alarm: Program cygnus_daq is not running
[fileCompressor,TALK] software alarm: Program cygnus_daq is not running
[fileCompressor,TALK] software alarm: Program cygnus_daq is not running
[fileCompressor,TALK] software alarm: Program cygnus_daq is not running
[fileCompressor,TALK] software alarm: Program cygnus_daq is not running
[fileCompressor,TALK] software alarm: Program cygnus_daq is not running
[fileCompressor,TALK] software alarm: Program cygnus_daq is not running
[fileCompressor,TALK] software alarm: Program cygnus_daq is not running
[fileCompressor,TALK] software alarm: Program cygnus_daq is not running
[fileCompressor,TALK] software alarm: Program cygnus_daq is not running
[fileCompressor,TALK] software alarm: Program cygnus_daq is not running
[fileCompressor,TALK] software alarm: Program cygnus_daq is not running
[fileCompressor,TALK] software alarm: Program cygnus_daq is not running
[fileCompressor,TALK] software alarm: Program cygnus_daq is not running
[fileCompressor,TALK] software alarm: Program cygnus_daq is not running
[fileCompressor,TALK] software alarm: Program cygnus_daq is not running
[fileCompressor,TALK] software alarm: Program cygnus_daq is not running
[fileCompressor,TALK] software alarm: Program cygnus_daq is not running
[fileCompressor,TALK] software alarm: Program cygnus_daq is not running
[fileCompressor,TALK] software alarm: Program cygnus_daq is not running
[fileCompressor,TALK] software alarm: Program cygnus_daq is not running
[fileCompressor,TALK] software alarm: Program cygnus_daq is not running
[fileCompressor,TALK] software alarm: Program cygnus_daq is not running
[fileCompressor,TALK] software alarm: Program cygnus_daq is not running
[fileCompressor,TALK] software alarm: Program cygnus_daq is not running
[fileCompressor,TALK] software alarm: Program cygnus_daq is not running
[fileCompressor,TALK] software alarm: Program cygnus_daq is not running
[fileCompressor,TALK] software alarm: Program cygnus_daq is not running
[fileCompressor,TALK] software alarm: Program cygnus_daq is not running
[fileCompressor,TALK] software alarm: Program cygnus_daq is not running
[fileCompressor,TALK] software alarm: Program cygnus_daq is not running
[fileCompressor,TALK] software alarm: Program cygnus_daq is not running
[fileCompressor,TALK] software alarm: Program cygnus_daq is not running
[fileCompressor,TALK] software alarm: Program cygnus_daq is not running
[fileCompressor,TALK] software alarm: Program cygnus_daq is not running
[fileCompressor,TALK] software alarm: Program cygnus_daq is not running
[fileCompressor,TALK] software alarm: Program cygnus_daq is not running
[fileCompressor,TALK] software alarm: Program cygnus_daq is not running
[fileCompressor,TALK] software alarm: Program cygnus_daq is not running
[fileCompressor,TALK] software alarm: Program cygnus_daq is not running
[fileCompressor,TALK] software alarm: Program cygnus_daq is not running
[fileCompressor,TALK] software alarm: Program cygnus_daq is not running
[fileCompressor,TALK] software alarm: Program cygnus_daq is not running
[fileCompressor,TALK] software alarm: Program cygnus_daq is not running
[fileCompressor,TALK] software alarm: Program cygnus_daq is not running
[fileCompressor,TALK] software alarm: Program cygnus_daq is not running
[fileCompressor,TALK] software alarm: Program cygnus_daq is not running
[fileCompressor,TALK] software alarm: Program cygnus_daq2024-02-28 17:40:22 Compressing file: run14279.mid
2024-02-28 17:45:53 File successfully compressed: run14279.mid.gz
2024-02-28 17:52:25 Compressing file: run14280.mid
2024-02-28 17:57:26 File successfully compressed: run14280.mid.gz
2024-02-28 18:04:57 Compressing file: run14281.mid
2024-02-28 18:09:59 File successfully compressed: run14281.mid.gz
2024-02-28 18:21:31 Compressing file: run14282.mid
2024-02-28 18:27:32 File successfully compressed: run14282.mid.gz
2024-02-28 18:33:04 Compressing file: run14283.mid
2024-02-28 18:39:05 File successfully compressed: run14283.mid.gz
2024-02-28 18:44:06 Compressing file: run14284.mid
2024-02-28 18:50:07 File successfully compressed: run14284.mid.gz
2024-02-28 18:54:38 Compressing file: run14285.mid
2024-02-28 19:00:10 File successfully compressed: run14285.mid.gz
2024-02-28 19:10:42 Compressing file: run14286.mid
2024-02-28 19:16:43 File successfully compressed: run14286.mid.gz
2024-02-28 19:21:44 Compressing file: run14287.mid
2024-02-28 19:28:16 File successfully compressed: run14287.mid.gz
2024-02-28 19:33:17 Compressing file: run14288.mid
2024-02-28 19:39:48 File successfully compressed: run14288.mid.gz
2024-02-28 19:44:19 Compressing file: run14289.mid
2024-02-28 19:49:51 File successfully compressed: run14289.mid.gz
2024-03-05 09:16:30 Compressing file: run14302.mid
2024-03-05 09:21:01 File successfully compressed: run14302.mid.gz
2024-03-05 12:31:43 Compressing file: run14303.mid
2024-03-05 12:32:13 Compressing file: run14304.mid
2024-03-05 12:32:13 File successfully compressed: run14303.mid.gz
2024-03-05 12:32:44 File successfully compressed: run14304.mid.gz
2024-03-05 12:34:44 Compressing file: run14305.mid
2024-03-05 12:35:14 Compressing file: run14306.mid
2024-03-05 12:35:14 File successfully compressed: run14305.mid.gz
2024-03-05 12:35:45 File successfully compressed: run14306.mid.gz
2024-03-05 12:37:15 Compressing file: run14307.mid
2024-03-05 12:37:45 Compressing file: run14308.mid
2024-03-05 12:37:45 File successfully compressed: run14307.mid.gz
2024-03-05 12:38:15 Compressing file: run14309.mid
2024-03-05 12:38:15 File successfully compressed: run14308.mid.gz
2024-03-05 12:38:45 File successfully compressed: run14309.mid.gz
2024-03-05 12:39:15 Compressing file: run14310.mid
2024-03-05 12:39:46 File successfully compressed: run14310.mid.gz
2024-03-05 12:40:46 Compressing file: run14311.mid
2024-03-05 12:41:16 Compressing file: run14312.mid
2024-03-05 12:41:16 File successfully compressed: run14311.mid.gz
2024-03-05 12:41:46 File successfully compressed: run14312.mid.gz
2024-03-05 12:42:16 Compressing file: run14313.mid
2024-03-05 12:42:46 Compressing file: run14314.mid
2024-03-05 12:42:46 File successfully compressed: run14313.mid.gz
2024-03-05 12:43:17 File successfully compressed: run14314.mid.gz
2024-03-05 15:04:18 Compressing file: run14315.mid
2024-03-05 15:10:49 File successfully compressed: run14315.mid.gz
2024-03-05 15:13:20 Compressing file: run14316.mid
2024-03-05 15:19:21 File successfully compressed: run14316.mid.gz
2024-03-05 15:21:52 Compressing file: run14317.mid
2024-03-05 15:28:23 File successfully compressed: run14317.mid.gz
2024-03-05 15:30:54 Compressing file: run14318.mid
2024-03-05 15:37:26 File successfully compressed: run14318.mid.gz
2024-03-05 15:40:26 Compressing file: run14319.mid
2024-03-05 15:46:58 File successfully compressed: run14319.mid.gz
2024-03-05 15:49:28 Compressing file: run14320.mid
2024-03-05 15:56:00 File successfully compressed: run14320.mid.gz
2024-03-05 15:58:30 Compressing file: run14321.mid
2024-03-05 16:05:02 File successfully compressed: run14321.mid.gz
2024-03-05 16:07:02 Compressing file: run14322.mid
2024-03-05 16:13:04 File successfully compressed: run14322.mid.gz
2024-03-05 16:17:35 Compressing file: run14323.mid
2024-03-05 16:24:06 File successfully compressed: run14323.mid.gz
2024-03-05 16:27:07 Compressing file: run14324.mid
2024-03-05 16:33:08 File successfully compressed: run14324.mid.gz
2024-03-05 16:36:39 Compressing file: run14325.mid
2024-03-05 16:43:11 File successfully compressed: run14325.mid.gz
2024-03-05 16:46:11 Compressing file: run14326.mid
2024-03-05 16:52:43 File successfully compressed: run14326.mid.gz
2024-03-05 16:56:44 Compressing file: run14327.mid
2024-03-05 17:03:15 File successfully compressed: run14327.mid.gz
2024-03-05 17:05:46 Compressing file: run14328.mid
2024-03-05 17:12:17 File successfully compressed: run14328.mid.gz
2024-03-05 17:14:48 Compressing file: run14329.mid
2024-03-05 17:22:50 File successfully compressed: run14329.mid.gz
2024-03-05 17:24:20 Compressing file: run14330.mid
2024-03-05 17:31:52 File successfully compressed: run14330.mid.gz
2024-03-05 17:35:53 Compressing file: run14331.mid
2024-03-05 17:43:27 File successfully compressed: run14331.mid.gz
2024-03-05 17:45:28 Compressing file: run14332.mid
2024-03-05 17:54:00 Compressing file: run14333.mid
2024-03-05 17:54:00 File successfully compressed: run14332.mid.gz
2024-03-05 18:02:32 Compressing file: run14334.mid
2024-03-05 18:03:02 File successfully compressed: run14333.mid.gz
2024-03-05 18:09:33 File successfully compressed: run14334.mid.gz
2024-03-05 18:16:05 Compressing file: run14335.mid
2024-03-05 18:22:06 File successfully compressed: run14335.mid.gz
2024-03-05 18:26:37 Compressing file: run14336.mid
2024-03-05 18:34:09 File successfully compressed: run14336.mid.gz
2024-03-05 18:36:40 Compressing file: run14337.mid
2024-03-05 18:43:41 File successfully compressed: run14337.mid.gz
2024-03-05 18:46:42 Compressing file: run14338.mid
2024-03-05 18:53:44 File successfully compressed: run14338.mid.gz
2024-03-05 18:56:44 Compressing file: run14339.mid
2024-03-05 19:04:16 File successfully compressed: run14339.mid.gz
2024-03-05 19:06:47 Compressing file: run14340.mid
2024-03-05 19:13:48 File successfully compressed: run14340.mid.gz
2024-03-05 19:16:49 Compressing file: run14341.mid
2024-03-05 19:24:21 File successfully compressed: run14341.mid.gz
2024-03-05 19:25:51 Compressing file: run14342.mid
2024-03-05 19:33:23 File successfully compressed: run14342.mid.gz
2024-03-05 19:36:54 Compressing file: run14343.mid
2024-03-05 19:44:26 File successfully compressed: run14343.mid.gz
2024-03-05 19:45:26 Compressing file: run14344.mid
2024-03-05 19:53:58 File successfully compressed: run14344.mid.gz
2024-03-05 19:54:28 Compressing file: run14345.mid
2024-03-05 20:03:00 File successfully compressed: run14345.mid.gz
2024-03-05 20:05:00 Compressing file: run14346.mid
2024-03-05 20:11:32 File successfully compressed: run14346.mid.gz
2024-03-05 20:15:33 Compressing file: run14347.mid
2024-03-05 20:23:05 File successfully compressed: run14347.mid.gz
2024-03-05 20:24:35 Compressing file: run14348.mid
2024-03-05 20:32:08 File successfully compressed: run14348.mid.gz
2024-03-05 20:34:08 Compressing file: run14349.mid
2024-03-05 20:42:40 File successfully compressed: run14349.mid.gz
2024-03-05 20:43:40 Compressing file: run14350.mid
2024-03-05 20:51:13 File successfully compressed: run14350.mid.gz
2024-03-05 20:54:14 Compressing file: run14351.mid
2024-03-05 21:03:16 File successfully compressed: run14351.mid.gz
2024-03-05 21:04:16 Compressing file: run14352.mid
2024-03-05 21:12:18 File successfully compressed: run14352.mid.gz
2024-03-05 21:14:19 Compressing file: run14353.mid
2024-03-05 21:22:51 File successfully compressed: run14353.mid.gz
2024-03-05 21:23:51 Compressing file: run14354.mid
2024-03-05 21:31:53 File successfully compressed: run14354.mid.gz
2024-03-05 21:36:24 Compressing file: run14355.mid
2024-03-05 21:43:26 File successfully compressed: run14355.mid.gz
2024-03-05 21:45:56 Compressing file: run14356.mid
2024-03-05 21:53:58 File successfully compressed: run14356.mid.gz
2024-03-05 21:54:28 Compressing file: run14357.mid
2024-03-05 22:03:00 File successfully compressed: run14357.mid.gz
2024-03-05 22:04:00 Compressing file: run14358.mid
2024-03-05 22:11:32 File successfully compressed: run14358.mid.gz
2024-03-05 22:15:03 Compressing file: run14359.mid
2024-03-05 22:23:05 File successfully compressed: run14359.mid.gz
2024-03-05 22:23:35 Compressing file: run14360.mid
2024-03-05 22:32:07 File successfully compressed: run14360.mid.gz
2024-03-05 22:32:38 Compressing file: run14361.mid
2024-03-05 22:41:10 File successfully compressed: run14361.mid.gz
2024-03-05 22:42:10 Compressing file: run14362.mid
2024-03-05 22:50:42 File successfully compressed: run14362.mid.gz
2024-03-05 22:52:12 Compressing file: run14363.mid
2024-03-05 23:00:14 File successfully compressed: run14363.mid.gz
2024-03-05 23:01:45 Compressing file: run14364.mid
2024-03-05 23:09:46 File successfully compressed: run14364.mid.gz
2024-03-05 23:10:17 Compressing file: run14365.mid
2024-03-05 23:17:48 File successfully compressed: run14365.mid.gz
2024-03-05 23:19:49 Compressing file: run14366.mid
2024-03-05 23:27:21 File successfully compressed: run14366.mid.gz
2024-03-05 23:29:51 Compressing file: run14367.mid
2024-03-05 23:36:53 File successfully compressed: run14367.mid.gz
2024-03-05 23:39:23 Compressing file: run14368.mid
2024-03-05 23:46:55 File successfully compressed: run14368.mid.gz
2024-03-05 23:48:26 Compressing file: run14369.mid
2024-03-05 23:56:28 File successfully compressed: run14369.mid.gz
2024-03-05 23:57:28 Compressing file: run14370.mid
2024-03-06 00:05:00 File successfully compressed: run14370.mid.gz
2024-03-06 00:08:00 Compressing file: run14371.mid
2024-03-06 00:15:32 File successfully compressed: run14371.mid.gz
2024-03-06 00:17:33 Compressing file: run14372.mid
2024-03-06 00:25:35 File successfully compressed: run14372.mid.gz
2024-03-06 00:26:35 Compressing file: run14373.mid
2024-03-06 00:35:07 File successfully compressed: run14373.mid.gz
2024-03-06 00:35:37 Compressing file: run14374.mid
2024-03-06 00:43:09 File successfully compressed: run14374.mid.gz
2024-03-06 00:48:40 Compressing file: run14375.mid
2024-03-06 00:55:12 File successfully compressed: run14375.mid.gz
2024-03-06 00:58:13 Compressing file: run14376.mid
2024-03-06 01:06:15 File successfully compressed: run14376.mid.gz
2024-03-06 01:07:45 Compressing file: run14377.mid
2024-03-06 01:16:17 File successfully compressed: run14377.mid.gz
2024-03-06 01:16:47 Compressing file: run14378.mid
2024-03-06 01:26:50 File successfully compressed: run14378.mid.gz
2024-03-06 01:27:20 Compressing file: run14379.mid
2024-03-06 01:36:22 Compressing file: run14380.mid
2024-03-06 01:38:23 File successfully compressed: run14379.mid.gz
2024-03-06 01:45:54 Compressing file: run14381.mid
2024-03-06 01:49:02 File successfully compressed: run14380.mid.gz
2024-03-06 01:55:33 Compressing file: run14382.mid
2024-03-06 01:59:34 File successfully compressed: run14381.mid.gz
2024-03-06 02:06:06 Compressing file: run14383.mid
2024-03-06 02:06:36 File successfully compressed: run14382.mid.gz
2024-03-06 02:16:08 Compressing file: run14384.mid
2024-03-06 02:16:08 File successfully compressed: run14383.mid.gz
2024-03-06 02:26:11 Compressing file: run14385.mid
2024-03-06 02:26:11 File successfully compressed: run14384.mid.gz
2024-03-06 02:34:43 Compressing file: run14386.mid
2024-03-06 02:35:13 File successfully compressed: run14385.mid.gz
2024-03-06 02:43:45 File successfully compressed: run14386.mid.gz
2024-03-06 02:45:16 Compressing file: run14387.mid
2024-03-06 02:54:18 Compressing file: run14388.mid
2024-03-06 02:54:18 File successfully compressed: run14387.mid.gz
2024-03-06 03:02:50 File successfully compressed: run14388.mid.gz
2024-03-06 03:03:50 Compressing file: run14389.mid
2024-03-06 03:12:52 Compressing file: run14390.mid
2024-03-06 03:12:52 File successfully compressed: run14389.mid.gz
2024-03-06 03:22:25 Compressing file: run14391.mid
2024-03-06 03:22:25 File successfully compressed: run14390.mid.gz
2024-03-06 03:31:27 File successfully compressed: run14391.mid.gz
2024-03-06 03:31:57 Compressing file: run14392.mid
2024-03-06 03:40:29 File successfully compressed: run14392.mid.gz
2024-03-06 03:41:59 Compressing file: run14393.mid
2024-03-06 03:50:01 File successfully compressed: run14393.mid.gz
2024-03-06 03:51:32 Compressing file: run14394.mid
2024-03-06 03:58:03 File successfully compressed: run14394.mid.gz
2024-03-06 04:03:05 Compressing file: run14395.mid
2024-03-06 04:07:06 Compressing file: run14396.mid
2024-03-06 04:11:07 Compressing file: run14397.mid
2024-03-06 04:19:39 Compressing file: run14398.mid
2024-03-06 04:21:39 File successfully compressed: run14395.mid.gz
2024-03-06 04:25:40 File successfully compressed: run14396.mid.gz
2024-03-06 04:29:41 File successfully compressed: run14397.mid.gz
2024-03-06 04:36:13 Compressing file: run14399.mid
2024-03-06 04:37:43 File successfully compressed: run14398.mid.gz
2024-03-06 04:53:47 Compressing file: run14400.mid
2024-03-06 04:54:47 File successfully compressed: run14399.mid.gz
2024-03-06 05:03:49 Compressing file: run14401.mid
2024-03-06 05:10:21 Compressing file: run14402.mid
2024-03-06 05:10:21 File successfully compressed: run14400.mid.gz
2024-03-06 05:15:22 Compressing file: run14403.mid
2024-03-06 05:17:23 File successfully compressed: run14401.mid.gz
2024-03-06 05:19:24 Compressing file: run14404.mid
2024-03-06 05:23:24 Compressing file: run14405.mid
2024-03-06 05:23:55 File successfully compressed: run14402.mid.gz
2024-03-06 05:27:26 Compressing file: run14406.mid
2024-03-06 05:27:26 File successfully compressed: run14403.mid.gz
2024-03-06 05:29:56 File successfully compressed: run14404.mid.gz
2024-03-06 05:32:57 Compressing file: run14407.mid
2024-03-06 05:33:57 File successfully compressed: run14405.mid.gz
2024-03-06 05:37:29 Compressing file: run14408.mid
2024-03-06 05:37:29 File successfully compressed: run14406.mid.gz
2024-03-06 05:41:30 Compressing file: run14409.mid
2024-03-06 05:43:00 File successfully compressed: run14407.mid.gz
2024-03-06 05:45:31 Compressing file: run14410.mid
2024-03-06 05:49:02 File successfully compressed: run14408.mid.gz
2024-03-06 05:50:32 Compressing file: run14411.mid
2024-03-06 05:54:33 Compressing file: run14412.mid
2024-03-06 05:55:03 File successfully compressed: run14409.mid.gz
2024-03-06 05:58:34 Compressing file: run14413.mid
2024-03-06 06:02:35 Compressing file: run14414.mid
2024-03-06 06:02:35 File successfully compressed: run14410.mid.gz
2024-03-06 06:08:37 File successfully compressed: run14411.mid.gz
2024-03-06 06:13:08 File successfully compressed: run14412.mid.gz
2024-03-06 06:15:09 Compressing file: run14415.mid
2024-03-06 06:17:39 File successfully compressed: run14413.mid.gz
2024-03-06 06:21:40 File successfully compressed: run14414.mid.gz
2024-03-06 06:25:11 Compressing file: run14416.mid
2024-03-06 06:29:43 Compressing file: run14417.mid
2024-03-06 06:34:14 Compressing file: run14418.mid
2024-03-06 06:36:44 File successfully compressed: run14415.mid.gz
2024-03-06 06:39:45 Compressing file: run14419.mid
2024-03-06 06:45:46 Compressing file: run14420.mid
2024-03-06 06:48:18 File successfully compressed: run14416.mid.gz
2024-03-06 06:50:49 Compressing file: run14421.mid
2024-03-06 06:54:50 File successfully compressed: run14417.mid.gz
2024-03-06 06:58:21 Compressing file: run14422.mid
2024-03-06 07:01:22 File successfully compressed: run14418.mid.gz
2024-03-06 07:05:53 Compressing file: run14423.mid
2024-03-06 07:09:54 File successfully compressed: run14419.mid.gz
2024-03-06 07:13:56 Compressing file: run14424.mid
2024-03-06 07:16:27 File successfully compressed: run14420.mid.gz
2024-03-06 07:21:58 File successfully compressed: run14421.mid.gz
2024-03-06 07:23:58 Compressing file: run14425.mid
2024-03-06 07:29:00 File successfully compressed: run14422.mid.gz
2024-03-06 07:30:00 Compressing file: run14426.mid
2024-03-06 07:35:32 File successfully compressed: run14423.mid.gz
2024-03-06 07:37:32 Compressing file: run14427.mid
2024-03-06 07:42:33 File successfully compressed: run14424.mid.gz
2024-03-06 07:45:04 Compressing file: run14428.mid
2024-03-06 07:50:06 Compressing file: run14429.mid
2024-03-06 07:52:06 File successfully compressed: run14425.mid.gz
2024-03-06 07:54:37 Compressing file: run14430.mid
2024-03-06 07:59:08 File successfully compressed: run14426.mid.gz
2024-03-06 08:02:09 Compressing file: run14431.mid
2024-03-06 08:08:11 File successfully compressed: run14427.mid.gz
2024-03-06 08:10:42 Compressing file: run14432.mid
2024-03-06 08:16:14 File successfully compressed: run14428.mid.gz
2024-03-06 08:16:44 Compressing file: run14433.mid
2024-03-06 08:22:15 File successfully compressed: run14429.mid.gz
2024-03-06 08:26:46 File successfully compressed: run14430.mid.gz
2024-03-06 08:27:47 Compressing file: run14434.mid
2024-03-06 08:31:48 File successfully compressed: run14431.mid.gz
2024-03-06 08:35:49 File successfully compressed: run14432.mid.gz
2024-03-06 08:38:50 File successfully compressed: run14433.mid.gz
2024-03-06 08:41:51 File successfully compressed: run14434.mid.gz
2024-03-06 09:43:06 Compressing file: run14435.mid
2024-03-06 09:49:38 File successfully compressed: run14435.mid.gz
2024-03-06 09:52:09 Compressing file: run14436.mid
2024-03-06 09:58:10 File successfully compressed: run14436.mid.gz
2024-03-06 10:01:11 Compressing file: run14437.mid
2024-03-06 10:07:12 File successfully compressed: run14437.mid.gz
2024-03-06 10:10:14 Compressing file: run14438.mid
2024-03-06 10:16:16 File successfully compressed: run14438.mid.gz
2024-03-06 10:20:17 Compressing file: run14439.mid
2024-03-06 10:26:18 File successfully compressed: run14439.mid.gz
2024-03-06 10:29:49 Compressing file: run14440.mid
2024-03-06 10:36:21 File successfully compressed: run14440.mid.gz
2024-03-06 10:37:51 Compressing file: run14441.mid
2024-03-06 10:43:53 File successfully compressed: run14441.mid.gz
2024-03-06 10:47:24 Compressing file: run14442.mid
2024-03-06 10:53:26 File successfully compressed: run14442.mid.gz
2024-03-06 10:59:57 Compressing file: run14443.mid
2024-03-06 11:05:59 File successfully compressed: run14443.mid.gz
2024-03-06 11:09:30 Compressing file: run14444.mid
2024-03-06 11:16:02 File successfully compressed: run14444.mid.gz
2024-03-06 11:19:02 Compressing file: run14445.mid
2024-03-06 11:25:04 File successfully compressed: run14445.mid.gz
2024-03-06 11:28:35 Compressing file: run14446.mid
2024-03-06 11:34:37 File successfully compressed: run14446.mid.gz
2024-03-06 11:39:08 Compressing file: run14447.mid
2024-03-06 11:45:09 File successfully compressed: run14447.mid.gz
2024-03-06 11:48:10 Compressing file: run14448.mid
2024-03-06 11:54:12 File successfully compressed: run14448.mid.gz
2024-03-06 11:58:13 Compressing file: run14449.mid
2024-03-06 12:04:14 File successfully compressed: run14449.mid.gz
2024-03-06 12:08:15 Compressing file: run14450.mid
2024-03-06 12:14:17 File successfully compressed: run14450.mid.gz
2024-03-06 12:19:18 Compressing file: run14451.mid
2024-03-06 12:25:20 File successfully compressed: run14451.mid.gz
2024-03-06 12:28:51 Compressing file: run14452.mid
2024-03-06 12:34:52 File successfully compressed: run14452.mid.gz
2024-03-06 12:38:23 Compressing file: run14453.mid
2024-03-06 12:44:25 File successfully compressed: run14453.mid.gz
2024-03-06 12:47:25 Compressing file: run14454.mid
2024-03-06 12:53:27 File successfully compressed: run14454.mid.gz
2024-03-06 13:01:59 Compressing file: run14455.mid
2024-03-06 13:08:01 File successfully compressed: run14455.mid.gz
2024-03-06 13:12:02 Compressing file: run14456.mid
2024-03-06 13:18:03 File successfully compressed: run14456.mid.gz
2024-03-06 13:21:34 Compressing file: run14457.mid
2024-03-06 13:27:36 File successfully compressed: run14457.mid.gz
2024-03-06 13:31:07 Compressing file: run14458.mid
2024-03-06 13:37:08 File successfully compressed: run14458.mid.gz
2024-03-06 13:41:09 Compressing file: run14459.mid
2024-03-06 13:47:11 File successfully compressed: run14459.mid.gz
2024-03-06 13:50:12 Compressing file: run14460.mid
2024-03-06 13:56:13 File successfully compressed: run14460.mid.gz
2024-03-06 13:59:44 Compressing file: run14461.mid
2024-03-06 14:05:46 File successfully compressed: run14461.mid.gz
2024-03-06 14:09:17 Compressing file: run14462.mid
2024-03-06 14:15:18 File successfully compressed: run14462.mid.gz
2024-03-06 14:20:50 Compressing file: run14463.mid
2024-03-06 14:26:51 File successfully compressed: run14463.mid.gz
2024-03-06 14:29:52 Compressing file: run14464.mid
2024-03-06 14:35:54 File successfully compressed: run14464.mid.gz
2024-03-06 14:38:54 Compressing file: run14465.mid
2024-03-06 14:44:56 File successfully compressed: run14465.mid.gz
2024-03-06 14:48:27 Compressing file: run14466.mid
2024-03-06 14:54:29 File successfully compressed: run14466.mid.gz
2024-03-06 14:59:30 Compressing file: run14467.mid
2024-03-06 15:05:31 File successfully compressed: run14467.mid.gz
2024-03-06 15:09:02 Compressing file: run14468.mid
2024-03-06 15:15:04 File successfully compressed: run14468.mid.gz
2024-03-06 15:18:35 Compressing file: run14469.mid
2024-03-06 15:24:36 File successfully compressed: run14469.mid.gz
2024-03-06 15:28:07 Compressing file: run14470.mid
2024-03-06 15:34:09 File successfully compressed: run14470.mid.gz
2024-03-06 15:38:40 Compressing file: run14471.mid
2024-03-06 15:44:42 File successfully compressed: run14471.mid.gz
2024-03-06 15:47:42 Compressing file: run14472.mid
2024-03-06 15:53:44 File successfully compressed: run14472.mid.gz
2024-03-06 15:56:45 Compressing file: run14473.mid
2024-03-06 16:02:46 File successfully compressed: run14473.mid.gz
2024-03-06 16:06:17 Compressing file: run14474.mid
2024-03-06 16:11:49 File successfully compressed: run14474.mid.gz
2024-03-06 16:20:51 Compressing file: run14475.mid
2024-03-06 16:26:53 File successfully compressed: run14475.mid.gz
2024-03-06 16:29:54 Compressing file: run14476.mid
2024-03-06 16:35:55 File successfully compressed: run14476.mid.gz
2024-03-06 16:38:56 Compressing file: run14477.mid
2024-03-06 16:44:58 File successfully compressed: run14477.mid.gz
2024-03-06 16:48:59 Compressing file: run14478.mid
2024-03-06 16:55:00 File successfully compressed: run14478.mid.gz
2024-03-06 17:01:02 Compressing file: run14479.mid
2024-03-06 17:07:03 File successfully compressed: run14479.mid.gz
2024-03-06 17:12:05 Compressing file: run14480.mid
2024-03-06 17:18:06 File successfully compressed: run14480.mid.gz
2024-03-06 17:22:38 Compressing file: run14481.mid
2024-03-06 17:28:39 File successfully compressed: run14481.mid.gz
2024-03-06 17:32:40 Compressing file: run14482.mid
2024-03-06 17:38:42 File successfully compressed: run14482.mid.gz
2024-03-06 17:45:44 Compressing file: run14483.mid
2024-03-06 17:51:45 File successfully compressed: run14483.mid.gz
2024-03-06 17:56:47 Compressing file: run14484.mid
2024-03-06 18:02:48 File successfully compressed: run14484.mid.gz
2024-03-06 18:08:50 Compressing file: run14485.mid
2024-03-06 18:15:22 File successfully compressed: run14485.mid.gz
2024-03-06 18:19:23 Compressing file: run14486.mid
2024-03-06 18:25:54 File successfully compressed: run14486.mid.gz
2024-03-06 18:30:26 Compressing file: run14487.mid
2024-03-06 18:36:57 File successfully compressed: run14487.mid.gz
2024-03-06 18:40:58 Compressing file: run14488.mid
2024-03-06 18:47:30 File successfully compressed: run14488.mid.gz
2024-03-06 18:51:01 Compressing file: run14489.mid
2024-03-06 18:57:33 File successfully compressed: run14489.mid.gz
2024-03-06 19:00:04 Compressing file: run14490.mid
2024-03-06 19:06:35 File successfully compressed: run14490.mid.gz
2024-03-06 19:12:07 Compressing file: run14491.mid
2024-03-06 19:18:39 File successfully compressed: run14491.mid.gz
2024-03-06 19:22:10 Compressing file: run14492.mid
2024-03-06 19:28:41 File successfully compressed: run14492.mid.gz
2024-03-06 19:31:42 Compressing file: run14493.mid
2024-03-06 19:38:44 File successfully compressed: run14493.mid.gz
2024-03-06 19:41:45 Compressing file: run14494.mid
2024-03-06 19:47:46 File successfully compressed: run14494.mid.gz
2024-03-11 14:38:56 Compressing file: run14502.mid
2024-03-11 14:43:27 File successfully compressed: run14502.mid.gz
2024-03-11 15:01:32 Compressing file: run14503.mid
2024-03-11 15:08:04 File successfully compressed: run14503.mid.gz
2024-03-11 15:09:34 Compressing file: run14504.mid
2024-03-11 15:16:06 File successfully compressed: run14504.mid.gz
2024-03-11 15:17:36 Compressing file: run14505.mid
2024-03-11 15:24:08 File successfully compressed: run14505.mid.gz
2024-03-11 15:28:09 Compressing file: run14506.mid
2024-03-11 15:34:41 File successfully compressed: run14506.mid.gz
2024-03-11 15:36:11 Compressing file: run14507.mid
2024-03-11 15:42:43 File successfully compressed: run14507.mid.gz
2024-03-11 15:44:44 Compressing file: run14508.mid
2024-03-11 15:51:16 File successfully compressed: run14508.mid.gz
2024-03-11 15:55:17 Compressing file: run14509.mid
2024-03-11 16:04:19 Compressing file: run14510.mid
2024-03-11 16:05:49 File successfully compressed: run14509.mid.gz
2024-03-11 16:11:51 Compressing file: run14511.mid
2024-03-11 16:16:22 File successfully compressed: run14510.mid.gz
2024-03-11 16:20:53 Compressing file: run14512.mid
2024-03-11 16:24:54 File successfully compressed: run14511.mid.gz
2024-03-11 16:28:25 Compressing file: run14513.mid
2024-03-11 16:34:27 File successfully compressed: run14512.mid.gz
2024-03-11 16:36:28 Compressing file: run14514.mid
2024-03-11 16:43:00 File successfully compressed: run14513.mid.gz
2024-03-11 16:46:00 Compressing file: run14515.mid
2024-03-11 16:52:02 File successfully compressed: run14514.mid.gz
2024-03-11 16:54:33 Compressing file: run14516.mid
2024-03-11 17:00:34 File successfully compressed: run14515.mid.gz
2024-03-11 17:02:35 Compressing file: run14517.mid
2024-03-11 17:07:06 File successfully compressed: run14516.mid.gz
2024-03-11 17:14:38 File successfully compressed: run14517.mid.gz
2024-03-11 17:15:08 Compressing file: run14518.mid
2024-03-11 17:24:11 File successfully compressed: run14518.mid.gz
2024-03-11 17:24:41 Compressing file: run14519.mid
2024-03-11 17:33:13 Compressing file: run14520.mid
2024-03-11 17:34:14 File successfully compressed: run14519.mid.gz
2024-03-11 17:42:16 File successfully compressed: run14520.mid.gz
2024-03-11 17:43:46 Compressing file: run14521.mid
2024-03-11 17:52:48 Compressing file: run14522.mid
2024-03-11 17:52:49 File successfully compressed: run14521.mid.gz
2024-03-11 18:01:51 Compressing file: run14523.mid
2024-03-11 18:02:21 File successfully compressed: run14522.mid.gz
2024-03-11 18:11:24 File successfully compressed: run14523.mid.gz
2024-03-11 18:12:24 Compressing file: run14524.mid
2024-03-11 18:20:26 Compressing file: run14525.mid
2024-03-11 18:22:27 File successfully compressed: run14524.mid.gz
2024-03-11 18:29:59 Compressing file: run14526.mid
2024-03-11 18:31:29 File successfully compressed: run14525.mid.gz
2024-03-11 18:39:31 Compressing file: run14527.mid
2024-03-11 18:42:02 File successfully compressed: run14526.mid.gz
2024-03-11 18:48:04 Compressing file: run14528.mid
2024-03-11 18:53:05 File successfully compressed: run14527.mid.gz
2024-03-11 18:56:36 Compressing file: run14529.mid
2024-03-11 19:02:08 File successfully compressed: run14528.mid.gz
2024-03-11 19:06:09 Compressing file: run14530.mid
2024-03-11 19:10:41 File successfully compressed: run14529.mid.gz
2024-03-11 19:14:42 Compressing file: run14531.mid
2024-03-11 19:20:13 File successfully compressed: run14530.mid.gz
2024-03-11 19:22:44 Compressing file: run14532.mid
2024-03-11 19:28:16 File successfully compressed: run14531.mid.gz
2024-03-11 19:35:17 Compressing file: run14533.mid
2024-03-11 19:36:48 File successfully compressed: run14532.mid.gz
2024-03-11 19:44:50 Compressing file: run14534.mid
2024-03-11 19:49:21 File successfully compressed: run14533.mid.gz
2024-03-11 19:54:23 Compressing file: run14535.mid
2024-03-11 19:58:54 File successfully compressed: run14534.mid.gz
2024-03-11 20:04:25 Compressing file: run14536.mid
2024-03-11 20:07:56 File successfully compressed: run14535.mid.gz
2024-03-11 20:13:28 Compressing file: run14537.mid
2024-03-11 20:16:59 File successfully compressed: run14536.mid.gz
2024-03-11 20:23:00 Compressing file: run14538.mid
2024-03-11 20:24:31 File successfully compressed: run14537.mid.gz
2024-03-11 20:33:03 Compressing file: run14539.mid
2024-03-11 20:33:33 File successfully compressed: run14538.mid.gz
2024-03-11 20:42:05 Compressing file: run14540.mid
2024-03-11 20:43:06 File successfully compressed: run14539.mid.gz
2024-03-11 20:51:08 Compressing file: run14541.mid
2024-03-11 20:53:39 File successfully compressed: run14540.mid.gz
2024-03-11 21:01:11 Compressing file: run14542.mid
2024-03-11 21:02:41 File successfully compressed: run14541.mid.gz
2024-03-11 21:10:13 Compressing file: run14543.mid
2024-03-11 21:14:45 File successfully compressed: run14542.mid.gz
2024-03-11 21:18:46 Compressing file: run14544.mid
2024-03-11 21:24:17 File successfully compressed: run14543.mid.gz
2024-03-11 21:28:48 Compressing file: run14545.mid
2024-03-11 21:34:20 File successfully compressed: run14544.mid.gz
2024-03-11 21:37:51 Compressing file: run14546.mid
2024-03-11 21:44:57 File successfully compressed: run14545.mid.gz
2024-03-11 21:46:57 Compressing file: run14547.mid
2024-03-11 21:53:29 File successfully compressed: run14546.mid.gz
2024-03-11 21:59:01 Compressing file: run14548.mid
2024-03-11 22:03:02 File successfully compressed: run14547.mid.gz
2024-03-11 22:08:34 Compressing file: run14549.mid
2024-03-11 22:16:06 File successfully compressed: run14548.mid.gz
2024-03-11 22:17:36 Compressing file: run14550.mid
2024-03-11 22:25:08 File successfully compressed: run14549.mid.gz
2024-03-11 22:27:39 Compressing file: run14551.mid
2024-03-11 22:34:41 File successfully compressed: run14550.mid.gz
2024-03-11 22:36:42 Compressing file: run14552.mid
2024-03-11 22:44:44 Compressing file: run14553.mid
2024-03-11 22:46:15 File successfully compressed: run14551.mid.gz
2024-03-11 22:54:47 Compressing file: run14554.mid
2024-03-11 22:57:48 File successfully compressed: run14552.mid.gz
2024-03-11 23:03:19 Compressing file: run14555.mid
2024-03-11 23:08:52 File successfully compressed: run14553.mid.gz
2024-03-11 23:11:53 Compressing file: run14556.mid
2024-03-11 23:21:26 File successfully compressed: run14554.mid.gz
2024-03-11 23:21:56 Compressing file: run14557.mid
2024-03-11 23:29:29 Compressing file: run14558.mid
2024-03-11 23:32:00 File successfully compressed: run14555.mid.gz
2024-03-11 23:37:31 Compressing file: run14559.mid
2024-03-11 23:42:02 File successfully compressed: run14556.mid.gz
2024-03-11 23:50:35 Compressing file: run14560.mid
2024-03-11 23:55:37 File successfully compressed: run14557.mid.gz
2024-03-12 00:04:39 File successfully compressed: run14558.mid.gz
2024-03-12 00:06:10 File successfully compressed: run14559.mid.gz
2024-03-12 00:09:10 Compressing file: run14561.mid
2024-03-12 00:12:11 File successfully compressed: run14560.mid.gz
2024-03-12 00:25:15 Compressing file: run14562.mid
2024-03-12 00:28:16 File successfully compressed: run14561.mid.gz
2024-03-12 00:37:49 Compressing file: run14563.mid
2024-03-12 00:40:50 File successfully compressed: run14562.mid.gz
2024-03-12 00:46:21 Compressing file: run14564.mid
2024-03-12 00:47:21 File successfully compressed: run14563.mid.gz
2024-03-12 00:52:53 File successfully compressed: run14564.mid.gz
2024-03-12 00:54:54 Compressing file: run14565.mid
2024-03-12 01:00:25 File successfully compressed: run14565.mid.gz
2024-03-12 01:04:26 Compressing file: run14566.mid
2024-03-12 01:10:28 File successfully compressed: run14566.mid.gz
2024-03-12 01:14:29 Compressing file: run14567.mid
2024-03-12 01:20:31 File successfully compressed: run14567.mid.gz
2024-03-12 01:23:02 Compressing file: run14568.mid
2024-03-12 01:29:03 File successfully compressed: run14568.mid.gz
2024-03-12 01:33:04 Compressing file: run14569.mid
2024-03-12 01:39:36 File successfully compressed: run14569.mid.gz
2024-03-12 01:41:07 Compressing file: run14570.mid
2024-03-12 01:47:39 File successfully compressed: run14570.mid.gz
2024-03-12 01:49:39 Compressing file: run14571.mid
2024-03-12 01:55:41 File successfully compressed: run14571.mid.gz
2024-03-12 01:59:12 Compressing file: run14572.mid
2024-03-12 02:06:14 File successfully compressed: run14572.mid.gz
2024-03-12 02:07:44 Compressing file: run14573.mid
2024-03-12 02:14:16 File successfully compressed: run14573.mid.gz
2024-03-12 02:16:17 Compressing file: run14574.mid
2024-03-12 02:22:48 File successfully compressed: run14574.mid.gz
2024-03-12 02:25:19 Compressing file: run14575.mid
2024-03-12 02:32:21 File successfully compressed: run14575.mid.gz
2024-03-12 02:33:51 Compressing file: run14576.mid
2024-03-12 02:41:54 File successfully compressed: run14576.mid.gz
2024-03-12 02:42:24 Compressing file: run14577.mid
 is not running
[fileCompressor,TALK] software alarm: Program cygnus_daq is not running
[fileCompressor,TALK] software alarm: Program cygnus_daq is not running
[fileCompressor,TALK] software alarm: Program cygnus_daq is not running
[fileCompressor,TALK] software alarm: Program cygnus_daq is not running
[fileCompressor,TALK] software alarm: Program cygnus_daq is not running
[fileCompressor,TALK] software alarm: Program cygnus_daq is not running
[fileCompressor,TALK] software alarm: Program cygnus_daq is not running
[fileCompressor,TALK] software alarm: Program cygnus_daq is not running
[fileCompressor,TALK] software alarm: Program cygnus_daq is not running
[fileCompressor,TALK] software alarm: Program cygnus_daq is not running
[fileCompressor,TALK] software alarm: Program cygnus_daq is not running
[fileCompressor,TALK] software alarm: Program cygnus_daq is not running
[fileCompressor,TALK] software alarm: Program cygnus_daq is not running
[fileCompressor,TALK] software alarm: Program cygnus_daq is not running
[fileCompressor,TALK] software alarm: Program cygnus_daq is not running
[fileCompressor,TALK] software alarm: Program cygnus_daq is not running
[fileCompressor,TALK] software alarm: Program cygnus_daq is not running
[fileCompressor,TALK] software alarm: Program cygnus_daq is not running
[fileCompressor,TALK] software alarm: Program cygnus_daq is not running
[fileCompressor,TALK] software alarm: Program cygnus_daq is not running
[fileCompressor,TALK] software alarm: Program cygnus_daq is not running
[fileCompressor,TALK] software alarm: Program cygnus_daq is not running
[fileCompressor,TALK] software alarm: Program cygnus_daq is not running
[fileCompressor,TALK] software alarm: Program cygnus_daq is not running
[fileCompressor,TALK] software alarm: Program cygnus_daq is not running
[fileCompressor,TALK] software alarm: Program cygnus_daq is not running
[fileCompressor,TALK] software alarm: Program cygnus_daq is not running
[fileCompressor,TALK] software alarm: Program cygnus_daq is not running
[fileCompressor,TALK] software alarm: Program cygnus_daq is not running
[fileCompressor,TALK] software alarm: Program cygnus_daq is not running
[fileCompressor,TALK] software alarm: Program cygnus_daq is not running
[fileCompressor,TALK] software alarm: Program cygnus_daq is not running
[fileCompressor,TALK] software alarm: Program cygnus_daq is not running
[fileCompressor,TALK] software alarm: Program cygnus_daq is not running
[fileCompressor,TALK] software alarm: Program cygnus_daq is not running
[fileCompressor,TALK] software alarm: Program cygnus_daq is not running
[fileCompressor,TALK] software alarm: Program cygnus_daq is not running
[fileCompressor,TALK] software alarm: Program cygnus_daq is not running
[fileCompressor,TALK] software alarm: Program cygnus_daq is not running
[fileCompressor,TALK] software alarm: Program cygnus_daq is not running
[fileCompressor,TALK] software alarm: Program cygnus_daq is not running
[fileCompressor,TALK] software alarm: Program cygnus_daq is not running
[fileCompressor,TALK] software alarm: Program cygnus_daq is not running
[fileCompressor,TALK] software alarm: Program cygnus_daq is not running
[fileCompressor,TALK] software alarm: Program cygnus_daq is not running
[fileCompressor,TALK] software alarm: Program cygnus_daq is not running
[fileCompressor,TALK] software alarm: Program cygnus_daq is not running
[fileCompressor,TALK] software alarm: Program cygnus_daq is not running
[fileCompressor,TALK] software alarm: Program cygnus_daq is not running
[fileCompressor,TALK] software alarm: Program cygnus_daq is not running
[fileCompressor,TALK] software alarm: Program cygnus_daq is not running
[fileCompressor,TALK] software alarm: Program cygnus_daq is not running
[fileCompressor,TALK] software alarm: Program cygnus_daq is not running
[fileCompressor,TALK] software alarm: Program cygnus_daq is not running
[fileCompressor,TALK] software alarm: Program cygnus_daq is not running
[fileCompressor,TALK] software alarm: Program cygnus_daq is not running
[fileCompressor,TALK] software alarm: Program cy