2024-09-03 16:09:36 Compressing file: run18898.mid
2024-09-03 16:13:07 File successfully compressed: run18898.mid.gz
2024-09-03 16:18:38 Compressing file: run18899.mid
2024-09-03 16:22:09 File successfully compressed: run18899.mid.gz
2024-09-03 16:48:16 Compressing file: run18901.mid
2024-09-03 16:51:17 Compressing file: run18902.mid
2024-09-03 16:54:18 Compressing file: run18903.mid
2024-09-03 16:55:48 File successfully compressed: run18901.mid.gz
2024-09-03 16:57:19 Compressing file: run18904.mid
2024-09-03 16:58:49 File successfully compressed: run18902.mid.gz
2024-09-03 17:00:19 Compressing file: run18905.mid
2024-09-03 17:01:50 File successfully compressed: run18903.mid.gz
2024-09-03 17:04:51 File successfully compressed: run18904.mid.gz
2024-09-03 17:05:21 Compressing file: run18906.mid
2024-09-03 17:07:52 File successfully compressed: run18905.mid.gz
2024-09-03 17:08:22 Compressing file: run18907.mid
2024-09-03 17:10:53 Compressing file: run18908.mid
2024-09-03 17:12:53 File successfully compressed: run18906.mid.gz
2024-09-03 17:13:53 Compressing file: run18909.mid
2024-09-03 17:16:24 File successfully compressed: run18907.mid.gz
2024-09-03 17:18:56 File successfully compressed: run18908.mid.gz
2024-09-03 17:21:57 File successfully compressed: run18909.mid.gz
2024-09-03 17:25:58 Compressing file: run18913.mid
2024-09-03 17:28:59 Compressing file: run18914.mid
2024-09-03 17:31:59 Compressing file: run18915.mid
2024-09-03 17:34:00 File successfully compressed: run18913.mid.gz
2024-09-03 17:34:30 Compressing file: run18916.mid
2024-09-03 17:37:01 File successfully compressed: run18914.mid.gz
2024-09-03 17:39:32 Compressing file: run18917.mid
2024-09-03 17:40:02 File successfully compressed: run18915.mid.gz
2024-09-03 17:42:33 Compressing file: run18918.mid
2024-09-03 17:42:33 File successfully compressed: run18916.mid.gz
2024-09-03 17:45:34 Compressing file: run18919.mid
2024-09-03 17:47:34 File successfully compressed: run18917.mid.gz
2024-09-03 17:48:35 Compressing file: run18920.mid
2024-09-03 17:50:35 File successfully compressed: run18918.mid.gz
2024-09-03 17:53:06 Compressing file: run18921.mid
2024-09-03 17:53:36 File successfully compressed: run18919.mid.gz
2024-09-03 17:56:07 Compressing file: run18922.mid
2024-09-03 17:56:37 File successfully compressed: run18920.mid.gz
2024-09-03 17:59:38 Compressing file: run18923.mid
2024-09-03 18:01:08 File successfully compressed: run18921.mid.gz
2024-09-03 18:02:39 Compressing file: run18924.mid
2024-09-03 18:04:09 File successfully compressed: run18922.mid.gz
2024-09-03 18:07:40 File successfully compressed: run18923.mid.gz
2024-09-03 18:10:11 File successfully compressed: run18924.mid.gz
2024-09-03 18:28:16 Compressing file: run18925.mid
2024-09-03 18:35:48 File successfully compressed: run18925.mid.gz
2024-09-03 18:50:52 Compressing file: run18926.mid
2024-09-03 18:58:24 File successfully compressed: run18926.mid.gz
2024-09-03 19:13:58 Compressing file: run18927.mid
2024-09-03 19:22:00 File successfully compressed: run18927.mid.gz
2024-09-03 19:37:04 Compressing file: run18928.mid
2024-09-03 19:44:36 File successfully compressed: run18928.mid.gz
2024-09-03 20:00:11 Compressing file: run18929.mid
2024-09-03 20:07:43 File successfully compressed: run18929.mid.gz
2024-09-03 20:23:17 Compressing file: run18930.mid
2024-09-03 20:30:49 File successfully compressed: run18930.mid.gz
2024-09-03 20:45:53 Compressing file: run18931.mid
2024-09-03 20:53:25 File successfully compressed: run18931.mid.gz
2024-09-03 21:08:59 Compressing file: run18932.mid
2024-09-03 21:16:31 File successfully compressed: run18932.mid.gz
2024-09-03 21:32:05 Compressing file: run18933.mid
2024-09-03 21:39:37 File successfully compressed: run18933.mid.gz
2024-09-03 21:54:42 Compressing file: run18934.mid
2024-09-03 22:02:14 File successfully compressed: run18934.mid.gz
2024-09-03 22:17:18 Compressing file: run18935.mid
2024-09-03 22:24:50 File successfully compressed: run18935.mid.gz
2024-09-03 22:40:24 Compressing file: run18936.mid
2024-09-03 22:47:56 File successfully compressed: run18936.mid.gz
2024-09-03 23:03:30 Compressing file: run18937.mid
2024-09-03 23:11:02 File successfully compressed: run18937.mid.gz
2024-09-03 23:26:06 Compressing file: run18938.mid
2024-09-03 23:33:38 File successfully compressed: run18938.mid.gz
2024-09-03 23:49:13 Compressing file: run18939.mid
2024-09-03 23:56:45 File successfully compressed: run18939.mid.gz
2024-09-04 00:12:19 Compressing file: run18940.mid
2024-09-04 00:19:51 File successfully compressed: run18940.mid.gz
2024-09-04 00:34:55 Compressing file: run18941.mid
2024-09-04 00:42:27 File successfully compressed: run18941.mid.gz
2024-09-04 00:58:01 Compressing file: run18942.mid
2024-09-04 01:05:33 File successfully compressed: run18942.mid.gz
2024-09-04 01:21:07 Compressing file: run18943.mid
2024-09-04 01:28:39 File successfully compressed: run18943.mid.gz
2024-09-04 01:43:43 Compressing file: run18944.mid
2024-09-04 01:51:15 File successfully compressed: run18944.mid.gz
2024-09-04 02:06:50 Compressing file: run18945.mid
2024-09-04 02:14:22 File successfully compressed: run18945.mid.gz
2024-09-04 02:29:56 Compressing file: run18946.mid
2024-09-04 02:37:28 File successfully compressed: run18946.mid.gz
2024-09-04 02:52:32 Compressing file: run18947.mid
2024-09-04 03:00:04 File successfully compressed: run18947.mid.gz
2024-09-04 03:15:38 Compressing file: run18948.mid
2024-09-04 03:23:10 File successfully compressed: run18948.mid.gz
2024-09-04 03:38:45 Compressing file: run18949.mid
2024-09-04 03:46:17 File successfully compressed: run18949.mid.gz
2024-09-04 04:01:21 Compressing file: run18950.mid
2024-09-04 04:08:53 File successfully compressed: run18950.mid.gz
2024-09-04 04:24:27 Compressing file: run18951.mid
2024-09-04 04:31:59 File successfully compressed: run18951.mid.gz
2024-09-04 04:47:33 Compressing file: run18952.mid
2024-09-04 04:55:06 File successfully compressed: run18952.mid.gz
2024-09-04 05:10:10 Compressing file: run18953.mid
2024-09-04 05:17:42 File successfully compressed: run18953.mid.gz
2024-09-04 05:33:16 Compressing file: run18954.mid
2024-09-04 05:40:48 File successfully compressed: run18954.mid.gz
2024-09-04 05:56:22 Compressing file: run18955.mid
2024-09-04 06:03:54 File successfully compressed: run18955.mid.gz
2024-09-04 06:19:28 Compressing file: run18956.mid
2024-09-04 06:27:01 File successfully compressed: run18956.mid.gz
2024-09-04 06:42:05 Compressing file: run18957.mid
2024-09-04 06:49:37 File successfully compressed: run18957.mid.gz
2024-09-04 07:05:11 Compressing file: run18958.mid
2024-09-04 07:12:43 File successfully compressed: run18958.mid.gz
2024-09-04 07:28:17 Compressing file: run18959.mid
2024-09-04 07:35:49 File successfully compressed: run18959.mid.gz
2024-09-04 07:50:53 Compressing file: run18960.mid
2024-09-04 07:58:25 File successfully compressed: run18960.mid.gz
2024-09-04 08:14:00 Compressing file: run18961.mid
2024-09-04 08:21:32 File successfully compressed: run18961.mid.gz
2024-09-04 08:37:06 Compressing file: run18962.mid
2024-09-04 08:44:38 File successfully compressed: run18962.mid.gz
2024-09-04 08:59:42 Compressing file: run18963.mid
2024-09-04 09:07:14 File successfully compressed: run18963.mid.gz
2024-09-04 09:22:49 Compressing file: run18964.mid
2024-09-04 09:30:21 File successfully compressed: run18964.mid.gz
2024-09-04 09:50:57 Compressing file: run18966.mid
2024-09-04 09:54:58 File successfully compressed: run18966.mid.gz
2024-09-04 09:59:59 Compressing file: run18967.mid
2024-09-04 10:03:00 Compressing file: run18968.mid
2024-09-04 10:05:31 Compressing file: run18969.mid
2024-09-04 10:08:02 File successfully compressed: run18967.mid.gz
2024-09-04 10:08:32 Compressing file: run18970.mid
2024-09-04 10:11:02 File successfully compressed: run18968.mid.gz
2024-09-04 10:12:33 Compressing file: run18971.mid
2024-09-04 10:13:33 File successfully compressed: run18969.mid.gz
2024-09-04 10:15:34 Compressing file: run18972.mid
2024-09-04 10:16:34 File successfully compressed: run18970.mid.gz
2024-09-04 10:18:35 Compressing file: run18973.mid
2024-09-04 10:20:35 File successfully compressed: run18971.mid.gz
2024-09-05 07:54:13 Compressing file: run19008.mid
2024-09-05 08:01:45 File successfully compressed: run19008.mid.gz
2024-09-05 08:17:20 Compressing file: run19009.mid
2024-09-05 08:24:52 File successfully compressed: run19009.mid.gz
2024-09-05 08:39:57 Compressing file: run19010.mid
2024-09-05 08:47:29 File successfully compressed: run19010.mid.gz
2024-09-05 09:03:04 Compressing file: run19011.mid
2024-09-05 09:10:36 File successfully compressed: run19011.mid.gz
2024-09-05 09:26:11 Compressing file: run19012.mid
2024-09-05 09:33:43 File successfully compressed: run19012.mid.gz
2024-09-05 09:49:18 Compressing file: run19013.mid
2024-09-05 09:56:50 File successfully compressed: run19013.mid.gz
2024-09-05 10:12:25 Compressing file: run19014.mid
2024-09-05 10:19:57 File successfully compressed: run19014.mid.gz
2024-09-05 10:35:32 Compressing file: run19015.mid
2024-09-05 10:43:04 File successfully compressed: run19015.mid.gz
2024-09-05 10:58:09 Compressing file: run19016.mid
2024-09-05 11:05:41 File successfully compressed: run19016.mid.gz
2024-09-05 11:21:16 Compressing file: run19017.mid
2024-09-05 11:28:48 File successfully compressed: run19017.mid.gz
2024-09-05 11:44:23 Compressing file: run19018.mid
2024-09-05 11:51:56 File successfully compressed: run19018.mid.gz
2024-09-05 12:07:31 Compressing file: run19019.mid
2024-09-05 12:15:03 File successfully compressed: run19019.mid.gz
2024-09-05 12:30:38 Compressing file: run19020.mid
2024-09-05 12:38:10 File successfully compressed: run19020.mid.gz
2024-09-05 12:53:45 Compressing file: run19021.mid
2024-09-05 13:01:17 File successfully compressed: run19021.mid.gz
2024-09-05 13:16:52 Compressing file: run19022.mid
2024-09-05 13:24:24 File successfully compressed: run19022.mid.gz
2024-09-05 13:39:29 Compressing file: run19023.mid
2024-09-05 13:47:01 File successfully compressed: run19023.mid.gz
2024-09-05 14:02:36 Compressing file: run19024.mid
2024-09-05 14:10:38 File successfully compressed: run19024.mid.gz
2024-09-05 14:25:43 Compressing file: run19025.mid
2024-09-05 14:33:15 File successfully compressed: run19025.mid.gz
2024-09-05 14:48:50 Compressing file: run19026.mid
2024-09-05 14:56:53 File successfully compressed: run19026.mid.gz
2024-09-05 15:11:57 Compressing file: run19027.mid
2024-09-05 15:20:00 File successfully compressed: run19027.mid.gz
2024-09-05 15:35:05 Compressing file: run19028.mid
2024-09-05 15:42:37 File successfully compressed: run19028.mid.gz
2024-09-05 15:57:42 Compressing file: run19029.mid
2024-09-05 16:05:14 File successfully compressed: run19029.mid.gz
2024-09-05 16:20:49 Compressing file: run19030.mid
2024-09-05 16:28:21 File successfully compressed: run19030.mid.gz
2024-09-05 16:43:56 Compressing file: run19031.mid
2024-09-05 16:51:28 File successfully compressed: run19031.mid.gz
2024-09-05 17:07:03 Compressing file: run19032.mid
2024-09-05 17:15:06 File successfully compressed: run19032.mid.gz
2024-09-05 17:30:10 Compressing file: run19033.mid
2024-09-05 17:37:43 File successfully compressed: run19033.mid.gz
2024-09-05 17:52:47 Compressing file: run19034.mid
2024-09-05 18:00:50 File successfully compressed: run19034.mid.gz
2024-09-05 18:15:55 Compressing file: run19035.mid
2024-09-05 18:23:27 File successfully compressed: run19035.mid.gz
2024-09-05 18:39:02 Compressing file: run19036.mid
2024-09-05 18:46:34 File successfully compressed: run19036.mid.gz
2024-09-05 19:02:09 Compressing file: run19037.mid
2024-09-05 19:09:41 File successfully compressed: run19037.mid.gz
2024-09-05 19:25:16 Compressing file: run19038.mid
2024-09-05 19:32:49 File successfully compressed: run19038.mid.gz
2024-09-05 19:48:24 Compressing file: run19039.mid
2024-09-05 19:55:56 File successfully compressed: run19039.mid.gz
2024-09-05 20:11:01 Compressing file: run19040.mid
2024-09-05 20:18:33 File successfully compressed: run19040.mid.gz
2024-09-05 20:34:08 Compressing file: run19041.mid
2024-09-05 20:41:40 File successfully compressed: run19041.mid.gz
2024-09-05 20:57:15 Compressing file: run19042.mid
2024-09-05 21:04:48 File successfully compressed: run19042.mid.gz
2024-09-05 21:20:23 Compressing file: run19043.mid
2024-09-05 21:27:55 File successfully compressed: run19043.mid.gz
2024-09-05 21:43:30 Compressing file: run19044.mid
2024-09-05 21:51:02 File successfully compressed: run19044.mid.gz
2024-09-05 22:06:37 Compressing file: run19045.mid
2024-09-05 22:14:09 File successfully compressed: run19045.mid.gz
2024-09-05 22:29:14 Compressing file: run19046.mid
2024-09-05 22:36:46 File successfully compressed: run19046.mid.gz
2024-09-05 22:52:21 Compressing file: run19047.mid
2024-09-05 22:59:54 File successfully compressed: run19047.mid.gz
2024-09-05 23:15:29 Compressing file: run19048.mid
2024-09-05 23:23:01 File successfully compressed: run19048.mid.gz
2024-09-05 23:38:36 Compressing file: run19049.mid
2024-09-05 23:46:08 File successfully compressed: run19049.mid.gz
2024-09-06 00:01:43 Compressing file: run19050.mid
2024-09-06 00:09:46 File successfully compressed: run19050.mid.gz
2024-09-06 00:24:21 Compressing file: run19051.mid
2024-09-06 00:32:23 File successfully compressed: run19051.mid.gz
2024-09-06 00:47:28 Compressing file: run19052.mid
2024-09-06 00:55:00 File successfully compressed: run19052.mid.gz
2024-09-06 01:10:35 Compressing file: run19053.mid
2024-09-06 01:18:08 File successfully compressed: run19053.mid.gz
2024-09-06 01:33:43 Compressing file: run19054.mid
2024-09-06 01:41:15 File successfully compressed: run19054.mid.gz
2024-09-06 01:56:50 Compressing file: run19055.mid
2024-09-06 02:04:22 File successfully compressed: run19055.mid.gz
2024-09-06 02:19:27 Compressing file: run19056.mid
2024-09-06 02:26:59 File successfully compressed: run19056.mid.gz
2024-09-06 02:42:34 Compressing file: run19057.mid
2024-09-06 02:50:07 File successfully compressed: run19057.mid.gz
2024-09-06 03:05:42 Compressing file: run19058.mid
2024-09-06 03:13:14 File successfully compressed: run19058.mid.gz
2024-09-06 03:28:19 Compressing file: run19059.mid
2024-09-06 03:35:51 File successfully compressed: run19059.mid.gz
2024-09-06 03:51:26 Compressing file: run19060.mid
2024-09-06 03:58:59 File successfully compressed: run19060.mid.gz
2024-09-06 04:14:34 Compressing file: run19061.mid
2024-09-06 04:22:06 File successfully compressed: run19061.mid.gz
2024-09-06 04:37:11 Compressing file: run19062.mid
2024-09-06 04:44:43 File successfully compressed: run19062.mid.gz
2024-09-06 05:00:19 Compressing file: run19063.mid
2024-09-06 05:07:51 File successfully compressed: run19063.mid.gz
2024-09-06 05:23:26 Compressing file: run19064.mid
2024-09-06 05:30:58 File successfully compressed: run19064.mid.gz
2024-09-06 05:46:03 Compressing file: run19065.mid
2024-09-06 05:53:36 File successfully compressed: run19065.mid.gz
2024-09-06 06:09:11 Compressing file: run19066.mid
2024-09-06 06:16:43 File successfully compressed: run19066.mid.gz
2024-09-06 06:32:18 Compressing file: run19067.mid
2024-09-06 06:39:50 File successfully compressed: run19067.mid.gz
2024-09-06 06:54:55 Compressing file: run19068.mid
2024-09-06 07:02:28 File successfully compressed: run19068.mid.gz
2024-09-06 07:18:03 Compressing file: run19069.mid
2024-09-06 07:25:35 File successfully compressed: run19069.mid.gz
2024-09-06 07:41:10 Compressing file: run19070.mid
2024-09-06 07:48:43 File successfully compressed: run19070.mid.gz
2024-09-06 08:03:48 Compressing file: run19071.mid
2024-09-06 08:11:20 File successfully compressed: run19071.mid.gz
2024-09-06 08:26:55 Compressing file: run19072.mid
2024-09-06 08:34:28 File successfully compressed: run19072.mid.gz
2024-09-06 08:50:03 Compressing file: run19073.mid
2024-09-06 08:57:35 File successfully compressed: run19073.mid.gz
2024-09-06 09:20:13 Compressing file: run19074.mid
2024-09-06 09:27:45 File successfully compressed: run19074.mid.gz
2024-09-06 09:42:50 Compressing file: run19075.mid
2024-09-06 09:50:22 File successfully compressed: run19075.mid.gz
2024-09-06 10:05:57 Compressing file: run19076.mid
2024-09-06 10:13:30 File successfully compressed: run19076.mid.gz
2024-09-06 10:29:05 Compressing file: run19077.mid
2024-09-06 10:36:37 File successfully compressed: run19077.mid.gz
2024-09-06 10:52:12 Compressing file: run19078.mid
2024-09-06 10:59:45 File successfully compressed: run19078.mid.gz
2024-09-06 11:15:20 Compressing file: run19079.mid
2024-09-06 11:22:52 File successfully compressed: run19079.mid.gz
2024-09-06 11:38:27 Compressing file: run19080.mid
2024-09-06 11:45:59 File successfully compressed: run19080.mid.gz
2024-09-06 12:01:04 Compressing file: run19081.mid
2024-09-06 12:08:37 File successfully compressed: run19081.mid.gz
2024-09-06 12:24:12 Compressing file: run19082.mid
2024-09-06 12:31:44 File successfully compressed: run19082.mid.gz
2024-09-06 12:47:19 Compressing file: run19083.mid
2024-09-06 12:54:52 File successfully compressed: run19083.mid.gz
2024-09-06 13:10:27 Compressing file: run19084.mid
2024-09-06 13:17:59 File successfully compressed: run19084.mid.gz
2024-09-06 13:33:35 Compressing file: run19085.mid
2024-09-06 13:41:37 File successfully compressed: run19085.mid.gz
2024-09-06 13:56:12 Compressing file: run19086.mid
2024-09-06 14:03:44 File successfully compressed: run19086.mid.gz
2024-09-06 14:19:20 Compressing file: run19087.mid
2024-09-06 14:26:52 File successfully compressed: run19087.mid.gz
2024-09-06 14:42:27 Compressing file: run19088.mid
2024-09-06 14:49:59 File successfully compressed: run19088.mid.gz
2024-09-06 15:05:35 Compressing file: run19089.mid
2024-09-06 15:13:07 File successfully compressed: run19089.mid.gz
2024-09-06 15:28:12 Compressing file: run19090.mid
2024-09-06 15:35:45 File successfully compressed: run19090.mid.gz
2024-09-06 15:51:20 Compressing file: run19091.mid
2024-09-06 15:58:52 File successfully compressed: run19091.mid.gz
2024-09-06 16:14:27 Compressing file: run19092.mid
2024-09-06 16:22:30 File successfully compressed: run19092.mid.gz
2024-09-06 16:37:35 Compressing file: run19093.mid
2024-09-06 16:45:07 File successfully compressed: run19093.mid.gz
2024-09-06 17:00:42 Compressing file: run19094.mid
2024-09-06 17:08:15 File successfully compressed: run19094.mid.gz
2024-09-06 17:23:50 Compressing file: run19095.mid
2024-09-06 17:31:23 File successfully compressed: run19095.mid.gz
2024-09-06 17:46:28 Compressing file: run19096.mid
2024-09-06 17:54:00 File successfully compressed: run19096.mid.gz
2024-09-06 18:09:35 Compressing file: run19097.mid
2024-09-06 18:17:08 File successfully compressed: run19097.mid.gz
2024-09-06 18:32:43 Compressing file: run19098.mid
2024-09-06 18:40:15 File successfully compressed: run19098.mid.gz
2024-09-06 18:55:50 Compressing file: run19099.mid
2024-09-06 19:03:23 File successfully compressed: run19099.mid.gz
2024-09-06 19:18:58 Compressing file: run19100.mid
2024-09-06 19:26:30 File successfully compressed: run19100.mid.gz
2024-09-06 19:41:35 Compressing file: run19101.mid
2024-09-06 19:49:08 File successfully compressed: run19101.mid.gz
2024-09-06 20:04:43 Compressing file: run19102.mid
2024-09-06 20:12:15 File successfully compressed: run19102.mid.gz
2024-09-06 20:27:51 Compressing file: run19103.mid
2024-09-06 20:35:23 File successfully compressed: run19103.mid.gz
2024-09-06 20:50:28 Compressing file: run19104.mid
2024-09-06 20:58:00 File successfully compressed: run19104.mid.gz
2024-09-06 21:13:36 Compressing file: run19105.mid
2024-09-06 21:21:08 File successfully compressed: run19105.mid.gz
2024-09-06 21:36:44 Compressing file: run19106.mid
2024-09-06 21:44:16 File successfully compressed: run19106.mid.gz
2024-09-06 21:59:21 Compressing file: run19107.mid
2024-09-06 22:06:53 File successfully compressed: run19107.mid.gz
2024-09-06 22:22:29 Compressing file: run19108.mid
2024-09-06 22:30:01 File successfully compressed: run19108.mid.gz
2024-09-06 22:45:36 Compressing file: run19109.mid
2024-09-06 22:53:09 File successfully compressed: run19109.mid.gz
2024-09-06 23:08:14 Compressing file: run19110.mid
2024-09-06 23:15:46 File successfully compressed: run19110.mid.gz
2024-09-06 23:31:22 Compressing file: run19111.mid
2024-09-06 23:38:54 File successfully compressed: run19111.mid.gz
2024-09-06 23:53:59 Compressing file: run19112.mid
2024-09-07 00:01:32 File successfully compressed: run19112.mid.gz
2024-09-07 00:17:07 Compressing file: run19113.mid
2024-09-07 00:24:39 File successfully compressed: run19113.mid.gz
2024-09-07 00:40:15 Compressing file: run19114.mid
2024-09-07 00:47:47 File successfully compressed: run19114.mid.gz
2024-09-07 01:02:52 Compressing file: run19115.mid
2024-09-07 01:10:25 File successfully compressed: run19115.mid.gz
2024-09-07 01:26:00 Compressing file: run19116.mid
2024-09-07 01:33:32 File successfully compressed: run19116.mid.gz
2024-09-07 01:49:08 Compressing file: run19117.mid
2024-09-07 01:56:40 File successfully compressed: run19117.mid.gz
2024-09-07 02:11:45 Compressing file: run19118.mid
2024-09-07 02:19:18 File successfully compressed: run19118.mid.gz
2024-09-07 02:34:53 Compressing file: run19119.mid
2024-09-07 02:42:25 File successfully compressed: run19119.mid.gz
2024-09-07 02:58:01 Compressing file: run19120.mid
2024-09-07 03:05:33 File successfully compressed: run19120.mid.gz
2024-09-07 03:20:38 Compressing file: run19121.mid
2024-09-07 03:28:11 File successfully compressed: run19121.mid.gz
2024-09-07 03:43:46 Compressing file: run19122.mid
2024-09-07 03:51:18 File successfully compressed: run19122.mid.gz
2024-09-07 04:06:54 Compressing file: run19123.mid
2024-09-07 04:14:26 File successfully compressed: run19123.mid.gz
2024-09-07 04:29:31 Compressing file: run19124.mid
2024-09-07 04:37:04 File successfully compressed: run19124.mid.gz
2024-09-07 04:52:39 Compressing file: run19125.mid
2024-09-07 05:00:12 File successfully compressed: run19125.mid.gz
2024-09-07 05:15:47 Compressing file: run19126.mid
2024-09-07 05:23:19 File successfully compressed: run19126.mid.gz
2024-09-07 05:38:25 Compressing file: run19127.mid
2024-09-07 05:45:57 File successfully compressed: run19127.mid.gz
2024-09-07 06:01:32 Compressing file: run19128.mid
2024-09-07 06:09:05 File successfully compressed: run19128.mid.gz
2024-09-07 06:24:10 Compressing file: run19129.mid
2024-09-07 06:31:43 File successfully compressed: run19129.mid.gz
2024-09-07 06:47:18 Compressing file: run19130.mid
2024-09-07 06:54:50 File successfully compressed: run19130.mid.gz
2024-09-07 07:10:26 Compressing file: run19131.mid
2024-09-07 07:17:58 File successfully compressed: run19131.mid.gz
2024-09-07 07:33:04 Compressing file: run19132.mid
2024-09-07 07:40:36 File successfully compressed: run19132.mid.gz
2024-09-07 07:56:12 Compressing file: run19133.mid
2024-09-07 08:03:44 File successfully compressed: run19133.mid.gz
2024-09-07 08:19:19 Compressing file: run19134.mid
2024-09-07 08:26:52 File successfully compressed: run19134.mid.gz
2024-09-07 08:41:57 Compressing file: run19135.mid
2024-09-07 08:49:30 File successfully compressed: run19135.mid.gz
2024-09-07 09:05:05 Compressing file: run19136.mid
2024-09-07 09:12:38 File successfully compressed: run19136.mid.gz
2024-09-07 09:30:14 Compressing file: run19137.mid
2024-09-07 09:37:46 File successfully compressed: run19137.mid.gz
2024-09-07 09:55:53 Compressing file: run19138.mid
2024-09-07 10:03:25 File successfully compressed: run19138.mid.gz
2024-09-07 10:19:00 Compressing file: run19139.mid
2024-09-07 10:26:33 File successfully compressed: run19139.mid.gz
2024-09-07 10:42:09 Compressing file: run19140.mid
2024-09-07 10:49:41 File successfully compressed: run19140.mid.gz
2024-09-07 11:05:16 Compressing file: run19141.mid
2024-09-07 11:12:49 File successfully compressed: run19141.mid.gz
2024-09-07 11:28:25 Compressing file: run19142.mid
2024-09-07 11:35:57 File successfully compressed: run19142.mid.gz
2024-09-07 11:51:02 Compressing file: run19143.mid
2024-09-07 11:58:35 File successfully compressed: run19143.mid.gz
2024-09-07 12:14:10 Compressing file: run19144.mid
2024-09-07 12:21:43 File successfully compressed: run19144.mid.gz
2024-09-07 12:37:18 Compressing file: run19145.mid
2024-09-07 12:44:51 File successfully compressed: run19145.mid.gz
2024-09-07 12:59:56 Compressing file: run19146.mid
2024-09-07 13:07:28 File successfully compressed: run19146.mid.gz
2024-09-07 13:23:04 Compressing file: run19147.mid
2024-09-07 13:30:36 File successfully compressed: run19147.mid.gz
2024-09-07 13:46:12 Compressing file: run19148.mid
2024-09-07 13:53:44 File successfully compressed: run19148.mid.gz
2024-09-07 14:08:50 Compressing file: run19149.mid
2024-09-07 14:16:22 File successfully compressed: run19149.mid.gz
2024-09-07 14:31:58 Compressing file: run19150.mid
2024-09-07 14:39:30 File successfully compressed: run19150.mid.gz
2024-09-07 14:55:06 Compressing file: run19151.mid
2024-09-07 15:02:38 File successfully compressed: run19151.mid.gz
2024-09-07 15:17:43 Compressing file: run19152.mid
2024-09-07 15:25:16 File successfully compressed: run19152.mid.gz
2024-09-07 15:40:51 Compressing file: run19153.mid
2024-09-07 15:48:24 File successfully compressed: run19153.mid.gz
2024-09-07 16:03:29 Compressing file: run19154.mid
2024-09-07 16:11:01 File successfully compressed: run19154.mid.gz
2024-09-07 16:26:37 Compressing file: run19155.mid
2024-09-07 16:34:09 File successfully compressed: run19155.mid.gz
2024-09-07 16:49:45 Compressing file: run19156.mid
2024-09-07 16:57:17 File successfully compressed: run19156.mid.gz
2024-09-07 17:12:23 Compressing file: run19157.mid
2024-09-07 17:19:55 File successfully compressed: run19157.mid.gz
2024-09-07 17:35:31 Compressing file: run19158.mid
2024-09-07 17:43:03 File successfully compressed: run19158.mid.gz
2024-09-07 17:58:39 Compressing file: run19159.mid
2024-09-07 18:06:11 File successfully compressed: run19159.mid.gz
2024-09-07 18:21:17 Compressing file: run19160.mid
2024-09-07 18:28:49 File successfully compressed: run19160.mid.gz
2024-09-07 18:44:25 Compressing file: run19161.mid
2024-09-07 18:51:57 File successfully compressed: run19161.mid.gz
2024-09-07 19:07:33 Compressing file: run19162.mid
2024-09-07 19:15:05 File successfully compressed: run19162.mid.gz
2024-09-07 19:30:10 Compressing file: run19163.mid
2024-09-07 19:37:43 File successfully compressed: run19163.mid.gz
2024-09-07 19:53:18 Compressing file: run19164.mid
2024-09-07 20:00:51 File successfully compressed: run19164.mid.gz
2024-09-07 20:15:56 Compressing file: run19165.mid
2024-09-07 20:23:29 File successfully compressed: run19165.mid.gz
2024-09-07 20:39:04 Compressing file: run19166.mid
2024-09-07 20:46:37 File successfully compressed: run19166.mid.gz
2024-09-07 21:02:12 Compressing file: run19167.mid
2024-09-07 21:09:45 File successfully compressed: run19167.mid.gz
2024-09-07 21:24:50 Compressing file: run19168.mid
2024-09-07 21:32:23 File successfully compressed: run19168.mid.gz
2024-09-07 21:47:58 Compressing file: run19169.mid
2024-09-07 21:55:31 File successfully compressed: run19169.mid.gz
2024-09-07 22:11:07 Compressing file: run19170.mid
2024-09-07 22:18:39 File successfully compressed: run19170.mid.gz
2024-09-07 22:33:45 Compressing file: run19171.mid
2024-09-07 22:41:17 File successfully compressed: run19171.mid.gz
2024-09-07 22:56:53 Compressing file: run19172.mid
2024-09-07 23:04:25 File successfully compressed: run19172.mid.gz
2024-09-07 23:20:01 Compressing file: run19173.mid
2024-09-07 23:27:33 File successfully compressed: run19173.mid.gz
2024-09-07 23:42:39 Compressing file: run19174.mid
2024-09-07 23:50:11 File successfully compressed: run19174.mid.gz
2024-09-08 00:05:47 Compressing file: run19175.mid
2024-09-08 00:13:19 File successfully compressed: run19175.mid.gz
2024-09-08 00:28:25 Compressing file: run19176.mid
2024-09-08 00:35:57 File successfully compressed: run19176.mid.gz
2024-09-08 00:51:33 Compressing file: run19177.mid
2024-09-08 00:59:05 File successfully compressed: run19177.mid.gz
2024-09-08 01:14:41 Compressing file: run19178.mid
2024-09-08 01:22:14 File successfully compressed: run19178.mid.gz
2024-09-08 01:37:19 Compressing file: run19179.mid
2024-09-08 01:44:52 File successfully compressed: run19179.mid.gz
2024-09-08 02:00:27 Compressing file: run19180.mid
2024-09-08 02:08:00 File successfully compressed: run19180.mid.gz
2024-09-08 02:23:35 Compressing file: run19181.mid
2024-09-08 02:31:08 File successfully compressed: run19181.mid.gz
2024-09-08 02:46:14 Compressing file: run19182.mid
2024-09-08 02:53:46 File successfully compressed: run19182.mid.gz
2024-09-08 03:09:22 Compressing file: run19183.mid
2024-09-08 03:16:54 File successfully compressed: run19183.mid.gz
2024-09-08 03:32:00 Compressing file: run19184.mid
2024-09-08 03:39:32 File successfully compressed: run19184.mid.gz
2024-09-08 03:55:08 Compressing file: run19185.mid
2024-09-08 04:02:40 File successfully compressed: run19185.mid.gz
2024-09-08 04:18:16 Compressing file: run19186.mid
2024-09-08 04:25:49 File successfully compressed: run19186.mid.gz
2024-09-08 04:40:54 Compressing file: run19187.mid
2024-09-08 04:48:27 File successfully compressed: run19187.mid.gz
2024-09-08 05:04:02 Compressing file: run19188.mid
2024-09-08 05:11:35 File successfully compressed: run19188.mid.gz
2024-09-08 05:27:11 Compressing file: run19189.mid
2024-09-08 05:34:43 File successfully compressed: run19189.mid.gz
2024-09-08 05:49:49 Compressing file: run19190.mid
2024-09-08 05:57:21 File successfully compressed: run19190.mid.gz
2024-09-08 06:12:57 Compressing file: run19191.mid
2024-09-08 06:20:29 File successfully compressed: run19191.mid.gz
2024-09-08 06:36:05 Compressing file: run19192.mid
2024-09-08 06:43:38 File successfully compressed: run19192.mid.gz
2024-09-08 06:58:43 Compressing file: run19193.mid
2024-09-08 07:06:16 File successfully compressed: run19193.mid.gz
2024-09-08 07:21:52 Compressing file: run19194.mid
2024-09-08 07:29:24 File successfully compressed: run19194.mid.gz
2024-09-08 07:44:30 Compressing file: run19195.mid
2024-09-08 07:52:02 File successfully compressed: run19195.mid.gz
2024-09-08 08:07:38 Compressing file: run19196.mid
2024-09-08 08:15:10 File successfully compressed: run19196.mid.gz
2024-09-08 08:30:46 Compressing file: run19197.mid
2024-09-08 08:38:19 File successfully compressed: run19197.mid.gz
2024-09-08 08:53:24 Compressing file: run19198.mid
2024-09-08 09:00:57 File successfully compressed: run19198.mid.gz
2024-09-08 09:16:32 Compressing file: run19199.mid
2024-09-08 09:24:05 File successfully compressed: run19199.mid.gz
2024-09-08 09:39:41 Compressing file: run19200.mid
2024-09-08 09:47:13 File successfully compressed: run19200.mid.gz
2024-09-08 10:02:19 Compressing file: run19201.mid
2024-09-08 10:09:52 File successfully compressed: run19201.mid.gz
2024-09-08 10:25:27 Compressing file: run19202.mid
2024-09-08 10:33:00 File successfully compressed: run19202.mid.gz
2024-09-08 10:48:36 Compressing file: run19203.mid
2024-09-08 10:56:08 File successfully compressed: run19203.mid.gz
2024-09-08 11:11:44 Compressing file: run19204.mid
2024-09-08 11:19:16 File successfully compressed: run19204.mid.gz
2024-09-08 11:34:52 Compressing file: run19205.mid
2024-09-08 11:42:25 File successfully compressed: run19205.mid.gz
2024-09-08 11:57:31 Compressing file: run19206.mid
2024-09-08 12:05:03 File successfully compressed: run19206.mid.gz
2024-09-08 12:20:39 Compressing file: run19207.mid
2024-09-08 12:28:12 File successfully compressed: run19207.mid.gz
2024-09-08 12:43:47 Compressing file: run19208.mid
2024-09-08 12:51:20 File successfully compressed: run19208.mid.gz
2024-09-08 13:06:56 Compressing file: run19209.mid
2024-09-08 13:14:28 File successfully compressed: run19209.mid.gz
2024-09-08 13:30:04 Compressing file: run19210.mid
2024-09-08 13:37:37 File successfully compressed: run19210.mid.gz
2024-09-08 13:52:42 Compressing file: run19211.mid
2024-09-08 14:00:15 File successfully compressed: run19211.mid.gz
2024-09-08 14:15:51 Compressing file: run19212.mid
2024-09-08 14:23:23 File successfully compressed: run19212.mid.gz
2024-09-08 14:38:59 Compressing file: run19213.mid
2024-09-08 14:46:32 File successfully compressed: run19213.mid.gz
2024-09-08 15:02:08 Compressing file: run19214.mid
2024-09-08 15:09:40 File successfully compressed: run19214.mid.gz
2024-09-08 15:24:46 Compressing file: run19215.mid
2024-09-08 15:32:49 File successfully compressed: run19215.mid.gz
2024-09-08 15:47:55 Compressing file: run19216.mid
2024-09-08 15:55:27 File successfully compressed: run19216.mid.gz
2024-09-08 16:11:03 Compressing file: run19217.mid
2024-09-08 16:18:36 File successfully compressed: run19217.mid.gz
2024-09-08 16:34:12 Compressing file: run19218.mid
2024-09-08 16:41:44 File successfully compressed: run19218.mid.gz
2024-09-08 16:57:20 Compressing file: run19219.mid
2024-09-08 17:04:53 File successfully compressed: run19219.mid.gz
2024-09-08 17:19:58 Compressing file: run19220.mid
2024-09-08 17:27:31 File successfully compressed: run19220.mid.gz
2024-09-08 17:43:07 Compressing file: run19221.mid
2024-09-08 17:50:39 File successfully compressed: run19221.mid.gz
2024-09-08 18:06:15 Compressing file: run19222.mid
2024-09-08 18:13:48 File successfully compressed: run19222.mid.gz
2024-09-08 18:29:24 Compressing file: run19223.mid
2024-09-08 18:36:56 File successfully compressed: run19223.mid.gz
2024-09-08 18:52:32 Compressing file: run19224.mid
2024-09-08 19:00:05 File successfully compressed: run19224.mid.gz
2024-09-08 19:15:11 Compressing file: run19225.mid
2024-09-08 19:22:43 File successfully compressed: run19225.mid.gz
2024-09-08 19:38:19 Compressing file: run19226.mid
2024-09-08 19:45:52 File successfully compressed: run19226.mid.gz
2024-09-08 20:01:28 Compressing file: run19227.mid
2024-09-08 20:09:00 File successfully compressed: run19227.mid.gz
2024-09-08 20:24:36 Compressing file: run19228.mid
2024-09-08 20:32:39 File successfully compressed: run19228.mid.gz
2024-09-08 20:47:14 Compressing file: run19229.mid
2024-09-08 20:54:47 File successfully compressed: run19229.mid.gz
2024-09-08 21:10:23 Compressing file: run19230.mid
2024-09-08 21:17:56 File successfully compressed: run19230.mid.gz
2024-09-08 21:33:31 Compressing file: run19231.mid
2024-09-08 21:41:04 File successfully compressed: run19231.mid.gz
2024-09-08 21:56:40 Compressing file: run19232.mid
2024-09-08 22:04:13 File successfully compressed: run19232.mid.gz
2024-09-08 22:19:48 Compressing file: run19233.mid
2024-09-08 22:27:21 File successfully compressed: run19233.mid.gz
2024-09-08 22:42:27 Compressing file: run19234.mid
2024-09-08 22:49:59 File successfully compressed: run19234.mid.gz
2024-09-08 23:05:35 Compressing file: run19235.mid
2024-09-08 23:13:08 File successfully compressed: run19235.mid.gz
2024-09-08 23:28:44 Compressing file: run19236.mid
2024-09-08 23:36:16 File successfully compressed: run19236.mid.gz
2024-09-08 23:51:52 Compressing file: run19237.mid
2024-09-08 23:59:25 File successfully compressed: run19237.mid.gz
2024-09-09 00:15:01 Compressing file: run19238.mid
2024-09-09 00:22:34 File successfully compressed: run19238.mid.gz
2024-09-09 00:37:39 Compressing file: run19239.mid
2024-09-09 00:45:12 File successfully compressed: run19239.mid.gz
2024-09-09 01:00:48 Compressing file: run19240.mid
2024-09-09 01:08:21 File successfully compressed: run19240.mid.gz
2024-09-09 01:23:56 Compressing file: run19241.mid
2024-09-09 01:31:29 File successfully compressed: run19241.mid.gz
2024-09-09 01:47:05 Compressing file: run19242.mid
2024-09-09 01:54:38 File successfully compressed: run19242.mid.gz
2024-09-09 02:09:43 Compressing file: run19243.mid
2024-09-09 02:17:16 File successfully compressed: run19243.mid.gz
2024-09-09 02:32:52 Compressing file: run19244.mid
2024-09-09 02:40:55 File successfully compressed: run19244.mid.gz
2024-09-09 02:56:00 Compressing file: run19245.mid
2024-09-09 03:03:33 File successfully compressed: run19245.mid.gz
2024-09-09 03:19:09 Compressing file: run19246.mid
2024-09-09 03:26:41 File successfully compressed: run19246.mid.gz
2024-09-09 03:42:17 Compressing file: run19247.mid
2024-09-09 03:49:50 File successfully compressed: run19247.mid.gz
2024-09-09 04:04:56 Compressing file: run19248.mid
2024-09-09 04:12:28 File successfully compressed: run19248.mid.gz
2024-09-09 04:28:04 Compressing file: run19249.mid
2024-09-09 04:35:37 File successfully compressed: run19249.mid.gz
2024-09-09 04:51:13 Compressing file: run19250.mid
2024-09-09 04:58:45 File successfully compressed: run19250.mid.gz
2024-09-09 05:14:21 Compressing file: run19251.mid
2024-09-09 05:21:54 File successfully compressed: run19251.mid.gz
2024-09-09 05:37:30 Compressing file: run19252.mid
2024-09-09 05:45:03 File successfully compressed: run19252.mid.gz
2024-09-09 06:00:08 Compressing file: run19253.mid
2024-09-09 06:07:41 File successfully compressed: run19253.mid.gz
2024-09-09 06:23:17 Compressing file: run19254.mid
2024-09-09 06:30:50 File successfully compressed: run19254.mid.gz
2024-09-09 06:46:26 Compressing file: run19255.mid
2024-09-09 06:53:58 File successfully compressed: run19255.mid.gz
2024-09-09 07:09:34 Compressing file: run19256.mid
2024-09-09 07:17:07 File successfully compressed: run19256.mid.gz
2024-09-09 07:32:13 Compressing file: run19257.mid
2024-09-09 07:39:46 File successfully compressed: run19257.mid.gz
2024-09-09 07:55:22 Compressing file: run19258.mid
2024-09-09 08:02:55 File successfully compressed: run19258.mid.gz
2024-09-09 08:18:30 Compressing file: run19259.mid
2024-09-09 08:26:03 File successfully compressed: run19259.mid.gz
2024-09-09 08:41:39 Compressing file: run19260.mid
2024-09-09 08:49:12 File successfully compressed: run19260.mid.gz
2024-09-09 09:04:48 Compressing file: run19261.mid
2024-09-09 09:12:21 File successfully compressed: run19261.mid.gz
2024-09-09 09:27:26 Compressing file: run19262.mid
2024-09-09 09:34:59 File successfully compressed: run19262.mid.gz
Midas shutdown
Killed
2024-09-17 10:28:29 Compressing file: run19419.mid
2024-09-17 10:32:00 Compressing file: run19420.mid
2024-09-17 10:36:01 Compressing file: run19421.mid
2024-09-17 10:40:03 Compressing file: run19422.mid
2024-09-17 10:40:03 File successfully compressed: run19419.mid.gz
2024-09-17 10:44:05 File successfully compressed: run19420.mid.gz
2024-09-17 10:46:36 Compressing file: run19423.mid
2024-09-17 10:48:07 File successfully compressed: run19421.mid.gz
2024-09-17 10:51:38 File successfully compressed: run19422.mid.gz
2024-09-17 10:55:40 Compressing file: run19424.mid
2024-09-17 10:55:40 File successfully compressed: run19423.mid.gz
2024-09-17 11:07:44 File successfully compressed: run19424.mid.gz
2024-09-17 11:17:18 Compressing file: run19425.mid
2024-09-17 11:29:23 File successfully compressed: run19425.mid.gz
2024-09-17 13:09:04 Compressing file: run19426.mid
2024-09-17 13:20:39 Compressing file: run19428.mid
2024-09-17 13:22:09 File successfully compressed: run19426.mid.gz
2024-09-17 13:24:40 File successfully compressed: run19428.mid.gz
2024-09-17 13:34:15 Compressing file: run19429.mid
2024-09-17 13:41:48 File successfully compressed: run19429.mid.gz
2024-09-17 13:54:53 Compressing file: run19430.mid
2024-09-17 14:02:26 File successfully compressed: run19430.mid.gz
2024-09-17 14:17:03 Compressing file: run19431.mid
2024-09-17 14:24:36 File successfully compressed: run19431.mid.gz
2024-09-17 14:39:12 Compressing file: run19432.mid
2024-09-17 14:46:45 File successfully compressed: run19432.mid.gz
2024-09-17 15:01:21 Compressing file: run19433.mid
2024-09-17 15:08:54 File successfully compressed: run19433.mid.gz
2024-09-17 15:24:01 Compressing file: run19434.mid
2024-09-17 15:31:34 File successfully compressed: run19434.mid.gz
2024-09-17 15:46:10 Compressing file: run19435.mid
2024-09-17 15:53:43 File successfully compressed: run19435.mid.gz
2024-09-17 16:07:50 Compressing file: run19436.mid
2024-09-17 16:15:23 File successfully compressed: run19436.mid.gz
2024-09-17 16:29:29 Compressing file: run19437.mid
2024-09-17 16:37:02 File successfully compressed: run19437.mid.gz
2024-09-17 16:52:09 Compressing file: run19438.mid
2024-09-17 16:59:42 File successfully compressed: run19438.mid.gz
2024-09-17 17:13:48 Compressing file: run19439.mid
2024-09-17 17:21:21 File successfully compressed: run19439.mid.gz
2024-09-17 17:35:27 Compressing file: run19440.mid
2024-09-17 17:43:00 File successfully compressed: run19440.mid.gz
2024-09-17 17:56:36 Compressing file: run19441.mid
2024-09-17 18:04:09 File successfully compressed: run19441.mid.gz
2024-09-17 18:18:45 Compressing file: run19442.mid
2024-09-17 18:26:19 File successfully compressed: run19442.mid.gz
2024-09-17 18:40:55 Compressing file: run19443.mid
2024-09-17 18:48:28 File successfully compressed: run19443.mid.gz
2024-09-17 19:02:04 Compressing file: run19444.mid
2024-09-17 19:09:37 File successfully compressed: run19444.mid.gz
2024-09-17 19:24:14 Compressing file: run19445.mid
2024-09-17 19:31:47 File successfully compressed: run19445.mid.gz
2024-09-17 19:46:23 Compressing file: run19446.mid
2024-09-17 19:53:56 File successfully compressed: run19446.mid.gz
2024-09-17 20:08:33 Compressing file: run19447.mid
2024-09-17 20:16:06 File successfully compressed: run19447.mid.gz
2024-09-17 20:29:42 Compressing file: run19448.mid
2024-09-17 20:37:15 File successfully compressed: run19448.mid.gz
2024-09-17 20:51:51 Compressing file: run19449.mid
2024-09-17 20:59:25 File successfully compressed: run19449.mid.gz
2024-09-17 21:13:00 Compressing file: run19450.mid
2024-09-17 21:20:34 File successfully compressed: run19450.mid.gz
2024-09-17 21:33:39 Compressing file: run19451.mid
2024-09-17 21:41:13 File successfully compressed: run19451.mid.gz
2024-09-18 17:21:24 Compressing file: run19452.mid
2024-09-18 17:23:25 File successfully compressed: run19452.mid.gz
2024-09-18 17:35:00 Compressing file: run19455.mid
2024-09-18 17:39:02 File successfully compressed: run19455.mid.gz
2024-09-18 17:48:36 Compressing file: run19456.mid
2024-09-18 17:56:09 File successfully compressed: run19456.mid.gz
2024-09-18 18:10:46 Compressing file: run19457.mid
2024-09-18 18:18:19 File successfully compressed: run19457.mid.gz
2024-09-18 18:32:55 Compressing file: run19458.mid
2024-09-18 18:40:28 File successfully compressed: run19458.mid.gz
2024-09-18 18:55:05 Compressing file: run19459.mid
2024-09-18 19:02:38 File successfully compressed: run19459.mid.gz
2024-09-18 19:17:45 Compressing file: run19460.mid
2024-09-18 19:25:18 File successfully compressed: run19460.mid.gz
2024-09-18 19:39:24 Compressing file: run19461.mid
2024-09-18 19:46:57 File successfully compressed: run19461.mid.gz
2024-09-18 20:02:04 Compressing file: run19462.mid
2024-09-18 20:09:37 File successfully compressed: run19462.mid.gz
2024-09-18 20:24:44 Compressing file: run19463.mid
2024-09-18 20:32:17 File successfully compressed: run19463.mid.gz
2024-09-18 20:46:53 Compressing file: run19464.mid
2024-09-18 20:54:26 File successfully compressed: run19464.mid.gz
2024-09-18 21:08:33 Compressing file: run19465.mid
2024-09-18 21:16:06 File successfully compressed: run19465.mid.gz
2024-09-18 21:31:13 Compressing file: run19466.mid
2024-09-18 21:38:46 File successfully compressed: run19466.mid.gz
2024-09-18 21:53:22 Compressing file: run19467.mid
2024-09-18 22:00:56 File successfully compressed: run19467.mid.gz
2024-09-18 22:15:02 Compressing file: run19468.mid
2024-09-18 22:22:35 File successfully compressed: run19468.mid.gz
2024-09-18 22:37:12 Compressing file: run19469.mid
2024-09-18 22:44:45 File successfully compressed: run19469.mid.gz
2024-09-18 22:59:51 Compressing file: run19470.mid
2024-09-18 23:07:25 File successfully compressed: run19470.mid.gz
2024-09-18 23:21:31 Compressing file: run19471.mid
2024-09-18 23:29:04 File successfully compressed: run19471.mid.gz
2024-09-18 23:44:11 Compressing file: run19472.mid
2024-09-18 23:51:44 File successfully compressed: run19472.mid.gz
2024-09-19 00:06:20 Compressing file: run19473.mid
2024-09-19 00:13:54 File successfully compressed: run19473.mid.gz
2024-09-19 00:28:30 Compressing file: run19474.mid
2024-09-19 00:36:03 File successfully compressed: run19474.mid.gz
2024-09-19 00:50:40 Compressing file: run19475.mid
2024-09-19 00:58:13 File successfully compressed: run19475.mid.gz
2024-09-19 01:12:19 Compressing file: run19476.mid
2024-09-19 01:19:53 File successfully compressed: run19476.mid.gz
2024-09-19 01:34:29 Compressing file: run19477.mid
2024-09-19 01:42:02 File successfully compressed: run19477.mid.gz
2024-09-19 01:56:39 Compressing file: run19478.mid
2024-09-19 02:04:12 File successfully compressed: run19478.mid.gz
2024-09-19 02:17:48 Compressing file: run19479.mid
2024-09-19 02:25:21 File successfully compressed: run19479.mid.gz
2024-09-19 02:39:58 Compressing file: run19480.mid
2024-09-19 02:47:31 File successfully compressed: run19480.mid.gz
2024-09-19 03:01:07 Compressing file: run19481.mid
2024-09-19 03:08:41 File successfully compressed: run19481.mid.gz
2024-09-19 03:23:17 Compressing file: run19482.mid
2024-09-19 03:30:50 File successfully compressed: run19482.mid.gz
2024-09-19 03:44:57 Compressing file: run19483.mid
2024-09-19 03:52:30 File successfully compressed: run19483.mid.gz
2024-09-19 04:06:37 Compressing file: run19484.mid
2024-09-19 04:14:10 File successfully compressed: run19484.mid.gz
2024-09-19 04:28:16 Compressing file: run19485.mid
2024-09-19 04:35:49 File successfully compressed: run19485.mid.gz
2024-09-19 04:49:56 Compressing file: run19486.mid
2024-09-19 04:57:29 File successfully compressed: run19486.mid.gz
2024-09-19 05:11:35 Compressing file: run19487.mid
2024-09-19 05:19:08 File successfully compressed: run19487.mid.gz
2024-09-19 05:32:45 Compressing file: run19488.mid
2024-09-19 05:40:18 File successfully compressed: run19488.mid.gz
2024-09-19 05:54:55 Compressing file: run19489.mid
2024-09-19 06:02:28 File successfully compressed: run19489.mid.gz
2024-09-19 06:17:05 Compressing file: run19490.mid
2024-09-19 06:24:38 File successfully compressed: run19490.mid.gz
2024-09-19 06:39:14 Compressing file: run19491.mid
2024-09-19 06:46:48 File successfully compressed: run19491.mid.gz
2024-09-19 15:36:36 Compressing file: run19504.mid
2024-09-19 15:42:39 File successfully compressed: run19504.mid.gz
2024-09-19 15:52:44 Compressing file: run19505.mid
2024-09-19 16:00:17 File successfully compressed: run19505.mid.gz
2024-09-19 16:14:23 Compressing file: run19506.mid
2024-09-19 16:21:57 File successfully compressed: run19506.mid.gz
2024-09-19 16:36:33 Compressing file: run19507.mid
2024-09-19 16:44:07 File successfully compressed: run19507.mid.gz
2024-09-19 16:57:43 Compressing file: run19508.mid
2024-09-19 17:05:16 File successfully compressed: run19508.mid.gz
2024-09-19 17:18:52 Compressing file: run19509.mid
2024-09-19 17:26:26 File successfully compressed: run19509.mid.gz
2024-09-19 17:41:02 Compressing file: run19510.mid
2024-09-19 17:48:36 File successfully compressed: run19510.mid.gz
2024-09-19 18:03:43 Compressing file: run19511.mid
2024-09-19 18:11:16 File successfully compressed: run19511.mid.gz
2024-09-19 18:24:52 Compressing file: run19512.mid
2024-09-19 18:26:23 Compressing file: run18891.mid
2024-09-19 18:26:53 Compressing file: run19007.mid
2024-09-19 18:32:24 File successfully compressed: run19512.mid.gz
2024-09-19 18:33:54 File successfully compressed: run18891.mid.gz
2024-09-19 18:34:24 File successfully compressed: run19007.mid.gz
2024-09-19 18:46:56 Compressing file: run19513.mid
2024-09-19 18:54:28 File successfully compressed: run19513.mid.gz
2024-09-19 19:10:00 Compressing file: run19514.mid
2024-09-19 19:17:32 File successfully compressed: run19514.mid.gz
2024-09-19 19:32:04 Compressing file: run19515.mid
2024-09-19 19:39:36 File successfully compressed: run19515.mid.gz
2024-09-19 19:53:08 Compressing file: run19516.mid
2024-09-19 20:00:39 File successfully compressed: run19516.mid.gz
2024-09-19 20:14:42 Compressing file: run19517.mid
2024-09-19 20:22:13 File successfully compressed: run19517.mid.gz
2024-09-19 20:36:46 Compressing file: run19518.mid
2024-09-19 20:44:17 File successfully compressed: run19518.mid.gz
2024-09-19 20:58:19 Compressing file: run19519.mid
2024-09-19 21:05:51 File successfully compressed: run19519.mid.gz
2024-09-19 21:20:23 Compressing file: run19520.mid
2024-09-19 21:27:55 File successfully compressed: run19520.mid.gz
2024-09-19 21:41:57 Compressing file: run19521.mid
2024-09-19 21:49:28 File successfully compressed: run19521.mid.gz
2024-09-19 22:04:01 Compressing file: run19522.mid
2024-09-19 22:11:32 File successfully compressed: run19522.mid.gz
2024-09-19 22:26:35 Compressing file: run19523.mid
2024-09-19 22:34:06 File successfully compressed: run19523.mid.gz
2024-09-19 22:49:09 Compressing file: run19524.mid
2024-09-19 22:56:40 File successfully compressed: run19524.mid.gz
2024-09-19 23:10:43 Compressing file: run19525.mid
2024-09-19 23:18:14 File successfully compressed: run19525.mid.gz
2024-09-19 23:31:46 Compressing file: run19526.mid
2024-09-19 23:39:18 File successfully compressed: run19526.mid.gz
2024-09-19 23:54:51 Compressing file: run19527.mid
2024-09-20 00:02:22 File successfully compressed: run19527.mid.gz
2024-09-20 00:17:25 Compressing file: run19528.mid
2024-09-20 00:24:56 File successfully compressed: run19528.mid.gz
2024-09-20 00:38:28 Compressing file: run19529.mid
2024-09-20 00:46:00 File successfully compressed: run19529.mid.gz
2024-09-20 01:00:02 Compressing file: run19530.mid
2024-09-20 01:07:33 File successfully compressed: run19530.mid.gz
2024-09-20 01:22:36 Compressing file: run19531.mid
2024-09-20 01:30:08 File successfully compressed: run19531.mid.gz
2024-09-20 01:43:40 Compressing file: run19532.mid
2024-09-20 01:51:11 File successfully compressed: run19532.mid.gz
2024-09-20 02:05:44 Compressing file: run19533.mid
2024-09-20 02:13:15 File successfully compressed: run19533.mid.gz
2024-09-20 02:27:18 Compressing file: run19534.mid
2024-09-20 02:34:49 File successfully compressed: run19534.mid.gz
2024-09-20 02:48:52 Compressing file: run19535.mid
2024-09-20 02:56:23 File successfully compressed: run19535.mid.gz
2024-09-20 03:10:56 Compressing file: run19536.mid
2024-09-20 03:18:27 File successfully compressed: run19536.mid.gz
2024-09-20 03:33:00 Compressing file: run19537.mid
2024-09-20 03:40:31 File successfully compressed: run19537.mid.gz
2024-09-20 03:55:34 Compressing file: run19538.mid
2024-09-20 04:03:05 File successfully compressed: run19538.mid.gz
2024-09-20 04:17:07 Compressing file: run19539.mid
2024-09-20 04:24:39 File successfully compressed: run19539.mid.gz
2024-09-20 04:38:11 Compressing file: run19540.mid
2024-09-20 04:45:43 File successfully compressed: run19540.mid.gz
2024-09-20 05:00:15 Compressing file: run19541.mid
2024-09-20 05:07:47 File successfully compressed: run19541.mid.gz
2024-09-20 05:22:19 Compressing file: run19542.mid
2024-09-20 05:29:51 File successfully compressed: run19542.mid.gz
2024-09-20 05:44:23 Compressing file: run19543.mid
2024-09-20 05:51:55 File successfully compressed: run19543.mid.gz
2024-09-20 06:06:27 Compressing file: run19544.mid
2024-09-20 06:13:59 File successfully compressed: run19544.mid.gz
2024-09-20 06:28:31 Compressing file: run19545.mid
2024-09-20 06:36:03 File successfully compressed: run19545.mid.gz
2024-09-20 06:50:05 Compressing file: run19546.mid
2024-09-20 06:57:37 File successfully compressed: run19546.mid.gz
2024-09-20 07:11:39 Compressing file: run19547.mid
2024-09-20 07:19:10 File successfully compressed: run19547.mid.gz
2024-09-20 07:33:43 Compressing file: run19548.mid
2024-09-20 07:41:15 File successfully compressed: run19548.mid.gz
2024-09-20 07:55:47 Compressing file: run19549.mid
2024-09-20 08:03:19 File successfully compressed: run19549.mid.gz
2024-09-20 08:18:52 Compressing file: run19550.mid
2024-09-20 08:26:23 File successfully compressed: run19550.mid.gz
2024-09-20 08:40:56 Compressing file: run19551.mid
2024-09-20 08:48:27 File successfully compressed: run19551.mid.gz
2024-09-20 09:03:30 Compressing file: run19552.mid
2024-09-20 09:11:01 File successfully compressed: run19552.mid.gz
2024-09-20 09:25:34 Compressing file: run19553.mid
2024-09-20 09:33:05 File successfully compressed: run19553.mid.gz
2024-09-20 09:47:38 Compressing file: run19554.mid
2024-09-20 09:55:09 File successfully compressed: run19554.mid.gz
2024-09-20 10:08:42 Compressing file: run19555.mid
2024-09-20 10:16:13 File successfully compressed: run19555.mid.gz
2024-09-20 10:30:16 Compressing file: run19556.mid
2024-09-20 10:37:47 File successfully compressed: run19556.mid.gz
2024-09-20 10:52:50 Compressing file: run19557.mid
2024-09-20 11:00:21 File successfully compressed: run19557.mid.gz
2024-09-20 11:14:24 Compressing file: run19558.mid
2024-09-20 11:21:55 File successfully compressed: run19558.mid.gz
2024-09-20 11:37:28 Compressing file: run19559.mid
2024-09-20 11:45:00 File successfully compressed: run19559.mid.gz
2024-09-20 12:00:02 Compressing file: run19560.mid
2024-09-20 12:07:34 File successfully compressed: run19560.mid.gz
2024-09-20 12:23:07 Compressing file: run19561.mid
2024-09-20 12:30:38 File successfully compressed: run19561.mid.gz
2024-09-20 12:43:41 Compressing file: run19562.mid
2024-09-20 12:51:12 File successfully compressed: run19562.mid.gz
2024-09-20 13:05:45 Compressing file: run19563.mid
2024-09-20 13:13:16 File successfully compressed: run19563.mid.gz
2024-09-20 13:27:49 Compressing file: run19564.mid
2024-09-20 13:35:20 File successfully compressed: run19564.mid.gz
2024-09-20 13:49:23 Compressing file: run19565.mid
2024-09-20 13:56:54 File successfully compressed: run19565.mid.gz
2024-09-20 14:10:27 Compressing file: run19566.mid
2024-09-20 14:17:58 File successfully compressed: run19566.mid.gz
2024-09-20 14:32:01 Compressing file: run19567.mid
2024-09-20 14:39:32 File successfully compressed: run19567.mid.gz
2024-09-20 14:54:05 Compressing file: run19568.mid
2024-09-20 15:01:36 File successfully compressed: run19568.mid.gz
2024-09-20 15:15:39 Compressing file: run19569.mid
2024-09-20 15:23:40 File successfully compressed: run19569.mid.gz
2024-09-20 15:37:43 Compressing file: run19570.mid
2024-09-20 15:45:14 File successfully compressed: run19570.mid.gz
2024-09-20 16:00:17 Compressing file: run19571.mid
2024-09-20 16:07:49 File successfully compressed: run19571.mid.gz
2024-09-20 16:22:22 Compressing file: run19572.mid
2024-09-20 16:29:53 File successfully compressed: run19572.mid.gz
2024-09-20 16:43:56 Compressing file: run19573.mid
2024-09-20 16:51:27 File successfully compressed: run19573.mid.gz
2024-09-20 17:05:30 Compressing file: run19574.mid
2024-09-20 17:13:01 File successfully compressed: run19574.mid.gz
2024-09-20 17:28:04 Compressing file: run19575.mid
2024-09-20 17:35:35 File successfully compressed: run19575.mid.gz
2024-09-20 17:49:38 Compressing file: run19576.mid
2024-09-20 17:57:10 File successfully compressed: run19576.mid.gz
2024-09-20 18:11:42 Compressing file: run19577.mid
2024-09-20 18:19:14 File successfully compressed: run19577.mid.gz
2024-09-20 18:32:46 Compressing file: run19578.mid
2024-09-20 18:40:18 File successfully compressed: run19578.mid.gz
2024-09-20 18:54:51 Compressing file: run19579.mid
2024-09-20 19:02:22 File successfully compressed: run19579.mid.gz
2024-09-20 19:16:25 Compressing file: run19580.mid
2024-09-20 19:23:56 File successfully compressed: run19580.mid.gz
2024-09-20 19:38:59 Compressing file: run19581.mid
2024-09-20 19:46:31 File successfully compressed: run19581.mid.gz
2024-09-20 20:00:33 Compressing file: run19582.mid
2024-09-20 20:08:05 File successfully compressed: run19582.mid.gz
2024-09-20 20:22:38 Compressing file: run19583.mid
2024-09-20 20:30:09 File successfully compressed: run19583.mid.gz
2024-09-20 20:45:12 Compressing file: run19584.mid
2024-09-20 20:52:43 File successfully compressed: run19584.mid.gz
2024-09-20 21:07:46 Compressing file: run19585.mid
2024-09-20 21:15:18 File successfully compressed: run19585.mid.gz
2024-09-20 21:29:51 Compressing file: run19586.mid
2024-09-20 21:37:22 File successfully compressed: run19586.mid.gz
2024-09-20 21:51:55 Compressing file: run19587.mid
2024-09-20 21:59:26 File successfully compressed: run19587.mid.gz
2024-09-20 22:14:29 Compressing file: run19588.mid
2024-09-20 22:22:01 File successfully compressed: run19588.mid.gz
2024-09-20 22:37:04 Compressing file: run19589.mid
2024-09-20 22:44:35 File successfully compressed: run19589.mid.gz
2024-09-20 22:59:08 Compressing file: run19590.mid
2024-09-20 23:06:39 File successfully compressed: run19590.mid.gz
2024-09-20 23:20:42 Compressing file: run19591.mid
2024-09-20 23:28:14 File successfully compressed: run19591.mid.gz
2024-09-20 23:42:47 Compressing file: run19592.mid
2024-09-20 23:50:18 File successfully compressed: run19592.mid.gz
2024-09-21 00:04:21 Compressing file: run19593.mid
2024-09-21 00:11:52 File successfully compressed: run19593.mid.gz
2024-09-21 00:26:25 Compressing file: run19594.mid
2024-09-21 00:33:57 File successfully compressed: run19594.mid.gz
2024-09-21 00:47:59 Compressing file: run19595.mid
2024-09-21 00:55:31 File successfully compressed: run19595.mid.gz
2024-09-21 01:09:34 Compressing file: run19596.mid
2024-09-21 01:17:05 File successfully compressed: run19596.mid.gz
2024-09-21 01:32:08 Compressing file: run19597.mid
2024-09-21 01:39:40 File successfully compressed: run19597.mid.gz
2024-09-21 01:53:12 Compressing file: run19598.mid
2024-09-21 02:00:44 File successfully compressed: run19598.mid.gz
2024-09-21 02:15:17 Compressing file: run19599.mid
2024-09-21 02:22:48 File successfully compressed: run19599.mid.gz
2024-09-21 02:37:51 Compressing file: run19600.mid
2024-09-21 02:45:23 File successfully compressed: run19600.mid.gz
2024-09-21 02:59:56 Compressing file: run19601.mid
2024-09-21 03:07:27 File successfully compressed: run19601.mid.gz
2024-09-21 03:22:00 Compressing file: run19602.mid
2024-09-21 03:29:31 File successfully compressed: run19602.mid.gz
2024-09-21 03:43:34 Compressing file: run19603.mid
2024-09-21 03:51:06 File successfully compressed: run19603.mid.gz
2024-09-21 04:05:39 Compressing file: run19604.mid
2024-09-21 04:13:10 File successfully compressed: run19604.mid.gz
2024-09-21 04:28:13 Compressing file: run19605.mid
2024-09-21 04:35:45 File successfully compressed: run19605.mid.gz
2024-09-21 04:49:47 Compressing file: run19606.mid
2024-09-21 04:57:19 File successfully compressed: run19606.mid.gz
2024-09-21 05:12:22 Compressing file: run19607.mid
2024-09-21 05:20:24 File successfully compressed: run19607.mid.gz
2024-09-21 05:34:56 Compressing file: run19608.mid
2024-09-21 05:42:28 File successfully compressed: run19608.mid.gz
2024-09-21 05:57:31 Compressing file: run19609.mid
2024-09-21 06:05:03 File successfully compressed: run19609.mid.gz
2024-09-21 06:19:05 Compressing file: run19610.mid
2024-09-21 06:26:37 File successfully compressed: run19610.mid.gz
2024-09-21 06:41:40 Compressing file: run19611.mid
2024-09-21 06:49:11 File successfully compressed: run19611.mid.gz
2024-09-21 07:03:14 Compressing file: run19612.mid
2024-09-21 07:10:46 File successfully compressed: run19612.mid.gz
2024-09-21 07:25:19 Compressing file: run19613.mid
2024-09-21 07:32:50 File successfully compressed: run19613.mid.gz
2024-09-21 07:46:53 Compressing file: run19614.mid
2024-09-21 07:54:25 File successfully compressed: run19614.mid.gz
2024-09-21 08:08:58 Compressing file: run19615.mid
2024-09-21 08:16:29 File successfully compressed: run19615.mid.gz
2024-09-21 08:31:02 Compressing file: run19616.mid
2024-09-21 08:38:33 File successfully compressed: run19616.mid.gz
2024-09-21 08:53:06 Compressing file: run19617.mid
2024-09-21 09:00:38 File successfully compressed: run19617.mid.gz
2024-09-21 09:14:41 Compressing file: run19618.mid
2024-09-21 09:22:12 File successfully compressed: run19618.mid.gz
2024-09-21 09:36:45 Compressing file: run19619.mid
2024-09-21 09:44:17 File successfully compressed: run19619.mid.gz
2024-09-21 09:58:50 Compressing file: run19620.mid
2024-09-21 10:06:21 File successfully compressed: run19620.mid.gz
2024-09-21 10:20:24 Compressing file: run19621.mid
2024-09-21 10:27:55 File successfully compressed: run19621.mid.gz
2024-09-21 10:41:28 Compressing file: run19622.mid
2024-09-21 10:49:00 File successfully compressed: run19622.mid.gz
2024-09-21 11:03:33 Compressing file: run19623.mid
2024-09-21 11:11:04 File successfully compressed: run19623.mid.gz
2024-09-21 11:25:07 Compressing file: run19624.mid
2024-09-21 11:32:38 File successfully compressed: run19624.mid.gz
2024-09-21 11:47:11 Compressing file: run19625.mid
2024-09-21 11:54:43 File successfully compressed: run19625.mid.gz
2024-09-21 12:09:46 Compressing file: run19626.mid
2024-09-21 12:17:18 File successfully compressed: run19626.mid.gz
2024-09-21 12:31:51 Compressing file: run19627.mid
2024-09-21 12:39:22 File successfully compressed: run19627.mid.gz
2024-09-21 12:53:25 Compressing file: run19628.mid
2024-09-21 13:00:57 File successfully compressed: run19628.mid.gz
2024-09-21 13:15:00 Compressing file: run19629.mid
2024-09-21 13:22:31 File successfully compressed: run19629.mid.gz
2024-09-21 13:37:34 Compressing file: run19630.mid
2024-09-21 13:45:06 File successfully compressed: run19630.mid.gz
2024-09-21 13:59:09 Compressing file: run19631.mid
2024-09-21 14:06:40 File successfully compressed: run19631.mid.gz
2024-09-21 14:21:13 Compressing file: run19632.mid
2024-09-21 14:28:45 File successfully compressed: run19632.mid.gz
2024-09-21 14:41:48 Compressing file: run19633.mid
2024-09-21 14:49:19 File successfully compressed: run19633.mid.gz
2024-09-21 15:04:22 Compressing file: run19634.mid
2024-09-21 15:11:54 File successfully compressed: run19634.mid.gz
2024-09-21 15:26:27 Compressing file: run19635.mid
2024-09-21 15:34:29 File successfully compressed: run19635.mid.gz
2024-09-21 15:48:31 Compressing file: run19636.mid
2024-09-21 15:56:03 File successfully compressed: run19636.mid.gz
2024-09-21 16:11:06 Compressing file: run19637.mid
2024-09-21 16:18:38 File successfully compressed: run19637.mid.gz
2024-09-21 16:33:41 Compressing file: run19638.mid
2024-09-21 16:41:12 File successfully compressed: run19638.mid.gz
2024-09-21 16:55:46 Compressing file: run19639.mid
2024-09-21 17:03:17 File successfully compressed: run19639.mid.gz
2024-09-21 17:17:50 Compressing file: run19640.mid
2024-09-21 17:25:22 File successfully compressed: run19640.mid.gz
2024-09-21 17:40:25 Compressing file: run19641.mid
2024-09-21 17:47:56 File successfully compressed: run19641.mid.gz
2024-09-21 18:02:29 Compressing file: run19642.mid
2024-09-21 18:10:01 File successfully compressed: run19642.mid.gz
2024-09-21 18:24:34 Compressing file: run19643.mid
2024-09-21 18:32:06 File successfully compressed: run19643.mid.gz
2024-09-21 18:46:39 Compressing file: run19644.mid
2024-09-21 18:54:10 File successfully compressed: run19644.mid.gz
2024-09-21 19:08:13 Compressing file: run19645.mid
2024-09-21 19:15:45 File successfully compressed: run19645.mid.gz
2024-09-21 19:30:18 Compressing file: run19646.mid
2024-09-21 19:37:49 File successfully compressed: run19646.mid.gz
2024-09-21 19:51:53 Compressing file: run19647.mid
2024-09-21 19:59:24 File successfully compressed: run19647.mid.gz
2024-09-21 20:13:57 Compressing file: run19648.mid
2024-09-21 20:21:29 File successfully compressed: run19648.mid.gz
2024-09-21 20:36:32 Compressing file: run19649.mid
2024-09-21 20:44:03 File successfully compressed: run19649.mid.gz
2024-09-21 20:58:37 Compressing file: run19650.mid
2024-09-21 21:06:08 File successfully compressed: run19650.mid.gz
2024-09-21 21:20:41 Compressing file: run19651.mid
2024-09-21 21:28:13 File successfully compressed: run19651.mid.gz
2024-09-21 21:42:46 Compressing file: run19652.mid
2024-09-21 21:50:17 File successfully compressed: run19652.mid.gz
2024-09-21 22:05:51 Compressing file: run19653.mid
2024-09-21 22:13:22 File successfully compressed: run19653.mid.gz
2024-09-21 22:27:55 Compressing file: run19654.mid
2024-09-21 22:35:27 File successfully compressed: run19654.mid.gz
2024-09-21 22:51:00 Compressing file: run19655.mid
2024-09-21 22:58:32 File successfully compressed: run19655.mid.gz
2024-09-21 23:14:05 Compressing file: run19656.mid
2024-09-21 23:21:37 File successfully compressed: run19656.mid.gz
2024-09-21 23:35:40 Compressing file: run19657.mid
2024-09-21 23:43:11 File successfully compressed: run19657.mid.gz
2024-09-21 23:56:44 Compressing file: run19658.mid
2024-09-22 00:04:16 File successfully compressed: run19658.mid.gz
2024-09-22 00:19:19 Compressing file: run19659.mid
2024-09-22 00:26:51 File successfully compressed: run19659.mid.gz
2024-09-22 00:41:24 Compressing file: run19660.mid
2024-09-22 00:48:55 File successfully compressed: run19660.mid.gz
2024-09-22 01:03:29 Compressing file: run19661.mid
2024-09-22 01:11:00 File successfully compressed: run19661.mid.gz
2024-09-22 01:25:03 Compressing file: run19662.mid
2024-09-22 01:32:35 File successfully compressed: run19662.mid.gz
2024-09-22 01:48:08 Compressing file: run19663.mid
2024-09-22 01:55:40 File successfully compressed: run19663.mid.gz
2024-09-22 02:10:13 Compressing file: run19664.mid
2024-09-22 02:17:44 File successfully compressed: run19664.mid.gz
2024-09-22 02:31:48 Compressing file: run19665.mid
2024-09-22 02:39:19 File successfully compressed: run19665.mid.gz
2024-09-22 02:53:22 Compressing file: run19666.mid
2024-09-22 03:00:54 File successfully compressed: run19666.mid.gz
2024-09-22 03:15:27 Compressing file: run19667.mid
2024-09-22 03:22:59 File successfully compressed: run19667.mid.gz
2024-09-22 03:38:32 Compressing file: run19668.mid
2024-09-22 03:46:04 File successfully compressed: run19668.mid.gz
2024-09-22 04:00:37 Compressing file: run19669.mid
2024-09-22 04:08:08 File successfully compressed: run19669.mid.gz
2024-09-22 04:22:42 Compressing file: run19670.mid
2024-09-22 04:30:13 File successfully compressed: run19670.mid.gz
2024-09-22 04:43:46 Compressing file: run19671.mid
2024-09-22 04:51:18 File successfully compressed: run19671.mid.gz
2024-09-22 05:06:21 Compressing file: run19672.mid
2024-09-22 05:13:53 File successfully compressed: run19672.mid.gz
2024-09-22 05:28:26 Compressing file: run19673.mid
2024-09-22 05:35:57 File successfully compressed: run19673.mid.gz
2024-09-22 05:50:00 Compressing file: run19674.mid
2024-09-22 05:57:32 File successfully compressed: run19674.mid.gz
2024-09-22 06:11:05 Compressing file: run19675.mid
2024-09-22 06:18:37 File successfully compressed: run19675.mid.gz
2024-09-22 06:33:10 Compressing file: run19676.mid
2024-09-22 06:40:41 File successfully compressed: run19676.mid.gz
2024-09-22 06:55:45 Compressing file: run19677.mid
2024-09-22 07:03:16 File successfully compressed: run19677.mid.gz
2024-09-22 07:18:50 Compressing file: run19678.mid
2024-09-22 07:26:21 File successfully compressed: run19678.mid.gz
2024-09-22 07:41:55 Compressing file: run19679.mid
2024-09-22 07:49:26 File successfully compressed: run19679.mid.gz
2024-09-22 08:03:30 Compressing file: run19680.mid
2024-09-22 08:11:01 File successfully compressed: run19680.mid.gz
2024-09-22 08:26:35 Compressing file: run19681.mid
2024-09-22 08:34:06 File successfully compressed: run19681.mid.gz
2024-09-22 08:49:10 Compressing file: run19682.mid
2024-09-22 08:56:41 File successfully compressed: run19682.mid.gz
2024-09-22 09:10:44 Compressing file: run19683.mid
2024-09-22 09:18:16 File successfully compressed: run19683.mid.gz
2024-09-22 09:33:19 Compressing file: run19684.mid
2024-09-22 09:40:51 File successfully compressed: run19684.mid.gz
2024-09-22 09:55:24 Compressing file: run19685.mid
2024-09-22 10:02:56 File successfully compressed: run19685.mid.gz
2024-09-22 10:17:59 Compressing file: run19686.mid
2024-09-22 10:25:31 File successfully compressed: run19686.mid.gz
2024-09-22 10:40:04 Compressing file: run19687.mid
2024-09-22 10:47:36 File successfully compressed: run19687.mid.gz
2024-09-22 11:01:39 Compressing file: run19688.mid
2024-09-22 11:09:11 File successfully compressed: run19688.mid.gz
2024-09-22 11:24:14 Compressing file: run19689.mid
2024-09-22 11:31:46 File successfully compressed: run19689.mid.gz
2024-09-22 11:46:19 Compressing file: run19690.mid
2024-09-22 11:53:51 File successfully compressed: run19690.mid.gz
2024-09-22 12:07:24 Compressing file: run19691.mid
2024-09-22 12:14:55 File successfully compressed: run19691.mid.gz
2024-09-22 12:29:29 Compressing file: run19692.mid
2024-09-22 12:37:00 File successfully compressed: run19692.mid.gz
2024-09-22 12:51:34 Compressing file: run19693.mid
2024-09-22 12:59:05 File successfully compressed: run19693.mid.gz
2024-09-22 13:13:39 Compressing file: run19694.mid
2024-09-22 13:21:10 File successfully compressed: run19694.mid.gz
2024-09-22 13:35:44 Compressing file: run19695.mid
2024-09-22 13:43:15 File successfully compressed: run19695.mid.gz
2024-09-22 13:57:19 Compressing file: run19696.mid
2024-09-22 14:04:50 File successfully compressed: run19696.mid.gz
2024-09-22 14:19:24 Compressing file: run19697.mid
2024-09-22 14:26:55 File successfully compressed: run19697.mid.gz
2024-09-22 14:40:58 Compressing file: run19698.mid
2024-09-22 14:48:30 File successfully compressed: run19698.mid.gz
2024-09-22 15:03:34 Compressing file: run19699.mid
2024-09-22 15:11:05 File successfully compressed: run19699.mid.gz
2024-09-22 15:25:39 Compressing file: run19700.mid
2024-09-22 15:33:10 File successfully compressed: run19700.mid.gz
2024-09-22 15:47:13 Compressing file: run19701.mid
2024-09-22 15:54:45 File successfully compressed: run19701.mid.gz
2024-09-22 16:09:19 Compressing file: run19702.mid
2024-09-22 16:16:50 File successfully compressed: run19702.mid.gz
2024-09-22 16:31:54 Compressing file: run19703.mid
2024-09-22 16:39:25 File successfully compressed: run19703.mid.gz
2024-09-22 16:54:29 Compressing file: run19704.mid
2024-09-22 17:02:00 File successfully compressed: run19704.mid.gz
2024-09-22 17:17:34 Compressing file: run19705.mid
2024-09-22 17:25:06 File successfully compressed: run19705.mid.gz
2024-09-22 17:39:09 Compressing file: run19706.mid
2024-09-22 17:46:40 File successfully compressed: run19706.mid.gz
2024-09-22 18:00:44 Compressing file: run19707.mid
2024-09-22 18:08:15 File successfully compressed: run19707.mid.gz
2024-09-22 18:22:19 Compressing file: run19708.mid
2024-09-22 18:29:50 File successfully compressed: run19708.mid.gz
2024-09-22 18:45:24 Compressing file: run19709.mid
2024-09-22 18:52:55 File successfully compressed: run19709.mid.gz
2024-09-22 19:08:59 Compressing file: run19710.mid
2024-09-22 19:16:31 File successfully compressed: run19710.mid.gz
2024-09-22 19:30:34 Compressing file: run19711.mid
2024-09-22 19:38:06 File successfully compressed: run19711.mid.gz
2024-09-22 19:52:09 Compressing file: run19712.mid
2024-09-22 19:59:41 File successfully compressed: run19712.mid.gz
2024-09-22 20:14:14 Compressing file: run19713.mid
2024-09-22 20:21:46 File successfully compressed: run19713.mid.gz
2024-09-22 20:35:49 Compressing file: run19714.mid
2024-09-22 20:43:21 File successfully compressed: run19714.mid.gz
2024-09-22 20:58:24 Compressing file: run19715.mid
2024-09-22 21:05:56 File successfully compressed: run19715.mid.gz
2024-09-22 21:19:59 Compressing file: run19716.mid
2024-09-22 21:27:31 File successfully compressed: run19716.mid.gz
2024-09-22 21:42:34 Compressing file: run19717.mid
2024-09-22 21:50:06 File successfully compressed: run19717.mid.gz
2024-09-22 22:03:09 Compressing file: run19718.mid
2024-09-22 22:10:41 File successfully compressed: run19718.mid.gz
2024-09-22 22:26:14 Compressing file: run19719.mid
2024-09-22 22:33:46 File successfully compressed: run19719.mid.gz
2024-09-22 22:48:19 Compressing file: run19720.mid
2024-09-22 22:55:51 File successfully compressed: run19720.mid.gz
2024-09-22 23:10:24 Compressing file: run19721.mid
2024-09-22 23:17:56 File successfully compressed: run19721.mid.gz
2024-09-22 23:31:59 Compressing file: run19722.mid
2024-09-22 23:39:31 File successfully compressed: run19722.mid.gz
2024-09-22 23:54:05 Compressing file: run19723.mid
2024-09-23 00:01:36 File successfully compressed: run19723.mid.gz
2024-09-23 00:15:40 Compressing file: run19724.mid
2024-09-23 00:23:11 File successfully compressed: run19724.mid.gz
2024-09-23 00:38:15 Compressing file: run19725.mid
2024-09-23 00:45:46 File successfully compressed: run19725.mid.gz
2024-09-23 01:00:20 Compressing file: run19726.mid
2024-09-23 01:07:52 File successfully compressed: run19726.mid.gz
2024-09-23 01:22:25 Compressing file: run19727.mid
2024-09-23 01:29:57 File successfully compressed: run19727.mid.gz
2024-09-23 01:43:30 Compressing file: run19728.mid
2024-09-23 01:51:02 File successfully compressed: run19728.mid.gz
2024-09-23 02:06:36 Compressing file: run19729.mid
2024-09-23 02:14:07 File successfully compressed: run19729.mid.gz
2024-09-23 02:28:11 Compressing file: run19730.mid
2024-09-23 02:35:42 File successfully compressed: run19730.mid.gz
2024-09-23 02:49:46 Compressing file: run19731.mid
2024-09-23 02:57:17 File successfully compressed: run19731.mid.gz
2024-09-23 03:12:21 Compressing file: run19732.mid
2024-09-23 03:19:53 File successfully compressed: run19732.mid.gz
2024-09-23 03:33:56 Compressing file: run19733.mid
2024-09-23 03:41:28 File successfully compressed: run19733.mid.gz
2024-09-23 03:56:31 Compressing file: run19734.mid
2024-09-23 04:04:03 File successfully compressed: run19734.mid.gz
2024-09-23 04:19:07 Compressing file: run19735.mid
2024-09-23 04:26:38 File successfully compressed: run19735.mid.gz
2024-09-23 04:41:12 Compressing file: run19736.mid
2024-09-23 04:48:43 File successfully compressed: run19736.mid.gz
2024-09-23 05:02:47 Compressing file: run19737.mid
2024-09-23 05:10:18 File successfully compressed: run19737.mid.gz
2024-09-23 05:24:52 Compressing file: run19738.mid
2024-09-23 05:32:24 File successfully compressed: run19738.mid.gz
2024-09-23 05:46:27 Compressing file: run19739.mid
2024-09-23 05:53:59 File successfully compressed: run19739.mid.gz
2024-09-23 06:08:32 Compressing file: run19740.mid
2024-09-23 06:16:04 File successfully compressed: run19740.mid.gz
2024-09-23 06:31:38 Compressing file: run19741.mid
2024-09-23 06:39:09 File successfully compressed: run19741.mid.gz
2024-09-23 06:54:13 Compressing file: run19742.mid
2024-09-23 07:02:15 File successfully compressed: run19742.mid.gz
2024-09-23 07:15:48 Compressing file: run19743.mid
2024-09-23 07:23:20 File successfully compressed: run19743.mid.gz
2024-09-23 07:37:53 Compressing file: run19744.mid
2024-09-23 07:45:25 File successfully compressed: run19744.mid.gz
2024-09-23 07:59:29 Compressing file: run19745.mid
2024-09-23 08:07:00 File successfully compressed: run19745.mid.gz
2024-09-23 08:21:34 Compressing file: run19746.mid
2024-09-23 08:29:06 File successfully compressed: run19746.mid.gz
2024-09-23 08:44:09 Compressing file: run19747.mid
2024-09-23 08:51:41 File successfully compressed: run19747.mid.gz
2024-09-23 09:05:14 Compressing file: run19748.mid
2024-09-23 09:12:46 File successfully compressed: run19748.mid.gz
2024-09-23 09:27:49 Compressing file: run19749.mid
2024-09-23 09:35:21 File successfully compressed: run19749.mid.gz
2024-09-23 09:48:55 Compressing file: run19750.mid
2024-09-23 09:56:26 File successfully compressed: run19750.mid.gz
2024-09-23 10:11:30 Compressing file: run19751.mid
2024-09-23 10:19:02 File successfully compressed: run19751.mid.gz
2024-09-23 10:34:36 Compressing file: run19752.mid
2024-09-23 10:42:07 File successfully compressed: run19752.mid.gz
2024-09-23 11:40:51 Compressing file: run19762.mid
2024-09-23 11:41:22 File successfully compressed: run19762.mid.gz
2024-09-23 18:16:28 Compressing file: run19772.mid
2024-09-23 18:20:29 File successfully compressed: run19772.mid.gz
2024-09-23 18:39:34 Compressing file: run19775.mid
2024-09-23 18:47:06 File successfully compressed: run19775.mid.gz
2024-09-23 19:20:14 Compressing file: run19776.mid
2024-09-23 19:27:46 File successfully compressed: run19776.mid.gz
2024-09-23 20:01:24 Compressing file: run19777.mid
2024-09-23 20:08:56 File successfully compressed: run19777.mid.gz
2024-09-23 20:42:34 Compressing file: run19778.mid
2024-09-23 20:50:06 File successfully compressed: run19778.mid.gz
2024-09-23 21:24:14 Compressing file: run19779.mid
2024-09-23 21:31:46 File successfully compressed: run19779.mid.gz
2024-09-23 22:04:54 Compressing file: run19780.mid
2024-09-23 22:12:25 File successfully compressed: run19780.mid.gz
2024-09-23 22:46:34 Compressing file: run19781.mid
2024-09-23 22:54:06 File successfully compressed: run19781.mid.gz
2024-09-23 23:28:44 Compressing file: run19782.mid
2024-09-23 23:36:16 File successfully compressed: run19782.mid.gz
2024-09-24 00:09:54 Compressing file: run19783.mid
2024-09-24 00:17:26 File successfully compressed: run19783.mid.gz
2024-09-24 00:51:35 Compressing file: run19784.mid
2024-09-24 00:59:06 File successfully compressed: run19784.mid.gz
2024-09-24 01:33:15 Compressing file: run19785.mid
2024-09-24 01:40:47 File successfully compressed: run19785.mid.gz
2024-09-24 02:14:25 Compressing file: run19786.mid
2024-09-24 02:21:57 File successfully compressed: run19786.mid.gz
2024-09-24 02:56:05 Compressing file: run19787.mid
2024-09-24 03:03:37 File successfully compressed: run19787.mid.gz
2024-09-24 03:36:45 Compressing file: run19788.mid
2024-09-24 03:44:17 File successfully compressed: run19788.mid.gz
2024-09-24 04:18:25 Compressing file: run19789.mid
2024-09-24 04:25:57 File successfully compressed: run19789.mid.gz
2024-09-24 04:59:05 Compressing file: run19790.mid
2024-09-24 05:06:37 File successfully compressed: run19790.mid.gz
2024-09-24 05:40:46 Compressing file: run19791.mid
2024-09-24 05:48:18 File successfully compressed: run19791.mid.gz
2024-09-24 06:21:56 Compressing file: run19792.mid
2024-09-24 06:29:28 File successfully compressed: run19792.mid.gz
2024-09-24 07:02:06 Compressing file: run19793.mid
2024-09-24 07:10:08 File successfully compressed: run19793.mid.gz
2024-09-24 07:43:16 Compressing file: run19794.mid
2024-09-24 07:50:48 File successfully compressed: run19794.mid.gz
2024-09-24 08:25:27 Compressing file: run19795.mid
2024-09-24 08:32:58 File successfully compressed: run19795.mid.gz
2024-09-24 09:06:37 Compressing file: run19796.mid
2024-09-24 09:14:09 File successfully compressed: run19796.mid.gz
2024-09-24 09:48:17 Compressing file: run19797.mid
2024-09-24 09:55:49 File successfully compressed: run19797.mid.gz
2024-09-24 09:58:50 Compressing file: run19798.mid
2024-09-24 10:02:51 File successfully compressed: run19798.mid.gz
2024-09-24 10:10:53 Compressing file: run19799.mid
2024-09-24 10:15:54 File successfully compressed: run19799.mid.gz
2024-09-24 10:18:55 Compressing file: run19800.mid
2024-09-24 10:23:56 File successfully compressed: run19800.mid.gz
2024-09-24 10:27:27 Compressing file: run19801.mid
2024-09-24 10:32:28 File successfully compressed: run19801.mid.gz
2024-09-24 10:35:59 Compressing file: run19802.mid
2024-09-24 10:41:00 File successfully compressed: run19802.mid.gz
2024-09-24 10:44:01 Compressing file: run19803.mid
2024-09-24 10:49:02 File successfully compressed: run19803.mid.gz
2024-09-24 10:51:03 Compressing file: run19804.mid
2024-09-24 10:56:04 File successfully compressed: run19804.mid.gz
2024-09-24 10:59:05 Compressing file: run19805.mid
2024-09-24 11:04:06 File successfully compressed: run19805.mid.gz
2024-09-24 11:07:07 Compressing file: run19806.mid
2024-09-24 11:12:08 File successfully compressed: run19806.mid.gz
2024-09-24 11:14:38 Compressing file: run19807.mid
2024-09-24 11:19:40 File successfully compressed: run19807.mid.gz
2024-09-24 11:22:40 Compressing file: run19808.mid
2024-09-24 11:27:42 File successfully compressed: run19808.mid.gz
2024-09-24 11:30:12 Compressing file: run19809.mid
2024-09-24 11:35:13 File successfully compressed: run19809.mid.gz
2024-09-24 11:37:44 Compressing file: run19810.mid
2024-09-24 11:42:45 File successfully compressed: run19810.mid.gz
2024-09-24 11:45:46 Compressing file: run19811.mid
2024-09-24 11:50:47 File successfully compressed: run19811.mid.gz
2024-09-24 11:53:18 Compressing file: run19812.mid
2024-09-24 11:58:19 File successfully compressed: run19812.mid.gz
2024-09-24 12:00:20 Compressing file: run19813.mid
2024-09-24 12:05:21 File successfully compressed: run19813.mid.gz
2024-09-24 12:08:22 Compressing file: run19814.mid
2024-09-24 12:13:23 File successfully compressed: run19814.mid.gz
2024-09-24 12:16:24 Compressing file: run19815.mid
2024-09-24 12:21:25 File successfully compressed: run19815.mid.gz
2024-09-24 12:24:26 Compressing file: run19816.mid
2024-09-24 12:29:27 File successfully compressed: run19816.mid.gz
2024-09-24 12:32:28 Compressing file: run19817.mid
2024-09-24 12:37:29 File successfully compressed: run19817.mid.gz
2024-09-24 12:40:00 Compressing file: run19818.mid
2024-09-24 12:45:01 File successfully compressed: run19818.mid.gz
2024-09-24 12:49:02 Compressing file: run19819.mid
2024-09-24 12:54:03 File successfully compressed: run19819.mid.gz
2024-09-24 12:56:34 Compressing file: run19820.mid
2024-09-24 13:01:35 File successfully compressed: run19820.mid.gz
2024-09-24 13:04:36 Compressing file: run19821.mid
2024-09-24 13:09:37 File successfully compressed: run19821.mid.gz
2024-09-24 13:12:08 Compressing file: run19822.mid
2024-09-24 13:17:09 File successfully compressed: run19822.mid.gz
2024-09-24 13:19:40 Compressing file: run19823.mid
2024-09-24 13:24:41 File successfully compressed: run19823.mid.gz
2024-09-24 13:27:11 Compressing file: run19824.mid
2024-09-24 13:32:13 File successfully compressed: run19824.mid.gz
2024-09-24 13:35:13 Compressing file: run19825.mid
2024-09-24 13:40:15 File successfully compressed: run19825.mid.gz
2024-09-24 13:42:15 Compressing file: run19826.mid
2024-09-24 13:47:16 File successfully compressed: run19826.mid.gz
2024-09-24 13:50:17 Compressing file: run19827.mid
2024-09-24 13:55:19 File successfully compressed: run19827.mid.gz
2024-09-24 13:57:19 Compressing file: run19828.mid
2024-09-24 14:02:20 File successfully compressed: run19828.mid.gz
2024-09-24 14:04:51 Compressing file: run19829.mid
2024-09-24 14:09:52 File successfully compressed: run19829.mid.gz
2024-09-24 14:12:53 Compressing file: run19830.mid
2024-09-24 14:17:54 File successfully compressed: run19830.mid.gz
2024-09-24 14:20:25 Compressing file: run19831.mid
2024-09-24 14:25:26 File successfully compressed: run19831.mid.gz
2024-09-24 14:27:27 Compressing file: run19832.mid
2024-09-24 14:32:28 File successfully compressed: run19832.mid.gz
2024-09-24 14:34:59 Compressing file: run19833.mid
2024-09-24 14:40:00 File successfully compressed: run19833.mid.gz
2024-09-24 14:42:31 Compressing file: run19834.mid
2024-09-24 14:47:32 File successfully compressed: run19834.mid.gz
2024-09-24 14:50:03 Compressing file: run19835.mid
2024-09-24 14:55:04 File successfully compressed: run19835.mid.gz
2024-09-24 14:57:04 Compressing file: run19836.mid
2024-09-24 15:02:06 File successfully compressed: run19836.mid.gz
2024-09-24 15:03:36 Compressing file: run19837.mid
2024-09-24 15:08:37 File successfully compressed: run19837.mid.gz
2024-09-24 15:10:38 Compressing file: run19838.mid
2024-09-24 15:15:39 File successfully compressed: run19838.mid.gz
2024-09-24 15:30:43 Compressing file: run19839.mid
2024-09-24 15:35:44 File successfully compressed: run19839.mid.gz
2024-09-24 15:38:15 Compressing file: run19840.mid
2024-09-24 15:43:16 File successfully compressed: run19840.mid.gz
2024-09-24 15:45:47 Compressing file: run19841.mid
2024-09-24 15:50:48 File successfully compressed: run19841.mid.gz
2024-09-24 15:54:19 Compressing file: run19842.mid
2024-09-24 15:59:20 File successfully compressed: run19842.mid.gz
2024-09-24 16:01:51 Compressing file: run19843.mid
2024-09-24 16:06:52 File successfully compressed: run19843.mid.gz
2024-09-24 16:09:23 Compressing file: run19844.mid
2024-09-24 16:14:24 File successfully compressed: run19844.mid.gz
2024-09-24 16:17:25 Compressing file: run19845.mid
2024-09-24 16:22:26 File successfully compressed: run19845.mid.gz
2024-09-24 16:25:27 Compressing file: run19846.mid
2024-09-24 16:30:28 File successfully compressed: run19846.mid.gz
2024-09-24 16:33:59 Compressing file: run19847.mid
2024-09-24 16:39:01 File successfully compressed: run19847.mid.gz
2024-09-24 16:42:01 Compressing file: run19848.mid
2024-09-24 16:47:03 File successfully compressed: run19848.mid.gz
2024-09-24 16:49:33 Compressing file: run19849.mid
2024-09-24 16:54:35 File successfully compressed: run19849.mid.gz
2024-09-24 16:56:35 Compressing file: run19850.mid
2024-09-24 17:01:37 File successfully compressed: run19850.mid.gz
2024-09-24 17:05:07 Compressing file: run19851.mid
2024-09-24 17:10:09 File successfully compressed: run19851.mid.gz
2024-09-24 17:13:10 Compressing file: run19852.mid
2024-09-24 17:18:11 File successfully compressed: run19852.mid.gz
2024-09-24 17:20:42 Compressing file: run19853.mid
2024-09-24 17:25:43 File successfully compressed: run19853.mid.gz
2024-09-24 17:28:44 Compressing file: run19854.mid
2024-09-24 17:33:45 File successfully compressed: run19854.mid.gz
2024-09-24 17:36:46 Compressing file: run19855.mid
2024-09-24 17:41:47 File successfully compressed: run19855.mid.gz
2024-09-24 17:44:18 Compressing file: run19856.mid
2024-09-24 17:49:19 File successfully compressed: run19856.mid.gz
2024-09-24 17:51:50 Compressing file: run19857.mid
2024-09-24 17:56:51 File successfully compressed: run19857.mid.gz
2024-09-24 17:59:22 Compressing file: run19858.mid
2024-09-24 18:04:23 File successfully compressed: run19858.mid.gz
2024-09-24 18:10:25 Compressing file: run19859.mid
2024-09-24 18:15:26 File successfully compressed: run19859.mid.gz
2024-09-24 18:17:57 Compressing file: run19860.mid
2024-09-24 18:22:58 File successfully compressed: run19860.mid.gz
2024-09-24 18:25:29 Compressing file: run19861.mid
2024-09-24 18:30:30 File successfully compressed: run19861.mid.gz
2024-09-24 18:33:31 Compressing file: run19862.mid
2024-09-24 18:38:32 File successfully compressed: run19862.mid.gz
2024-09-24 18:41:33 Compressing file: run19863.mid
2024-09-24 18:46:34 File successfully compressed: run19863.mid.gz
2024-09-24 18:49:35 Compressing file: run19864.mid
2024-09-24 18:54:36 File successfully compressed: run19864.mid.gz
2024-09-24 18:57:07 Compressing file: run19865.mid
2024-09-24 19:02:08 File successfully compressed: run19865.mid.gz
2024-09-24 19:04:09 Compressing file: run19866.mid
2024-09-24 19:09:10 File successfully compressed: run19866.mid.gz
2024-09-24 19:11:41 Compressing file: run19867.mid
2024-09-24 19:16:42 File successfully compressed: run19867.mid.gz
2024-09-24 19:19:43 Compressing file: run19868.mid
2024-09-24 19:24:44 File successfully compressed: run19868.mid.gz
2024-09-24 19:27:15 Compressing file: run19869.mid
2024-09-24 19:32:16 File successfully compressed: run19869.mid.gz
2024-09-24 19:34:47 Compressing file: run19870.mid
2024-09-24 19:39:48 File successfully compressed: run19870.mid.gz
2024-09-24 19:42:49 Compressing file: run19871.mid
2024-09-24 19:47:50 File successfully compressed: run19871.mid.gz
2024-09-24 19:49:51 Compressing file: run19872.mid
2024-09-24 19:54:52 File successfully compressed: run19872.mid.gz
2024-09-24 19:57:23 Compressing file: run19873.mid
2024-09-24 20:02:24 File successfully compressed: run19873.mid.gz
2024-09-24 20:04:55 Compressing file: run19874.mid
2024-09-24 20:09:56 File successfully compressed: run19874.mid.gz
2024-09-24 20:12:27 Compressing file: run19875.mid
2024-09-24 20:17:28 File successfully compressed: run19875.mid.gz
2024-09-24 20:20:29 Compressing file: run19876.mid
2024-09-24 20:25:30 File successfully compressed: run19876.mid.gz
2024-09-24 20:27:31 Compressing file: run19877.mid
2024-09-24 20:32:32 File successfully compressed: run19877.mid.gz
2024-09-24 20:35:03 Compressing file: run19878.mid
2024-09-24 20:40:04 File successfully compressed: run19878.mid.gz
2024-09-24 20:46:06 Compressing file: run19879.mid
2024-09-24 20:51:07 File successfully compressed: run19879.mid.gz
2024-09-24 20:54:38 Compressing file: run19880.mid
2024-09-24 20:59:40 File successfully compressed: run19880.mid.gz
2024-09-24 21:02:41 Compressing file: run19881.mid
2024-09-24 21:07:42 File successfully compressed: run19881.mid.gz
2024-09-24 21:10:13 Compressing file: run19882.mid
2024-09-24 21:15:14 File successfully compressed: run19882.mid.gz
2024-09-24 21:17:45 Compressing file: run19883.mid
2024-09-24 21:22:46 File successfully compressed: run19883.mid.gz
2024-09-24 21:25:47 Compressing file: run19884.mid
2024-09-24 21:30:48 File successfully compressed: run19884.mid.gz
2024-09-24 21:33:49 Compressing file: run19885.mid
2024-09-24 21:38:50 File successfully compressed: run19885.mid.gz
2024-09-24 21:41:21 Compressing file: run19886.mid
2024-09-24 21:46:22 File successfully compressed: run19886.mid.gz
2024-09-24 21:48:23 Compressing file: run19887.mid
2024-09-24 21:53:24 File successfully compressed: run19887.mid.gz
2024-09-24 21:55:25 Compressing file: run19888.mid
2024-09-24 22:00:26 File successfully compressed: run19888.mid.gz
2024-09-24 22:03:27 Compressing file: run19889.mid
2024-09-24 22:08:28 File successfully compressed: run19889.mid.gz
2024-09-24 22:10:59 Compressing file: run19890.mid
2024-09-24 22:16:00 File successfully compressed: run19890.mid.gz
2024-09-24 22:19:31 Compressing file: run19891.mid
2024-09-24 22:24:32 File successfully compressed: run19891.mid.gz
2024-09-24 22:27:03 Compressing file: run19892.mid
2024-09-24 22:32:05 File successfully compressed: run19892.mid.gz
2024-09-24 22:35:36 Compressing file: run19893.mid
2024-09-24 22:40:37 File successfully compressed: run19893.mid.gz
2024-09-24 22:43:08 Compressing file: run19894.mid
2024-09-24 22:48:09 File successfully compressed: run19894.mid.gz
2024-09-24 22:51:10 Compressing file: run19895.mid
2024-09-24 22:56:11 File successfully compressed: run19895.mid.gz
2024-09-24 22:58:42 Compressing file: run19896.mid
2024-09-24 23:03:43 File successfully compressed: run19896.mid.gz
2024-09-24 23:07:14 Compressing file: run19897.mid
2024-09-24 23:12:15 File successfully compressed: run19897.mid.gz
2024-09-24 23:15:16 Compressing file: run19898.mid
2024-09-24 23:20:18 File successfully compressed: run19898.mid.gz
2024-09-24 23:45:55 Compressing file: run19901.mid
2024-09-24 23:50:56 File successfully compressed: run19901.mid.gz
2024-09-24 23:54:27 Compressing file: run19902.mid
2024-09-24 23:59:59 File successfully compressed: run19902.mid.gz
2024-09-25 00:02:59 Compressing file: run19903.mid
2024-09-25 00:08:01 File successfully compressed: run19903.mid.gz
2024-09-25 00:11:02 Compressing file: run19904.mid
2024-09-25 00:16:03 File successfully compressed: run19904.mid.gz
2024-09-25 00:18:34 Compressing file: run19905.mid
2024-09-25 00:23:35 File successfully compressed: run19905.mid.gz
2024-09-25 00:25:36 Compressing file: run19906.mid
2024-09-25 00:30:37 File successfully compressed: run19906.mid.gz
2024-09-25 00:33:08 Compressing file: run19907.mid
2024-09-25 00:38:09 File successfully compressed: run19907.mid.gz
2024-09-25 00:40:10 Compressing file: run19908.mid
2024-09-25 00:45:11 File successfully compressed: run19908.mid.gz
2024-09-25 00:47:42 Compressing file: run19909.mid
2024-09-25 00:52:43 File successfully compressed: run19909.mid.gz
2024-09-25 00:55:14 Compressing file: run19910.mid
2024-09-25 01:00:15 File successfully compressed: run19910.mid.gz
2024-09-25 01:02:46 Compressing file: run19911.mid
2024-09-25 01:07:47 File successfully compressed: run19911.mid.gz
2024-09-25 01:10:18 Compressing file: run19912.mid
2024-09-25 01:15:19 File successfully compressed: run19912.mid.gz
2024-09-25 01:18:20 Compressing file: run19913.mid
2024-09-25 01:23:22 File successfully compressed: run19913.mid.gz
2024-09-25 01:25:52 Compressing file: run19914.mid
2024-09-25 01:30:54 File successfully compressed: run19914.mid.gz
2024-09-25 01:33:24 Compressing file: run19915.mid
2024-09-25 01:38:26 File successfully compressed: run19915.mid.gz
2024-09-25 01:40:57 Compressing file: run19916.mid
2024-09-25 01:45:58 File successfully compressed: run19916.mid.gz
2024-09-25 01:48:29 Compressing file: run19917.mid
2024-09-25 01:53:30 File successfully compressed: run19917.mid.gz
2024-09-25 01:56:01 Compressing file: run19918.mid
2024-09-25 02:01:02 File successfully compressed: run19918.mid.gz
2024-09-25 02:03:33 Compressing file: run19919.mid
2024-09-25 02:08:34 File successfully compressed: run19919.mid.gz
2024-09-25 02:11:05 Compressing file: run19920.mid
2024-09-25 02:16:06 File successfully compressed: run19920.mid.gz
2024-09-25 10:11:23 Compressing file: run19924.mid
2024-09-25 10:14:24 Compressing file: run19925.mid
2024-09-25 10:17:24 Compressing file: run19926.mid
2024-09-25 10:18:55 File successfully compressed: run19924.mid.gz
2024-09-25 10:20:25 Compressing file: run19927.mid
2024-09-25 10:21:56 File successfully compressed: run19925.mid.gz
2024-09-25 10:23:26 Compressing file: run19928.mid
2024-09-25 10:24:57 File successfully compressed: run19926.mid.gz
2024-09-25 10:26:27 Compressing file: run19929.mid
2024-09-25 10:27:58 File successfully compressed: run19927.mid.gz
2024-09-25 10:29:28 Compressing file: run19930.mid
2024-09-25 10:30:58 File successfully compressed: run19928.mid.gz
2024-09-25 10:32:29 Compressing file: run19931.mid
2024-09-25 10:33:59 File successfully compressed: run19929.mid.gz
2024-09-25 10:35:30 Compressing file: run19932.mid
2024-09-25 10:37:00 File successfully compressed: run19930.mid.gz
2024-09-25 10:38:31 Compressing file: run19933.mid
2024-09-25 10:40:31 File successfully compressed: run19931.mid.gz
2024-09-25 10:41:32 Compressing file: run19934.mid
2024-09-25 10:43:02 File successfully compressed: run19932.mid.gz
2024-09-25 10:44:32 Compressing file: run19935.mid
2024-09-25 10:46:33 File successfully compressed: run19933.mid.gz
2024-09-25 10:47:03 Compressing file: run19936.mid
2024-09-25 10:49:04 File successfully compressed: run19934.mid.gz
2024-09-25 10:50:04 Compressing file: run19937.mid
2024-09-25 10:52:05 File successfully compressed: run19935.mid.gz
2024-09-25 10:53:05 Compressing file: run19938.mid
2024-09-25 10:54:35 File successfully compressed: run19936.mid.gz
2024-09-25 10:56:06 Compressing file: run19939.mid
2024-09-25 10:57:36 File successfully compressed: run19937.mid.gz
2024-09-25 10:59:07 Compressing file: run19940.mid
2024-09-25 11:00:37 File successfully compressed: run19938.mid.gz
2024-09-25 11:02:08 Compressing file: run19941.mid
2024-09-25 11:03:38 File successfully compressed: run19939.mid.gz
2024-09-25 11:05:08 Compressing file: run19942.mid
2024-09-25 11:06:39 File successfully compressed: run19940.mid.gz
2024-09-25 11:08:09 Compressing file: run19943.mid
2024-09-25 11:09:40 File successfully compressed: run19941.mid.gz
2024-09-25 11:11:10 Compressing file: run19944.mid
2024-09-25 11:12:41 File successfully compressed: run19942.mid.gz
2024-09-25 11:14:11 Compressing file: run19945.mid
2024-09-25 11:15:42 File successfully compressed: run19943.mid.gz
2024-09-25 11:17:12 Compressing file: run19946.mid
2024-09-25 11:18:42 File successfully compressed: run19944.mid.gz
2024-09-25 11:20:13 Compressing file: run19947.mid
2024-09-25 11:21:43 File successfully compressed: run19945.mid.gz
2024-09-25 11:23:14 Compressing file: run19948.mid
2024-09-25 11:24:44 File successfully compressed: run19946.mid.gz
2024-09-25 11:26:15 Compressing file: run19949.mid
2024-09-25 11:27:45 File successfully compressed: run19947.mid.gz
2024-09-25 11:29:15 Compressing file: run19950.mid
2024-09-25 11:30:46 File successfully compressed: run19948.mid.gz
2024-09-25 11:32:16 Compressing file: run19951.mid
2024-09-25 11:33:47 File successfully compressed: run19949.mid.gz
2024-09-25 11:35:17 Compressing file: run19952.mid
2024-09-25 11:36:48 File successfully compressed: run19950.mid.gz
2024-09-25 11:38:18 Compressing file: run19953.mid
2024-09-25 11:39:49 File successfully compressed: run19951.mid.gz
2024-09-25 11:41:19 Compressing file: run19954.mid
2024-09-25 11:42:50 File successfully compressed: run19952.mid.gz
2024-09-25 11:44:20 Compressing file: run19955.mid
2024-09-25 11:45:50 File successfully compressed: run19953.mid.gz
2024-09-25 11:47:21 Compressing file: run19956.mid
2024-09-25 11:49:21 File successfully compressed: run19954.mid.gz
2024-09-25 11:50:22 Compressing file: run19957.mid
2024-09-25 11:51:52 File successfully compressed: run19955.mid.gz
2024-09-25 11:53:23 Compressing file: run19958.mid
2024-09-25 11:54:53 File successfully compressed: run19956.mid.gz
2024-09-25 11:56:24 Compressing file: run19959.mid
2024-09-25 11:57:54 File successfully compressed: run19957.mid.gz
2024-09-25 11:59:24 Compressing file: run19960.mid
2024-09-25 12:00:55 File successfully compressed: run19958.mid.gz
2024-09-25 12:02:25 Compressing file: run19961.mid
2024-09-25 12:03:56 File successfully compressed: run19959.mid.gz
2024-09-25 12:05:26 Compressing file: run19962.mid
2024-09-25 12:07:27 File successfully compressed: run19960.mid.gz
2024-09-25 12:08:27 Compressing file: run19963.mid
2024-09-25 12:09:57 File successfully compressed: run19961.mid.gz
2024-09-25 12:11:28 Compressing file: run19964.mid
2024-09-25 12:12:58 File successfully compressed: run19962.mid.gz
2024-09-25 12:14:29 Compressing file: run19965.mid
2024-09-25 12:15:59 File successfully compressed: run19963.mid.gz
2024-09-25 12:17:30 Compressing file: run19966.mid
2024-09-25 12:19:00 File successfully compressed: run19964.mid.gz
2024-09-25 12:20:31 Compressing file: run19967.mid
2024-09-25 12:22:01 File successfully compressed: run19965.mid.gz
2024-09-25 12:23:31 Compressing file: run19968.mid
2024-09-25 12:25:02 File successfully compressed: run19966.mid.gz
2024-09-25 12:26:32 Compressing file: run19969.mid
2024-09-25 12:28:03 File successfully compressed: run19967.mid.gz
2024-09-25 12:29:33 Compressing file: run19970.mid
2024-09-25 12:31:04 File successfully compressed: run19968.mid.gz
2024-09-25 12:32:04 Compressing file: run19971.mid
2024-09-25 12:34:05 File successfully compressed: run19969.mid.gz
2024-09-25 12:35:05 Compressing file: run19972.mid
2024-09-25 12:37:06 File successfully compressed: run19970.mid.gz
2024-09-25 12:38:06 Compressing file: run19973.mid
2024-09-25 12:39:36 File successfully compressed: run19971.mid.gz
2024-09-25 12:41:07 Compressing file: run19974.mid
2024-09-25 12:42:37 File successfully compressed: run19972.mid.gz
2024-09-25 12:44:08 Compressing file: run19975.mid
2024-09-25 12:45:38 File successfully compressed: run19973.mid.gz
2024-09-25 12:47:09 Compressing file: run19976.mid
2024-09-25 12:48:39 File successfully compressed: run19974.mid.gz
2024-09-25 12:50:10 Compressing file: run19977.mid
2024-09-25 12:51:40 File successfully compressed: run19975.mid.gz
2024-09-25 12:53:11 Compressing file: run19978.mid
2024-09-25 12:54:41 File successfully compressed: run19976.mid.gz
2024-09-25 12:56:11 Compressing file: run19979.mid
2024-09-25 12:57:42 File successfully compressed: run19977.mid.gz
2024-09-25 12:59:12 Compressing file: run19980.mid
2024-09-25 13:00:43 File successfully compressed: run19978.mid.gz
2024-09-25 13:02:13 Compressing file: run19981.mid
2024-09-25 13:03:44 File successfully compressed: run19979.mid.gz
2024-09-25 13:05:14 Compressing file: run19982.mid
2024-09-25 13:06:45 File successfully compressed: run19980.mid.gz
2024-09-25 13:08:15 Compressing file: run19983.mid
2024-09-25 13:09:46 File successfully compressed: run19981.mid.gz
2024-09-25 13:11:46 Compressing file: run19984.mid
2024-09-25 13:12:46 File successfully compressed: run19982.mid.gz
2024-09-25 13:14:17 Compressing file: run19985.mid
2024-09-25 13:15:47 File successfully compressed: run19983.mid.gz
2024-09-25 13:17:18 Compressing file: run19986.mid
2024-09-25 13:19:18 File successfully compressed: run19984.mid.gz
2024-09-25 13:20:19 Compressing file: run19987.mid
2024-09-25 13:21:49 File successfully compressed: run19985.mid.gz
2024-09-25 13:23:20 Compressing file: run19988.mid
2024-09-25 13:24:50 File successfully compressed: run19986.mid.gz
2024-09-25 13:26:21 Compressing file: run19989.mid
2024-09-25 13:27:51 File successfully compressed: run19987.mid.gz
2024-09-25 13:29:21 Compressing file: run19990.mid
2024-09-25 13:30:52 File successfully compressed: run19988.mid.gz
2024-09-25 13:32:22 Compressing file: run19991.mid
2024-09-25 13:33:53 File successfully compressed: run19989.mid.gz
2024-09-25 13:35:23 Compressing file: run19992.mid
2024-09-25 13:36:54 File successfully compressed: run19990.mid.gz
2024-09-25 13:38:24 Compressing file: run19993.mid
2024-09-25 13:39:55 File successfully compressed: run19991.mid.gz
2024-09-25 13:41:25 Compressing file: run19994.mid
2024-09-25 13:42:56 File successfully compressed: run19992.mid.gz
2024-09-25 13:44:26 Compressing file: run19995.mid
2024-09-25 13:45:57 File successfully compressed: run19993.mid.gz
2024-09-25 13:47:27 Compressing file: run19996.mid
2024-09-25 13:48:58 File successfully compressed: run19994.mid.gz
2024-09-25 13:50:28 Compressing file: run19997.mid
2024-09-25 13:51:59 File successfully compressed: run19995.mid.gz
2024-09-25 13:53:29 Compressing file: run19998.mid
2024-09-25 13:55:00 File successfully compressed: run19996.mid.gz
2024-09-25 13:56:30 Compressing file: run19999.mid
2024-09-25 13:58:00 File successfully compressed: run19997.mid.gz
2024-09-25 13:59:31 Compressing file: run20000.mid
2024-09-25 14:01:01 File successfully compressed: run19998.mid.gz
2024-09-25 14:02:32 Compressing file: run20001.mid
2024-09-25 14:04:02 File successfully compressed: run19999.mid.gz
2024-09-25 14:05:33 Compressing file: run20002.mid
2024-09-25 14:07:03 File successfully compressed: run20000.mid.gz
2024-09-25 14:08:34 Compressing file: run20003.mid
2024-09-25 14:11:05 Compressing file: run20004.mid
2024-09-25 14:11:05 File successfully compressed: run20001.mid.gz
2024-09-25 14:13:05 File successfully compressed: run20002.mid.gz
2024-09-25 14:14:06 Compressing file: run20005.mid
2024-09-25 14:16:06 File successfully compressed: run20003.mid.gz
2024-09-25 14:17:07 Compressing file: run20006.mid
2024-09-25 14:18:37 File successfully compressed: run20004.mid.gz
2024-09-25 14:20:07 Compressing file: run20007.mid
2024-09-25 14:21:38 File successfully compressed: run20005.mid.gz
2024-09-25 14:23:08 Compressing file: run20008.mid
2024-09-25 14:25:39 File successfully compressed: run20006.mid.gz
2024-09-25 14:26:09 Compressing file: run20009.mid
2024-09-25 14:27:40 File successfully compressed: run20007.mid.gz
2024-09-25 14:29:10 Compressing file: run20010.mid
2024-09-25 14:30:41 File successfully compressed: run20008.mid.gz
2024-09-25 14:32:11 Compressing file: run20011.mid
2024-09-25 14:33:42 File successfully compressed: run20009.mid.gz
2024-09-25 14:35:12 Compressing file: run20012.mid
2024-09-25 14:36:43 File successfully compressed: run20010.mid.gz
2024-09-25 14:38:13 Compressing file: run20013.mid
2024-09-25 14:39:44 File successfully compressed: run20011.mid.gz
2024-09-25 14:41:44 Compressing file: run20014.mid
2024-09-25 14:42:45 File successfully compressed: run20012.mid.gz
2024-09-25 14:44:45 Compressing file: run20015.mid
2024-09-25 14:45:46 File successfully compressed: run20013.mid.gz
2024-09-25 14:47:46 Compressing file: run20016.mid
2024-09-25 14:49:17 File successfully compressed: run20014.mid.gz
2024-09-25 14:50:17 Compressing file: run20017.mid
2024-09-25 14:52:18 File successfully compressed: run20015.mid.gz
2024-09-25 14:53:18 Compressing file: run20018.mid
2024-09-25 14:55:19 File successfully compressed: run20016.mid.gz
2024-09-25 14:56:19 Compressing file: run20019.mid
2024-09-25 14:57:49 File successfully compressed: run20017.mid.gz
2024-09-25 14:59:20 Compressing file: run20020.mid
2024-09-25 15:00:50 File successfully compressed: run20018.mid.gz
2024-09-25 15:02:21 Compressing file: run20021.mid
2024-09-25 15:03:51 File successfully compressed: run20019.mid.gz
2024-09-25 15:05:22 Compressing file: run20022.mid
2024-09-25 15:06:52 File successfully compressed: run20020.mid.gz
2024-09-25 15:08:23 Compressing file: run20023.mid
2024-09-25 15:09:53 File successfully compressed: run20021.mid.gz
2024-09-25 15:11:24 Compressing file: run20024.mid
2024-09-25 15:12:54 File successfully compressed: run20022.mid.gz
2024-09-25 15:14:25 Compressing file: run20025.mid
2024-09-25 15:15:55 File successfully compressed: run20023.mid.gz
2024-09-25 15:17:26 Compressing file: run20026.mid
2024-09-25 15:18:56 File successfully compressed: run20024.mid.gz
2024-09-25 15:20:26 Compressing file: run20027.mid
2024-09-25 15:21:57 File successfully compressed: run20025.mid.gz
2024-09-25 15:23:27 Compressing file: run20028.mid
2024-09-25 15:24:58 File successfully compressed: run20026.mid.gz
2024-09-25 15:26:28 Compressing file: run20029.mid
2024-09-25 15:27:59 File successfully compressed: run20027.mid.gz
2024-09-25 15:29:29 Compressing file: run20030.mid
2024-09-25 15:31:00 File successfully compressed: run20028.mid.gz
2024-09-25 15:32:30 Compressing file: run20031.mid
2024-09-25 15:34:01 File successfully compressed: run20029.mid.gz
2024-09-25 15:35:31 Compressing file: run20032.mid
2024-09-25 15:37:02 File successfully compressed: run20030.mid.gz
2024-09-25 15:38:32 Compressing file: run20033.mid
2024-09-25 15:40:03 File successfully compressed: run20031.mid.gz
2024-09-25 15:41:33 Compressing file: run20034.mid
2024-09-25 15:43:04 File successfully compressed: run20032.mid.gz
2024-09-25 15:44:34 Compressing file: run20035.mid
2024-09-25 15:46:05 File successfully compressed: run20033.mid.gz
2024-09-25 15:47:05 Compressing file: run20036.mid
2024-09-25 15:49:06 File successfully compressed: run20034.mid.gz
2024-09-25 15:50:06 Compressing file: run20037.mid
2024-09-25 15:52:07 File successfully compressed: run20035.mid.gz
2024-09-25 15:53:07 Compressing file: run20038.mid
2024-09-25 15:54:38 File successfully compressed: run20036.mid.gz
2024-09-25 15:56:08 Compressing file: run20039.mid
2024-09-25 15:57:39 File successfully compressed: run20037.mid.gz
2024-09-25 15:59:09 Compressing file: run20040.mid
2024-09-25 16:00:39 File successfully compressed: run20038.mid.gz
2024-09-25 16:02:10 Compressing file: run20041.mid
2024-09-25 16:03:41 File successfully compressed: run20039.mid.gz
2024-09-25 16:05:11 Compressing file: run20042.mid
2024-09-25 16:06:41 File successfully compressed: run20040.mid.gz
2024-09-25 16:08:12 Compressing file: run20043.mid
2024-09-25 16:09:42 File successfully compressed: run20041.mid.gz
2024-09-25 16:11:43 Compressing file: run20044.mid
2024-09-25 16:12:43 File successfully compressed: run20042.mid.gz
2024-09-25 16:14:44 Compressing file: run20045.mid
2024-09-25 16:15:44 File successfully compressed: run20043.mid.gz
2024-09-25 16:17:45 Compressing file: run20046.mid
2024-09-25 16:19:15 File successfully compressed: run20044.mid.gz
2024-09-25 16:20:46 Compressing file: run20047.mid
2024-09-25 16:22:16 File successfully compressed: run20045.mid.gz
2024-09-25 16:23:47 Compressing file: run20048.mid
2024-09-25 16:25:48 File successfully compressed: run20046.mid.gz
2024-09-25 16:26:48 Compressing file: run20049.mid
2024-09-25 16:28:19 File successfully compressed: run20047.mid.gz
2024-09-25 16:29:19 Compressing file: run20050.mid
2024-09-25 16:31:20 File successfully compressed: run20048.mid.gz
2024-09-25 16:32:20 Compressing file: run20051.mid
2024-09-25 16:34:51 File successfully compressed: run20049.mid.gz
2024-09-25 16:35:21 Compressing file: run20052.mid
2024-09-25 16:36:51 File successfully compressed: run20050.mid.gz
2024-09-25 16:38:22 Compressing file: run20053.mid
2024-09-25 16:39:52 File successfully compressed: run20051.mid.gz
2024-09-25 16:41:23 Compressing file: run20054.mid
2024-09-25 16:42:53 File successfully compressed: run20052.mid.gz
2024-09-25 16:44:24 Compressing file: run20055.mid
2024-09-25 16:46:25 File successfully compressed: run20053.mid.gz
2024-09-25 16:47:25 Compressing file: run20056.mid
2024-09-25 16:48:55 File successfully compressed: run20054.mid.gz
2024-09-25 16:50:26 Compressing file: run20057.mid
2024-09-25 16:51:56 File successfully compressed: run20055.mid.gz
2024-09-25 16:53:27 Compressing file: run20058.mid
2024-09-25 16:54:58 File successfully compressed: run20056.mid.gz
2024-09-25 16:56:28 Compressing file: run20059.mid
2024-09-25 16:57:59 File successfully compressed: run20057.mid.gz
2024-09-25 16:59:29 Compressing file: run20060.mid
2024-09-25 17:01:00 File successfully compressed: run20058.mid.gz
2024-09-25 17:02:30 Compressing file: run20061.mid
2024-09-25 17:04:01 File successfully compressed: run20059.mid.gz
2024-09-25 17:05:31 Compressing file: run20062.mid
2024-09-25 17:07:02 File successfully compressed: run20060.mid.gz
2024-09-25 17:08:32 Compressing file: run20063.mid
2024-09-25 17:10:03 File successfully compressed: run20061.mid.gz
2024-09-25 17:11:33 Compressing file: run20064.mid
2024-09-25 17:13:04 File successfully compressed: run20062.mid.gz
2024-09-25 17:14:34 Compressing file: run20065.mid
2024-09-25 17:16:05 File successfully compressed: run20063.mid.gz
2024-09-25 17:17:35 Compressing file: run20066.mid
2024-09-25 17:19:06 File successfully compressed: run20064.mid.gz
2024-09-25 17:20:36 Compressing file: run20067.mid
2024-09-25 17:22:07 File successfully compressed: run20065.mid.gz
2024-09-25 17:23:07 Compressing file: run20068.mid
2024-09-25 17:25:08 File successfully compressed: run20066.mid.gz
2024-09-25 17:26:08 Compressing file: run20069.mid
2024-09-25 17:28:09 File successfully compressed: run20067.mid.gz
2024-09-25 17:29:09 Compressing file: run20070.mid
2024-09-25 17:30:39 File successfully compressed: run20068.mid.gz
2024-09-25 17:32:10 Compressing file: run20071.mid
2024-09-25 17:33:40 File successfully compressed: run20069.mid.gz
2024-09-25 17:35:11 Compressing file: run20072.mid
2024-09-25 17:36:42 File successfully compressed: run20070.mid.gz
2024-09-25 17:38:12 Compressing file: run20073.mid
2024-09-25 17:39:43 File successfully compressed: run20071.mid.gz
2024-09-25 17:42:43 File successfully compressed: run20072.mid.gz
2024-09-25 17:45:44 File successfully compressed: run20073.mid.gz
2024-09-26 13:32:52 Compressing file: run20074.mid
2024-09-26 13:37:54 File successfully compressed: run20074.mid.gz
2024-09-26 13:51:28 Compressing file: run20075.mid
2024-09-26 13:56:30 File successfully compressed: run20075.mid.gz
2024-09-26 14:01:32 Compressing file: run20076.mid
2024-09-26 14:06:33 File successfully compressed: run20076.mid.gz
2024-09-26 14:11:05 Compressing file: run20077.mid
2024-09-26 14:16:06 File successfully compressed: run20077.mid.gz
2024-09-26 14:20:08 Compressing file: run20078.mid
2024-09-26 14:25:09 File successfully compressed: run20078.mid.gz
2024-09-26 14:29:41 Compressing file: run20079.mid
2024-09-26 14:34:42 File successfully compressed: run20079.mid.gz
2024-09-26 14:38:14 Compressing file: run20080.mid
2024-09-26 14:43:15 File successfully compressed: run20080.mid.gz
2024-09-26 14:46:16 Compressing file: run20081.mid
2024-09-26 14:51:18 File successfully compressed: run20081.mid.gz
2024-09-26 14:55:19 Compressing file: run20082.mid
2024-09-26 15:00:21 File successfully compressed: run20082.mid.gz
2024-09-26 15:03:52 Compressing file: run20083.mid
2024-09-26 15:08:54 File successfully compressed: run20083.mid.gz
2024-09-26 15:11:55 Compressing file: run20084.mid
2024-09-26 15:16:56 File successfully compressed: run20084.mid.gz
2024-09-26 15:20:27 Compressing file: run20085.mid
2024-09-26 15:25:29 File successfully compressed: run20085.mid.gz
2024-09-26 15:29:00 Compressing file: run20086.mid
2024-09-26 15:34:02 File successfully compressed: run20086.mid.gz
2024-09-26 15:37:33 Compressing file: run20087.mid
2024-09-26 15:42:35 File successfully compressed: run20087.mid.gz
2024-09-26 15:46:06 Compressing file: run20088.mid
2024-09-26 15:51:08 File successfully compressed: run20088.mid.gz
2024-09-26 15:54:09 Compressing file: run20089.mid
2024-09-26 15:59:10 File successfully compressed: run20089.mid.gz
2024-09-26 16:02:11 Compressing file: run20090.mid
2024-09-26 16:07:13 File successfully compressed: run20090.mid.gz
2024-09-26 16:10:14 Compressing file: run20091.mid
2024-09-26 16:15:16 File successfully compressed: run20091.mid.gz
2024-09-26 16:18:17 Compressing file: run20092.mid
2024-09-26 16:23:18 File successfully compressed: run20092.mid.gz
2024-09-26 16:26:19 Compressing file: run20093.mid
2024-09-26 16:31:21 File successfully compressed: run20093.mid.gz
2024-09-26 16:33:52 Compressing file: run20094.mid
2024-09-26 16:38:53 File successfully compressed: run20094.mid.gz
2024-09-26 16:47:26 Compressing file: run20095.mid
2024-09-26 16:55:59 Compressing file: run20096.mid
2024-09-26 16:59:00 File successfully compressed: run20095.mid.gz
2024-09-26 17:01:01 File successfully compressed: run20096.mid.gz
2024-09-26 17:05:02 Compressing file: run20097.mid
2024-09-26 17:10:04 File successfully compressed: run20097.mid.gz
2024-09-26 17:12:34 Compressing file: run20098.mid
2024-09-26 17:17:36 File successfully compressed: run20098.mid.gz
2024-09-26 17:20:37 Compressing file: run20099.mid
2024-09-26 17:25:39 File successfully compressed: run20099.mid.gz
2024-09-26 17:29:10 Compressing file: run20100.mid
2024-09-26 17:34:12 File successfully compressed: run20100.mid.gz
2024-09-26 17:37:13 Compressing file: run20101.mid
2024-09-26 17:42:14 File successfully compressed: run20101.mid.gz
2024-09-26 17:45:45 Compressing file: run20102.mid
2024-09-26 17:50:47 File successfully compressed: run20102.mid.gz
2024-09-26 17:53:48 Compressing file: run20103.mid
2024-09-26 17:58:50 File successfully compressed: run20103.mid.gz
2024-09-26 18:02:21 Compressing file: run20104.mid
2024-09-26 18:07:23 File successfully compressed: run20104.mid.gz
2024-09-26 18:09:23 Compressing file: run20105.mid
2024-09-26 18:14:25 File successfully compressed: run20105.mid.gz
2024-09-26 18:17:26 Compressing file: run20106.mid
2024-09-26 18:22:28 File successfully compressed: run20106.mid.gz
2024-09-26 18:25:29 Compressing file: run20107.mid
2024-09-26 18:30:30 File successfully compressed: run20107.mid.gz
2024-09-26 18:33:01 Compressing file: run20108.mid
2024-09-26 18:38:03 File successfully compressed: run20108.mid.gz
2024-09-26 18:41:04 Compressing file: run20109.mid
2024-09-26 18:46:06 File successfully compressed: run20109.mid.gz
2024-09-26 18:48:37 Compressing file: run20110.mid
2024-09-26 18:53:38 File successfully compressed: run20110.mid.gz
2024-09-26 18:55:39 Compressing file: run20111.mid
2024-09-26 19:00:41 File successfully compressed: run20111.mid.gz
2024-09-26 19:02:41 Compressing file: run20112.mid
2024-09-26 19:07:43 File successfully compressed: run20112.mid.gz
2024-09-26 19:10:44 Compressing file: run20113.mid
2024-09-26 19:15:46 File successfully compressed: run20113.mid.gz
2024-09-26 19:18:17 Compressing file: run20114.mid
2024-09-26 19:23:18 File successfully compressed: run20114.mid.gz
2024-09-26 19:25:49 Compressing file: run20115.mid
2024-09-26 19:30:51 File successfully compressed: run20115.mid.gz
2024-09-26 19:36:23 Compressing file: run20116.mid
2024-09-26 19:41:25 File successfully compressed: run20116.mid.gz
2024-09-26 19:44:26 Compressing file: run20117.mid
2024-09-26 19:49:27 File successfully compressed: run20117.mid.gz
2024-09-26 19:52:59 Compressing file: run20118.mid
2024-09-26 19:58:00 File successfully compressed: run20118.mid.gz
2024-09-26 20:01:01 Compressing file: run20119.mid
2024-09-26 20:06:03 File successfully compressed: run20119.mid.gz
2024-09-26 20:09:04 Compressing file: run20120.mid
2024-09-26 20:14:06 File successfully compressed: run20120.mid.gz
2024-09-26 20:16:06 Compressing file: run20121.mid
2024-09-26 20:21:08 File successfully compressed: run20121.mid.gz
2024-09-26 20:23:39 Compressing file: run20122.mid
2024-09-26 20:28:41 File successfully compressed: run20122.mid.gz
2024-09-26 20:31:12 Compressing file: run20123.mid
2024-09-26 20:36:13 File successfully compressed: run20123.mid.gz
2024-09-26 20:38:44 Compressing file: run20124.mid
2024-09-26 20:43:46 File successfully compressed: run20124.mid.gz
2024-09-26 20:46:17 Compressing file: run20125.mid
2024-09-26 20:51:19 File successfully compressed: run20125.mid.gz
2024-09-26 20:53:19 Compressing file: run20126.mid
2024-09-26 20:58:21 File successfully compressed: run20126.mid.gz
2024-09-26 21:00:52 Compressing file: run20127.mid
2024-09-26 21:05:53 File successfully compressed: run20127.mid.gz
2024-09-26 21:08:55 Compressing file: run20128.mid
2024-09-26 21:13:56 File successfully compressed: run20128.mid.gz
2024-09-26 21:16:27 Compressing file: run20129.mid
2024-09-26 21:21:29 File successfully compressed: run20129.mid.gz
2024-09-26 21:23:30 Compressing file: run20130.mid
2024-09-26 21:28:31 File successfully compressed: run20130.mid.gz
2024-09-26 21:31:32 Compressing file: run20131.mid
2024-09-26 21:36:34 File successfully compressed: run20131.mid.gz
2024-09-26 21:39:35 Compressing file: run20132.mid
2024-09-26 21:44:37 File successfully compressed: run20132.mid.gz
2024-09-26 21:47:08 Compressing file: run20133.mid
2024-09-26 21:52:09 File successfully compressed: run20133.mid.gz
2024-09-26 21:54:40 Compressing file: run20134.mid
2024-09-26 21:59:42 File successfully compressed: run20134.mid.gz
2024-09-26 22:02:13 Compressing file: run20135.mid
2024-09-26 22:07:15 File successfully compressed: run20135.mid.gz
2024-09-26 22:13:17 Compressing file: run20136.mid
2024-09-26 22:18:18 File successfully compressed: run20136.mid.gz
2024-09-26 22:21:50 Compressing file: run20137.mid
2024-09-26 22:26:51 File successfully compressed: run20137.mid.gz
2024-09-26 22:29:52 Compressing file: run20138.mid
2024-09-26 22:34:54 File successfully compressed: run20138.mid.gz
2024-09-26 22:37:25 Compressing file: run20139.mid
2024-09-26 22:42:27 File successfully compressed: run20139.mid.gz
2024-09-26 22:45:58 Compressing file: run20140.mid
2024-09-26 22:51:00 File successfully compressed: run20140.mid.gz
2024-09-26 22:54:31 Compressing file: run20141.mid
2024-09-26 22:59:33 File successfully compressed: run20141.mid.gz
2024-09-26 23:02:34 Compressing file: run20142.mid
2024-09-26 23:07:35 File successfully compressed: run20142.mid.gz
2024-09-26 23:10:36 Compressing file: run20143.mid
2024-09-26 23:15:38 File successfully compressed: run20143.mid.gz
2024-09-26 23:19:40 Compressing file: run20144.mid
2024-09-26 23:24:41 File successfully compressed: run20144.mid.gz
2024-09-26 23:27:42 Compressing file: run20145.mid
2024-09-26 23:32:44 File successfully compressed: run20145.mid.gz
2024-09-26 23:36:15 Compressing file: run20146.mid
2024-09-26 23:41:17 File successfully compressed: run20146.mid.gz
2024-09-26 23:44:18 Compressing file: run20147.mid
2024-09-26 23:49:20 File successfully compressed: run20147.mid.gz
2024-09-26 23:51:21 Compressing file: run20148.mid
2024-09-26 23:56:22 File successfully compressed: run20148.mid.gz
2024-09-26 23:57:53 Compressing file: run20149.mid
2024-09-27 00:02:55 File successfully compressed: run20149.mid.gz
2024-09-27 00:05:56 Compressing file: run20150.mid
2024-09-27 00:10:58 File successfully compressed: run20150.mid.gz
2024-09-27 00:13:59 Compressing file: run20151.mid
2024-09-27 00:19:00 File successfully compressed: run20151.mid.gz
2024-09-27 00:22:01 Compressing file: run20152.mid
2024-09-27 00:27:03 File successfully compressed: run20152.mid.gz
2024-09-27 00:29:34 Compressing file: run20153.mid
2024-09-27 00:34:36 File successfully compressed: run20153.mid.gz
2024-09-27 00:38:07 Compressing file: run20154.mid
2024-09-27 00:43:09 File successfully compressed: run20154.mid.gz
2024-09-27 00:45:40 Compressing file: run20155.mid
2024-09-27 00:50:41 File successfully compressed: run20155.mid.gz
2024-09-27 00:57:14 Compressing file: run20156.mid
2024-09-27 01:02:16 File successfully compressed: run20156.mid.gz
2024-09-27 01:05:17 Compressing file: run20157.mid
2024-09-27 01:10:19 File successfully compressed: run20157.mid.gz
2024-09-27 01:14:20 Compressing file: run20158.mid
2024-09-27 01:19:22 File successfully compressed: run20158.mid.gz
2024-09-27 01:23:53 Compressing file: run20159.mid
2024-09-27 01:28:55 File successfully compressed: run20159.mid.gz
2024-09-27 01:31:56 Compressing file: run20160.mid
2024-09-27 01:36:58 File successfully compressed: run20160.mid.gz
2024-09-27 01:39:59 Compressing file: run20161.mid
2024-09-27 01:45:01 File successfully compressed: run20161.mid.gz
2024-09-27 01:48:02 Compressing file: run20162.mid
2024-09-27 01:53:04 File successfully compressed: run20162.mid.gz
2024-09-27 01:56:35 Compressing file: run20163.mid
2024-09-27 02:01:37 File successfully compressed: run20163.mid.gz
2024-09-27 02:04:08 Compressing file: run20164.mid
2024-09-27 02:09:09 File successfully compressed: run20164.mid.gz
2024-09-27 02:12:11 Compressing file: run20165.mid
2024-09-27 02:17:12 File successfully compressed: run20165.mid.gz
2024-09-27 02:19:43 Compressing file: run20166.mid
2024-09-27 02:24:45 File successfully compressed: run20166.mid.gz
2024-09-27 02:27:16 Compressing file: run20167.mid
2024-09-27 02:32:18 File successfully compressed: run20167.mid.gz
2024-09-27 02:34:49 Compressing file: run20168.mid
2024-09-27 02:39:51 File successfully compressed: run20168.mid.gz
2024-09-27 02:42:52 Compressing file: run20169.mid
2024-09-27 02:47:53 File successfully compressed: run20169.mid.gz
2024-09-27 02:50:54 Compressing file: run20170.mid
2024-09-27 02:55:56 File successfully compressed: run20170.mid.gz
2024-09-27 02:57:57 Compressing file: run20171.mid
2024-09-27 03:02:59 File successfully compressed: run20171.mid.gz
2024-09-27 03:04:59 Compressing file: run20172.mid
2024-09-27 03:10:01 File successfully compressed: run20172.mid.gz
2024-09-27 03:12:32 Compressing file: run20173.mid
2024-09-27 03:17:34 File successfully compressed: run20173.mid.gz
2024-09-27 03:20:05 Compressing file: run20174.mid
2024-09-27 03:25:07 File successfully compressed: run20174.mid.gz
2024-09-27 03:27:07 Compressing file: run20175.mid
2024-09-27 03:32:09 File successfully compressed: run20175.mid.gz
2024-09-27 03:38:11 Compressing file: run20176.mid
2024-09-27 03:43:13 File successfully compressed: run20176.mid.gz
2024-09-27 03:47:45 Compressing file: run20177.mid
2024-09-27 03:52:47 File successfully compressed: run20177.mid.gz
2024-09-27 03:56:18 Compressing file: run20178.mid
2024-09-27 04:01:20 File successfully compressed: run20178.mid.gz
2024-09-27 04:05:21 Compressing file: run20179.mid
2024-09-27 04:10:23 File successfully compressed: run20179.mid.gz
2024-09-27 04:14:55 Compressing file: run20180.mid
2024-09-27 04:19:56 File successfully compressed: run20180.mid.gz
2024-09-27 04:22:58 Compressing file: run20181.mid
2024-09-27 04:27:59 File successfully compressed: run20181.mid.gz
2024-09-27 04:31:00 Compressing file: run20182.mid
2024-09-27 04:36:02 File successfully compressed: run20182.mid.gz
2024-09-27 04:39:03 Compressing file: run20183.mid
2024-09-27 04:44:05 File successfully compressed: run20183.mid.gz
2024-09-27 04:47:06 Compressing file: run20184.mid
2024-09-27 04:52:08 File successfully compressed: run20184.mid.gz
2024-09-27 04:54:39 Compressing file: run20185.mid
2024-09-27 04:59:41 File successfully compressed: run20185.mid.gz
2024-09-27 05:02:42 Compressing file: run20186.mid
2024-09-27 05:07:44 File successfully compressed: run20186.mid.gz
2024-09-27 05:10:45 Compressing file: run20187.mid
2024-09-27 05:15:47 File successfully compressed: run20187.mid.gz
2024-09-27 05:19:18 Compressing file: run20188.mid
2024-09-27 05:24:20 File successfully compressed: run20188.mid.gz
2024-09-27 05:26:51 Compressing file: run20189.mid
2024-09-27 05:31:52 File successfully compressed: run20189.mid.gz
2024-09-27 05:34:54 Compressing file: run20190.mid
2024-09-27 05:39:55 File successfully compressed: run20190.mid.gz
2024-09-27 05:42:26 Compressing file: run20191.mid
2024-09-27 05:47:28 File successfully compressed: run20191.mid.gz
2024-09-27 05:49:59 Compressing file: run20192.mid
2024-09-27 05:55:01 File successfully compressed: run20192.mid.gz
2024-09-27 05:58:02 Compressing file: run20193.mid
2024-09-27 06:03:04 File successfully compressed: run20193.mid.gz
2024-09-27 06:05:35 Compressing file: run20194.mid
2024-09-27 06:10:37 File successfully compressed: run20194.mid.gz
2024-09-27 06:13:08 Compressing file: run20195.mid
2024-09-27 06:18:09 File successfully compressed: run20195.mid.gz
2024-09-27 07:17:32 Compressing file: run20196.mid
2024-09-27 07:22:34 File successfully compressed: run20196.mid.gz
2024-09-27 07:27:05 Compressing file: run20197.mid
2024-09-27 07:32:07 File successfully compressed: run20197.mid.gz
2024-09-27 07:37:39 Compressing file: run20198.mid
2024-09-27 07:42:41 File successfully compressed: run20198.mid.gz
2024-09-27 07:48:43 Compressing file: run20199.mid
2024-09-27 07:53:45 File successfully compressed: run20199.mid.gz
2024-09-27 07:58:17 Compressing file: run20200.mid
2024-09-27 08:03:19 File successfully compressed: run20200.mid.gz
2024-09-27 08:07:20 Compressing file: run20201.mid
2024-09-27 08:12:22 File successfully compressed: run20201.mid.gz
2024-09-27 08:15:53 Compressing file: run20202.mid
2024-09-27 08:20:55 File successfully compressed: run20202.mid.gz
2024-09-27 08:25:27 Compressing file: run20203.mid
2024-09-27 08:30:29 File successfully compressed: run20203.mid.gz
2024-09-27 08:34:30 Compressing file: run20204.mid
2024-09-27 08:39:32 File successfully compressed: run20204.mid.gz
2024-09-27 08:43:03 Compressing file: run20205.mid
2024-09-27 08:48:05 File successfully compressed: run20205.mid.gz
2024-09-27 08:52:07 Compressing file: run20206.mid
2024-09-27 08:57:09 File successfully compressed: run20206.mid.gz
2024-09-27 09:00:40 Compressing file: run20207.mid
2024-09-27 09:05:42 File successfully compressed: run20207.mid.gz
2024-09-27 09:09:13 Compressing file: run20208.mid
2024-09-27 09:14:15 File successfully compressed: run20208.mid.gz
2024-09-27 09:17:46 Compressing file: run20209.mid
2024-09-27 09:22:48 File successfully compressed: run20209.mid.gz
2024-09-27 09:26:19 Compressing file: run20210.mid
2024-09-27 09:31:21 File successfully compressed: run20210.mid.gz
2024-09-27 09:34:22 Compressing file: run20211.mid
2024-09-27 09:39:24 File successfully compressed: run20211.mid.gz
2024-09-27 09:42:56 Compressing file: run20212.mid
2024-09-27 09:47:57 File successfully compressed: run20212.mid.gz
2024-09-27 09:50:28 Compressing file: run20213.mid
2024-09-27 09:55:30 File successfully compressed: run20213.mid.gz
2024-09-27 09:58:31 Compressing file: run20214.mid
2024-09-27 10:03:33 File successfully compressed: run20214.mid.gz
2024-09-27 10:05:34 Compressing file: run20215.mid
2024-09-27 10:10:36 Compressing file: run20216.mid
2024-09-27 10:10:36 File successfully compressed: run20215.mid.gz
2024-09-27 10:11:36 File successfully compressed: run20216.mid.gz
2024-09-27 10:27:12 Compressing file: run20217.mid
2024-09-27 10:32:14 File successfully compressed: run20217.mid.gz
2024-09-27 10:35:45 Compressing file: run20218.mid
2024-09-27 10:40:47 File successfully compressed: run20218.mid.gz
2024-09-27 10:44:49 Compressing file: run20219.mid
2024-09-27 10:49:51 File successfully compressed: run20219.mid.gz
2024-09-27 10:54:22 Compressing file: run20220.mid
2024-09-27 10:59:24 File successfully compressed: run20220.mid.gz
2024-09-27 11:03:26 Compressing file: run20221.mid
2024-09-27 11:08:28 File successfully compressed: run20221.mid.gz
2024-09-27 11:11:29 Compressing file: run20222.mid
2024-09-27 11:16:31 File successfully compressed: run20222.mid.gz
2024-09-27 11:19:32 Compressing file: run20223.mid
2024-09-27 11:24:34 File successfully compressed: run20223.mid.gz
2024-09-27 11:27:35 Compressing file: run20224.mid
2024-09-27 11:32:37 File successfully compressed: run20224.mid.gz
2024-09-27 11:36:08 Compressing file: run20225.mid
2024-09-27 11:41:40 File successfully compressed: run20225.mid.gz
2024-09-27 11:44:41 Compressing file: run20226.mid
2024-09-27 11:49:43 File successfully compressed: run20226.mid.gz
2024-09-27 11:52:44 Compressing file: run20227.mid
2024-09-27 11:57:46 File successfully compressed: run20227.mid.gz
2024-09-27 12:01:17 Compressing file: run20228.mid
2024-09-27 12:06:19 File successfully compressed: run20228.mid.gz
2024-09-27 12:09:21 Compressing file: run20229.mid
2024-09-27 12:14:22 File successfully compressed: run20229.mid.gz
2024-09-27 12:16:53 Compressing file: run20230.mid
2024-09-27 12:21:55 File successfully compressed: run20230.mid.gz
2024-09-27 12:24:26 Compressing file: run20231.mid
2024-09-27 12:29:28 File successfully compressed: run20231.mid.gz
2024-09-27 12:32:29 Compressing file: run20232.mid
2024-09-27 12:37:31 File successfully compressed: run20232.mid.gz
2024-09-27 12:40:33 Compressing file: run20233.mid
2024-09-27 12:45:34 File successfully compressed: run20233.mid.gz
2024-09-27 12:48:05 Compressing file: run20234.mid
2024-09-27 12:53:07 File successfully compressed: run20234.mid.gz
2024-09-27 12:56:08 Compressing file: run20235.mid
2024-09-27 13:01:10 File successfully compressed: run20235.mid.gz
2024-09-27 13:03:11 Compressing file: run20236.mid
2024-09-27 13:08:13 File successfully compressed: run20236.mid.gz
2024-09-27 13:14:15 Compressing file: run20237.mid
2024-09-27 13:19:17 File successfully compressed: run20237.mid.gz
2024-09-27 13:21:48 Compressing file: run20238.mid
2024-09-27 13:26:50 File successfully compressed: run20238.mid.gz
2024-09-27 13:29:21 Compressing file: run20239.mid
2024-09-27 13:34:23 File successfully compressed: run20239.mid.gz
2024-09-27 13:37:54 Compressing file: run20240.mid
2024-09-27 13:42:56 File successfully compressed: run20240.mid.gz
2024-09-27 13:46:28 Compressing file: run20241.mid
2024-09-27 13:51:30 File successfully compressed: run20241.mid.gz
2024-09-27 13:55:01 Compressing file: run20242.mid
2024-09-27 14:00:03 File successfully compressed: run20242.mid.gz
2024-09-27 14:03:04 Compressing file: run20243.mid
2024-09-27 14:08:06 File successfully compressed: run20243.mid.gz
2024-09-27 14:10:37 Compressing file: run20244.mid
2024-09-27 14:15:39 File successfully compressed: run20244.mid.gz
2024-09-27 14:18:10 Compressing file: run20245.mid
2024-09-27 14:23:12 File successfully compressed: run20245.mid.gz
2024-09-27 14:25:12 Compressing file: run20246.mid
2024-09-27 14:30:14 File successfully compressed: run20246.mid.gz
2024-09-27 14:32:45 Compressing file: run20247.mid
2024-09-27 14:37:47 File successfully compressed: run20247.mid.gz
2024-09-27 14:40:18 Compressing file: run20248.mid
2024-09-27 14:45:20 File successfully compressed: run20248.mid.gz
2024-09-27 14:48:21 Compressing file: run20249.mid
2024-09-27 14:53:23 File successfully compressed: run20249.mid.gz
2024-09-27 14:55:54 Compressing file: run20250.mid
2024-09-27 15:00:56 File successfully compressed: run20250.mid.gz
2024-09-27 15:02:57 Compressing file: run20251.mid
2024-09-27 15:07:59 File successfully compressed: run20251.mid.gz
2024-09-27 15:10:30 Compressing file: run20252.mid
2024-09-27 15:15:32 File successfully compressed: run20252.mid.gz
2024-09-27 15:17:32 Compressing file: run20253.mid
2024-09-27 15:22:34 File successfully compressed: run20253.mid.gz
2024-09-27 15:25:05 Compressing file: run20254.mid
2024-09-27 15:30:07 File successfully compressed: run20254.mid.gz
2024-09-27 15:32:08 Compressing file: run20255.mid
2024-09-27 15:37:10 File successfully compressed: run20255.mid.gz
2024-09-27 15:39:11 Compressing file: run20256.mid
2024-09-27 15:44:13 File successfully compressed: run20256.mid.gz
2024-09-27 15:50:15 Compressing file: run20257.mid
2024-09-27 15:55:17 File successfully compressed: run20257.mid.gz
2024-09-27 15:59:19 Compressing file: run20258.mid
2024-09-27 16:04:20 File successfully compressed: run20258.mid.gz
2024-09-27 16:08:22 Compressing file: run20259.mid
2024-09-27 16:13:24 File successfully compressed: run20259.mid.gz
2024-09-27 16:17:26 Compressing file: run20260.mid
2024-09-27 16:22:27 File successfully compressed: run20260.mid.gz
2024-09-27 16:24:58 Compressing file: run20261.mid
2024-09-27 16:30:00 File successfully compressed: run20261.mid.gz
2024-09-27 16:33:02 Compressing file: run20262.mid
2024-09-27 16:38:03 File successfully compressed: run20262.mid.gz
2024-09-27 16:40:35 Compressing file: run20263.mid
2024-09-27 16:45:36 File successfully compressed: run20263.mid.gz
2024-09-27 16:49:08 Compressing file: run20264.mid
2024-09-27 16:54:10 File successfully compressed: run20264.mid.gz
2024-09-27 16:57:11 Compressing file: run20265.mid
2024-09-27 17:02:13 File successfully compressed: run20265.mid.gz
2024-09-27 17:04:14 Compressing file: run20266.mid
2024-09-27 17:09:15 File successfully compressed: run20266.mid.gz
2024-09-27 17:12:47 Compressing file: run20267.mid
2024-09-27 17:17:49 File successfully compressed: run20267.mid.gz
2024-09-27 17:20:50 Compressing file: run20268.mid
2024-09-27 17:25:52 File successfully compressed: run20268.mid.gz
2024-09-27 17:29:23 Compressing file: run20269.mid
2024-09-27 17:34:25 File successfully compressed: run20269.mid.gz
2024-09-27 17:36:26 Compressing file: run20270.mid
2024-09-27 17:41:28 File successfully compressed: run20270.mid.gz
2024-09-27 17:43:59 Compressing file: run20271.mid
2024-09-27 17:49:01 File successfully compressed: run20271.mid.gz
2024-09-27 17:51:32 Compressing file: run20272.mid
2024-09-27 17:56:34 File successfully compressed: run20272.mid.gz
2024-09-27 18:00:05 Compressing file: run20273.mid
2024-09-27 18:05:07 File successfully compressed: run20273.mid.gz
2024-09-27 18:08:09 Compressing file: run20274.mid
2024-09-27 18:13:11 File successfully compressed: run20274.mid.gz
2024-09-27 18:15:11 Compressing file: run20275.mid
2024-09-27 18:20:13 File successfully compressed: run20275.mid.gz
2024-09-27 18:23:15 Compressing file: run20276.mid
2024-09-27 18:28:17 File successfully compressed: run20276.mid.gz
2024-09-27 18:35:50 Compressing file: run20277.mid
2024-09-27 18:40:52 File successfully compressed: run20277.mid.gz
2024-09-27 18:43:53 Compressing file: run20278.mid
2024-09-27 18:48:55 File successfully compressed: run20278.mid.gz
2024-09-27 18:51:56 Compressing file: run20279.mid
2024-09-27 18:56:58 File successfully compressed: run20279.mid.gz
2024-09-27 19:00:29 Compressing file: run20280.mid
2024-09-27 19:05:31 File successfully compressed: run20280.mid.gz
2024-09-27 19:09:03 Compressing file: run20281.mid
2024-09-27 19:14:05 File successfully compressed: run20281.mid.gz
2024-09-27 19:17:36 Compressing file: run20282.mid
2024-09-27 19:22:38 File successfully compressed: run20282.mid.gz
2024-09-27 19:26:40 Compressing file: run20283.mid
2024-09-27 19:31:42 File successfully compressed: run20283.mid.gz
2024-09-27 19:34:13 Compressing file: run20284.mid
2024-09-27 19:39:15 File successfully compressed: run20284.mid.gz
2024-09-27 19:43:16 Compressing file: run20285.mid
2024-09-27 19:48:18 File successfully compressed: run20285.mid.gz
2024-09-27 19:51:20 Compressing file: run20286.mid
2024-09-27 19:56:21 File successfully compressed: run20286.mid.gz
2024-09-27 19:59:53 Compressing file: run20287.mid
2024-09-27 20:04:55 File successfully compressed: run20287.mid.gz
2024-09-27 20:06:56 Compressing file: run20288.mid
2024-09-27 20:11:58 File successfully compressed: run20288.mid.gz
2024-09-27 20:14:29 Compressing file: run20289.mid
2024-09-27 20:19:31 File successfully compressed: run20289.mid.gz
2024-09-27 20:22:02 Compressing file: run20290.mid
2024-09-27 20:27:04 File successfully compressed: run20290.mid.gz
2024-09-27 20:29:35 Compressing file: run20291.mid
2024-09-27 20:34:37 File successfully compressed: run20291.mid.gz
2024-09-27 20:37:08 Compressing file: run20292.mid
2024-09-27 20:42:10 File successfully compressed: run20292.mid.gz
2024-09-27 20:45:11 Compressing file: run20293.mid
2024-09-27 20:50:13 File successfully compressed: run20293.mid.gz
2024-09-27 20:52:44 Compressing file: run20294.mid
2024-09-27 20:57:46 File successfully compressed: run20294.mid.gz
2024-09-27 21:00:17 Compressing file: run20295.mid
2024-09-27 21:05:19 File successfully compressed: run20295.mid.gz
2024-09-27 21:07:50 Compressing file: run20296.mid
2024-09-27 21:12:52 File successfully compressed: run20296.mid.gz
2024-09-27 21:19:55 Compressing file: run20297.mid
2024-09-27 21:24:57 File successfully compressed: run20297.mid.gz
2024-09-27 21:29:29 Compressing file: run20298.mid
2024-09-27 21:34:31 File successfully compressed: run20298.mid.gz
2024-09-27 21:38:32 Compressing file: run20299.mid
2024-09-27 21:43:34 File successfully compressed: run20299.mid.gz
2024-09-27 21:47:36 Compressing file: run20300.mid
2024-09-27 21:52:38 File successfully compressed: run20300.mid.gz
2024-09-27 21:56:09 Compressing file: run20301.mid
2024-09-27 22:01:11 File successfully compressed: run20301.mid.gz
2024-09-27 22:04:43 Compressing file: run20302.mid
2024-09-27 22:09:45 File successfully compressed: run20302.mid.gz
2024-09-27 22:14:17 Compressing file: run20303.mid
2024-09-27 22:19:19 File successfully compressed: run20303.mid.gz
2024-09-27 22:22:20 Compressing file: run20304.mid
2024-09-27 22:27:22 File successfully compressed: run20304.mid.gz
2024-09-27 22:30:23 Compressing file: run20305.mid
2024-09-27 22:35:25 File successfully compressed: run20305.mid.gz
2024-09-27 22:39:27 Compressing file: run20306.mid
2024-09-27 22:44:29 File successfully compressed: run20306.mid.gz
2024-09-27 22:48:00 Compressing file: run20307.mid
2024-09-27 22:53:02 File successfully compressed: run20307.mid.gz
2024-09-27 22:55:33 Compressing file: run20308.mid
2024-09-27 23:00:35 File successfully compressed: run20308.mid.gz
2024-09-27 23:04:07 Compressing file: run20309.mid
2024-09-27 23:09:09 File successfully compressed: run20309.mid.gz
2024-09-27 23:12:10 Compressing file: run20310.mid
2024-09-27 23:17:12 File successfully compressed: run20310.mid.gz
2024-09-27 23:19:13 Compressing file: run20311.mid
2024-09-27 23:24:15 File successfully compressed: run20311.mid.gz
2024-09-27 23:26:16 Compressing file: run20312.mid
2024-09-27 23:31:18 File successfully compressed: run20312.mid.gz
2024-09-27 23:33:49 Compressing file: run20313.mid
2024-09-27 23:38:51 File successfully compressed: run20313.mid.gz
2024-09-27 23:41:52 Compressing file: run20314.mid
2024-09-27 23:46:54 File successfully compressed: run20314.mid.gz
2024-09-27 23:48:55 Compressing file: run20315.mid
2024-09-27 23:53:57 File successfully compressed: run20315.mid.gz
2024-09-27 23:57:28 Compressing file: run20316.mid
2024-09-28 00:02:30 File successfully compressed: run20316.mid.gz
2024-09-28 08:35:34 Compressing file: run20317.mid
2024-09-28 08:40:36 File successfully compressed: run20317.mid.gz
2024-09-28 08:56:12 Compressing file: run20318.mid
2024-09-28 09:01:14 File successfully compressed: run20318.mid.gz
2024-09-28 09:16:51 Compressing file: run20319.mid
2024-09-28 09:21:53 File successfully compressed: run20319.mid.gz
2024-09-28 09:35:59 Compressing file: run20320.mid
2024-09-28 09:41:01 File successfully compressed: run20320.mid.gz
2024-09-28 09:47:03 Compressing file: run20321.mid
2024-09-28 09:52:05 File successfully compressed: run20321.mid.gz
2024-09-28 09:58:08 Compressing file: run20322.mid
2024-09-28 10:03:10 File successfully compressed: run20322.mid.gz
2024-09-28 10:08:42 Compressing file: run20323.mid
2024-09-28 10:13:44 File successfully compressed: run20323.mid.gz
2024-09-28 10:19:17 Compressing file: run20324.mid
2024-09-28 10:24:19 File successfully compressed: run20324.mid.gz
2024-09-28 10:28:20 Compressing file: run20325.mid
2024-09-28 10:33:22 File successfully compressed: run20325.mid.gz
2024-09-28 10:37:24 Compressing file: run20326.mid
2024-09-28 10:42:26 File successfully compressed: run20326.mid.gz
2024-09-28 10:45:58 Compressing file: run20327.mid
2024-09-28 10:51:00 File successfully compressed: run20327.mid.gz
2024-09-28 10:56:02 Compressing file: run20328.mid
2024-09-28 11:01:04 File successfully compressed: run20328.mid.gz
2024-09-28 11:05:36 Compressing file: run20329.mid
2024-09-28 11:10:38 File successfully compressed: run20329.mid.gz
2024-09-28 11:14:09 Compressing file: run20330.mid
2024-09-28 11:19:11 File successfully compressed: run20330.mid.gz
2024-09-28 11:23:13 Compressing file: run20331.mid
2024-09-28 11:28:15 File successfully compressed: run20331.mid.gz
2024-09-28 11:32:47 Compressing file: run20332.mid
2024-09-28 11:37:49 File successfully compressed: run20332.mid.gz
2024-09-28 11:41:21 Compressing file: run20333.mid
2024-09-28 11:46:23 File successfully compressed: run20333.mid.gz
2024-09-28 11:49:24 Compressing file: run20334.mid
2024-09-28 11:54:26 File successfully compressed: run20334.mid.gz
2024-09-28 11:57:27 Compressing file: run20335.mid
2024-09-28 12:02:29 File successfully compressed: run20335.mid.gz
2024-09-28 12:05:30 Compressing file: run20336.mid
2024-09-28 12:10:32 File successfully compressed: run20336.mid.gz
2024-09-28 12:36:13 Compressing file: run20337.mid
2024-09-28 12:41:15 File successfully compressed: run20337.mid.gz
2024-09-28 12:52:50 Compressing file: run20338.mid
2024-09-28 12:57:52 File successfully compressed: run20338.mid.gz
2024-09-28 13:05:56 Compressing file: run20339.mid
2024-09-28 13:10:58 File successfully compressed: run20339.mid.gz
2024-09-28 13:19:01 Compressing file: run20340.mid
2024-09-28 13:24:03 File successfully compressed: run20340.mid.gz
2024-09-28 13:28:35 Compressing file: run20341.mid
2024-09-28 13:33:37 File successfully compressed: run20341.mid.gz
2024-09-28 13:37:39 Compressing file: run20342.mid
2024-09-28 13:42:41 File successfully compressed: run20342.mid.gz
2024-09-28 13:46:43 Compressing file: run20343.mid
2024-09-28 13:51:45 File successfully compressed: run20343.mid.gz
2024-09-28 13:56:47 Compressing file: run20344.mid
2024-09-28 14:01:49 File successfully compressed: run20344.mid.gz
2024-09-28 14:04:20 Compressing file: run20345.mid
2024-09-28 14:09:22 File successfully compressed: run20345.mid.gz
2024-09-28 14:12:54 Compressing file: run20346.mid
2024-09-28 14:17:56 File successfully compressed: run20346.mid.gz
2024-09-28 14:20:57 Compressing file: run20347.mid
2024-09-28 14:25:59 File successfully compressed: run20347.mid.gz
2024-09-28 14:29:01 Compressing file: run20348.mid
2024-09-28 14:34:03 File successfully compressed: run20348.mid.gz
2024-09-28 14:36:34 Compressing file: run20349.mid
2024-09-28 14:41:36 File successfully compressed: run20349.mid.gz
2024-09-28 14:44:07 Compressing file: run20350.mid
2024-09-28 14:49:09 File successfully compressed: run20350.mid.gz
2024-09-28 14:51:40 Compressing file: run20351.mid
2024-09-28 14:56:42 File successfully compressed: run20351.mid.gz
2024-09-28 14:58:43 Compressing file: run20352.mid
2024-09-28 15:03:45 File successfully compressed: run20352.mid.gz
2024-09-28 15:07:47 Compressing file: run20353.mid
2024-09-28 15:12:49 File successfully compressed: run20353.mid.gz
2024-09-28 15:15:50 Compressing file: run20354.mid
2024-09-28 15:20:52 File successfully compressed: run20354.mid.gz
2024-09-28 15:23:23 Compressing file: run20355.mid
2024-09-28 15:28:25 File successfully compressed: run20355.mid.gz
2024-09-28 15:30:57 Compressing file: run20356.mid
2024-09-28 15:35:59 File successfully compressed: run20356.mid.gz
2024-09-28 15:45:03 Compressing file: run20357.mid
2024-09-28 15:50:05 File successfully compressed: run20357.mid.gz
2024-09-28 15:57:08 Compressing file: run20358.mid
2024-09-28 16:02:10 File successfully compressed: run20358.mid.gz
2024-09-28 16:07:12 Compressing file: run20359.mid
2024-09-28 16:12:14 File successfully compressed: run20359.mid.gz
2024-09-28 16:17:16 Compressing file: run20360.mid
2024-09-28 16:22:18 File successfully compressed: run20360.mid.gz
2024-09-28 16:26:20 Compressing file: run20361.mid
2024-09-28 16:31:22 File successfully compressed: run20361.mid.gz
2024-09-28 16:34:54 Compressing file: run20362.mid
2024-09-28 16:39:56 File successfully compressed: run20362.mid.gz
2024-09-28 16:43:28 Compressing file: run20363.mid
2024-09-28 16:48:30 File successfully compressed: run20363.mid.gz
2024-09-28 16:52:01 Compressing file: run20364.mid
2024-09-28 16:57:03 File successfully compressed: run20364.mid.gz
2024-09-28 17:00:05 Compressing file: run20365.mid
2024-09-28 17:05:07 File successfully compressed: run20365.mid.gz
2024-09-28 17:08:38 Compressing file: run20366.mid
2024-09-28 17:13:40 File successfully compressed: run20366.mid.gz
2024-09-28 17:17:12 Compressing file: run20367.mid
2024-09-28 17:22:14 File successfully compressed: run20367.mid.gz
2024-09-28 17:24:45 Compressing file: run20368.mid
2024-09-28 17:29:47 File successfully compressed: run20368.mid.gz
2024-09-28 17:33:49 Compressing file: run20369.mid
2024-09-28 17:38:51 File successfully compressed: run20369.mid.gz
2024-09-28 17:41:53 Compressing file: run20370.mid
2024-09-28 17:46:55 File successfully compressed: run20370.mid.gz
2024-09-28 17:49:26 Compressing file: run20371.mid
2024-09-28 17:54:28 File successfully compressed: run20371.mid.gz
2024-09-28 17:57:29 Compressing file: run20372.mid
2024-09-28 18:02:31 File successfully compressed: run20372.mid.gz
2024-09-28 18:04:32 Compressing file: run20373.mid
2024-09-28 18:09:34 File successfully compressed: run20373.mid.gz
2024-09-28 18:12:06 Compressing file: run20374.mid
2024-09-28 18:17:08 File successfully compressed: run20374.mid.gz
2024-09-28 18:19:39 Compressing file: run20375.mid
2024-09-28 18:24:41 File successfully compressed: run20375.mid.gz
2024-09-28 18:27:12 Compressing file: run20376.mid
2024-09-28 18:32:14 File successfully compressed: run20376.mid.gz
2024-09-28 18:42:49 Compressing file: run20377.mid
2024-09-28 18:47:51 File successfully compressed: run20377.mid.gz
2024-09-28 18:54:24 Compressing file: run20378.mid
2024-09-28 18:59:26 File successfully compressed: run20378.mid.gz
2024-09-28 19:04:28 Compressing file: run20379.mid
2024-09-28 19:09:30 File successfully compressed: run20379.mid.gz
2024-09-28 19:14:33 Compressing file: run20380.mid
2024-09-28 19:19:35 File successfully compressed: run20380.mid.gz
2024-09-28 19:23:37 Compressing file: run20381.mid
2024-09-28 19:28:39 File successfully compressed: run20381.mid.gz
2024-09-28 19:32:40 Compressing file: run20382.mid
2024-09-28 19:37:43 File successfully compressed: run20382.mid.gz
2024-09-28 19:41:44 Compressing file: run20383.mid
2024-09-28 19:46:46 File successfully compressed: run20383.mid.gz
2024-09-28 19:50:48 Compressing file: run20384.mid
2024-09-28 19:55:50 File successfully compressed: run20384.mid.gz
2024-09-28 19:59:22 Compressing file: run20385.mid
2024-09-28 20:04:24 File successfully compressed: run20385.mid.gz
2024-09-28 20:07:56 Compressing file: run20386.mid
2024-09-28 20:12:58 File successfully compressed: run20386.mid.gz
2024-09-28 20:16:29 Compressing file: run20387.mid
2024-09-28 20:21:32 File successfully compressed: run20387.mid.gz
2024-09-28 20:24:33 Compressing file: run20388.mid
2024-09-28 20:29:35 File successfully compressed: run20388.mid.gz
2024-09-28 20:32:36 Compressing file: run20389.mid
2024-09-28 20:37:39 File successfully compressed: run20389.mid.gz
2024-09-28 20:40:40 Compressing file: run20390.mid
2024-09-28 20:45:42 File successfully compressed: run20390.mid.gz
2024-09-28 20:48:13 Compressing file: run20391.mid
2024-09-28 20:53:15 File successfully compressed: run20391.mid.gz
2024-09-28 20:56:17 Compressing file: run20392.mid
2024-09-28 21:01:19 File successfully compressed: run20392.mid.gz
2024-09-28 21:04:20 Compressing file: run20393.mid
2024-09-28 21:09:22 File successfully compressed: run20393.mid.gz
2024-09-28 21:11:53 Compressing file: run20394.mid
2024-09-28 21:16:55 File successfully compressed: run20394.mid.gz
2024-09-28 21:18:56 Compressing file: run20395.mid
2024-09-28 21:23:58 File successfully compressed: run20395.mid.gz
2024-09-28 21:27:00 Compressing file: run20396.mid
2024-09-28 21:32:02 File successfully compressed: run20396.mid.gz
2024-09-28 21:56:13 Compressing file: run20398.mid
2024-09-28 22:01:15 File successfully compressed: run20398.mid.gz
2024-09-28 22:06:47 Compressing file: run20399.mid
2024-09-28 22:11:50 File successfully compressed: run20399.mid.gz
2024-09-28 22:17:22 Compressing file: run20400.mid
2024-09-28 22:22:24 File successfully compressed: run20400.mid.gz
2024-09-28 22:27:27 Compressing file: run20401.mid
2024-09-28 22:32:29 File successfully compressed: run20401.mid.gz
2024-09-28 22:36:31 Compressing file: run20402.mid
2024-09-28 22:41:33 File successfully compressed: run20402.mid.gz
2024-09-28 22:45:04 Compressing file: run20403.mid
2024-09-28 22:50:07 File successfully compressed: run20403.mid.gz
2024-09-28 22:54:08 Compressing file: run20404.mid
2024-09-28 22:59:11 File successfully compressed: run20404.mid.gz
2024-09-28 23:02:42 Compressing file: run20405.mid
2024-09-28 23:07:44 File successfully compressed: run20405.mid.gz
2024-09-28 23:11:16 Compressing file: run20406.mid
2024-09-28 23:16:18 File successfully compressed: run20406.mid.gz
2024-09-28 23:20:20 Compressing file: run20407.mid
2024-09-28 23:25:22 File successfully compressed: run20407.mid.gz
2024-09-28 23:28:54 Compressing file: run20408.mid
2024-09-28 23:33:56 File successfully compressed: run20408.mid.gz
2024-09-28 23:36:27 Compressing file: run20409.mid
2024-09-28 23:41:29 File successfully compressed: run20409.mid.gz
2024-09-28 23:45:01 Compressing file: run20410.mid
2024-09-28 23:50:03 File successfully compressed: run20410.mid.gz
2024-09-28 23:53:04 Compressing file: run20411.mid
2024-09-28 23:58:06 File successfully compressed: run20411.mid.gz
2024-09-29 00:01:08 Compressing file: run20412.mid
2024-09-29 00:06:10 File successfully compressed: run20412.mid.gz
2024-09-29 00:09:11 Compressing file: run20413.mid
2024-09-29 00:14:13 File successfully compressed: run20413.mid.gz
2024-09-29 00:17:15 Compressing file: run20414.mid
2024-09-29 00:22:17 File successfully compressed: run20414.mid.gz
2024-09-29 00:24:48 Compressing file: run20415.mid
2024-09-29 00:29:50 File successfully compressed: run20415.mid.gz
2024-09-29 00:32:21 Compressing file: run20416.mid
2024-09-29 00:37:24 File successfully compressed: run20416.mid.gz
2024-09-29 00:40:25 Compressing file: run20417.mid
2024-09-29 00:45:27 File successfully compressed: run20417.mid.gz
2024-09-29 00:52:30 Compressing file: run20418.mid
2024-09-29 00:57:02 File successfully compressed: run20418.mid.gz
2024-09-29 01:02:05 Compressing file: run20419.mid
2024-09-29 01:07:07 File successfully compressed: run20419.mid.gz
2024-09-29 01:11:09 Compressing file: run20420.mid
2024-09-29 01:16:11 File successfully compressed: run20420.mid.gz
2024-09-29 01:21:13 Compressing file: run20421.mid
2024-09-29 01:26:15 File successfully compressed: run20421.mid.gz
2024-09-29 01:30:17 Compressing file: run20422.mid
2024-09-29 01:35:19 File successfully compressed: run20422.mid.gz
2024-09-29 01:40:22 Compressing file: run20423.mid
2024-09-29 01:45:24 File successfully compressed: run20423.mid.gz
2024-09-29 01:50:26 Compressing file: run20424.mid
2024-09-29 01:55:28 File successfully compressed: run20424.mid.gz
2024-09-29 01:59:00 Compressing file: run20425.mid
2024-09-29 02:04:02 File successfully compressed: run20425.mid.gz
2024-09-29 02:09:35 Compressing file: run20426.mid
2024-09-29 02:14:37 File successfully compressed: run20426.mid.gz
2024-09-29 02:19:39 Compressing file: run20427.mid
2024-09-29 02:24:41 File successfully compressed: run20427.mid.gz
2024-09-29 02:28:13 Compressing file: run20428.mid
2024-09-29 02:33:15 File successfully compressed: run20428.mid.gz
2024-09-29 02:37:17 Compressing file: run20429.mid
2024-09-29 02:42:19 File successfully compressed: run20429.mid.gz
2024-09-29 02:46:21 Compressing file: run20430.mid
2024-09-29 02:51:23 File successfully compressed: run20430.mid.gz
2024-09-29 02:55:25 Compressing file: run20431.mid
2024-09-29 03:00:28 File successfully compressed: run20431.mid.gz
2024-09-29 03:05:00 Compressing file: run20432.mid
2024-09-29 03:10:02 File successfully compressed: run20432.mid.gz
2024-09-29 03:14:04 Compressing file: run20433.mid
2024-09-29 03:19:06 File successfully compressed: run20433.mid.gz
2024-09-29 03:22:37 Compressing file: run20434.mid
2024-09-29 03:27:40 File successfully compressed: run20434.mid.gz
2024-09-29 03:33:12 Compressing file: run20435.mid
2024-09-29 03:38:14 File successfully compressed: run20435.mid.gz
2024-09-29 03:42:16 Compressing file: run20436.mid
2024-09-29 03:47:19 File successfully compressed: run20436.mid.gz
2024-09-29 03:51:51 Compressing file: run20437.mid
