cm_msg_log: Message "[fileCompressor,ERROR] [odb.cxx:1225:db_validate_key,ERROR] hkey 245000, path "/Sequencer/State/Last msg", string value is not valid UTF-8" not written to midas.log because open(/media/cygno01/PortableSSD/Data/midas.log) failed with errno 2 (No such file or directory)
cm_msg_log: Message "[fileCompressor,LOG] Program fileCompressor on host localhost started" not written to midas.log because open(/media/cygno01/PortableSSD/Data/midas.log) failed with errno 2 (No such file or directory)
[fileCompressor,ERROR] [odb.cxx:1225:db_validate_key,ERROR] hkey 245000, path "/Sequencer/State/Last msg", string value is not valid UTF-8
Traceback (most recent call last):
  File "/home/cygno01/daq/middleware/dev/fileCompressor.py", line 169, in <module>
    main()
  File "/home/cygno01/daq/middleware/dev/fileCompressor.py", line 118, in main
    file_in_dir=sorted(os.listdir(INAPATH))
FileNotFoundError: [Errno 2] No such file or directory: '/media/cygno01/PortableSSD/Data/'
cm_msg_log: Message "[fileCompressor,LOG] Program fileCompressor on host localhost stopped" not written to midas.log because open(/media/cygno01/PortableSSD/Data/midas.log) failed with errno 2 (No such file or directory)
cm_msg_log: Message "[fileCompressor,LOG] Program fileCompressor on host localhost started" not written to midas.log because open(/media/cygno01/PortableSSD/Data/midas.log) failed with errno 2 (No such file or directory)
Traceback (most recent call last):
  File "/home/cygno01/daq/middleware/dev/fileCompressor.py", line 169, in <module>
    main()
  File "/home/cygno01/daq/middleware/dev/fileCompressor.py", line 118, in main
    file_in_dir=sorted(os.listdir(INAPATH))
FileNotFoundError: [Errno 2] No such file or directory: '/media/cygno01/PortableSSD/Data/'
cm_msg_log: Message "[fileCompressor,LOG] Program fileCompressor on host localhost stopped" not written to midas.log because open(/media/cygno01/PortableSSD/Data/midas.log) failed with errno 2 (No such file or directory)
2024-05-07 10:28:36 Compressing file: run15571.mid
2024-05-07 10:32:06 File successfully compressed: run15571.mid.gz
2024-05-07 13:49:35 Compressing file: run15577.mid
2024-05-07 13:53:36 File successfully compressed: run15577.mid.gz
2024-05-07 13:54:06 Compressing file: run15578.mid
2024-05-07 13:54:36 File successfully compressed: run15578.mid.gz
2024-05-07 14:00:07 Compressing file: run15579.mid
2024-05-07 14:03:37 Compressing file: run15580.mid
2024-05-07 14:04:08 File successfully compressed: run15579.mid.gz
2024-05-07 14:07:08 Compressing file: run15581.mid
2024-05-07 14:08:38 File successfully compressed: run15580.mid.gz
2024-05-07 14:10:39 Compressing file: run15582.mid
2024-05-07 14:12:09 File successfully compressed: run15581.mid.gz
2024-05-07 14:14:09 Compressing file: run15583.mid
2024-05-07 14:15:39 File successfully compressed: run15582.mid.gz
2024-05-07 14:17:40 Compressing file: run15584.mid
2024-05-07 14:19:10 File successfully compressed: run15583.mid.gz
2024-05-07 14:21:10 Compressing file: run15585.mid
2024-05-07 14:22:40 File successfully compressed: run15584.mid.gz
2024-05-07 14:24:41 Compressing file: run15586.mid
2024-05-07 14:26:11 File successfully compressed: run15585.mid.gz
2024-05-07 14:28:11 Compressing file: run15587.mid
2024-05-07 14:29:41 File successfully compressed: run15586.mid.gz
2024-05-07 14:31:42 Compressing file: run15588.mid
2024-05-07 14:33:12 File successfully compressed: run15587.mid.gz
2024-05-07 14:35:12 Compressing file: run15589.mid
2024-05-07 14:36:42 File successfully compressed: run15588.mid.gz
2024-05-07 14:38:43 Compressing file: run15590.mid
2024-05-07 14:40:13 File successfully compressed: run15589.mid.gz
2024-05-07 14:42:13 Compressing file: run15591.mid
2024-05-07 14:43:43 File successfully compressed: run15590.mid.gz
2024-05-07 14:45:44 Compressing file: run15592.mid
2024-05-07 14:47:14 File successfully compressed: run15591.mid.gz
2024-05-07 14:49:14 Compressing file: run15593.mid
2024-05-07 14:50:45 File successfully compressed: run15592.mid.gz
2024-05-07 14:52:45 Compressing file: run15594.mid
2024-05-07 14:54:15 File successfully compressed: run15593.mid.gz
2024-05-07 14:56:15 Compressing file: run15595.mid
2024-05-07 14:57:46 File successfully compressed: run15594.mid.gz
2024-05-07 14:59:46 Compressing file: run15596.mid
2024-05-07 15:01:16 File successfully compressed: run15595.mid.gz
2024-05-07 15:03:16 Compressing file: run15597.mid
2024-05-07 15:04:47 File successfully compressed: run15596.mid.gz
2024-05-07 15:06:47 Compressing file: run15598.mid
2024-05-07 15:08:17 File successfully compressed: run15597.mid.gz
2024-05-07 15:10:18 Compressing file: run15599.mid
2024-05-07 15:11:48 File successfully compressed: run15598.mid.gz
2024-05-07 15:13:48 Compressing file: run15600.mid
2024-05-07 15:15:18 File successfully compressed: run15599.mid.gz
2024-05-07 15:17:19 Compressing file: run15601.mid
2024-05-07 15:18:49 File successfully compressed: run15600.mid.gz
2024-05-07 15:20:49 Compressing file: run15602.mid
2024-05-07 15:22:19 File successfully compressed: run15601.mid.gz
2024-05-07 15:24:20 Compressing file: run15603.mid
2024-05-07 15:25:50 File successfully compressed: run15602.mid.gz
2024-05-07 15:27:50 Compressing file: run15604.mid
2024-05-07 15:29:20 File successfully compressed: run15603.mid.gz
2024-05-07 15:30:51 Compressing file: run15605.mid
2024-05-07 15:32:51 File successfully compressed: run15604.mid.gz
2024-05-07 15:34:51 Compressing file: run15606.mid
2024-05-07 15:34:51 File successfully compressed: run15605.mid.gz
2024-05-07 15:38:22 Compressing file: run15607.mid
2024-05-07 15:39:52 File successfully compressed: run15606.mid.gz
2024-05-07 15:41:22 Compressing file: run15608.mid
2024-05-07 15:43:23 File successfully compressed: run15607.mid.gz
2024-05-07 15:44:53 Compressing file: run15609.mid
2024-05-07 15:46:23 File successfully compressed: run15608.mid.gz
2024-05-07 15:48:23 Compressing file: run15610.mid
2024-05-07 15:49:54 File successfully compressed: run15609.mid.gz
2024-05-07 15:52:24 Compressing file: run15611.mid
2024-05-07 15:53:24 File successfully compressed: run15610.mid.gz
2024-05-07 15:55:54 Compressing file: run15612.mid
2024-05-07 15:57:25 File successfully compressed: run15611.mid.gz
2024-05-07 15:59:25 Compressing file: run15613.mid
2024-05-07 16:00:55 File successfully compressed: run15612.mid.gz
2024-05-07 16:02:25 Compressing file: run15614.mid
2024-05-07 16:04:26 File successfully compressed: run15613.mid.gz
2024-05-07 16:05:56 Compressing file: run15615.mid
2024-05-07 16:07:26 File successfully compressed: run15614.mid.gz
2024-05-07 16:09:57 Compressing file: run15616.mid
2024-05-07 16:10:57 File successfully compressed: run15615.mid.gz
2024-05-07 16:13:27 Compressing file: run15617.mid
2024-05-07 16:14:57 File successfully compressed: run15616.mid.gz
2024-05-07 16:16:58 Compressing file: run15618.mid
2024-05-07 16:18:28 File successfully compressed: run15617.mid.gz
2024-05-07 16:20:28 Compressing file: run15619.mid
2024-05-07 16:21:58 File successfully compressed: run15618.mid.gz
2024-05-07 16:23:29 Compressing file: run15620.mid
2024-05-07 16:25:29 File successfully compressed: run15619.mid.gz
2024-05-07 16:27:29 Compressing file: run15621.mid
2024-05-07 16:28:29 File successfully compressed: run15620.mid.gz
2024-05-07 16:31:00 Compressing file: run15622.mid
2024-05-07 16:32:30 File successfully compressed: run15621.mid.gz
2024-05-07 16:34:30 Compressing file: run15623.mid
2024-05-07 16:36:01 File successfully compressed: run15622.mid.gz
2024-05-07 16:38:01 Compressing file: run15624.mid
2024-05-07 16:39:31 File successfully compressed: run15623.mid.gz
2024-05-07 16:41:01 Compressing file: run15625.mid
2024-05-07 16:43:02 File successfully compressed: run15624.mid.gz
2024-05-07 16:45:02 Compressing file: run15626.mid
2024-05-07 16:46:02 File successfully compressed: run15625.mid.gz
2024-05-07 16:48:32 Compressing file: run15627.mid
2024-05-07 16:50:03 File successfully compressed: run15626.mid.gz
2024-05-07 16:52:03 Compressing file: run15628.mid
2024-05-07 16:53:33 File successfully compressed: run15627.mid.gz
2024-05-07 16:55:34 Compressing file: run15629.mid
2024-05-07 16:57:04 File successfully compressed: run15628.mid.gz
2024-05-07 16:59:04 Compressing file: run15630.mid
2024-05-07 17:00:34 File successfully compressed: run15629.mid.gz
2024-05-07 17:02:05 Compressing file: run15631.mid
2024-05-07 17:04:05 File successfully compressed: run15630.mid.gz
2024-05-07 17:05:35 Compressing file: run15632.mid
2024-05-07 17:06:05 File successfully compressed: run15631.mid.gz
2024-05-07 17:09:06 Compressing file: run15633.mid
2024-05-07 17:10:36 File successfully compressed: run15632.mid.gz
2024-05-07 17:12:36 Compressing file: run15634.mid
2024-05-07 17:14:06 File successfully compressed: run15633.mid.gz
2024-05-07 17:16:07 Compressing file: run15635.mid
2024-05-07 17:17:37 File successfully compressed: run15634.mid.gz
2024-05-07 17:19:37 Compressing file: run15636.mid
2024-05-07 17:21:07 File successfully compressed: run15635.mid.gz
2024-05-07 17:23:08 Compressing file: run15637.mid
2024-05-07 17:24:38 File successfully compressed: run15636.mid.gz
2024-05-07 17:26:38 Compressing file: run15638.mid
2024-05-07 17:28:09 File successfully compressed: run15637.mid.gz
2024-05-07 17:30:09 Compressing file: run15639.mid
2024-05-07 17:31:39 File successfully compressed: run15638.mid.gz
2024-05-07 17:33:39 Compressing file: run15640.mid
2024-05-07 17:35:10 File successfully compressed: run15639.mid.gz
2024-05-07 17:37:10 Compressing file: run15641.mid
2024-05-07 17:38:40 File successfully compressed: run15640.mid.gz
2024-05-07 17:40:41 Compressing file: run15642.mid
2024-05-07 17:42:11 File successfully compressed: run15641.mid.gz
2024-05-07 17:44:11 Compressing file: run15643.mid
2024-05-07 17:45:41 File successfully compressed: run15642.mid.gz
2024-05-07 17:47:42 Compressing file: run15644.mid
2024-05-07 17:49:12 File successfully compressed: run15643.mid.gz
2024-05-07 17:51:12 Compressing file: run15645.mid
2024-05-07 17:52:42 File successfully compressed: run15644.mid.gz
2024-05-07 17:54:43 Compressing file: run15646.mid
2024-05-07 17:56:13 File successfully compressed: run15645.mid.gz
2024-05-07 17:58:13 Compressing file: run15647.mid
2024-05-07 17:59:44 File successfully compressed: run15646.mid.gz
2024-05-07 18:01:44 Compressing file: run15648.mid
2024-05-07 18:03:14 File successfully compressed: run15647.mid.gz
2024-05-07 18:05:14 Compressing file: run15649.mid
2024-05-07 18:06:45 File successfully compressed: run15648.mid.gz
2024-05-07 18:08:45 Compressing file: run15650.mid
2024-05-07 18:10:15 File successfully compressed: run15649.mid.gz
2024-05-07 18:12:15 Compressing file: run15651.mid
2024-05-07 18:13:46 File successfully compressed: run15650.mid.gz
2024-05-07 18:15:46 Compressing file: run15652.mid
2024-05-07 18:17:16 File successfully compressed: run15651.mid.gz
2024-05-07 18:19:17 Compressing file: run15653.mid
2024-05-07 18:20:47 File successfully compressed: run15652.mid.gz
2024-05-07 18:22:47 Compressing file: run15654.mid
2024-05-07 18:24:17 File successfully compressed: run15653.mid.gz
2024-05-07 18:26:18 Compressing file: run15655.mid
2024-05-07 18:27:48 File successfully compressed: run15654.mid.gz
2024-05-07 18:29:48 Compressing file: run15656.mid
2024-05-07 18:31:19 File successfully compressed: run15655.mid.gz
2024-05-07 18:33:19 Compressing file: run15657.mid
2024-05-07 18:34:49 File successfully compressed: run15656.mid.gz
2024-05-07 18:36:49 Compressing file: run15658.mid
2024-05-07 18:37:50 File successfully compressed: run15657.mid.gz
2024-05-07 18:40:20 Compressing file: run15659.mid
2024-05-07 18:41:50 File successfully compressed: run15658.mid.gz
2024-05-07 18:43:50 Compressing file: run15660.mid
2024-05-07 18:45:21 File successfully compressed: run15659.mid.gz
2024-05-07 18:47:21 Compressing file: run15661.mid
2024-05-07 18:48:51 File successfully compressed: run15660.mid.gz
2024-05-07 18:50:52 Compressing file: run15662.mid
2024-05-07 18:52:52 File successfully compressed: run15661.mid.gz
2024-05-07 18:54:22 Compressing file: run15663.mid
2024-05-07 18:55:52 File successfully compressed: run15662.mid.gz
2024-05-07 18:57:53 Compressing file: run15664.mid
2024-05-07 18:59:23 File successfully compressed: run15663.mid.gz
2024-05-07 19:01:23 Compressing file: run15665.mid
2024-05-07 19:02:53 File successfully compressed: run15664.mid.gz
2024-05-07 19:04:54 Compressing file: run15666.mid
2024-05-07 19:06:24 File successfully compressed: run15665.mid.gz
2024-05-07 19:08:24 Compressing file: run15667.mid
2024-05-07 19:09:55 File successfully compressed: run15666.mid.gz
2024-05-07 19:11:55 Compressing file: run15668.mid
2024-05-07 19:13:25 File successfully compressed: run15667.mid.gz
2024-05-07 19:15:25 Compressing file: run15669.mid
2024-05-07 19:16:56 File successfully compressed: run15668.mid.gz
2024-05-07 19:18:56 Compressing file: run15670.mid
2024-05-07 19:20:26 File successfully compressed: run15669.mid.gz
2024-05-07 19:22:26 Compressing file: run15671.mid
2024-05-07 19:23:57 File successfully compressed: run15670.mid.gz
2024-05-07 19:25:57 Compressing file: run15672.mid
2024-05-07 19:27:27 File successfully compressed: run15671.mid.gz
2024-05-07 19:29:58 Compressing file: run15673.mid
2024-05-07 19:30:58 File successfully compressed: run15672.mid.gz
2024-05-07 19:33:28 Compressing file: run15674.mid
2024-05-07 19:35:29 File successfully compressed: run15673.mid.gz
2024-05-07 19:36:59 Compressing file: run15675.mid
2024-05-07 19:38:29 File successfully compressed: run15674.mid.gz
2024-05-07 19:40:29 Compressing file: run15676.mid
2024-05-07 19:42:00 File successfully compressed: run15675.mid.gz
2024-05-07 19:44:00 Compressing file: run15677.mid
2024-05-07 19:45:30 File successfully compressed: run15676.mid.gz
2024-05-07 19:47:30 Compressing file: run15678.mid
2024-05-07 19:49:01 File successfully compressed: run15677.mid.gz
2024-05-07 19:51:01 Compressing file: run15679.mid
2024-05-07 19:52:31 File successfully compressed: run15678.mid.gz
2024-05-07 19:54:32 Compressing file: run15680.mid
2024-05-07 19:56:02 File successfully compressed: run15679.mid.gz
2024-05-07 19:58:02 Compressing file: run15681.mid
2024-05-07 19:59:32 File successfully compressed: run15680.mid.gz
2024-05-07 20:01:33 Compressing file: run15682.mid
2024-05-07 20:03:03 File successfully compressed: run15681.mid.gz
2024-05-07 20:04:34 Compressing file: run15683.mid
2024-05-07 20:06:34 File successfully compressed: run15682.mid.gz
2024-05-07 20:08:35 Compressing file: run15684.mid
2024-05-07 20:08:35 File successfully compressed: run15683.mid.gz
2024-05-07 20:11:35 Compressing file: run15685.mid
2024-05-07 20:13:36 File successfully compressed: run15684.mid.gz
2024-05-07 20:15:06 Compressing file: run15686.mid
2024-05-07 20:16:36 File successfully compressed: run15685.mid.gz
2024-05-07 20:18:36 Compressing file: run15687.mid
2024-05-07 20:20:07 File successfully compressed: run15686.mid.gz
2024-05-07 20:22:07 Compressing file: run15688.mid
2024-05-07 20:23:37 File successfully compressed: run15687.mid.gz
2024-05-07 20:26:08 Compressing file: run15689.mid
2024-05-07 20:27:08 File successfully compressed: run15688.mid.gz
2024-05-07 20:29:38 Compressing file: run15690.mid
2024-05-07 20:31:08 File successfully compressed: run15689.mid.gz
2024-05-07 20:32:39 Compressing file: run15691.mid
2024-05-07 20:34:39 File successfully compressed: run15690.mid.gz
2024-05-07 20:36:09 Compressing file: run15692.mid
2024-05-07 20:37:39 File successfully compressed: run15691.mid.gz
2024-05-07 20:39:40 Compressing file: run15693.mid
2024-05-07 20:41:10 File successfully compressed: run15692.mid.gz
2024-05-07 20:43:40 Compressing file: run15694.mid
2024-05-07 20:44:41 File successfully compressed: run15693.mid.gz
2024-05-07 20:47:11 Compressing file: run15695.mid
2024-05-07 20:48:41 File successfully compressed: run15694.mid.gz
2024-05-07 20:50:12 Compressing file: run15696.mid
2024-05-07 20:52:12 File successfully compressed: run15695.mid.gz
2024-05-07 20:53:42 Compressing file: run15697.mid
2024-05-07 20:55:12 File successfully compressed: run15696.mid.gz
2024-05-07 20:57:43 Compressing file: run15698.mid
2024-05-07 20:58:43 File successfully compressed: run15697.mid.gz
2024-05-07 21:01:13 Compressing file: run15699.mid
2024-05-07 21:02:44 File successfully compressed: run15698.mid.gz
2024-05-07 21:04:44 Compressing file: run15700.mid
2024-05-07 21:06:14 File successfully compressed: run15699.mid.gz
2024-05-07 21:08:14 Compressing file: run15701.mid
2024-05-07 21:09:45 File successfully compressed: run15700.mid.gz
2024-05-07 21:11:45 Compressing file: run15702.mid
2024-05-07 21:13:15 File successfully compressed: run15701.mid.gz
2024-05-07 21:15:16 Compressing file: run15703.mid
2024-05-07 21:16:46 File successfully compressed: run15702.mid.gz
2024-05-07 21:18:46 Compressing file: run15704.mid
2024-05-07 21:20:16 File successfully compressed: run15703.mid.gz
2024-05-07 21:22:17 Compressing file: run15705.mid
2024-05-07 21:23:47 File successfully compressed: run15704.mid.gz
2024-05-07 21:25:47 Compressing file: run15706.mid
2024-05-07 21:27:18 File successfully compressed: run15705.mid.gz
2024-05-07 21:29:18 Compressing file: run15707.mid
2024-05-07 21:31:18 File successfully compressed: run15706.mid.gz
2024-05-07 21:32:48 Compressing file: run15708.mid
2024-05-07 21:34:19 File successfully compressed: run15707.mid.gz
2024-05-07 21:35:49 Compressing file: run15709.mid
2024-05-07 21:37:49 File successfully compressed: run15708.mid.gz
2024-05-07 21:39:50 Compressing file: run15710.mid
2024-05-07 21:39:50 File successfully compressed: run15709.mid.gz
2024-05-07 21:43:20 Compressing file: run15711.mid
2024-05-07 21:44:50 File successfully compressed: run15710.mid.gz
2024-05-07 21:46:51 Compressing file: run15712.mid
2024-05-07 21:48:21 File successfully compressed: run15711.mid.gz
2024-05-07 21:50:21 Compressing file: run15713.mid
2024-05-07 21:51:52 File successfully compressed: run15712.mid.gz
2024-05-07 21:53:52 Compressing file: run15714.mid
2024-05-07 21:55:22 File successfully compressed: run15713.mid.gz
2024-05-07 21:57:22 Compressing file: run15715.mid
2024-05-07 21:58:53 File successfully compressed: run15714.mid.gz
2024-05-07 22:00:53 Compressing file: run15716.mid

gzip: /media/cygno01/PortableSSD/Data/run15738.mid: Input/output error
2024-05-08 12:32:27 Compressing file: run15735.mid
2024-05-08 12:36:58 File successfully compressed: run15735.mid.gz
2024-05-08 12:39:58 Compressing file: run15736.mid
2024-05-08 12:43:29 Compressing file: run15737.mid
2024-05-08 12:44:59 File successfully compressed: run15736.mid.gz
2024-05-08 12:46:59 Compressing file: run15738.mid
2024-05-08 12:48:30 File successfully compressed: run15737.mid.gz
Traceback (most recent call last):
  File "/home/cygno01/daq/middleware/dev/fileCompressor.py", line 169, in <module>
    main()
  File "/home/cygno01/daq/middleware/dev/fileCompressor.py", line 118, in main
    file_in_dir=sorted(os.listdir(INAPATH))
FileNotFoundError: [Errno 2] No such file or directory: '/media/cygno01/PortableSSD/Data/'
cm_msg_log: Message "[fileCompressor,LOG] Program fileCompressor on host localhost stopped" not written to midas.log because open(/media/cygno01/PortableSSD/Data/midas.log) failed with errno 2 (No such file or directory)
[fileCompressor,ERROR] [odb.cxx:1225:db_validate_key,ERROR] hkey 245000, path "/Sequencer/State/Last msg", string value is not valid UTF-8
Traceback (most recent call last):
  File "/home/cygno01/daq/middleware/dev/fileCompressor.py", line 169, in <module>
    main()
  File "/home/cygno01/daq/middleware/dev/fileCompressor.py", line 118, in main
    file_in_dir=sorted(os.listdir(INAPATH))
FileNotFoundError: [Errno 2] No such file or directory: '/media/cygno01/PortableSSD/Data/'
cm_msg_log: Message "[fileCompressor,LOG] Program fileCompressor on host localhost stopped" not written to midas.log because open(/media/cygno01/PortableSSD/Data/midas.log) failed with errno 2 (No such file or directory)
Midas shutdown
[fileCompressor,ERROR] [odb.cxx:1225:db_validate_key,ERROR] hkey 245000, path "/Sequencer/State/Last msg", string value is not valid UTF-8
[fileCompressor,ERROR] [odb.cxx:1225:db_validate_key,ERROR] hkey 245000, path "/Sequencer/State/Last msg", string value is not valid UTF-8
[fileCompressor,TALK] software alarm: Program cygnus_daq is not running
[fileCompressor,TALK] software alarm: Program cygnus_daq is not running
[fileCompressor,TALK] software alarm: Program cygnus_daq is not running
[fileCompressor,TALK] software alarm: Program cygnus_daq is not running
[fileCompressor,TALK] software alarm: Program cygnus_daq is not running
[fileCompressor,TALK] software alarm: Program cygnus_daq is not running
[fileCompressor,TALK] software alarm: Program cygnus_daq is not running
[fileCompressor,TALK] software alarm: Program cygnus_daq is not running
[fileCompressor,TALK] software alarm: Program cygnus_daq is not running
[fileCompressor,TALK] software alarm: Program cygnus_daq is not running
[fileCompressor,TALK] software alarm: Program cygnus_daq is not running
[fileCompressor,TALK] software alarm: Program cygnus_daq is not running
[fileCompressor,TALK] software alarm: Program cygnus_daq is not running
[fileCompressor,TALK] software alarm: Program cygnus_daq is not running
[fileCompressor,TALK] software alarm: Program cygnus_daq is not running
[fileCompressor,TALK] software alarm: Program cygnus_daq is not running
[fileCompressor,TALK] software alarm: Program cygnus_daq is not running
[fileCompressor,TALK] software alarm: Program cygnus_daq is not running
[fileCompressor,TALK] software alarm: Program cygnus_daq is not running
[fileCompressor,TALK] software alarm: Program cygnus_daq is not running
[fileCompressor,TALK] software alarm: Program cygnus_daq is not running
[fileCompressor,TALK] software alarm: Program cygnus_daq is not running
[fileCompressor,TALK] software alarm: Program cygnus_daq is not running
[fileCompressor,TALK] software alarm: Program cygnus_daq is not running
[fileCompressor,TALK] software alarm: Program cygnus_daq is not running
[fileCompressor,TALK] software alarm: Program cygnus_daq is not running
[fileCompressor,TALK] software alarm: Program cygnus_daq is not running
[fileCompressor,TALK] software alarm: Program cygnus_daq is not running
[fileCompressor,TALK] software alarm: Program cygnus_daq is not running
[fileCompressor,TALK] software alarm: Program cygnus_daq is not running
[fileCompressor,TALK] software alarm: Program cygnus_daq is not running
[fileCompressor,TALK] software alarm: Program cygnus_daq is not running
[fileCompressor,TALK] software alarm: Program cygnus_daq is not running
[fileCompressor,TALK] software alarm: Program cygnus_daq is not running
[fileCompressor,TALK] software alarm: Program cygnus_daq is not running
[fileCompressor,TALK] software alarm: Program cygnus_daq is not running
[fileCompressor,TALK] software alarm: Program cygnus_daq is not running
[fileCompressor,TALK] software alarm: Program cygnus_daq is not running
[fileCompressor,TALK] software alarm: Program cygnus_daq is not running
[fileCompressor,TALK] software alarm: Program cygnus_daq is not running
[fileCompressor,TALK] software alarm: Program cygnus_daq is not running
[fileCompressor,TALK] software alarm: Program cygnus_daq is not running
[fileCompressor,TALK] software alarm: Program cygnus_daq is not running
[fileCompressor,TALK] software alarm: Program cygnus_daq is not running
[fileCompressor,TALK] software alarm: Program cygnus_daq is not running
[fileCompressor,TALK] software alarm: Program cygnus_daq is not running
[fileCompressor,TALK] software alarm: Program cygnus_daq is not running
[fileCompressor,TALK] software alarm: Program cygnus_daq is not running
[fileCompressor,TALK] software alarm: Program cygnus_daq is not running
[fileCompressor,TALK] software alarm: Program cygnus_daq is not running
[fileCompressor,TALK] software alarm: Program cygnus_daq is not running
[fileCompressor,TALK] software alarm: Program cygnus_daq is not running
[fileCompressor,TALK] software alarm: Program cygnus_daq is not running
[fileCompressor,TALK] software alarm: Program cygnus_daq is not running
[fileCompressor,TALK] software alarm: Program cygnus_daq is not running
[fileCompressor,TALK] software alarm: Program cygnus_daq is not running
[fileCompressor,TALK] software alarm: Program cygnus_daq is not running
[fileCompressor,TALK] software alarm: Program cygnus_daq is not running
[fileCompressor,TALK] software alarm: Program cygnus_daq is not running
[fileCompressor,TALK] software alarm: Program cygnus_daq is not running
[fileCompressor,TALK] software alarm: Program cygnus_daq is not running
[fileCompressor,TALK] software alarm: Program cygnus_daq is not running
[fileCompressor,TALK] software alarm: Program cygnus_daq is not running
[fileCompressor,TALK] software alarm: Program cygnus_daq is not running
[fileCompressor,TALK] software alarm: Program cygnus_daq is not running
[fileCompressor,TALK] software alarm: Program cygnus_daq is not running
[fileCompressor,TALK] software alarm: Program cygnus_daq is not running
[fileCompressor,TALK] software alarm: Program cygnus_daq is not running
[fileCompressor,TALK] software alarm: Program cygnus_daq is not running
[fileCompressor,TALK] software alarm: Program cygnus_daq is not running
[fileCompressor,TALK] software alarm: Program cygnus_daq is not running
[fileCompressor,TALK] software alarm: Program cygnus_daq is not running
[fileCompressor,TALK] software alarm: Program cygnus_daq is not running
[fileCompressor,TALK] software alarm: Program cygnus_daq is not running
[fileCompressor,TALK] software alarm: Program cygnus_daq is not running
[fileCompressor,TALK] software alarm: Program cygnus_daq is not running
[fileCompressor,TALK] software alarm: Program cygnus_daq is not running
[fileCompressor,TALK] software alarm: Program cygnus_daq is not running
[fileCompressor,TALK] software alarm: Program cygnus_daq is not running
[fileCompressor,TALK] software alarm: Program cygnus_daq is not running
[fileCompressor,TALK] software alarm: Program cygnus_daq is not running
[fileCompressor,TALK] software alarm: Program cygnus_daq is not running
[fileCompressor,TALK] software alarm: Program cygnus_daq is not running
[fileCompressor,TALK] software alarm: Program cygnus_daq is not running
[fileCompressor,TALK] software alarm: Program cygnus_daq is not running
[fileCompressor,TALK] software alarm: Program cygnus_daq is not running
[fileCompressor,TALK] software alarm: Program cygnus_daq is not running
[fileCompressor,TALK] software alarm: Program cygnus_daq is not running
[fileCompressor,TALK] software alarm: Program cygnus_daq is not running
[fileCompressor,TALK] software alarm: Program cygnus_daq is not running
[fileCompressor,TALK] software alarm: Program cygnus_daq is not running
[fileCompressor,TALK] software alarm: Program cygnus_daq is not running
[fileCompressor,TALK] software alarm: Program cygnus_daq is not running
[fileCompressor,TALK] software alarm: Program cygnus_daq is not running
[fileCompressor,TALK] software alarm: Program cygnus_daq is not running
[fileCompressor,TALK] software alarm: Program cygnus_daq is not running
[fileCompressor,TALK] software alarm: Program cygnus_daq is not running
[fileCompressor,TALK] software alarm: Program cygnus_daq is not running
[fileCompressor,TALK] software alarm: Program cygnus_daq is not running
[fileCompressor,TALK] software alarm: Program cygnus_daq is not running
[fileCompressor,TALK] software alarm: Program cygnus_daq is not running
[fileCompressor,TALK] software alarm: Program cygnus_daq is not running
[fileCompressor,TALK] software alarm: Program cygnus_daq is not running
[fileCompressor,TALK] software alarm: Program cygnus_daq is not running
[fileCompressor,TALK] software alarm: Program cygnus_daq is not running
[fileCompressor,TALK] software alarm: Program cygnus_daq is not running
[fileCompressor,TALK] software alarm: Program cygnus_daq is not running
[fileCompressor,TALK] software alarm: Program cygnus_daq is not running
[fileCompressor,TALK] software alarm: Program cygnus_daq is not running
[fileCompressor,TALK] software alarm: Program cygnus_daq is not running
[fileCompressor,TALK] software alarm: Program cygnus_daq is not running
[fileCompressor,TALK] software alarm: Program cygnus_daq is not running
[fileCompressor,TALK] software alarm: Program cygnus_daq is not running
[fileCompressor,TALK] software alarm: Program cygnus_daq is not running
[fileCompressor,TALK] software alarm: Program cygnus_daq is not running
[fileCompressor,TALK] software alarm: Program cygnus_daq is not running
[fileCompressor,TALK] software alarm: Program cygnus_daq is not running
[fileCompressor,TALK] software alarm: Program cygnus_daq is not running
[fileCompressor,TALK] software alarm: Program cygnus_daq is not running
[fileCompressor,TALK] software alarm: Program cygnus_daq is not running
[fileCompressor,TALK] software alarm: Program cygnus_daq is not running
[fileCompressor,TALK] software alarm: Program cygnus_daq is not running
[fileCompressor,TALK] software alarm: Program cygnus_daq is not running
[fileCompressor,TALK] software alarm: Program cygnus_daq is not running
[fileCompressor,TALK] software alarm: Program cygnus_daq is not running
[fileCompressor,TALK] software alarm: Program cygnus_daq is not running
[fileCompressor,TALK] software alarm: Program cygnus_daq is not running
[fileCompressor,TALK] software alarm: Program cygnus_daq is not running
[fileCompressor,TALK] software alarm: Program cygnus_daq is not running
[fileCompressor,TALK] software alarm: Program cygnus_daq is not running
[fileCompressor,TALK] software alarm: Program cygnus_daq is not running
[fileCompressor,TALK] software alarm: Program cygnus_daq is not running
[fileCompressor,TALK] software alarm: Program cygnus_daq is not running
[fileCompressor,TALK] software alarm: Program cygnus_daq is not running
[fileCompressor,TALK] software alarm: Program cygnus_daq is not running
[fileCompressor,TALK] software alarm: Program cygnus_daq is not running
[fileCompressor,TALK] software alarm: Program cygnus_daq is not running
[fileCompressor,TALK] software alarm: Program cygnus_daq is not running
[fileCompressor,TALK] software alarm: Program cygnus_daq is not running
[fileCompressor,TALK] software alarm: Program cygnus_daq is not running
[fileCompressor,TALK] software alarm: Program cygnus_daq is not running
[fileCompressor,TALK] software alarm: Program cygnus_daq is not running
[fileCompressor,TALK] software alarm: Program cygnus_daq is not running
[fileCompressor,TALK] software alarm: Program cygnus_daq is not running
[fileCompressor,TALK] software alarm: Program cygnus_daq is not running
[fileCompressor,TALK] software alarm: Program cygnus_daq is not running
[fileCompressor,TALK] software alarm: Program cygnus_daq is not running
[fileCompressor,TALK] software alarm: Program cygnus_daq is not running
[fileCompressor,TALK] software alarm: Program cygnus_daq is not running
[fileCompressor,TALK] software alarm: Program cygnus_daq is not running
[fileCompressor,TALK] software alarm: Program cygnus_daq is not running
[fileCompressor,TALK] software alarm: Program cygnus_daq is not running
[fileCompressor,TALK] software alarm: Program cygnus_daq is not running
[fileCompressor,TALK] software alarm: Program cygnus_daq is not running
[fileCompressor,TALK] software alarm: Program cygnus_daq is not running
[fileCompressor,TALK] software alarm: Program cygnus_daq is not running
[fileCompressor,TALK] software alarm: Program cygnus_daq is not running
[fileCompressor,TALK] software alarm: Program cygnus_daq is not running
[fileCompressor,TALK] software alarm: Program cygnus_daq is not running
[fileCompressor,TALK] software alarm: Program cygnus_daq is not running
[fileCompressor,TALK] software alarm: Program cygnus_daq is not running
[fileCompressor,TALK] software alarm: Program cygnus_daq is not running
[fileCompressor,TALK] software alarm: Program cygnus_daq is not running
[fileCompressor,TALK] software alarm: Program cygnus_daq is not running
[fileCompressor,TALK] software alarm: Program cygnus_daq is not running
[fileCompressor,TALK] software alarm: Program cygnus_daq is not running
[fileCompressor,TALK] software alarm: Program cygnus_daq is not running
[fileCompressor,TALK] software alarm: Program cygnus_daq is not running
[fileCompressor,TALK] software alarm: Program cygnus_daq is not running
[fileCompressor,TALK] software alarm: Program cygnus_daq is not running
[fileCompressor,TALK] software alarm: Program cygnus_daq is not running
[fileCompressor,TALK] software alarm: Program cygnus_daq is not running
[fileCompressor,TALK] software alarm: Program cygnus_daq is not running
[fileCompressor,TALK] software alarm: Program cygnus_daq is not running
[fileCompressor,TALK] software alarm: Program cygnus_daq is not running
[fileCompressor,TALK] software alarm: Program cygnus_daq is not running
[fileCompressor,TALK] software alarm: Program cygnus_daq is not running
[fileCompressor,TALK] software alarm: Program cygnus_daq is not running
[fileCompressor,TALK] software alarm: Program cygnus_daq is not running
[fileCompressor,TALK] software alarm: Program cygnus_daq is not running
[fileCompressor,TALK] software alarm: Program cygnus_daq is not running
[fileCompressor,TALK] software alarm: Program cygnus_daq is not running
[fileCompressor,TALK] software alarm: Program cygnus_daq is not running
[fileCompressor,TALK] software alarm: Program cygnus_daq is not running
[fileCompressor,TALK] software alarm: Program cygnus_daq is not running
[fileCompressor,TALK] software alarm: Program cygnus_daq is not running
[fileCompressor,TALK] software alarm: Program cygnus_daq is not running
[fileCompressor,TALK] software alarm: Program cygnus_daq is not running
[fileCompressor,TALK] software alarm: Program cygnus_daq is not running
[fileCompressor,TALK] software alarm: Program cygnus_daq is not running
[fileCompressor,TALK] software alarm: Program cygnus_daq is not running
[fileCompressor,TALK] software alarm: Program cygnus_daq is not running
[fileCompressor,TALK] software alarm: Program cygnus_daq is not running
[fileCompressor,TALK] software alarm: Program cygnus_daq is not running
[fileCompressor,TALK] software alarm: Program cygnus_daq is not running
[fileCompressor,TALK] software alarm: Program cygnus_daq is not running
[fileCompressor,TALK] software alarm: Program cygnus_daq is not running
[fileCompressor,TALK] software alarm: Program cygnus_daq is not running
[fileCompressor,TALK] software alarm: Program cygnus_daq is not running
[fileCompressor,TALK] software alarm: Program cygnus_daq is not running
[fileCompressor,TALK] software alarm: Program cygnus_daq is not running
[fileCompressor,TALK] software alarm: Program cygnus_daq is not running
[fileCompressor,TALK] software alarm: Program cygnus_daq is not running
[fileCompressor,TALK] software alarm: Program cygnus_daq is not running
[fileCompressor,TALK] software alarm: Program cygnus_daq is not running
[fileCompressor,TALK] software alarm: Program cygnus_daq is not running
[fileCompressor,TALK] software alarm: Program cygnus_daq is not running
[fileCompressor,TALK] software alarm: Program cygnus_daq is not running
[fileCompressor,TALK] software alarm: Program cygnus_daq is not running
[fileCompressor,TALK] software alarm: Program cygnus_daq is not running
[fileCompressor,TALK] software alarm: Program cygnus_daq is not running
[fileCompressor,TALK] software alarm: Program cygnus_daq is not running
[fileCompressor,TALK] software alarm: Program cygnus_daq is not running
[fileCompressor,TALK] software alarm: Program cygnus_daq is not running
[fileCompressor,TALK] software alarm: Program cygnus_daq is not running
[fileCompressor,TALK] software alarm: Program cygnus_daq is not running
[fileCompressor,TALK] software alarm: Program cygnus_daq is not running
[fileCompressor,TALK] software alarm: Program cygnus_daq is not running
[fileCompressor,TALK] software alarm: Program cygnus_daq is not running
[fileCompressor,TALK] software alarm: Program cygnus_daq is not running
[fileCompressor,TALK] software alarm: Program cygnus_daq is not running
[fileCompressor,TALK] software alarm: Program cygnus_daq is not running
[fileCompressor,TALK] software alarm: Program cygnus_daq is not running
[fileCompressor,TALK] software alarm: Program cygnus_daq is not running
[fileCompressor,TALK] software alarm: Program cygnus_daq is not running
[fileCompressor,TALK] software alarm: Program cygnus_daq is not running
[fileCompressor,TALK] software alarm: Program cygnus_daq is not running
[fileCompressor,TALK] software alarm: Program cygnus_daq is not running
[fileCompressor,TALK] software alarm: Program cygnus_daq is not running
[fileCompressor,TALK] software alarm: Program cygnus_daq is not running
[fileCompressor,TALK] software alarm: Program cygnus_daq is not running
[fileCompressor,TALK] software alarm: Program cygnus_daq is not running
[fileCompressor,TALK] software alarm: Program cygnus_daq is not running
[fileCompressor,TALK] software alarm: Program cygnus_daq is not running
[fileCompressor,TALK] software alarm: Program cygnus_daq is not running
[fileCompressor,TALK] software alarm: Program cygnus_daq is not running
[fileCompressor,TALK] software alarm: Program cygnus_daq is not running
[fileCompressor,TALK] software alarm: Program cygnus_daq is not running
[fileCompressor,TALK] software alarm: Program cygnus_daq is not running
[fileCompressor,TALK] software alarm: Program cygnus_daq is not running
[fileCompressor,TALK] software alarm: Program cygnus_daq is not running
[fileCompressor,TALK] software alarm: Program cygnus_daq is not running
[fileCompressor,TALK] software alarm: Program cygnus_daq is not running
[fileCompressor,TALK] software alarm: Program cygnus_daq is not running
[fileCompressor,TALK] software alarm: Program cygnus_daq is not running
[fileCompressor,TALK] software alarm: Program cygnus_daq is not running
[fileCompressor,TALK] software alarm: Program cygnus_daq is not running
[fileCompressor,TALK] software alarm: Program cygnus_daq is not running
[fileCompressor,TALK] software alarm: Program cygnus_daq is not running
[fileCompressor,TALK] software alarm: Program cygnus_daq is not running
[fileCompressor,TALK] software alarm: Program cygnus_daq is not running
[fileCompressor,TALK] software alarm: Program cygnus_daq is not running
[fileCompressor,TALK] software alarm: Program cygnus_daq is not running
[fileCompressor,TALK] software alarm: Program cygnus_daq is not running
[fileCompressor,TALK] software alarm: Program cygnus_daq is not running
[fileCompressor,TALK] software alarm: Program cygnus_daq is not running
[fileCompressor,TALK] software alarm: Program cygnus_daq is not running
[fileCompressor,TALK] software alarm: Program cygnus_daq is not running
[fileCompressor,TALK] software alarm: Program cygnus_daq is not running
[fileCompressor,TALK] software alarm: Program cygnus_daq is not running
[fileCompressor,TALK] software alarm: Program cygnus_daq is not running
[fileCompressor,TALK] software alarm: Program cygnus_daq is not running
[fileCompressor,TALK] software alarm: Program cygnus_daq is not running
[fileCompressor,TALK] software alarm: Program cygnus_daq is not running
[fileCompressor,TALK] software alarm: Program cygnus_daq is not running
[fileCompressor,TALK] software alarm: Program cygnus_daq is not running
[fileCompressor,TALK] software alarm: Program cygnus_daq is not running
[fileCompressor,TALK] software alarm: Program cygnus_daq is not running
[fileCompressor,TALK] software alarm: Program cygnus_daq is not running
[fileCompressor,TALK] software alarm: Program cygnus_daq is not running
[fileCompressor,TALK] software alarm: Program cygnus_daq is not running
[fileCompressor,TALK] software alarm: Program cygnus_daq is not running
[fileCompressor,TALK] software alarm: Program cygnus_daq is not running
[fileCompressor,TALK] software alarm: Program cygnus_daq is not running
[fileCompressor,TALK] software alarm: Program cygnus_daq is not running
[fileCompressor,TALK] software alarm: Program cygnus_daq is not running
[fileCompressor,TALK] software alarm: Program cygnus_daq is not running
[fileCompressor,TALK] software alarm: Program cygnus_daq is not running
[fileCompressor,TALK] software alarm: Program cygnus_daq is not running
[fileCompressor,TALK] software alarm: Program cygnus_daq is not running
[fileCompressor,TALK] software alarm: Program cygnus_daq is not running
[fileCompressor,TALK] software alarm: Program cygnus_daq is not running
[fileCompressor,TALK] software alarm: Program cygnus_daq is not running
[fileCompressor,TALK] software alarm: Program cygnus_daq is not running
[fileCompressor,TALK] software alarm: Program cygnus_daq is not running
[fileCompressor,TALK] software alarm: Program cygnus_daq is not running
[fileCompressor,TALK] software alarm: Program cygnus_daq is not running
[fileCompressor,TALK] software alarm: Program cygnus_daq is not running
[fileCompressor,TALK] software alarm: Program cygnus_daq is not running
[fileCompressor,TALK] software alarm: Program cygnus_daq is not running
[fileCompressor,TALK] software alarm: Program cygnus_daq is not running
[fileCompressor,TALK] software alarm: Program cygnus_daq is not running
[fileCompressor,TALK] software alarm: Program cygnus_daq is not running
[fileCompressor,TALK] software alarm: Program cygnus_daq is not running
[fileCompressor,TALK] software alarm: Program cygnus_daq is not running
[fileCompressor,TALK] software alarm: Program cygnus_daq is not running
[fileCompressor,TALK] software alarm: Program cygnus_daq is not running
[fileCompressor,TALK] software alarm: Program cygnus_daq is not running
[fileCompressor,TALK] software alarm: Program cygnus_daq is not running
[fileCompressor,TALK] software alarm: Program cygnus_daq is not running
[fileCompressor,TALK] software alarm: Program cygnus_daq is not running
[fileCompressor,TALK] software alarm: Program cygnus_daq is not running
[fileCompressor,TALK] software alarm: Program cygnus_daq is not running
[fileCompressor,TALK] software alarm: Program cygnus_daq is not running
[fileCompressor,TALK] software alarm: Program cygnus_daq is not running
[fileCompressor,TALK] software alarm: Program cygnus_daq is not running
[fileCompressor,TALK] software alarm: Program cygnus_daq is not running
[fileCompressor,TALK] software alarm: Program cygnus_daq is not running
[fileCompressor,TALK] software alarm: Program cygnus_daq is not running
[fileCompressor,TALK] software alarm: Program cygnus_daq is not running
[fileCompressor,TALK] software alarm: Program cygnus_daq is not running
[fileCompressor,TALK] software alarm: Program cygnus_daq is not running
[fileCompressor,TALK] software alarm: Program cygnus_daq is not running
[fileCompressor,TALK] software alarm: Program cygnus_daq is not running
[fileCompressor,TALK] software alarm: Program cygnus_daq is not running
[fileCompressor,TALK] software alarm: Program cygnus_daq is not running
[fileCompressor,TALK] software alarm: Program cygnus_daq is not running
[fileCompressor,TALK] software alarm: Program cygnus_daq is not running
[fileCompressor,TALK] software alarm: Program cygnus_daq is not running
[fileCompressor,TALK] software alarm: Program cygnus_daq is not running
[fileCompressor,TALK] software alarm: Program cygnus_daq is not running
[fileCompressor,TALK] software alarm: Program cygnus_daq is not running
[fileCompressor,TALK] software alarm: Program cygnus_daq is not running
[fileCompressor,TALK] software alarm: Program cygnus_daq is not running
[fileCompressor,TALK] software alarm: Program cygnus_daq is not running
[fileCompressor,TALK] software alarm: Program cygnus_daq is not running
[fileCompressor,TALK] software alarm: Program cygnus_daq is not running
[fileCompressor,TALK] software alarm: Program cygnus_daq is not running
[fileCompressor,TALK] software alarm: Program cygnus_daq is not running
[fileCompressor,TALK] software alarm: Program cygnus_daq is not running
[fileCompressor,TALK] software alarm: Program cygnus_daq is not running
[fileCompressor,TALK] software alarm: Program cygnus_daq is not running
[fileCompressor,TALK] software alarm: Program cygnus_daq is not running
[fileCompressor,TALK] software alarm: Program cygnus_daq is not running
[fileCompressor,TALK] software alarm: Program cygnus_daq is not running
[fileCompressor,TALK] software alarm: Program cygnus_daq is not running
[fileCompressor,TALK] software alarm: Program cygnus_daq is not running
[fileCompressor,TALK] software alarm: Program cygnus_daq is not running
[fileCompressor,TALK] software alarm: Program cygnus_daq is not running
[fileCompressor,TALK] software alarm: Program cygnus_daq is not running
[fileCompressor,TALK] software alarm: Program cygnus_daq is not running
[fileCompressor,TALK] software alarm: Program cygnus_daq is not running
[fileCompressor,TALK] software alarm: Program cygnus_daq is not running
[fileCompressor,TALK] software alarm: Program cygnus_daq is not running
[fileCompressor,TALK] software alarm: Program cygnus_daq is not running
[fileCompressor,TALK] software alarm: Program cygnus_daq is not running
[fileCompressor,TALK] software alarm: Program cygnus_daq is not running
[fileCompressor,TALK] software alarm: Program cygnus_daq is not running
[fileCompressor,TALK] software alarm: Program cygnus_daq is not running
[fileCompressor,TALK] software alarm: Program cygnus_daq is not running
[fileCompressor,TALK] software alarm: Program cygnus_daq is not running
[fileCompressor,TALK] software alarm: Program cygnus_daq is not running
[fileCompressor,TALK] software alarm: Program cygnus_daq is not running
[fileCompressor,TALK] software alarm: Program cygnus_daq is not running
[fileCompressor,TALK] software alarm: Program cygnus_daq is not running
[fileCompressor,TALK] software alarm: Program cygnus_daq is not running
[fileCompressor,TALK] software alarm: Program cygnus_daq is not running
[fileCompressor,TALK] software alarm: Program cygnus_daq is not running
[fileCompressor,TALK] software alarm: Program cygnus_daq is not running
[fileCompressor,TALK] software alarm: Program cygnus_daq is not running
[fileCompressor,TALK] software alarm: Program cygnus_daq is not running
[fileCompressor,TALK] software alarm: Program cygnus_daq is not running
[fileCompressor,TALK] software alarm: Program cygnus_daq is not running
[fileCompressor,TALK] software alarm: Program cygnus_daq is not running
[fileCompressor,TALK] software alarm: Program cygnus_daq is not running
[fileCompressor,TALK] software alarm: Program cygnus_daq is not running
[fileCompressor,TALK] software alarm: Program cygnus_daq is not running
[fileCompressor,TALK] software alarm: Program cygnus_daq is not running
[fileCompressor,TALK] software alarm: Program cygnus_daq is not running
[fileCompressor,TALK] software alarm: Program cygnus_daq is not running
[fileCompressor,TALK] software alarm: Program cygnus_daq is not running
[fileCompressor,TALK] software alarm: Program cygnus_daq is not running
[fileCompressor,TALK] software alarm: Program cygnus_daq is not running
[fileCompressor,TALK] software alarm: Program cygnus_daq is not running
[fileCompressor,TALK] software alarm: Program cygnus_daq is not running
[fileCompressor,TALK] software alarm: Program cygnus_daq is not running
[fileCompressor,TALK] software alarm: Program cygnus_daq is not running
[fileCompressor,TALK] software alarm: Program cygnus_daq is not running
[fileCompressor,TALK] software alarm: Program cygnus_daq is not running
[fileCompressor,TALK] software alarm: Program cygnus_daq is not running
[fileCompressor,TALK] software alarm: Program cygnus_daq is not running
[fileCompressor,TALK] software alarm: Program cygnus_daq is not running
[fileCompressor,TALK] software alarm: Program cygnus_daq is not running
[fileCompressor,TALK] software alarm: Program cygnus_daq is not running
[fileCompressor,TALK] software alarm: Program cygnus_daq is not running
[fileCompressor,TALK] software alarm: Program cygnus_daq is not running
[fileCompressor,TALK] software alarm: Program cygnus_daq is not running
[fileCompressor,TALK] software alarm: Program cygnus_daq is not running
[fileCompressor,TALK] software alarm: Program cygnus_daq is not running
[fileCompressor,TALK] software alarm: Program cygnus_daq is not running
[fileCompressor,TALK] software alarm: Program cygnus_daq is not running
[fileCompressor,TALK] software alarm: Program cygnus_daq is not running
[fileCompressor,TALK] software alarm: Program cygnus_daq is not running
[fileCompressor,TALK] software alarm: Program cygnus_daq is not running
[fileCompressor,TALK] software alarm: Program cygnus_daq is not running
[fileCompressor,TALK] software alarm: Program cygnus_daq is not running
[fileCompressor,TALK] software alarm: Program cygnus_daq is not running
[fileCompressor,TALK] software alarm: Program cygnus_daq is not running
[fileCompressor,TALK] software alarm: Program cygnus_daq is not running
[fileCompressor,TALK] software alarm: Program cygnus_daq is not running
[fileCompressor,TALK] software alarm: Program cygnus_daq is not running
[fileCompressor,TALK] software alarm: Program cygnus_daq is not running
[fileCompressor,TALK] software alarm: Program cygnus_daq is not running
[fileCompressor,TALK] software alarm: Program cygnus_daq is not running
[fileCompressor,TALK] software alarm: Program cygnus_daq is not running
[fileCompressor,TALK] software alarm: Program cygnus_daq is not running
[fileCompressor,TALK] software alarm: Program cygnus_daq is not running
[fileCompressor,TALK] software alarm: Program cygnus_daq is not running
[fileCompressor,TALK] software alarm: Program cygnus_daq is not running
[fileCompressor,TALK] software alarm: Program cygnus_daq is not running
[fileCompressor,TALK] software alarm: Program cygnus_daq is not running
[fileCompressor,TALK] software alarm: Program cygnus_daq is not running
[fileCompressor,TALK] software alarm: Program cygnus_daq is not running
[fileCompressor,TALK] software alarm: Program cygnus_daq is not running
[fileCompressor,TALK] software alarm: Program cygnus_daq is not running
[fileCompressor,TALK] software alarm: Program cygnus_daq is not running
[fileCompressor,TALK] software alarm: Program cygnus_daq is not running
[fileCompressor,TALK] software alarm: Program cygnus_daq is not running
[fileCompressor,TALK] software alarm: Program cygnus_daq is not running
[fileCompressor,TALK] software alarm: Program cygnus_daq is not running
[fileCompressor,TALK] software alarm: Program cygnus_daq is not running
[fileCompressor,TALK] software alarm: Program cygnus_daq is not running
[fileCompressor,TALK] software alarm: Program cygnus_daq is not running
[fileCompressor,TALK] software alarm: Program cygnus_daq is not running
[fileCompressor,TALK] software alarm: Program cygnus_daq is not running
[fileCompressor,TALK] software alarm: Program cygnus_daq is not running
[fileCompressor,TALK] software alarm: Program cygnus_daq is not running
[fileCompressor,TALK] software alarm: Program cygnus_daq is not running
[fileCompressor,TALK] software alarm: Program cygnus_daq is not running
[fileCompressor,TALK] software alarm: Program cygnus_daq is not running
[fileCompressor,TALK] software alarm: Program cygnus_daq is not running
[fileCompressor,TALK] software alarm: Program cygnus_daq is not running
[fileCompressor,TALK] software alarm: Program cygnus_daq is not running
[fileCompressor,TALK] software alarm: Program cygnus_daq is not running
[fileCompressor,TALK] software alarm: Program cygnus_daq is not running
[fileCompressor,TALK] software alarm: Program cygnus_daq is not running
[fileCompressor,TALK] software alarm: Program cygnus_daq is not running
[fileCompressor,TALK] software alarm: Program cygnus_daq is not running
[fileCompressor,TALK] software alarm: Program cygnus_daq is not running
[fileCompressor,TALK] software alarm: Program cygnus_daq is not running
[fileCompressor,TALK] software alarm: Program cygnus_daq is not running
[fileCompressor,TALK] software alarm: Program cygnus_daq is not running
[fileCompressor,TALK] software alarm: Program cygnus_daq is not running
[fileCompressor,TALK] software alarm: Program cygnus_daq is not running
[fileCompressor,TALK] software alarm: Program cygnus_daq is not running
[fileCompressor,TALK] software alarm: Program cygnus_daq is not running
[fileCompressor,TALK] software alarm: Program cygnus_daq is not running
[fileCompressor,TALK] software alarm: Program cygnus_daq is not running
[fileCompressor,TALK] software alarm: Program cygnus_daq is not running
[fileCompressor,TALK] software alarm: Program cygnus_daq is not running
[fileCompressor,TALK] software alarm: Program cygnus_daq is not running
[fileCompressor,TALK] software alarm: Program cygnus_daq is not running
[fileCompressor,TALK] software alarm: Program cygnus_daq is not running
[fileCompressor,TALK] software alarm: Program cygnus_daq is not running
[fileCompressor,TALK] software alarm: Program cygnus_daq is not running
[fileCompressor,TALK] software alarm: Program cygnus_daq is not running
[fileCompressor,TALK] software alarm: Program cygnus_daq is not running
[fileCompressor,TALK] software alarm: Program cygnus_daq is not running
[fileCompressor,TALK] software alarm: Program cygnus_daq is not running
[fileCompressor,TALK] software alarm: Program cygnus_daq is not running
[fileCompressor,TALK] software alarm: Program cygnus_daq is not running
[fileCompressor,TALK] software alarm: Program cygnus_daq is not running
[fileCompressor,TALK] software alarm: Program cygnus_daq is not running
[fileCompressor,TALK] software alarm: Program cygnus_daq is not running
[fileCompressor,TALK] software alarm: Program cygnus_daq is not running
[fileCompressor,TALK] software alarm: Program cygnus_daq is not running
[fileCompressor,TALK] software alarm: Program cygnus_daq is not running
[fileCompressor,TALK] software alarm: Program cygnus_daq is not running
[fileCompressor,TALK] software alarm: Program cygnus_daq is not running
[fileCompressor,TALK] software alarm: Program cygnus_daq is not running
[fileCompressor,TALK] software alarm: Program cygnus_daq is not running
[fileCompressor,TALK] software alarm: Program cygnus_daq is not running
[fileCompressor,TALK] software alarm: Program cygnus_daq is not running
[fileCompressor,TALK] software alarm: Program cygnus_daq is not running
[fileCompressor,TALK] software alarm: Program cygnus_daq is not running
[fileCompressor,TALK] software alarm: Program cygnus_daq is not running
[fileCompressor,TALK] software alarm: Program cygnus_daq is not running
[fileCompressor,TALK] software alarm: Program cygnus_daq is not running
[fileCompressor,TALK] software alarm: Program cygnus_daq is not running
[fileCompressor,TALK] software alarm: Program cygnus_daq is not running
[fileCompressor,TALK] software alarm: Program cygnus_daq is not running
[fileCompressor,TALK] software alarm: Program cygnus_daq is not running
[fileCompressor,TALK] software alarm: Program cygnus_daq is not running
[fileCompressor,TALK] software alarm: Program cygnus_daq is not running
[fileCompressor,TALK] software alarm: Program cygnus_daq is not running
[fileCompressor,TALK] software alarm: Program cygnus_daq is not running
[fileCompressor,TALK] software alarm: Program cygnus_daq is not running
[fileCompressor,TALK] software alarm: Program cygnus_daq is not running
[fileCompressor,TALK] software alarm: Program cygnus_daq is not running
[fileCompressor,TALK] software alarm: Program cygnus_daq is not running
[fileCompressor,TALK] software alarm: Program cygnus_daq is not running
[fileCompressor,TALK] software alarm: Program cygnus_daq is not running
[fileCompressor,TALK] software alarm: Program cygnus_daq is not running
[fileCompressor,TALK] software alarm: Program cygnus_daq is not running
[fileCompressor,TALK] software alarm: Program cygnus_daq is not running
[fileCompressor,TALK] software alarm: Program cygnus_daq is not running
[fileCompressor,TALK] software alarm: Program cygnus_daq is not running
[fileCompressor,TALK] software alarm: Program cygnus_daq is not running
[fileCompressor,TALK] software alarm: Program cygnus_daq is not running
[fileCompressor,TALK] software alarm: Program cygnus_daq is not running
[fileCompressor,TALK] software alarm: Program cygnus_daq is not running
[fileCompressor,TALK] software alarm: Program cygnus_daq is not running
[fileCompressor,TALK] software alarm: Program cygnus_daq is not running
[fileCompressor,TALK] software alarm: Program cygnus_daq is not running
[fileCompressor,TALK] software alarm: Program cygnus_daq is not running
[fileCompressor,TALK] software alarm: Program cygnus_daq is not running
[fileCompressor,TALK] software alarm: Program cygnus_daq is not running
[fileCompressor,TALK] software alarm: Program cygnus_daq is not running
[fileCompressor,TALK] software alarm: Program cygnus_daq is not running
[fileCompressor,TALK] software alarm: Program cygnus_daq is not running
[fileCompressor,TALK] software alarm: Program cygnus_daq is not running
[fileCompressor,TALK] software alarm: Program cygnus_daq is not running
[fileCompressor,TALK] software alarm: Program cygnus_daq is not running
[fileCompressor,TALK] software alarm: Program cygnus_daq is not running
[fileCompressor,TALK] software alarm: Program cygnus_daq is not running
[fileCompressor,TALK] software alarm: Program cygnus_daq is not running
[fileCompressor,TALK] software alarm: Program cygnus_daq is not running
[fileCompressor,TALK] software alarm: Program cygnus_daq is not running
[fileCompressor,TALK] software alarm: Program cygnus_daq is not running
[fileCompressor,TALK] software alarm: Program cygnus_daq is not running
[fileCompressor,TALK] software alarm: Program cygnus_daq is not running
[fileCompressor,TALK] software alarm: Program cygnus_daq is not running
[fileCompressor,TALK] software alarm: Program cygnus_daq is not running
[fileCompressor,TALK] software alarm: Program cygnus_daq is not running
[fileCompressor,TALK] software alarm: Program cygnus_daq is not running
[fileCompressor,TALK] software alarm: Program cygnus_daq is not running
[fileCompressor,TALK] software alarm: Program cygnus_daq is not running
[fileCompressor,TALK] software alarm: Program cygnus_daq is not running
[fileCompressor,TALK] software alarm: Program cygnus_daq is not running
[fileCompressor,TALK] software alarm: Program cygnus_daq is not running
[fileCompressor,TALK] software alarm: Program cygnus_daq is not running
[fileCompressor,TALK] software alarm: Program cygnus_daq is not running
[fileCompressor,TALK] software alarm: Program cygnus_daq is not running
[fileCompressor,TALK] software alarm: Program cygnus_daq is not running
[fileCompressor,TALK] software alarm: Program cygnus_daq is not running
[fileCompressor,TALK] software alarm: Program cygnus_daq is not running
[fileCompressor,TALK] software alarm: Program cygnus_daq is not running
[fileCompressor,TALK] software alarm: Program cygnus_daq is not running
[fileCompressor,TALK] software alarm: Program cygnus_daq is not running
[fileCompressor,TALK] software alarm: Program cygnus_daq is not running
[fileCompressor,TALK] software alarm: Program cygnus_daq is not running
[fileCompressor,TALK] software alarm: Program cygnus_daq is not running
[fileCompressor,TALK] software alarm: Program cygnus_daq is not running
[fileCompressor,TALK] software alarm: Program cygnus_daq is not running
[fileCompressor,TALK] software alarm: Program cygnus_daq is not running
[fileCompressor,TALK] software alarm: Program cygnus_daq is not running
[fileCompressor,TALK] software alarm: Program cygnus_daq is not running
[fileCompressor,TALK] software alarm: Program cygnus_daq is not running
[fileCompressor,TALK] software alarm: Program cygnus_daq is not running
[fileCompressor,TALK] software alarm: Program cygnus_daq is not running
[fileCompressor,TALK] software alarm: Program cygnus_daq is not running
[fileCompressor,TALK] software alarm: Program cygnus_daq is not running
[fileCompressor,TALK] software alarm: Program cygnus_daq is not running
[fileCompressor,TALK] software alarm: Program cygnus_daq is not running
[fileCompressor,TALK] software alarm: Program cygnus_daq is not running
[fileCompressor,TALK] software alarm: Program cygnus_daq is not running
[fileCompressor,TALK] software alarm: Program cygnus_daq is not running
[fileCompressor,TALK] software alarm: Program cygnus_daq is not running
[fileCompressor,TALK] software alarm: Program cygnus_daq is not running
[fileCompressor,TALK] software alarm: Program cygnus_daq is not running
[fileCompressor,TALK] software alarm: Program cygnus_daq is not running
[fileCompressor,TALK] software alarm: Program cygnus_daq is not running
[fileCompressor,TALK] software alarm: Program cygnus_daq is not running
[fileCompressor,TALK] software alarm: Program cygnus_daq is not running
[fileCompressor,TALK] software alarm: Program cygnus_daq is not running
[fileCompressor,TALK] software alarm: Program cygnus_daq is not running
[fileCompressor,TALK] software alarm: Program cygnus_daq is not runni2024-05-09 18:18:43 Compressing file: run15743.mid
2024-05-09 18:22:44 File successfully compressed: run15743.mid.gz
2024-05-09 18:38:16 Compressing file: run15744.mid
2024-05-09 18:43:16 File successfully compressed: run15744.mid.gz
2024-05-09 18:55:48 Compressing file: run15745.mid
2024-05-09 19:00:48 File successfully compressed: run15745.mid.gz
2024-05-09 19:11:20 Compressing file: run15746.mid
2024-05-09 19:16:20 File successfully compressed: run15746.mid.gz
2024-05-09 19:29:22 Compressing file: run15747.mid
2024-05-09 19:34:23 File successfully compressed: run15747.mid.gz
2024-05-09 19:44:24 Compressing file: run15748.mid
2024-05-09 19:49:24 File successfully compressed: run15748.mid.gz
2024-05-09 19:57:55 Compressing file: run15749.mid
2024-05-09 20:02:56 File successfully compressed: run15749.mid.gz
2024-05-09 20:10:57 Compressing file: run15750.mid
2024-05-09 20:15:58 File successfully compressed: run15750.mid.gz
2024-05-09 20:25:29 Compressing file: run15751.mid
2024-05-09 20:30:29 File successfully compressed: run15751.mid.gz
2024-05-09 20:39:30 Compressing file: run15752.mid
2024-05-09 20:44:31 File successfully compressed: run15752.mid.gz
2024-05-09 20:53:32 Compressing file: run15753.mid
2024-05-09 20:58:33 File successfully compressed: run15753.mid.gz
2024-05-09 21:06:34 Compressing file: run15754.mid
2024-05-09 21:11:34 File successfully compressed: run15754.mid.gz
2024-05-09 21:20:05 Compressing file: run15755.mid
2024-05-09 21:25:06 File successfully compressed: run15755.mid.gz
2024-05-09 21:32:07 Compressing file: run15756.mid
2024-05-09 21:37:08 File successfully compressed: run15756.mid.gz
2024-05-09 21:44:39 Compressing file: run15757.mid
2024-05-09 21:49:39 File successfully compressed: run15757.mid.gz
2024-05-09 21:56:10 Compressing file: run15758.mid
2024-05-09 22:01:11 File successfully compressed: run15758.mid.gz
2024-05-09 22:08:42 Compressing file: run15759.mid
2024-05-09 22:13:42 File successfully compressed: run15759.mid.gz
2024-05-09 22:21:13 Compressing file: run15760.mid
2024-05-09 22:26:14 File successfully compressed: run15760.mid.gz
2024-05-09 22:34:15 Compressing file: run15761.mid
2024-05-09 22:39:15 File successfully compressed: run15761.mid.gz
2024-05-09 22:46:46 Compressing file: run15762.mid
2024-05-09 22:51:47 File successfully compressed: run15762.mid.gz
2024-05-09 22:57:48 Compressing file: run15763.mid
2024-05-09 23:02:48 File successfully compressed: run15763.mid.gz
2024-05-09 23:09:49 Compressing file: run15764.mid
2024-05-09 23:14:50 File successfully compressed: run15764.mid.gz
2024-05-09 23:21:21 Compressing file: run15765.mid
2024-05-09 23:26:21 File successfully compressed: run15765.mid.gz
2024-05-10 11:23:20 Compressing file: run15766.mid
2024-05-10 11:25:50 File successfully compressed: run15766.mid.gz
2024-05-10 11:28:20 Compressing file: run15768.mid
2024-05-10 11:32:21 File successfully compressed: run15768.mid.gz
2024-05-10 11:53:23 Compressing file: run15769.mid
2024-05-10 11:58:24 File successfully compressed: run15769.mid.gz
2024-05-10 12:10:56 Compressing file: run15770.mid
2024-05-10 12:15:56 File successfully compressed: run15770.mid.gz
2024-05-10 12:28:28 Compressing file: run15771.mid
2024-05-10 12:33:28 File successfully compressed: run15771.mid.gz
2024-05-10 12:47:30 Compressing file: run15772.mid
2024-05-10 12:52:31 File successfully compressed: run15772.mid.gz
2024-05-10 13:06:02 Compressing file: run15773.mid
2024-05-10 13:11:03 File successfully compressed: run15773.mid.gz
2024-05-10 13:21:04 Compressing file: run15774.mid
2024-05-10 13:26:05 File successfully compressed: run15774.mid.gz
2024-05-10 13:34:36 Compressing file: run15775.mid
2024-05-10 13:39:37 File successfully compressed: run15775.mid.gz
2024-05-10 13:48:38 Compressing file: run15776.mid
2024-05-10 13:53:38 File successfully compressed: run15776.mid.gz
2024-05-10 14:03:40 Compressing file: run15777.mid
2024-05-10 14:08:40 File successfully compressed: run15777.mid.gz
2024-05-10 14:19:12 Compressing file: run15778.mid
2024-05-10 14:24:12 File successfully compressed: run15778.mid.gz
2024-05-10 14:32:43 Compressing file: run15779.mid
2024-05-10 14:37:44 File successfully compressed: run15779.mid.gz
ng
[fileCompressor,TALK] software alarm: Program cygnus_daq is not running
[fileCompressor,TALK] software alarm: Program cygnus_daq is not running
[fileCompressor,TALK] software alarm: Program cygnus_daq is not running
[fileCompressor,TALK] software alarm: Program cygnus_daq is not running
[fileCompressor,TALK] software alarm: Program cygnus_daq is not running
[fileCompressor,TALK] software alarm: Program cygnus_daq is not running
[fileCompressor,TALK] software alarm: Program cygnus_daq is not running
[fileCompressor,TALK] software alarm: Program cygnus_daq is not running
[fileCompressor,TALK] software alarm: Program cygnus_daq is not running
[fileCompressor,TALK] software alarm: Program cygnus_daq is not running
[fileCompressor,TALK] software alarm: Program cygnus_daq is not running
[fileCompressor,TALK] software alarm: Program cygnus_daq is not running
[fileCompressor,TALK] software alarm: Program cygnus_daq is not running
[fileCompressor,TALK] software alarm: Program cygnus_daq is not running
[fileCompressor,TALK] software alarm: Program cygnus_daq is not running
[fileCompressor,TALK] software alarm: Program cygnus_daq is not running
[fileCompressor,TALK] software alarm: Program cygnus_daq is not running
[fileCompressor,TALK] software alarm: Program cygnus_daq is not running
[fileCompressor,TALK] software alarm: Program cygnus_daq is not running
[fileCompressor,TALK] software alarm: Program cygnus_daq is not running
[fileCompressor,TALK] software alarm: Program cygnus_daq is not running
[fileCompressor,TALK] software alarm: Program cygnus_daq is not running
[fileCompressor,TALK] software alarm: Program cygnus_daq is not running
[fileCompressor,TALK] software alarm: Program cygnus_daq is not running
[fileCompressor,TALK] software alarm: Program cygnus_daq is not running
[fileCompressor,TALK] software alarm: Program cygnus_daq is not running
[fileCompressor,TALK] software alarm: Program cygnus_daq is not running
[fileCompressor,TALK] software alarm: Program cygnus_daq is not running
[fileCompressor,TALK] software alarm: Program cygnus_daq is not running
[fileCompressor,TALK] software alarm: Program cygnus_daq is not running
[fileCompressor,TALK] software alarm: Program cygnus_daq is not running
[fileCompressor,TALK] software alarm: Program cygnus_daq is not running
[fileCompressor,TALK] software alarm: Program cygnus_daq is not running
[fileCompressor,TALK] software alarm: Program cygnus_daq is not running
[fileCompressor,TALK] software alarm: Program cygnus_daq is not running
[fileCompressor,TALK] software alarm: Program cygnus_daq is not running
[fileCompressor,TALK] software alarm: Program cygnus_daq is not running
[fileCompressor,TALK] software alarm: Program cygnus_daq is not running
[fileCompressor,TALK] software alarm: Program cygnus_daq is not running
[fileCompressor,TALK] software alarm: Program cygnus_daq is not running
[fileCompressor,TALK] software alarm: Program cygnus_daq is not running
[fileCompressor,TALK] software alarm: Program cygnus_daq is not running
[fileCompressor,TALK] software alarm: Program cygnus_daq is not running
[fileCompressor,TALK] software alarm: Program cygnus_daq is not running
[fileCompressor,TALK] software alarm: Program cygnus_daq is not running
[fileCompressor,TALK] software alarm: Program cygnus_daq is not running
Traceback (most recent call last):
  File "/home/cygno01/daq/middleware/dev/fileCompressor.py", line 169, in <module>
    main()
  File "/home/cygno01/daq/middleware/dev/fileCompressor.py", line 118, in main
    file_in_dir=sorted(os.listdir(INAPATH))
FileNotFoundError: [Errno 2] No such file or directory: '/media/cygno01/PortableSSD/Data/'
cm_msg_log: Message "[fileCompressor,LOG] Program fileCompressor on host localhost stopped" not written to midas.log because open(/media/cygno01/PortableSSD/Data/midas.log) failed with errno 2 (No such file or directory)
2024-05-14 08:48:49 Compressing file: run15784.mid
2024-05-14 08:52:49 File successfully compressed: run15784.mid.gz
[fileCompressor,ERROR] [odb.cxx:1225:db_validate_key,ERROR] hkey 245000, path "/Sequencer/State/Last msg", string value is not valid UTF-8
Traceback (most recent call last):
  File "/home/cygno01/daq/middleware/dev/fileCompressor.py", line 169, in <module>
    main()
  File "/home/cygno01/daq/middleware/dev/fileCompressor.py", line 118, in main
    file_in_dir=sorted(os.listdir(INAPATH))
FileNotFoundError: [Errno 2] No such file or directory: '/media/cygno01/PortableSSD/Data/'
cm_msg_log: Message "[fileCompressor,LOG] Program fileCompressor on host localhost stopped" not written to midas.log because open(/media/cygno01/PortableSSD/Data/midas.log) failed with errno 2 (No such file or directory)
[fileCompressor,ERROR] [odb.cxx:1225:db_validate_key,ERROR] hkey 245000, path "/Sequencer/State/Last msg", string value is not valid UTF-8
Traceback (most recent call last):
  File "/home/cygno01/daq/middleware/dev/fileCompressor.py", line 169, in <module>
    main()
  File "/home/cygno01/daq/middleware/dev/fileCompressor.py", line 118, in main
    file_in_dir=sorted(os.listdir(INAPATH))
FileNotFoundError: [Errno 2] No such file or directory: '/media/cygno01/PortableSSD/Data/'
[fileCompressor,ERROR] [odb.cxx:1225:db_validate_key,ERROR] hkey 245000, path "/Sequencer/State/Last msg", string value is not valid UTF-8
Traceback (most recent call last):
  File "/home/cygno01/daq/middleware/dev/fileCompressor.py", line 169, in <module>
    main()
  File "/home/cygno01/daq/middleware/dev/fileCompressor.py", line 118, in main
    file_in_dir=sorted(os.listdir(INAPATH))
FileNotFoundError: [Errno 2] No such file or directory: '/media/cygno01/PortableSSD/Data/'
Killed
2024-05-15 12:39:34 Compressing file: run15791.mid
2024-05-15 12:43:34 File successfully compressed: run15791.mid.gz
2024-05-15 12:52:35 Compressing file: run15792.mid
2024-05-15 12:57:36 File successfully compressed: run15792.mid.gz
2024-05-15 13:04:37 Compressing file: run15793.mid
2024-05-15 13:09:37 File successfully compressed: run15793.mid.gz
2024-05-15 13:15:38 Compressing file: run15794.mid
2024-05-15 13:20:39 File successfully compressed: run15794.mid.gz
2024-05-15 13:27:09 Compressing file: run15795.mid
2024-05-15 13:32:10 File successfully compressed: run15795.mid.gz
2024-05-15 13:38:41 Compressing file: run15796.mid
2024-05-15 13:43:41 File successfully compressed: run15796.mid.gz
2024-05-15 13:49:42 Compressing file: run15797.mid
2024-05-15 13:54:43 File successfully compressed: run15797.mid.gz
2024-05-15 14:00:43 Compressing file: run15798.mid
2024-05-15 14:06:14 File successfully compressed: run15798.mid.gz
2024-05-15 14:13:15 Compressing file: run15799.mid
2024-05-15 14:18:15 File successfully compressed: run15799.mid.gz
2024-05-15 14:25:16 Compressing file: run15800.mid
2024-05-15 14:30:17 File successfully compressed: run15800.mid.gz
2024-05-15 14:36:18 Compressing file: run15801.mid
2024-05-15 14:41:18 File successfully compressed: run15801.mid.gz
2024-05-15 14:46:49 Compressing file: run15802.mid
2024-05-15 14:51:49 File successfully compressed: run15802.mid.gz
2024-05-15 14:58:20 Compressing file: run15803.mid
2024-05-15 15:03:21 File successfully compressed: run15803.mid.gz
2024-05-15 15:09:21 Compressing file: run15804.mid
2024-05-15 15:14:22 File successfully compressed: run15804.mid.gz
2024-05-15 15:19:23 Compressing file: run15805.mid
2024-05-15 15:24:23 File successfully compressed: run15805.mid.gz
2024-05-15 15:30:24 Compressing file: run15806.mid
2024-05-15 15:35:25 File successfully compressed: run15806.mid.gz
2024-05-15 15:40:55 Compressing file: run15807.mid
2024-05-15 15:45:56 File successfully compressed: run15807.mid.gz
2024-05-15 15:51:56 Compressing file: run15808.mid
2024-05-15 15:56:57 File successfully compressed: run15808.mid.gz
2024-05-15 16:03:28 Compressing file: run15809.mid
2024-05-15 16:08:28 File successfully compressed: run15809.mid.gz
2024-05-15 16:14:29 Compressing file: run15810.mid
2024-05-15 16:19:30 File successfully compressed: run15810.mid.gz
2024-05-15 16:26:01 Compressing file: run15811.mid
2024-05-15 16:31:01 File successfully compressed: run15811.mid.gz
2024-05-15 16:38:02 Compressing file: run15812.mid
2024-05-15 16:43:03 File successfully compressed: run15812.mid.gz
2024-05-15 16:48:33 Compressing file: run15813.mid
2024-05-15 16:53:34 File successfully compressed: run15813.mid.gz
2024-05-15 16:58:04 Compressing file: run15814.mid
2024-05-15 17:03:05 File successfully compressed: run15814.mid.gz
2024-05-15 17:07:35 Compressing file: run15815.mid
2024-05-15 17:12:36 File successfully compressed: run15815.mid.gz
2024-05-15 17:18:07 Compressing file: run15816.mid
2024-05-15 17:23:07 File successfully compressed: run15816.mid.gz
2024-05-15 17:28:38 Compressing file: run15817.mid
2024-05-15 17:33:38 File successfully compressed: run15817.mid.gz
2024-05-15 17:39:09 Compressing file: run15818.mid
2024-05-15 17:44:10 File successfully compressed: run15818.mid.gz
2024-05-15 17:49:40 Compressing file: run15819.mid
2024-05-15 17:54:41 File successfully compressed: run15819.mid.gz
2024-05-15 17:59:42 Compressing file: run15820.mid
2024-05-15 18:04:42 File successfully compressed: run15820.mid.gz
2024-05-15 18:10:43 Compressing file: run15821.mid
2024-05-15 18:15:44 File successfully compressed: run15821.mid.gz
2024-05-15 18:19:44 Compressing file: run15822.mid
2024-05-15 18:24:45 File successfully compressed: run15822.mid.gz
2024-05-15 18:29:15 Compressing file: run15823.mid
2024-05-15 18:34:16 File successfully compressed: run15823.mid.gz
2024-05-15 18:39:16 Compressing file: run15824.mid
2024-05-15 18:44:17 File successfully compressed: run15824.mid.gz
2024-05-15 18:49:18 Compressing file: run15825.mid
2024-05-15 18:54:18 File successfully compressed: run15825.mid.gz
2024-05-15 18:59:19 Compressing file: run15826.mid
2024-05-15 19:04:19 File successfully compressed: run15826.mid.gz
2024-05-15 19:09:20 Compressing file: run15827.mid
2024-05-15 19:14:20 File successfully compressed: run15827.mid.gz
2024-05-15 19:20:51 Compressing file: run15828.mid
2024-05-15 19:25:52 File successfully compressed: run15828.mid.gz
2024-05-15 19:30:22 Compressing file: run15829.mid
2024-05-15 19:35:23 File successfully compressed: run15829.mid.gz
2024-05-15 19:40:23 Compressing file: run15830.mid
2024-05-15 19:45:24 File successfully compressed: run15830.mid.gz
2024-05-15 19:50:25 Compressing file: run15831.mid
2024-05-15 19:55:25 File successfully compressed: run15831.mid.gz
2024-05-15 20:01:26 Compressing file: run15832.mid
2024-05-15 20:06:27 File successfully compressed: run15832.mid.gz
2024-05-15 20:12:27 Compressing file: run15833.mid
2024-05-15 20:17:28 File successfully compressed: run15833.mid.gz
2024-05-15 20:21:58 Compressing file: run15834.mid
2024-05-15 20:26:59 File successfully compressed: run15834.mid.gz
2024-05-15 20:32:00 Compressing file: run15835.mid
2024-05-15 20:37:00 File successfully compressed: run15835.mid.gz
2024-05-15 20:42:01 Compressing file: run15836.mid
2024-05-15 20:47:01 File successfully compressed: run15836.mid.gz
2024-05-15 20:51:32 Compressing file: run15837.mid
2024-05-15 20:56:32 File successfully compressed: run15837.mid.gz
2024-05-15 21:01:33 Compressing file: run15838.mid
2024-05-15 21:06:34 File successfully compressed: run15838.mid.gz
2024-05-15 21:12:34 Compressing file: run15839.mid
2024-05-15 21:17:35 File successfully compressed: run15839.mid.gz
2024-05-15 21:22:06 Compressing file: run15840.mid
2024-05-15 21:27:06 File successfully compressed: run15840.mid.gz
2024-05-15 21:32:07 Compressing file: run15841.mid
2024-05-15 21:37:07 File successfully compressed: run15841.mid.gz
2024-05-15 21:42:38 Compressing file: run15842.mid
2024-05-15 21:47:39 File successfully compressed: run15842.mid.gz
2024-05-15 21:52:09 Compressing file: run15843.mid
2024-05-15 21:57:10 File successfully compressed: run15843.mid.gz
2024-05-15 22:01:40 Compressing file: run15844.mid
2024-05-15 22:06:41 File successfully compressed: run15844.mid.gz
2024-05-15 22:11:41 Compressing file: run15845.mid
2024-05-15 22:16:42 File successfully compressed: run15845.mid.gz
2024-05-15 22:21:43 Compressing file: run15846.mid
2024-05-15 22:26:43 File successfully compressed: run15846.mid.gz
2024-05-15 22:31:44 Compressing file: run15847.mid
2024-05-15 22:36:44 File successfully compressed: run15847.mid.gz
2024-05-15 22:41:15 Compressing file: run15848.mid
2024-05-15 22:46:15 File successfully compressed: run15848.mid.gz
2024-05-15 22:50:46 Compressing file: run15849.mid
2024-05-15 22:55:47 File successfully compressed: run15849.mid.gz
2024-05-15 23:00:17 Compressing file: run15850.mid
2024-05-15 23:05:18 File successfully compressed: run15850.mid.gz
2024-05-15 23:09:48 Compressing file: run15851.mid
2024-05-15 23:14:49 File successfully compressed: run15851.mid.gz
2024-05-15 23:22:50 Compressing file: run15852.mid
2024-05-15 23:27:50 File successfully compressed: run15852.mid.gz
2024-05-15 23:32:51 Compressing file: run15853.mid
2024-05-15 23:37:52 File successfully compressed: run15853.mid.gz
2024-05-15 23:43:22 Compressing file: run15854.mid
2024-05-15 23:48:23 File successfully compressed: run15854.mid.gz
2024-05-15 23:53:54 Compressing file: run15855.mid
2024-05-15 23:58:54 File successfully compressed: run15855.mid.gz
2024-05-16 00:04:25 Compressing file: run15856.mid
2024-05-16 00:09:25 File successfully compressed: run15856.mid.gz
2024-05-16 00:13:56 Compressing file: run15857.mid
2024-05-16 00:18:56 File successfully compressed: run15857.mid.gz
2024-05-16 00:22:57 Compressing file: run15858.mid
2024-05-16 00:27:58 File successfully compressed: run15858.mid.gz
2024-05-16 00:33:28 Compressing file: run15859.mid
2024-05-16 00:38:29 File successfully compressed: run15859.mid.gz
2024-05-16 00:43:59 Compressing file: run15860.mid
2024-05-16 00:49:00 File successfully compressed: run15860.mid.gz
2024-05-16 00:53:31 Compressing file: run15861.mid
2024-05-16 00:58:31 File successfully compressed: run15861.mid.gz
2024-05-16 01:03:02 Compressing file: run15862.mid
2024-05-16 01:08:02 File successfully compressed: run15862.mid.gz
2024-05-16 01:13:03 Compressing file: run15863.mid
2024-05-16 01:18:04 File successfully compressed: run15863.mid.gz
2024-05-16 01:23:04 Compressing file: run15864.mid
2024-05-16 01:28:05 File successfully compressed: run15864.mid.gz
2024-05-16 01:33:35 Compressing file: run15865.mid
2024-05-16 01:38:36 File successfully compressed: run15865.mid.gz
2024-05-16 01:42:37 Compressing file: run15866.mid
2024-05-16 01:47:37 File successfully compressed: run15866.mid.gz
2024-05-16 01:52:08 Compressing file: run15867.mid
2024-05-16 01:57:08 File successfully compressed: run15867.mid.gz
2024-05-16 02:02:09 Compressing file: run15868.mid
2024-05-16 02:07:10 File successfully compressed: run15868.mid.gz
2024-05-16 02:11:10 Compressing file: run15869.mid
2024-05-16 02:16:11 File successfully compressed: run15869.mid.gz
2024-05-16 02:20:41 Compressing file: run15870.mid
2024-05-16 02:25:42 File successfully compressed: run15870.mid.gz
2024-05-16 02:29:12 Compressing file: run15871.mid
2024-05-16 02:34:13 File successfully compressed: run15871.mid.gz
2024-05-16 02:41:14 Compressing file: run15872.mid
2024-05-16 02:46:14 File successfully compressed: run15872.mid.gz
2024-05-16 02:51:15 Compressing file: run15873.mid
2024-05-16 02:56:16 File successfully compressed: run15873.mid.gz
2024-05-16 03:01:46 Compressing file: run15874.mid
2024-05-16 03:06:47 File successfully compressed: run15874.mid.gz
2024-05-16 03:12:17 Compressing file: run15875.mid
2024-05-16 03:17:18 File successfully compressed: run15875.mid.gz
2024-05-16 03:22:19 Compressing file: run15876.mid
2024-05-16 03:27:19 File successfully compressed: run15876.mid.gz
2024-05-16 03:31:20 Compressing file: run15877.mid
2024-05-16 03:36:20 File successfully compressed: run15877.mid.gz
2024-05-16 03:41:21 Compressing file: run15878.mid
2024-05-16 03:46:22 File successfully compressed: run15878.mid.gz
2024-05-16 03:50:52 Compressing file: run15879.mid
2024-05-16 03:55:53 File successfully compressed: run15879.mid.gz
2024-05-16 04:01:23 Compressing file: run15880.mid
2024-05-16 04:06:24 File successfully compressed: run15880.mid.gz
2024-05-16 04:10:25 Compressing file: run15881.mid
2024-05-16 04:15:25 File successfully compressed: run15881.mid.gz
2024-05-16 04:20:26 Compressing file: run15882.mid
2024-05-16 04:25:26 File successfully compressed: run15882.mid.gz
2024-05-16 04:30:27 Compressing file: run15883.mid
2024-05-16 04:35:28 File successfully compressed: run15883.mid.gz
2024-05-16 04:40:58 Compressing file: run15884.mid
2024-05-16 04:45:59 File successfully compressed: run15884.mid.gz
2024-05-16 04:49:59 Compressing file: run15885.mid
2024-05-16 04:55:00 File successfully compressed: run15885.mid.gz
2024-05-16 04:59:31 Compressing file: run15886.mid
2024-05-16 05:04:31 File successfully compressed: run15886.mid.gz
2024-05-16 05:08:32 Compressing file: run15887.mid
2024-05-16 05:13:32 File successfully compressed: run15887.mid.gz
2024-05-16 05:19:03 Compressing file: run15888.mid
2024-05-16 05:24:04 File successfully compressed: run15888.mid.gz
2024-05-16 05:28:04 Compressing file: run15889.mid
2024-05-16 05:33:05 File successfully compressed: run15889.mid.gz
2024-05-16 05:37:05 Compressing file: run15890.mid
2024-05-16 05:42:06 File successfully compressed: run15890.mid.gz
2024-05-16 05:46:36 Compressing file: run15891.mid
2024-05-16 05:51:37 File successfully compressed: run15891.mid.gz
2024-05-16 05:59:08 Compressing file: run15892.mid
2024-05-16 06:04:09 File successfully compressed: run15892.mid.gz
2024-05-16 06:09:09 Compressing file: run15893.mid
2024-05-16 06:14:10 File successfully compressed: run15893.mid.gz
2024-05-16 06:19:10 Compressing file: run15894.mid
2024-05-16 06:24:11 File successfully compressed: run15894.mid.gz
2024-05-16 06:29:12 Compressing file: run15895.mid
2024-05-16 06:34:12 File successfully compressed: run15895.mid.gz
2024-05-16 06:39:13 Compressing file: run15896.mid
2024-05-16 06:44:13 File successfully compressed: run15896.mid.gz
2024-05-16 06:49:14 Compressing file: run15897.mid
2024-05-16 06:54:15 File successfully compressed: run15897.mid.gz
2024-05-16 06:59:45 Compressing file: run15898.mid
2024-05-16 07:04:46 File successfully compressed: run15898.mid.gz
2024-05-16 07:08:46 Compressing file: run15899.mid
2024-05-16 07:13:47 File successfully compressed: run15899.mid.gz
2024-05-16 07:18:18 Compressing file: run15900.mid
2024-05-16 07:23:18 File successfully compressed: run15900.mid.gz
2024-05-16 07:28:19 Compressing file: run15901.mid
2024-05-16 07:33:19 File successfully compressed: run15901.mid.gz
2024-05-16 07:38:50 Compressing file: run15902.mid
2024-05-16 07:43:51 File successfully compressed: run15902.mid.gz
2024-05-16 07:48:21 Compressing file: run15903.mid
2024-05-16 07:53:22 File successfully compressed: run15903.mid.gz
2024-05-16 07:59:23 Compressing file: run15904.mid
2024-05-16 08:04:23 File successfully compressed: run15904.mid.gz
2024-05-16 08:08:54 Compressing file: run15905.mid
2024-05-16 08:13:54 File successfully compressed: run15905.mid.gz
2024-05-16 08:18:25 Compressing file: run15906.mid
2024-05-16 08:23:26 File successfully compressed: run15906.mid.gz
2024-05-16 08:28:26 Compressing file: run15907.mid
2024-05-16 08:33:27 File successfully compressed: run15907.mid.gz
2024-05-16 08:37:57 Compressing file: run15908.mid
2024-05-16 08:42:58 File successfully compressed: run15908.mid.gz
2024-05-16 08:47:29 Compressing file: run15909.mid
2024-05-16 08:52:29 File successfully compressed: run15909.mid.gz
2024-05-16 08:57:00 Compressing file: run15910.mid
2024-05-16 09:02:00 File successfully compressed: run15910.mid.gz
2024-05-16 09:06:31 Compressing file: run15911.mid
2024-05-16 09:11:32 File successfully compressed: run15911.mid.gz
Midas shutdown
2024-05-16 10:26:00 Compressing file: run15912.mid
2024-05-16 10:30:00 File successfully compressed: run15912.mid.gz
2024-05-16 10:41:02 Compressing file: run15913.mid
2024-05-16 10:46:02 File successfully compressed: run15913.mid.gz
2024-05-16 10:52:33 Compressing file: run15914.mid
2024-05-16 10:57:34 File successfully compressed: run15914.mid.gz
2024-05-16 11:07:05 Compressing file: run15915.mid
2024-05-16 11:12:06 File successfully compressed: run15915.mid.gz
2024-05-16 11:19:37 Compressing file: run15916.mid
2024-05-16 11:24:37 File successfully compressed: run15916.mid.gz
Traceback (most recent call last):
  File "/home/cygno01/daq/middleware/dev/fileCompressor.py", line 169, in <module>
    main()
  File "/home/cygno01/daq/middleware/dev/fileCompressor.py", line 118, in main
    file_in_dir=sorted(os.listdir(INAPATH))
FileNotFoundError: [Errno 2] No such file or directory: '/media/cygno01/SSD1/Data/'
cm_msg_log: Message "[fileCompressor,LOG] Program fileCompressor on host localhost stopped" not written to midas.log because open(/media/cygno01/SSD1/Data/midas.log) failed with errno 2 (No such file or directory)
[fileCompressor,ERROR] [odb.cxx:1225:db_validate_key,ERROR] hkey 245000, path "/Sequencer/State/Last msg", string value is not valid UTF-8
Traceback (most recent call last):
  File "/home/cygno01/daq/middleware/dev/fileCompressor.py", line 169, in <module>
    main()
  File "/home/cygno01/daq/middleware/dev/fileCompressor.py", line 118, in main
    file_in_dir=sorted(os.listdir(INAPATH))
FileNotFoundError: [Errno 2] No such file or directory: '/media/cygno01/SSD1/Data/'
2024-05-16 12:39:12 Compressing file: run15918.mid
2024-05-16 12:44:13 File successfully compressed: run15918.mid.gz
2024-05-16 12:51:44 Compressing file: run15919.mid
2024-05-16 12:56:44 File successfully compressed: run15919.mid.gz
2024-05-16 13:03:15 Compressing file: run15920.mid
2024-05-16 13:08:16 File successfully compressed: run15920.mid.gz
2024-05-16 13:15:17 Compressing file: run15921.mid
2024-05-16 13:20:17 File successfully compressed: run15921.mid.gz
2024-05-16 13:26:18 Compressing file: run15922.mid
2024-05-16 13:31:19 File successfully compressed: run15922.mid.gz
2024-05-16 13:36:19 Compressing file: run15923.mid
2024-05-16 13:41:20 File successfully compressed: run15923.mid.gz
2024-05-16 13:48:21 Compressing file: run15924.mid
2024-05-16 13:53:22 File successfully compressed: run15924.mid.gz
2024-05-16 13:59:52 Compressing file: run15925.mid
2024-05-16 14:04:53 File successfully compressed: run15925.mid.gz
2024-05-16 14:11:24 Compressing file: run15926.mid
2024-05-16 14:16:24 File successfully compressed: run15926.mid.gz
2024-05-16 14:23:55 Compressing file: run15927.mid
2024-05-16 14:28:56 File successfully compressed: run15927.mid.gz
2024-05-16 14:35:27 Compressing file: run15928.mid
2024-05-16 14:40:27 File successfully compressed: run15928.mid.gz
2024-05-16 14:46:28 Compressing file: run15929.mid
2024-05-16 14:51:29 File successfully compressed: run15929.mid.gz
2024-05-16 14:58:00 Compressing file: run15930.mid
2024-05-16 15:03:00 File successfully compressed: run15930.mid.gz
2024-05-16 15:09:31 Compressing file: run15931.mid
2024-05-16 15:14:32 File successfully compressed: run15931.mid.gz
2024-05-16 15:20:02 Compressing file: run15932.mid
2024-05-16 15:25:03 File successfully compressed: run15932.mid.gz
2024-05-16 15:32:04 Compressing file: run15933.mid
2024-05-16 15:37:04 File successfully compressed: run15933.mid.gz
2024-05-16 15:43:05 Compressing file: run15934.mid
2024-05-16 15:48:06 File successfully compressed: run15934.mid.gz
2024-05-16 15:53:37 Compressing file: run15935.mid
2024-05-16 15:58:37 File successfully compressed: run15935.mid.gz
2024-05-16 16:05:38 Compressing file: run15936.mid
2024-05-16 16:10:39 File successfully compressed: run15936.mid.gz
2024-05-16 16:17:10 Compressing file: run15937.mid
2024-05-16 16:22:10 File successfully compressed: run15937.mid.gz
2024-05-16 16:30:41 Compressing file: run15938.mid
2024-05-16 16:35:42 File successfully compressed: run15938.mid.gz
2024-05-16 16:41:43 Compressing file: run15939.mid
2024-05-16 16:46:43 File successfully compressed: run15939.mid.gz
2024-05-16 16:51:44 Compressing file: run15940.mid
2024-05-16 16:56:44 File successfully compressed: run15940.mid.gz
2024-05-16 17:03:15 Compressing file: run15941.mid
2024-05-16 17:08:16 File successfully compressed: run15941.mid.gz
2024-05-16 17:15:17 Compressing file: run15942.mid
2024-05-16 17:20:17 File successfully compressed: run15942.mid.gz
2024-05-16 17:26:48 Compressing file: run15943.mid
2024-05-16 17:31:49 File successfully compressed: run15943.mid.gz
2024-05-16 17:37:50 Compressing file: run15944.mid
2024-05-16 17:42:50 File successfully compressed: run15944.mid.gz
2024-05-16 17:49:21 Compressing file: run15945.mid
2024-05-16 17:54:22 File successfully compressed: run15945.mid.gz
2024-05-16 18:01:23 Compressing file: run15946.mid
2024-05-16 18:06:23 File successfully compressed: run15946.mid.gz
2024-05-16 18:11:24 Compressing file: run15947.mid
2024-05-16 18:16:25 File successfully compressed: run15947.mid.gz
2024-05-16 18:21:25 Compressing file: run15948.mid
2024-05-16 18:26:26 File successfully compressed: run15948.mid.gz
2024-05-16 18:31:57 Compressing file: run15949.mid
2024-05-16 18:36:57 File successfully compressed: run15949.mid.gz
2024-05-16 18:43:28 Compressing file: run15950.mid
2024-05-16 18:48:29 File successfully compressed: run15950.mid.gz
2024-05-16 18:53:59 Compressing file: run15951.mid
2024-05-16 18:59:00 File successfully compressed: run15951.mid.gz
2024-05-16 19:04:31 Compressing file: run15952.mid
2024-05-16 19:09:31 File successfully compressed: run15952.mid.gz
2024-05-16 19:17:02 Compressing file: run15953.mid
2024-05-16 19:22:03 File successfully compressed: run15953.mid.gz
2024-05-16 19:28:34 Compressing file: run15954.mid
2024-05-16 19:33:34 File successfully compressed: run15954.mid.gz
2024-05-16 19:40:05 Compressing file: run15955.mid
2024-05-16 19:45:06 File successfully compressed: run15955.mid.gz
2024-05-16 19:51:07 Compressing file: run15956.mid
2024-05-16 19:56:07 File successfully compressed: run15956.mid.gz
2024-05-16 20:01:38 Compressing file: run15957.mid
2024-05-16 20:06:39 File successfully compressed: run15957.mid.gz
2024-05-16 20:13:40 Compressing file: run15958.mid
2024-05-16 20:18:40 File successfully compressed: run15958.mid.gz
2024-05-16 20:24:11 Compressing file: run15959.mid
2024-05-16 20:29:12 File successfully compressed: run15959.mid.gz
2024-05-16 20:33:42 Compressing file: run15960.mid
2024-05-16 20:38:43 File successfully compressed: run15960.mid.gz
2024-05-16 20:44:14 Compressing file: run15961.mid
2024-05-16 20:49:14 File successfully compressed: run15961.mid.gz
2024-05-16 20:54:45 Compressing file: run15962.mid
2024-05-16 20:59:46 File successfully compressed: run15962.mid.gz
2024-05-16 21:03:16 Compressing file: run15963.mid
2024-05-16 21:08:17 File successfully compressed: run15963.mid.gz
2024-05-16 21:12:17 Compressing file: run15964.mid
2024-05-16 21:17:18 File successfully compressed: run15964.mid.gz
2024-05-16 21:23:19 Compressing file: run15965.mid
2024-05-16 21:28:19 File successfully compressed: run15965.mid.gz
2024-05-16 21:32:20 Compressing file: run15966.mid
2024-05-16 21:37:20 File successfully compressed: run15966.mid.gz
2024-05-16 21:42:51 Compressing file: run15967.mid
2024-05-16 21:47:52 File successfully compressed: run15967.mid.gz
2024-05-16 21:52:52 Compressing file: run15968.mid
2024-05-16 21:57:53 File successfully compressed: run15968.mid.gz
2024-05-16 22:02:24 Compressing file: run15969.mid
2024-05-16 22:07:24 File successfully compressed: run15969.mid.gz
2024-05-16 22:11:55 Compressing file: run15970.mid
2024-05-16 22:16:55 File successfully compressed: run15970.mid.gz
2024-05-16 22:21:56 Compressing file: run15971.mid
2024-05-16 22:26:57 File successfully compressed: run15971.mid.gz
2024-05-16 22:30:57 Compressing file: run15972.mid
2024-05-16 22:35:58 File successfully compressed: run15972.mid.gz
2024-05-16 22:40:28 Compressing file: run15973.mid
2024-05-16 22:45:29 File successfully compressed: run15973.mid.gz
2024-05-16 22:50:00 Compressing file: run15974.mid
2024-05-16 22:55:00 File successfully compressed: run15974.mid.gz
2024-05-16 22:59:31 Compressing file: run15975.mid
2024-05-16 23:04:31 File successfully compressed: run15975.mid.gz
2024-05-16 23:09:02 Compressing file: run15976.mid
2024-05-16 23:14:03 File successfully compressed: run15976.mid.gz
2024-05-16 23:18:33 Compressing file: run15977.mid
2024-05-16 23:23:34 File successfully compressed: run15977.mid.gz
2024-05-16 23:31:05 Compressing file: run15978.mid
2024-05-16 23:36:06 File successfully compressed: run15978.mid.gz
2024-05-16 23:41:06 Compressing file: run15979.mid
2024-05-16 23:46:07 File successfully compressed: run15979.mid.gz
2024-05-16 23:53:08 Compressing file: run15980.mid
2024-05-16 23:58:08 File successfully compressed: run15980.mid.gz
2024-05-17 00:04:09 Compressing file: run15981.mid
2024-05-17 00:09:10 File successfully compressed: run15981.mid.gz
2024-05-17 00:15:11 Compressing file: run15982.mid
2024-05-17 00:20:11 File successfully compressed: run15982.mid.gz
2024-05-17 00:26:12 Compressing file: run15983.mid
2024-05-17 00:31:13 File successfully compressed: run15983.mid.gz
2024-05-17 00:37:44 Compressing file: run15984.mid
2024-05-17 00:42:44 File successfully compressed: run15984.mid.gz
2024-05-17 00:49:15 Compressing file: run15985.mid
2024-05-17 00:54:16 File successfully compressed: run15985.mid.gz
2024-05-17 00:59:46 Compressing file: run15986.mid
2024-05-17 01:04:47 File successfully compressed: run15986.mid.gz
2024-05-17 01:10:18 Compressing file: run15987.mid
2024-05-17 01:15:18 File successfully compressed: run15987.mid.gz

gzip: /media/cygno01/SSD1/Data/run16027.mid: Input/output error
2024-05-17 01:19:49 Compressing file: run15988.mid
2024-05-17 01:24:50 File successfully compressed: run15988.mid.gz
2024-05-17 01:30:50 Compressing file: run15989.mid
2024-05-17 01:35:51 File successfully compressed: run15989.mid.gz
2024-05-17 01:41:22 Compressing file: run15990.mid
2024-05-17 01:46:22 File successfully compressed: run15990.mid.gz
2024-05-17 01:50:53 Compressing file: run15991.mid
2024-05-17 01:55:54 File successfully compressed: run15991.mid.gz
2024-05-17 02:00:24 Compressing file: run15992.mid
2024-05-17 02:05:25 File successfully compressed: run15992.mid.gz
2024-05-17 02:10:56 Compressing file: run15993.mid
2024-05-17 02:15:56 File successfully compressed: run15993.mid.gz
2024-05-17 02:21:27 Compressing file: run15994.mid
2024-05-17 02:26:28 File successfully compressed: run15994.mid.gz
2024-05-17 02:30:58 Compressing file: run15995.mid
2024-05-17 02:35:59 File successfully compressed: run15995.mid.gz
2024-05-17 02:41:00 Compressing file: run15996.mid
2024-05-17 02:46:00 File successfully compressed: run15996.mid.gz
2024-05-17 02:51:31 Compressing file: run15997.mid
2024-05-17 02:56:32 File successfully compressed: run15997.mid.gz
2024-05-17 03:03:33 Compressing file: run15998.mid
2024-05-17 03:08:33 File successfully compressed: run15998.mid.gz
2024-05-17 03:15:04 Compressing file: run15999.mid
2024-05-17 03:20:05 File successfully compressed: run15999.mid.gz
2024-05-17 03:26:36 Compressing file: run16000.mid
2024-05-17 03:31:36 File successfully compressed: run16000.mid.gz
2024-05-17 03:36:37 Compressing file: run16001.mid
2024-05-17 03:41:38 File successfully compressed: run16001.mid.gz
2024-05-17 03:47:08 Compressing file: run16002.mid
2024-05-17 03:52:09 File successfully compressed: run16002.mid.gz
2024-05-17 03:56:40 Compressing file: run16003.mid
2024-05-17 04:01:40 File successfully compressed: run16003.mid.gz
2024-05-17 04:06:41 Compressing file: run16004.mid
2024-05-17 04:11:42 File successfully compressed: run16004.mid.gz
2024-05-17 04:18:12 Compressing file: run16005.mid
2024-05-17 04:23:13 File successfully compressed: run16005.mid.gz
2024-05-17 04:29:14 Compressing file: run16006.mid
2024-05-17 04:34:14 File successfully compressed: run16006.mid.gz
2024-05-17 04:38:45 Compressing file: run16007.mid
2024-05-17 04:43:46 File successfully compressed: run16007.mid.gz
2024-05-17 04:48:46 Compressing file: run16008.mid
2024-05-17 04:53:47 File successfully compressed: run16008.mid.gz
2024-05-17 04:59:18 Compressing file: run16009.mid
2024-05-17 05:04:18 File successfully compressed: run16009.mid.gz
2024-05-17 05:08:49 Compressing file: run16010.mid
2024-05-17 05:13:50 File successfully compressed: run16010.mid.gz
2024-05-17 05:18:20 Compressing file: run16011.mid
2024-05-17 05:23:21 File successfully compressed: run16011.mid.gz
2024-05-17 05:27:52 Compressing file: run16012.mid
2024-05-17 05:32:52 File successfully compressed: run16012.mid.gz
2024-05-17 05:38:53 Compressing file: run16013.mid
2024-05-17 05:43:54 File successfully compressed: run16013.mid.gz
2024-05-17 05:48:24 Compressing file: run16014.mid
2024-05-17 05:53:25 File successfully compressed: run16014.mid.gz
2024-05-17 05:57:56 Compressing file: run16015.mid
2024-05-17 06:02:56 File successfully compressed: run16015.mid.gz
2024-05-17 06:07:57 Compressing file: run16016.mid
2024-05-17 06:12:58 File successfully compressed: run16016.mid.gz
2024-05-17 06:18:28 Compressing file: run16017.mid
2024-05-17 06:23:29 File successfully compressed: run16017.mid.gz
2024-05-17 06:33:00 Compressing file: run16018.mid
2024-05-17 06:38:01 File successfully compressed: run16018.mid.gz
2024-05-17 06:46:02 Compressing file: run16019.mid
2024-05-17 06:51:03 File successfully compressed: run16019.mid.gz
2024-05-17 06:59:04 Compressing file: run16020.mid
2024-05-17 07:04:05 File successfully compressed: run16020.mid.gz
2024-05-17 07:12:06 Compressing file: run16021.mid
2024-05-17 07:17:06 File successfully compressed: run16021.mid.gz
2024-05-17 07:24:37 Compressing file: run16022.mid
2024-05-17 07:29:38 File successfully compressed: run16022.mid.gz
2024-05-17 07:37:09 Compressing file: run16023.mid
2024-05-17 07:42:10 File successfully compressed: run16023.mid.gz
2024-05-17 07:50:11 Compressing file: run16024.mid
2024-05-17 07:55:11 File successfully compressed: run16024.mid.gz
2024-05-17 08:01:12 Compressing file: run16025.mid
2024-05-17 08:06:13 File successfully compressed: run16025.mid.gz
2024-05-17 08:12:44 Compressing file: run16026.mid
2024-05-17 08:17:44 File successfully compressed: run16026.mid.gz
2024-05-17 08:24:45 Compressing file: run16027.mid
2024-05-17 08:26:46 Compressing file: run16028.mid
[fileCompressor,ERROR] [odb.cxx:1225:db_validate_key,ERROR] hkey 245000, path "/Sequencer/State/Last msg", string value is not valid UTF-8
Traceback (most recent call last):
  File "/home/cygno01/daq/middleware/dev/fileCompressor.py", line 169, in <module>
    main()
  File "/home/cygno01/daq/middleware/dev/fileCompressor.py", line 118, in main
    file_in_dir=sorted(os.listdir(INAPATH))
FileNotFoundError: [Errno 2] No such file or directory: '/media/cygno01/SSD1/Data/'
cm_msg_log: Message "[fileCompressor,LOG] Program fileCompressor on host localhost stopped" not written to midas.log because open(/media/cygno01/SSD1/Data/midas.log) failed with errno 2 (No such file or directory)
Traceback (most recent call last):
  File "/home/cygno01/daq/middleware/dev/fileCompressor.py", line 169, in <module>
    main()
  File "/home/cygno01/daq/middleware/dev/fileCompressor.py", line 118, in main
    file_in_dir=sorted(os.listdir(INAPATH))
FileNotFoundError: [Errno 2] No such file or directory: '/media/cygno01/SSD1/Data/'
cm_msg_log: Message "[fileCompressor,LOG] Program fileCompressor on host localhost stopped" not written to midas.log because open(/media/cygno01/SSD1/Data/midas.log) failed with errno 2 (No such file or directory)
[fileCompressor,TALK] software alarm: Program cygnus_daq is not running
[fileCompressor,TALK] software alarm: Program cygnus_daq is not running
[fileCompressor,TALK] software alarm: Program cygnus_daq is not running
[fileCompressor,TALK] software alarm: Program cygnus_daq is not running
[fileCompressor,TALK] software alarm: Program cygnus_daq is not running
[fileCompressor,TALK] software alarm: Program cygnus_daq is not running
[fileCompressor,TALK] software alarm: Program cygnus_daq is not running
[fileCompressor,TALK] software alarm: Program cygnus_daq is not running
[fileCompressor,TALK] software alarm: Program cygnus_daq is not running
[fileCompressor,TALK] software alarm: Program cygnus_daq is not running
[fileCompressor,TALK] software alarm: Program cygnus_daq is not running
[fileCompressor,TALK] software alarm: Program cygnus_daq is not running
[fileCompressor,TALK] software alarm: Program cygnus_daq is not running
[fileCompressor,TALK] software alarm: Program cygnus_daq is not running
[fileCompressor,TALK] software alarm: Program cygnus_daq is not running
[fileCompressor,TALK] software alarm: Program cygnus_daq is not running
[fileCompressor,TALK] software alarm: Program cygnus_daq is not running
[fileCompressor,TALK] software alarm: Program cygnus_daq is not running
[fileCompressor,TALK] software alarm: Program cygnus_daq is not running
[fileCompressor,TALK] software alarm: Program cygnus_daq is not running
[fileCompressor,TALK] software alarm: Program cygnus_daq is not running
[fileCompressor,TALK] software alarm: Program cygnus_daq is not running
[fileCompressor,TALK] software alarm: Program cygnus_daq is not running
[fileCompressor,TALK] software alarm: Program cygnus_daq is not running
[fileCompressor,TALK] software alarm: Program cygnus_daq is not running
[fileCompressor,TALK] software alarm: Program cygnus_daq is not running
[fileCompressor,TALK] software alarm: Program cygnus_daq is not running
[fileCompressor,TALK] software alarm: Program cygnus_daq is not running
[fileCompressor,TALK] software alarm: Program cygnus_daq is not running
[fileCompressor,TALK] software alarm: Program cygnus_daq is not running
[fileCompressor,TALK] software alarm: Program cygnus_daq is not running
[fileCompressor,TALK] software alarm: Program cygnus_daq is not running
[fileCompressor,TALK] software alarm: Program cygnus_daq is not running
[fileCompressor,TALK] software alarm: Program cygnus_daq is not running
[fileCompressor,TALK] software alarm: Program cygnus_daq is not running
[fileCompressor,TALK] software alarm: Program cygnus_daq is not running
[fileCompressor,TALK] software alarm: Program cygnus_daq is not running
[fileCompressor,TALK] software alarm: Program cygnus_daq is not running
[fileCompressor,TALK] software alarm: Program cygnus_daq is not running
[fileCompressor,TALK] software alarm: Program cygnus_daq is not running
[fileCompressor,TALK] software alarm: Program cygnus_daq is not running
[fileCompressor,TALK] software alarm: Program cygnus_daq is not running
[fileCompressor,TALK] software alarm: Program cygnus_daq is not running
[fileCompressor,TALK] software alarm: Program cygnus_daq is not running
[fileCompressor,TALK] software alarm: Program cygnus_daq is not running
[fileCompressor,TALK] software alarm: Program cygnus_daq is not running
[fileCompressor,TALK] software alarm: Program cygnus_daq is not running
[fileCompressor,TALK] software alarm: Program cygnus_daq is not running
[fileCompressor,TALK] software alarm: Program cygnus_daq is not running
[fileCompressor,TALK] software alarm: Program cygnus_daq is not running
[fileCompressor,TALK] software alarm: Program cygnus_daq is not running
[fileCompressor,TALK] software alarm: Program cygnus_daq is not running
[fileCompressor,TALK] software alarm: Program cygnus_daq is not running
[fileCompressor,TALK] software alarm: Program cygnus_daq is not running
[fileCompressor,TALK] software alarm: Program cygnus_daq is not running
[fileCompressor,TALK] software alarm: Program cygnus_daq is not running
[fileCompressor,TALK] software alarm: Program cygnus_daq is not running
[fileCompressor,TALK] software alarm: Program cygnus_daq is not running
[fileCompressor,TALK] software alarm: Program cygnus_daq is not running
[fileCompressor,TALK] software alarm: Program cygnus_daq is not running
[fileCompressor,TALK] software alarm: Program cygnus_daq is not running
[fileCompressor,TALK] software alarm: Program cygnus_daq is not running
[fileCompressor,TALK] software alarm: Program cygnus_daq is not running
[fileCompressor,TALK] software alarm: Program cygnus_daq is not running
[fileCompressor,TALK] software alarm: Program cygnus_daq is not running
[fileCompressor,TALK] software alarm: Program cygnus_daq is not running
[fileCompressor,TALK] software alarm: Program cygnus_daq is not running
[fileCompressor,TALK] software alarm: Program cygnus_daq is not running
[fileCompressor,TALK] software alarm: Program cygnus_daq is not running
[fileCompressor,TALK] software alarm: Program cygnus_daq is not running
[fileCompressor,TALK] software alarm: Program cygnus_daq is not running
[fileCompressor,TALK] software alarm: Program cygnus_daq is not running
[fileCompressor,TALK] software alarm: Program cygnus_daq is not running
[fileCompressor,TALK] software alarm: Program cygnus_daq is not running
[fileCompressor,TALK] software alarm: Program cygnus_daq is not running
[fileCompressor,TALK] software alarm: Program cygnus_daq is not running
[fileCompressor,TALK] software alarm: Program cygnus_daq is not running
[fileCompressor,TALK] software alarm: Program cygnus_daq is not running
[fileCompressor,TALK] software alarm: Program cygnus_daq is not running
[fileCompressor,TALK] software alarm: Program cygnus_daq is not running
[fileCompressor,TALK] software alarm: Program cygnus_daq is not running
[fileCompressor,TALK] software alarm: Program cygnus_daq is not running
[fileCompressor,TALK] software alarm: Program cygnus_daq is not running
[fileCompressor,TALK] software alarm: Program cygnus_daq is not running
[fileCompressor,TALK] software alarm: Program cygnus_daq is not running
[fileCompressor,TALK] software alarm: Program cygnus_daq is not running
[fileCompressor,TALK] software alarm: Program cygnus_daq is not running
[fileCompressor,TALK] software alarm: Program cygnus_daq is not running
[fileCompressor,TALK] software alarm: Program cygnus_daq is not running
[fileCompressor,TALK] software alarm: Program cygnus_daq is not running
[fileCompressor,TALK] software alarm: Program cygnus_daq is not running
[fileCompressor,TALK] software alarm: Program cygnus_daq is not running
[fileCompressor,TALK] software alarm: Program cygnus_daq is not running
[fileCompressor,TALK] software alarm: Program cygnus_daq is not running
[fileCompressor,TALK] software alarm: Program cygnus_daq is not running
[fileCompressor,TALK] software alarm: Program cygnus_daq is not running
[fileCompressor,TALK] software alarm: Program cygnus_daq is not running
[fileCompressor,TALK] software alarm: Program cygnus_daq is not running
[fileCompressor,TALK] software alarm: Program cygnus_daq is not running
[fileCompressor,TALK] software alarm: Program cygnus_daq is not running
[fileCompressor,TALK] software alarm: Program cygnus_daq is not running
[fileCompressor,TALK] software alarm: Program cygnus_daq is not running
[fileCompressor,TALK] software alarm: Program cygnus_daq is not running
[fileCompressor,TALK] software alarm: Program cygnus_daq is not running
[fileCompressor,TALK] software alarm: Program cygnus_daq is not running
[fileCompressor,TALK] software alarm: Program cygnus_daq is not running
[fileCompressor,TALK] software alarm: Program cygnus_daq is not running
[fileCompressor,TALK] software alarm: Program cygnus_daq is not running
[fileCompressor,TALK] software alarm: Program cygnus_daq is not running
[fileCompressor,TALK] software alarm: Program cygnus_daq is not running
[fileCompressor,TALK] software alarm: Program cygnus_daq is not running
[fileCompressor,TALK] software alarm: Program cygnus_daq is not running
[fileCompressor,TALK] software alarm: Program cygnus_daq is not running
[fileCompressor,TALK] software alarm: Program cygnus_daq is not running
[fileCompressor,TALK] software alarm: Program cygnus_daq is not running
[fileCompressor,TALK] software alarm: Program cygnus_daq is not running
[fileCompressor,TALK] software alarm: Program cygnus_daq is not running
[fileCompressor,TALK] software alarm: Program cygnus_daq is not running
[fileCompressor,TALK] software alarm: Program cygnus_daq is not running
[fileCompressor,TALK] software alarm: Program cygnus_daq is not running
[fileCompressor,TALK] software alarm: Program cygnus_daq is not running
[fileCompressor,TALK] software alarm: Program cygnus_daq is not running
[fileCompressor,TALK] software alarm: Program cygnus_daq is not running
[fileCompressor,TALK] software alarm: Program cygnus_daq is not running
[fileCompressor,TALK] software alarm: Program cygnus_daq is not running
[fileCompressor,TALK] software alarm: Program cygnus_daq is not running
[fileCompressor,TALK] software alarm: Program cygnus_daq is not running
[fileCompressor,TALK] software alarm: Program cygnus_daq is not running
[fileCompressor,TALK] software alarm: Program cygnus_daq is not running
[fileCompressor,TALK] software alarm: Program cygnus_daq is not running
[fileCompressor,TALK] software alarm: Program cygnus_daq is not running
[fileCompressor,TALK] software alarm: Program cygnus_daq is not running
[fileCompressor,TALK] software alarm: Program cygnus_daq is not running
[fileCompressor,TALK] software alarm: Program cygnus_daq is not running
[fileCompressor,TALK] software alarm: Program cygnus_daq is not running
[fileCompressor,TALK] software alarm: Program cygnus_daq is not running
[fileCompressor,TALK] software alarm: Program cygnus_daq is not running
[fileCompressor,TALK] software alarm: Program cygnus_daq is not running
[fileCompressor,TALK] software alarm: Program cygnus_daq is not running
[fileCompressor,TALK] software alarm: Program cygnus_daq is not running
[fileCompressor,TALK] software alarm: Program cygnus_daq is not running
[fileCompressor,TALK] software alarm: Program cygnus_daq is not running
[fileCompressor,TALK] software alarm: Program cygnus_daq is not running
[fileCompressor,TALK] software alarm: Program cygnus_daq is not running
[fileCompressor,TALK] software alarm: Program cygnus_daq is not running
[fileCompressor,TALK] software alarm: Program cygnus_daq is not running
[fileCompressor,TALK] software alarm: Program cygnus_daq is not running
[fileCompressor,TALK] software alarm: Program cygnus_daq is not running
[fileCompressor,TALK] software alarm: Program cygnus_daq is not running
[fileCompressor,TALK] software alarm: Program cygnus_daq is not running
[fileCompressor,TALK] software alarm: Program cygnus_daq is not running
[fileCompressor,TALK] software alarm: Program cygnus_daq is not running
[fileCompressor,TALK] software alarm: Program cygnus_daq is not running
[fileCompressor,TALK] software alarm: Program cygnus_daq is not running
[fileCompressor,TALK] software alarm: Program cygnus_daq is not running
[fileCompressor,TALK] software alarm: Program cygnus_daq is not running
[fileCompressor,TALK] software alarm: Program cygnus_daq is not running
[fileCompressor,TALK] software alarm: Program cygnus_daq is not running
[fileCompressor,TALK] software alarm: Program cygnus_daq is not running
[fileCompressor,TALK] software alarm: Program cygnus_daq is not running
[fileCompressor,TALK] software alarm: Program cygnus_daq is not running
[fileCompressor,TALK] software alarm: Program cygnus_daq is not running
[fileCompressor,TALK] software alarm: Program cygnus_daq is not running
[fileCompressor,TALK] software alarm: Program cygnus_daq is not running
[fileCompressor,TALK] software alarm: Program cygnus_daq is not running
[fileCompressor,TALK] software alarm: Program cygnus_daq is not running
[fileCompressor,TALK] software alarm: Program cygnus_daq is not running
[fileCompressor,TALK] software alarm: Program cygnus_daq is not running
[fileCompressor,TALK] software alarm: Program cygnus_daq is not running
[fileCompressor,TALK] software alarm: Program cygnus_daq is not running
[fileCompressor,TALK] software alarm: Program cygnus_daq is not running
[fileCompressor,TALK] software alarm: Program cygnus_daq is not running
[fileCompressor,TALK] software alarm: Program cygnus_daq is not running
[fileCompressor,TALK] software alarm: Program cygnus_daq is not running
[fileCompressor,TALK] software alarm: Program cygnus_daq is not running
[fileCompressor,TALK] software alarm: Program cygnus_daq is not running
[fileCompressor,TALK] software alarm: Program cygnus_daq is not running
[fileCompressor,TALK] software alarm: Program cygnus_daq is not running
[fileCompressor,TALK] software alarm: Program cygnus_daq is not running
[fileCompressor,TALK] software alarm: Program cygnus_daq is not running
[fileCompressor,TALK] software alarm: Program cygnus_daq is not running
[fileCompressor,TALK] software alarm: Program cygnus_daq is not running
[fileCompressor,TALK] software alarm: Program cygnus_daq is not running
[fileCompressor,TALK] software alarm: Program cygnus_daq is not running
[fileCompressor,TALK] software alarm: Program cygnus_daq is not running
[fileCompressor,TALK] software alarm: Program cygnus_daq is not running
[fileCompressor,TALK] software alarm: Program cygnus_daq is not running
[fileCompressor,TALK] software alarm: Program cygnus_daq is not running
[fileCompressor,TALK] software alarm: Program cygnus_daq is not running
[fileCompressor,TALK] software alarm: Program cygnus_daq is not running
[fileCompressor,TALK] software alarm: Program cygnus_daq is not running
[fileCompressor,TALK] software alarm: Program cygnus_daq is not running
[fileCompressor,TALK] software alarm: Program cygnus_daq is not running
[fileCompressor,TALK] software alarm: Program cygnus_daq is not running
[fileCompressor,TALK] software alarm: Program cygnus_daq is not running
[fileCompressor,TALK] software alarm: Program cygnus_daq is not running
[fileCompressor,TALK] software alarm: Program cygnus_daq is not running
[fileCompressor,TALK] software alarm: Program cygnus_daq is not running
[fileCompressor,TALK] software alarm: Program cygnus_daq is not running
[fileCompressor,TALK] software alarm: Program cygnus_daq is not running
[fileCompressor,TALK] software alarm: Program cygnus_daq is not running
[fileCompressor,TALK] software alarm: Program cygnus_daq is not running
[fileCompressor,TALK] software alarm: Program cygnus_daq is not running
[fileCompressor,TALK] software alarm: Program cygnus_daq is not running
[fileCompressor,TALK] software alarm: Program cygnus_daq is not running
[fileCompressor,TALK] software alarm: Program cygnus_daq is not running
[fileCompressor,TALK] software alarm: Program cygnus_daq is not running
[fileCompressor,TALK] software alarm: Program cygnus_daq is not running
[fileCompressor,TALK] software alarm: Program cygnus_daq is not running
[fileCompressor,TALK] software alarm: Program cygnus_daq is not running
[fileCompressor,TALK] software alarm: Program cygnus_daq is not running
[fileCompressor,TALK] software alarm: Program cygnus_daq is not running
[fileCompressor,TALK] software alarm: Program cygnus_daq is not running
[fileCompressor,TALK] software alarm: Program cygnus_daq is not running
[fileCompressor,TALK] software alarm: Program cygnus_daq is not running
[fileCompressor,TALK] software alarm: Program cygnus_daq is not running
[fileCompressor,TALK] software alarm: Program cygnus_daq is not running
[fileCompressor,TALK] software alarm: Program cygnus_daq is not running
[fileCompressor,TALK] software alarm: Program cygnus_daq is not running
[fileCompressor,TALK] software alarm: Program cygnus_daq is not running
[fileCompressor,TALK] software alarm: Program cygnus_daq is not running
[fileCompressor,TALK] software alarm: Program cygnus_daq is not running
[fileCompressor,TALK] software alarm: Program cygnus_daq is not running
[fileCompressor,TALK] software alarm: Program cygnus_daq is not running
[fileCompressor,TALK] software alarm: Program cygnus_daq is not running
[fileCompressor,TALK] software alarm: Program cygnus_daq is not running
[fileCompressor,TALK] software alarm: Program cygnus_daq is not running
[fileCompressor,TALK] software alarm: Program cygnus_daq is not running
[fileCompressor,TALK] software alarm: Program cygnus_daq is not running
[fileCompressor,TALK] software alarm: Program cygnus_daq is not running
[fileCompressor,TALK] software alarm: Program cygnus_daq is not running
[fileCompressor,TALK] software alarm: Program cygnus_daq is not running
[fileCompressor,TALK] software alarm: Program cygnus_daq is not running
[fileCompressor,TALK] software alarm: Program cygnus_daq is not running
[fileCompressor,TALK] software alarm: Program cygnus_daq is not running
[fileCompressor,TALK] software alarm: Program cygnus_daq is not running
[fileCompressor,TALK] software alarm: Program cygnus_daq is not running
[fileCompressor,TALK] software alarm: Program cygnus_daq is not running
[fileCompressor,TALK] software alarm: Program cygnus_daq is not running
[fileCompressor,TALK] software alarm: Program cygnus_daq is not running
[fileCompressor,TALK] software alarm: Program cygnus_daq is not running
[fileCompressor,TALK] software alarm: Program cygnus_daq is not running
[fileCompressor,TALK] software alarm: Program cygnus_daq is not running
[fileCompressor,TALK] software alarm: Program cygnus_daq is not running
[fileCompressor,TALK] software alarm: Program cygnus_daq is not running
[fileCompressor,TALK] software alarm: Program cygnus_daq is not running
[fileCompressor,TALK] software alarm: Program cygnus_daq is not running
[fileCompressor,TALK] software alarm: Program cygnus_daq is not running
[fileCompressor,TALK] software alarm: Program cygnus_daq is not running
[fileCompressor,TALK] software alarm: Program cygnus_daq is not running
[fileCompressor,TALK] software alarm: Program cygnus_daq is not running
[fileCompressor,TALK] software alarm: Program cygnus_daq is not running
[fileCompressor,TALK] software alarm: Program cygnus_daq is not running
[fileCompressor,TALK] software alarm: Program cygnus_daq is not running
[fileCompressor,TALK] software alarm: Program cygnus_daq is not running
[fileCompressor,TALK] software alarm: Program cygnus_daq is not running
[fileCompressor,TALK] software alarm: Program cygnus_daq is not running
[fileCompressor,TALK] software alarm: Program cygnus_daq is not running
[fileCompressor,TALK] software alarm: Program cygnus_daq is not running
[fileCompressor,TALK] software alarm: Program cygnus_daq is not running
[fileCompressor,TALK] software alarm: Program cygnus_daq is not running
[fileCompressor,TALK] software alarm: Program cygnus_daq is not running
[fileCompressor,TALK] software alarm: Program cygnus_daq is not running
[fileCompressor,TALK] software alarm: Program cygnus_daq is not running
[fileCompressor,TALK] software alarm: Program cygnus_daq is not running
[fileCompressor,TALK] software alarm: Program cygnus_daq is not running
[fileCompressor,TALK] software alarm: Program cygnus_daq is not running
[fileCompressor,TALK] software alarm: Program cygnus_daq is not running
[fileCompressor,TALK] software alarm: Program cygnus_daq is not running
[fileCompressor,TALK] software alarm: Program cygnus_daq is not running
[fileCompressor,TALK] software alarm: Program cygnus_daq is not running
[fileCompressor,TALK] software alarm: Program cygnus_daq is not running
[fileCompressor,TALK] software alarm: Program cygnus_daq is not running
[fileCompressor,TALK] software alarm: Program cygnus_daq is not running
[fileCompressor,TALK] software alarm: Program cygnus_daq is not running
[fileCompressor,TALK] software alarm: Program cygnus_daq is not running
[fileCompressor,TALK] software alarm: Program cygnus_daq is not running
[fileCompressor,TALK] software alarm: Program cygnus_daq is not running
[fileCompressor,TALK] software alarm: Program cygnus_daq is not running
[fileCompressor,TALK] software alarm: Program cygnus_daq is not running
[fileCompressor,TALK] software alarm: Program cygnus_daq is not running
[fileCompressor,TALK] software alarm: Program cygnus_daq is not running
[fileCompressor,TALK] software alarm: Program cygnus_daq is not running
[fileCompressor,TALK] software alarm: Program cygnus_daq is not running
[fileCompressor,TALK] software alarm: Program cygnus_daq is not running
[fileCompressor,TALK] software alarm: Program cygnus_daq is not running
[fileCompressor,TALK] software alarm: Program cygnus_daq is not running
[fileCompressor,TALK] software alarm: Program cygnus_daq is not running
[fileCompressor,TALK] software alarm: Program cygnus_daq is not running
[fileCompressor,TALK] software alarm: Program cygnus_daq is not running
[fileCompressor,TALK] software alarm: Program cygnus_daq is not running
[fileCompressor,TALK] software alarm: Program cygnus_daq is not running
[fileCompressor,TALK] software alarm: Program cygnus_daq is not running
[fileCompressor,TALK] software alarm: Program cygnus_daq is not running
[fileCompressor,TALK] software alarm: Program cygnus_daq is not running
[fileCompressor,TALK] software alarm: Program cygnus_daq is not running
[fileCompressor,TALK] software alarm: Program cygnus_daq is not running
[fileCompressor,TALK] software alarm: Program cygnus_daq is not running
[fileCompressor,TALK] software alarm: Program cygnus_daq is not running
[fileCompressor,TALK] software alarm: Program cygnus_daq is not running
[fileCompressor,TALK] software alarm: Program cygnus_daq is not running
[fileCompressor,TALK] software alarm: Program cygnus_daq is not running
[fileCompressor,TALK] software alarm: Program cygnus_daq is not running
[fileCompressor,TALK] software alarm: Program cygnus_daq is not running
[fileCompressor,TALK] software alarm: Program cygnus_daq is not running
[fileCompressor,TALK] software alarm: Program cygnus_daq is not running
[fileCompressor,TALK] software alarm: Program cygnus_daq is not running
[fileCompressor,TALK] software alarm: Program cygnus_daq is not running
[fileCompressor,TALK] software alarm: Program cygnus_daq is not running
[fileCompressor,TALK] software alarm: Program cygnus_daq is not running
[fileCompressor,TALK] software alarm: Program cygnus_daq is not running
[fileCompressor,TALK] software alarm: Program cygnus_daq is not running
[fileCompressor,TALK] software alarm: Program cygnus_daq is not running
[fileCompressor,TALK] software alarm: Program cygnus_daq is not running
[fileCompressor,TALK] software alarm: Program cygnus_daq is not running
[fileCompressor,TALK] software alarm: Program cygnus_daq is not running
[fileCompressor,TALK] software alarm: Program cygnus_daq is not running
[fileCompressor,TALK] software alarm: Program cygnus_daq is not running
[fileCompressor,TALK] software alarm: Program cygnus_daq is not running
[fileCompressor,TALK] software alarm: Program cygnus_daq is not running
[fileCompressor,TALK] software alarm: Program cygnus_daq is not running
[fileCompressor,TALK] software alarm: Program cygnus_daq is not running
[fileCompressor,TALK] software alarm: Program cygnus_daq is not running
[fileCompressor,TALK] software alarm: Program cygnus_daq is not running
[fileCompressor,TALK] software alarm: Program cygnus_daq is not running
[fileCompressor,TALK] software alarm: Program cygnus_daq is not running
[fileCompressor,TALK] software alarm: Program cygnus_daq is not running
[fileCompressor,TALK] software alarm: Program cygnus_daq is not running
[fileCompressor,TALK] software alarm: Program cygnus_daq is not running
[fileCompressor,TALK] software alarm: Program cygnus_daq is not running
[fileCompressor,TALK] software alarm: Program cygnus_daq is not running
[fileCompressor,TALK] software alarm: Program cygnus_daq is not running
[fileCompressor,TALK] software alarm: Program cygnus_daq is not running
[fileCompressor,TALK] software alarm: Program cygnus_daq is not running
[fileCompressor,TALK] software alarm: Program cygnus_daq is not running
[fileCompressor,TALK] software alarm: Program cygnus_daq is not running
[fileCompressor,TALK] software alarm: Program cygnus_daq is not running
[fileCompressor,TALK] software alarm: Program cygnus_daq is not running
[fileCompressor,TALK] software alarm: Program cygnus_daq is not running
[fileCompressor,TALK] software alarm: Program cygnus_daq is not running
[fileCompressor,TALK] software alarm: Program cygnus_daq is not running
[fileCompressor,TALK] software alarm: Program cygnus_daq is not running
[fileCompressor,TALK] software alarm: Program cygnus_daq is not running
[fileCompressor,TALK] software alarm: Program cygnus_daq is not running
[fileCompressor,TALK] software alarm: Program cygnus_daq is not running
[fileCompressor,TALK] software alarm: Program cygnus_daq is not running
[fileCompressor,TALK] software alarm: Program cygnus_daq is not running
[fileCompressor,TALK] software alarm: Program cygnus_daq is not running
[fileCompressor,TALK] software alarm: Program cygnus_daq is not running
[fileCompressor,TALK] software alarm: Program cygnus_daq is not running
[fileCompressor,TALK] software alarm: Program cygnus_daq is not running
[fileCompressor,TALK] software alarm: Program cygnus_daq is not running
[fileCompressor,TALK] software alarm: Program cygnus_daq is not running
[fileCompressor,TALK] software alarm: Program cygnus_daq is not running
[fileCompressor,TALK] software alarm: Program cygnus_daq is not running
[fileCompressor,TALK] software alarm: Program cygnus_daq is not running
[fileCompressor,TALK] software alarm: Program cygnus_daq is not running
[fileCompressor,TALK] software alarm: Program cygnus_daq is not running
[fileCompressor,TALK] software alarm: Program cygnus_daq is not running
[fileCompressor,TALK] software alarm: Program cygnus_daq is not running
[fileCompressor,TALK] software alarm: Program cygnus_daq is not running
[fileCompressor,TALK] software alarm: Program cygnus_daq is not running
[fileCompressor,TALK] software alarm: Program cygnus_daq is not running
[fileCompressor,TALK] software alarm: Program cygnus_daq is not running
[fileCompressor,TALK] software alarm: Program cygnus_daq is not running
[fileCompressor,TALK] software alarm: Program cygnus_daq is not running
[fileCompressor,TALK] software alarm: Program cygnus_daq is not running
[fileCompressor,TALK] software alarm: Program cygnus_daq is not running
[fileCompressor,TALK] software alarm: Program cygnus_daq is not running
[fileCompressor,TALK] software alarm: Program cygnus_daq is not running
[fileCompressor,TALK] software alarm: Program cygnus_daq is not running
[fileCompressor,TALK] software alarm: Program cygnus_daq is not running
[fileCompressor,TALK] software alarm: Program cygnus_daq is not running
[fileCompressor,TALK] software alarm: Program cygnus_daq is not running
[fileCompressor,TALK] software alarm: Program cygnus_daq is not running
[fileCompressor,TALK] software alarm: Program cygnus_daq is not running
[fileCompressor,TALK] software alarm: Program cygnus_daq is not running
[fileCompressor,TALK] software alarm: Program cygnus_daq is not running
[fileCompressor,TALK] software alarm: Program cygnus_daq is not running
[fileCompressor,TALK] software alarm: Program cygnus_daq is not running
[fileCompressor,TALK] software alarm: Program cygnus_daq is not running
[fileCompressor,TALK] software alarm: Program cygnus_daq is not running
[fileCompressor,TALK] software alarm: Program cygnus_daq is not running
[fileCompressor,TALK] software alarm: Program cygnus_daq is not running
[fileCompressor,TALK] software alarm: Program cygnus_daq is not running
[fileCompressor,TALK] software alarm: Program cygnus_daq is not running
[fileCompressor,TALK] software alarm: Program cygnus_daq is not running
[fileCompressor,TALK] software alarm: Program cygnus_daq is not running
[fileCompressor,TALK] software alarm: Program cygnus_daq is not running
[fileCompressor,TALK] software alarm: Program cygnus_daq is not running
[fileCompressor,TALK] software alarm: Program cygnus_daq is not running
[fileCompressor,TALK] software alarm: Program cygnus_daq is not running
[fileCompressor,TALK] software alarm: Program cygnus_daq is not running
[fileCompressor,TALK] software alarm: Program cygnus_daq is not running
[fileCompressor,TALK] software alarm: Program cygnus_daq is not running
[fileCompressor,TALK] software alarm: Program cygnus_daq is not running
[fileCompressor,TALK] software alarm: Program cygnus_daq is not running
[fileCompressor,TALK] software alarm: Program cygnus_daq is not running
[fileCompressor,TALK] software alarm: Program cygnus_daq is not running
[fileCompressor,TALK] software alarm: Program cygnus_daq is not running
[fileCompressor,TALK] software alarm: Program cygnus_daq is not running
[fileCompressor,TALK] software alarm: Program cygnus_daq is not running
[fileCompressor,TALK] software alarm: Program cygnus_daq is not running
[fileCompressor,TALK] software alarm: Program cygnus_daq is not running
[fileCompressor,TALK] software alarm: Program cygnus_daq is not running
[fileCompressor,TALK] software alarm: Program cygnus_daq is not running
[fileCompressor,TALK] software alarm: Program cygnus_daq is not running
[fileCompressor,TALK] software alarm: Program cygnus_daq is not running
[fileCompressor,TALK] software alarm: Program cygnus_daq is not running
[fileCompressor,TALK] software alarm: Program cygnus_daq is not running
[fileCompressor,TALK] software alarm: Program cygnus_daq is not running
[fileCompressor,TALK] software alarm: Program cygnus_daq is not running
[fileCompressor,TALK] software alarm: Program cygnus_daq is not running
[fileCompressor,TALK] software alarm: Program cygnus_daq is not running
[fileCompressor,TALK] software alarm: Program cygnus_daq is not running
[fileCompressor,TALK] software alarm: Program cygnus_daq is not running
[fileCompressor,TALK] software alarm: Program cygnus_daq is not running
[fileCompressor,TALK] software alarm: Program cygnus_daq is not running
[fileCompressor,TALK] software alarm: Program cygnus_daq is not running
[fileCompressor,TALK] software alarm: Program cygnus_daq is not running
[fileCompressor,TALK] software alarm: Program cygnus_daq is not running
[fileCompressor,TALK] software alarm: Program cygnus_daq is not running
[fileCompressor,TALK] software alarm: Program cygnus_daq is not running
[fileCompressor,TALK] software alarm: Program cygnus_daq is not running
[fileCompressor,TALK] software alarm: Program cygnus_daq is not running
[fileCompressor,TALK] software alarm: Program cygnus_daq is not running
[fileCompressor,TALK] software alarm: Program cygnus_daq is not running
[fileCompressor,TALK] software alarm: Program cygnus_daq is not running
[fileCompressor,TALK] software alarm: Program cygnus_daq is not running
[fileCompressor,TALK] software alarm: Program cygnus_daq is not running
[fileCompressor,TALK] software alarm: Program cygnus_daq is not running
[fileCompressor,TALK] software alarm: Program cygnus_daq is not running
[fileCompressor,TALK] software alarm: Program cygnus_daq is not running
[fileCompressor,TALK] software alarm: Program cygnus_daq is not running
[fileCompressor,TALK] software alarm: Program cygnus_daq is not running
[fileCompressor,TALK] software alarm: Program cygnus_daq is not running
[fileCompressor,TALK] software alarm: Program cygnus_daq is not running
[fileCompressor,TALK] software alarm: Program cygnus_daq is not running
[fileCompressor,TALK] software alarm: Program cygnus_daq is not running
[fileCompressor,TALK] software alarm: Program cygnus_daq is not running
[fileCompressor,TALK] software alarm: Program cygnus_daq is not running
[fileCompressor,TALK] software alarm: Program cygnus_daq is not running
[fileCompressor,TALK] software alarm: Program cygnus_daq is not running
[fileCompressor,TALK] software alarm: Program cygnus_daq is not running
[fileCompressor,TALK] software alarm: Program cygnus_daq is not running
[fileCompressor,TALK] software alarm: Program cygnus_daq is not running
[fileCompressor,TALK] software alarm: Program cygnus_daq is not running
[fileCompressor,TALK] software alarm: Program cygnus_daq is not running
[fileCompressor,TALK] software alarm: Program cygnus_daq is not running
[fileCompressor,TALK] software alarm: Program cygnus_daq is not running
[fileCompressor,TALK] software alarm: Program cygnus_daq is not running
[fileCompressor,TALK] software alarm: Program cygnus_daq is not running
[fileCompressor,TALK] software alarm: Program cygnus_daq is not running
[fileCompressor,TALK] software alarm: Program cygnus_daq is not running
[fileCompressor,TALK] software alarm: Program cygnus_daq is not running
[fileCompressor,TALK] software alarm: Program cygnus_daq is not running
[fileCompressor,TALK] software alarm: Program cygnus_daq is not running
[fileCompressor,TALK] software alarm: Program cygnus_daq is not running
[fileCompressor,TALK] software alarm: Program cygnus_daq is not running
[fileCompressor,TALK] software alarm: Program cygnus_daq is not running
[fileCompressor,TALK] software alarm: Program cygnus_daq is not running
[fileCompressor,TALK] software alarm: Program cygnus_daq is not running
[fileCompressor,TALK] software alarm: Program cygnus_daq is not running
[fileCompressor,TALK] software alarm: Program cygnus_daq is not running
[fileCompressor,TALK] software alarm: Program cygnus_daq is not running
[fileCompressor,TALK] software alarm: Program cygnus_daq is not running
[fileCompressor,TALK] software alarm: Program cygnus_daq is not running
[fileCompressor,TALK] software alarm: Program cygnus_daq is not running
[fileCompressor,TALK] software alarm: Program cygnus_daq is not running
[fileCompressor,TALK] software alarm: Program cygnus_daq is not running
[fileCompressor,TALK] software alarm: Program cygnus_daq is not running
[fileCompressor,TALK] software alarm: Program cygnus_daq is not running
[fileCompressor,TALK] software alarm: Program cygnus_daq is not running
[fileCompressor,TALK] software alarm: Program cygnus_daq is not running
[fileCompressor,TALK] software alarm: Program cygnus_daq is not running
[fileCompressor,TALK] software alarm: Program cygnus_daq is not running
[fileCompressor,TALK] software alarm: Program cygnus_daq is not running
[fileCompressor,TALK] software alarm: Program cygnus_daq is not running
[fileCompressor,TALK] software alarm: Program cygnus_daq is not running
[fileCompressor,TALK] software alarm: Program cygnus_daq is not running
[fileCompressor,TALK] software alarm: Program cygnus_daq is not running
[fileCompressor,TALK] software alarm: Program cygnus_daq is not running
[fileCompressor,TALK] software alarm: Program cygnus_daq is not running
[fileCompressor,TALK] software alarm: Program cygnus_daq is not running
[fileCompressor,TALK] software alarm: Program cygnus_daq is not running
[fileCompressor,TALK] software alarm: Program cygnus_daq is not running
[fileCompressor,TALK] software alarm: Program cygnus_daq is not running
[fileCompressor,TALK] software alarm: Program cygnus_daq is not running
[fileCompressor,TALK] software alarm: Program cygnus_daq is not running
[fileCompressor,TALK] software alarm: Program cygnus_daq is not running
[fileCompressor,TALK] software alarm: Program cygnus_daq is not running
[fileCompressor,TALK] software alarm: Program cygnus_daq is not running
[fileCompressor,TALK] software alarm: Program cygnus_daq is not running
[fileCompressor,TALK] software alarm: Program cygnus_daq is not running
[fileCompressor,TALK] software alarm: Program cygnus_daq is not running
[fileCompressor,TALK] software alarm: Program cygnus_daq is not running
[fileCompressor,TALK] software alarm: Program cygnus_daq is not running
[fileCompressor,TALK] software alarm: Program cygnus_daq is not running
[fileCompressor,TALK] software alarm: Program cygnus_daq is not running
[fileCompressor,TALK] software alarm: Program cygnus_daq is not running
[fileCompressor,TALK] software alarm: Program cygnus_daq is not running
[fileCompressor,TALK] software alarm: Program cygnus_daq is not running
[fileCompressor,TALK] software alarm: Program cygnus_daq is not running
[fileCompressor,TALK] software alarm: Program cygnus_daq is not running
[fileCompressor,TALK] software alarm: Program cygnus_daq is not running
[fileCompressor,TALK] software alarm: Program cygnus_daq is not running
[fileCompressor,TALK] software alarm: Program cygnus_daq is not running
[fileCompressor,TALK] software alarm: Program cygnus_daq is not running
[fileCompressor,TALK] software alarm: Program cygnus_daq is not running
[fileCompressor,TALK] software alarm: Program cygnus_daq is not running
[fileCompressor,TALK] software alarm: Program cygnus_daq is not running
[fileCompressor,TALK] software alarm: Program cygnus_daq is not running
[fileCompressor,TALK] software alarm: Program cygnus_daq is not running
[fileCompressor,TALK] software alarm: Program cygnus_daq is not running
[fileCompressor,TALK] software alarm: Program cygnus_daq is not running
[fileCompressor,TALK] software alarm: Program cygnus_daq is not running
[fileCompressor,TALK] software alarm: Program cygnus_daq is not running
[fileCompressor,TALK] software alarm: Program cygnus_daq is not running
[fileCompressor,TALK] software alarm: Program cygnus_daq is not running
[fileCompressor,TALK] software alarm: Program cygnus_daq is not running
[fileCompressor,TALK] software alarm: Program cygnus_daq is not running
[fileCompressor,TALK] software alarm: Program cygnus_daq is not running
[fileCompressor,TALK] software alarm: Program cygnus_daq is not running
[fileCompressor,TALK] software alarm: Program cygnus_daq is not running
[fileCompressor,TALK] software alarm: Program cygnus_daq is not running
[fileCompressor,TALK] software alarm: Program cygnus_daq is not running
[fileCompressor,TALK] software alarm: Program cygnus_daq is not running
[fileCompressor,TALK] software alarm: Program cygnus_daq is not running
[fileCompressor,TALK] software alarm: Program cygnus_daq is not running
[fileCompressor,TALK] software alarm: Program cygnus_daq is not running
[fileCompressor,TALK] software alarm: Program cygnus_daq is not running
[fileCompressor,TALK] software alarm: Program cygnus_daq is not running
[fileCompressor,TALK] software alarm: Program cygnus_daq is not running
[fileCompressor,TALK] software alarm: Program cygnus_daq is not running
[fileCompressor,TALK] software alarm: Program cygnus_daq is not running
[fileCompressor,TALK] software alarm: Program cygnus_daq is not running
[fileCompressor,TALK] software alarm: Program cygnus_daq is not running
[fileCompressor,TALK] software alarm: Program cygnus_daq is not running
[fileCompressor,TALK] software alarm: Program cygnus_daq is not running
[fileCompressor,TALK] software alarm: Program cygnus_daq is not running
[fileCompressor,TALK] software alarm: Program cygnus_daq is not running
[fileCompressor,TALK] software alarm: Program cygnus_daq is not running
[fileCompressor,TALK] software alarm: Program cygnus_daq is not running
[fileCompressor,TALK] software alarm: Program cygnus_daq is not running
[fileCompressor,TALK] software alarm: Program cygnus_daq is not running
[fileCompressor,TALK] software alarm: Program cygnus_daq is not running
[fileCompressor,TALK] software alarm: Program cygnus_daq is not running
[fileCompressor,TALK] software alarm: Program cygnus_daq is not running
[fileCompressor,TALK] software alarm: Program cygnus_daq is not running
[fileCompressor,TALK] software alarm: Program cygnus_daq is not running
[fileCompressor,TALK] software alarm: Program cygnus_daq is not running
[fileCompressor,TALK] software alarm: Program cygnus_daq is not running
[fileCompressor,TALK] software alarm: Program cygnus_daq is not running
[fileCompressor,TALK] software alarm: Program cygnus_daq is not running
[fileCompressor,TALK] software alarm: Program cygnus_daq is not running
[fileCompressor,TALK] software alarm: Program cygnus_daq is not running
[fileCompressor,TALK] software alarm: Program cygnus_daq is not running
[fileCompressor,TALK] software alarm: Program cygnus_daq is not running
[fileCompressor,TALK] software alarm: Program cygnus_daq is not running
[fileCompressor,TALK] software alarm: Program cygnus_daq is not running
[fileCompressor,TALK] software alarm: Program cygnus_daq is not running
[fileCompressor,TALK] software alarm: Program cygnus_daq is not running
[fileCompressor,TALK] software alarm: Program cygnus_daq is not running
[fileCompressor,TALK] software alarm: Program cygnus_daq is not running
[fileCompressor,TALK] software alarm: Program cygnus_daq is not running
[fileCompressor,TALK] software alarm: Program cygnus_daq is not running
[fileCompressor,TALK] software alarm: Program cygnus_daq is not running
[fileCompressor,TALK] software alarm: Program cygnus_daq is not running
[fileCompressor,TALK] software alarm: Program cygnus_daq is not running
[fileCompressor,TALK] software alarm: Program cygnus_daq is not running
[fileCompressor,TALK] software alarm: Program cygnus_daq is not running
[fileCompressor,TALK] software alarm: Program cygnus_daq is not running
[fileCompressor,TALK] software alarm: Program cygnus_daq is not running
[fileCompressor,TALK] software alarm: Program cygnus_daq is not running
[fileCompressor,TALK] software alarm: Program cygnus_daq is not running
[fileCompressor,TALK] software alarm: Program cygnus_daq is not running
[fileCompressor,TALK] software alarm: Program cygnus_daq is not running
[fileCompressor,TALK] software alarm: Program cygnus_daq is not running
[fileCompressor,TALK] software alarm: Program cygnus_daq is not running
[fileCompressor,TALK] software alarm: Program cygnus_daq is not running
[fileCompressor,TALK] software alarm: Program cygnus_daq is not running
[fileCompressor,TALK] software alarm: Program cygnus_daq is not running
[fileCompressor,TALK] software alarm: Program cygnus_daq is not running
[fileCompressor,TALK] software alarm: Program cygnus_daq is not running
[fileCompressor,TALK] software alarm: Program cygnus_daq is not running
[fileCompressor,TALK] software alarm: Program cygnus_daq is not running
[fileCompressor,TALK] software alarm: Program cygnus_daq is not running
[fileCompressor,TALK] software alarm: Program cygnus_daq is not running
[fileCompressor,TALK] software alarm: Program cygnus_daq is not running
[fileCompressor,TALK] software alarm: Program cygnus_daq is not running
[fileCompressor,TALK] software alarm: Program cygnus_daq is not running
[fileCompressor,TALK] software alarm: Program cygnus_daq is not running
[fileCompressor,TALK] software alarm: Program cygnus_daq is not running
[fileCompressor,TALK] software alarm: Program cygnus_daq is not running
[fileCompressor,TALK] software alarm: Program cygnus_daq is not running
[fileCompressor,TALK] software alarm: Program cygnus_daq is not running
[fileCompressor,TALK] software alarm: Program cygnus_daq is not running
[fileCompressor,TALK] software alarm: Program cygnus_daq is not running
[fileCompressor,TALK] software alarm: Program cygnus_daq is not running
[fileCompressor,TALK] software alarm: Program cygnus_daq is not running
[fileCompressor,TALK] software alarm: Program cygnus_daq is not running
[fileCompressor,TALK] software alarm: Program cygnus_daq is not running
[fileCompressor,TALK] software alarm: Program cygnus_daq is not running
[fileCompressor,TALK] software alarm: Program cygnus_daq is not running
[fileCompressor,TALK] software alarm: Program cygnus_daq is not running
[fileCompressor,TALK] software alarm: Program cygnus_daq is not running
[fileCompressor,TALK] software alarm: Program cygnus_daq is not running
[fileCompressor,TALK] software alarm: Program cygnus_daq is not running
[fileCompressor,TALK] software alarm: Program cygnus_daq is not running
[fileCompressor,TALK] software alarm: Program cygnus_daq is not running
[fileCompressor,TALK] software alarm: Program cygnus_daq is not running
[fileCompressor,TALK] software alarm: Program cygnus_daq is not running
[fileCompressor,TALK] software alarm: Program cygnus_daq is not running
[fileCompressor,TALK] software alarm: Program cygnus_daq is not running
[fileCompressor,TALK] software alarm: Program cygnus_daq is not running
[fileCompressor,TALK] software alarm: Program cygnus_daq is not running
[fileCompressor,TALK] software alarm: Program cygnus_daq is not running
[fileCompressor,TALK] software alarm: Program cygnus_daq is not running
[fileCompressor,TALK] software alarm: Program cygnus_daq is not running
[fileCompressor,TALK] software alarm: Program cygnus_daq is not running
[fileCompressor,TALK] software alarm: Program cygnus_daq is not running
[fileCompressor,TALK] software alarm: Program cygnus_daq is not running
[fileCompressor,TALK] software alarm: Program cygnus_daq is not running
[fileCompressor,TALK] software alarm: Program cygnus_daq is not running
[fileCompressor,TALK] software alarm: Program cygnus_daq is not running
[fileCompressor,TALK] software alarm: Program cygnus_daq is not running
[fileCompressor,TALK] software alarm: Program cygnus_daq is not running
[fileCompressor,TALK] software alarm: Program cygnus_daq is not running
[fileCompressor,TALK] software alarm: Program cygnus_daq is not running
[fileCompressor,TALK] software alarm: Program cygnus_daq is not running
[fileCompressor,TALK] software alarm: Program cygnus_daq is not running
[fileCompressor,TALK] software alarm: Program cygnus_daq is not running
[fileCompressor,TALK] software alarm: Program cygnus_daq is not running
[fileCompressor,TALK] software alarm: Program cygnus_daq is not running
[fileCompressor,TALK] software alarm: Program cygnus_daq is not running
[fileCompressor,TALK] software alarm: Program cygnus_daq is not running
[fileCompressor,TALK] software alarm: Program cygnus_daq is not running
[fileCompressor,TALK] software alarm: Program cygnus_daq is not running
[fileCompressor,TALK] software alarm: Program cygnus_daq is not running
[fileCompressor,TALK] software alarm: Program cygnus_daq is not running
[fileCompressor,TALK] software alarm: Program cygnus_daq is not running
[fileCompressor,TALK] software alarm: Program cygnus_daq is not running
[fileCompressor,TALK] software alarm: Program cygnus_daq is not running
[fileCompressor,TALK] software alarm: Program cygnus_daq is not running
[fileCompressor,TALK] software alarm: Program cygnus_daq is not running
[fileCompressor,TALK] software alarm: Program cygnus_daq is not running
[fileCompressor,TALK] software alarm: Program cygnus_daq is not running
[fileCompressor,TALK] software alarm: Program cygnus_daq is not running
[fileCompressor,TALK] software alarm: Program cygnus_daq is not running
[fileCompressor,TALK] software alarm: Program cygnus_daq is not running
[fileCompressor,TALK] software alarm: Program cygnus_daq is not running
[fileCompressor,TALK] software alarm: Program cygnus_daq is not running
[fileCompressor,TALK] software alarm: Program cygnus_daq is not running
[fileCompressor,TALK] software alarm: Program cygnus_daq is not running
[fileCompressor,TALK] software alarm: Program cygnus_daq is not running
[fileCompressor,TALK] software alarm: Program cygnus_daq is not running
[fileCompressor,TALK] software alarm: Program cygnus_daq is not running
[fileCompressor,TALK] software alarm: Program cygnus_daq is not running
[fileCompressor,TALK] software alarm: Program cygnus_daq is not running
[fileCompressor,TALK] software alarm: Program cygnus_daq is not running
[fileCompressor,TALK] software alarm: Program cygnus_daq is not running
[fileCompressor,TALK] software alarm: Program cygnus_daq is not running
[fileCompressor,TALK] software alarm: Program cygnus_daq is not running
[fileCompressor,TALK] software alarm: Program cygnus_daq is not running
[fileCompressor,TALK] software alarm: Program cygnus_daq is not running
[fileCompressor,TALK] software alarm: Program cygnus_daq is not running
[fileCompressor,TALK] software alarm: Program cygnus_daq is not running
[fileCompressor,TALK] software alarm: Program cygnus_daq is not running
[fileCompressor,TALK] software alarm: Program cygnus_daq is not running
[fileCompressor,TALK] software alarm: Program cygnus_daq is not running
[fileCompressor,TALK] software alarm: Program cygnus_daq is not running
[fileCompressor,TALK] software alarm: Program cygnus_daq is not running
[fileCompressor,TALK] software alarm: Program cygnus_daq is not running
[fileCompressor,TALK] software alarm: Program cygnus_daq is not running
[fileCompressor,TALK] software alarm: Program cygnus_daq is not running
[fileCompressor,TALK] software alarm: Program cygnus_daq is not running
[fileCompressor,TALK] software alarm: Program cygnus_daq is not running
[fileCompressor,TALK] software alarm: Program cygnus_daq is not running
[fileCompressor,TALK] software alarm: Program cygnus_daq is not running
[fileCompressor,TALK] software alarm: Program cygnus_daq is not running
[fileCompressor,TALK] software alarm: Program cygnus_daq is not running
[fileCompressor,TALK] software alarm: Program cygnus_daq is not running
[fileCompressor,TALK] software alarm: Program cygnus_daq is not running
[fileCompressor,TALK] software alarm: Program cygnus_daq is not running
[fileCompressor,TALK] software alarm: Program cygnus_daq is not running
[fileCompressor,TALK] software alarm: Program cygnus_daq is not running
[fileCompressor,TALK] software alarm: Program cygnus_daq is not running
[fileCompressor,TALK] software alarm: Program cygnus_daq is not running
[fileCompressor,TALK] software alarm: Program cygnus_daq is not running
[fileCompressor,TALK] software alarm: Program cygnus_daq is not running
[fileCompressor,TALK] software alarm: Program cygnus_daq is not running
[fileCompressor,TALK] software alarm: Program cygnus_daq is not running
[fileCompressor,TALK] software alarm: Program cygnus_daq is not running
[fileCompressor,TALK] software alarm: Program cygnus_daq is not running
[fileCompressor,TALK] software alarm: Program cygnus_daq is not running
[fileCompressor,TALK] software alarm: Program cygnus_daq is not running
[fileCompressor,TALK] software alarm: Program cygnus_daq is not running
[fileCompressor,TALK] software alarm: Program cygnus_daq is not running
[fileCompressor,TALK] software alarm: Program cygnus_daq is not running
[fileCompressor,TALK] software alarm: Program cygnus_daq is not running
[fileCompressor,TALK] software alarm: Program cygnus_daq is not running
[fileCompressor,TALK] software alarm: Program cygnus_daq is not running
[fileCompressor,TALK] software alarm: Program cygnus_daq is not running
[fileCompressor,TALK] software alarm: Program cygnus_daq is not running
[fileCompressor,TALK] software alarm: Program cygnus_daq is not running
[fileCompressor,TALK] software alarm: Program cygnus_daq is not running
[fileCompressor,TALK] software alarm: Program cygnus_daq is not running
[fileCompressor,TALK] software alarm: Program cygnus_daq is not running
[fileCompressor,TALK] software alarm: Program cygnus_daq is not running
[fileCompressor,TALK] software alarm: Program cygnus_daq is not running
[fileCompressor,TALK] software alarm: Program cygnus_daq is not running
[fileCompressor,TALK] software alarm: Program cygnus_daq is not running
[fileCompressor,TALK] software alarm: Program cygnus_daq is not running
[fileCompressor,TALK] software alarm: Program cygnus_daq is not running
[fileCompressor,TALK] software alarm: Program cygnus_daq is not running
[fileCompressor,TALK] software alarm: Program cygnus_daq is not running
[fileCompressor,TALK] software alarm: Program cygnus_daq is not running
[fileCompressor,TALK] software alarm: Program cygnus_daq is not running
[fileCompressor,TALK] software alarm: Program cygnus_daq is not running
[fileCompressor,TALK] software alarm: Program cygnus_daq is not running
[fileCompressor,TALK] software alarm: Program cygnus_daq is not running
[fileCompressor,TALK] software alarm: Program cygnus_daq is not running
[fileCompressor,TALK] software alarm: Program cygnus_daq is not running
[fileCompressor,TALK] software alarm: Program cygnus_daq is not running
[fileCompressor,TALK] software alarm: Program cygnus_daq is not running
[fileCompressor,TALK] software alarm: Program cygnus_daq is not running
[fileCompressor,TALK] software alarm: Program cygnus_daq is not running
[fileCompressor,TALK] software alarm: Program cygnus_daq is not running
[fileCompressor,TALK] software alarm: Program cygnus_daq is not running
[fileCompressor,TALK] software alarm: Program cygnus_daq is not running
[fileCompressor,TALK] software alarm: Program cygnus_daq is not running
[fileCompressor,TALK] software alarm: Program cygnus_daq is not running
[fileCompressor,TALK] software alarm: Program cygnus_daq is not running
[fileCompressor,TALK] software alarm: Program cygnus_daq is not running
[fileCompressor,TALK] software alarm: Program cygnus_daq is not running
[fileCompressor,TALK] software alarm: Program cygnus_daq is not running
[fileCompressor,TALK] software alarm: Program cygnus_daq is not running
[fileCompressor,TALK] software alarm: Program cygnus_daq is not running
[fileCompressor,TALK] software alarm: Program cygnus_daq is not running
[fileCompressor,TALK] software alarm: Program cygnus_daq is not running
[fileCompressor,TALK] software alarm: Program cygnus_daq is not running
[fileCompressor,TALK] software alarm: Program cygnus_daq is not running
[fileCompressor,TALK] software alarm: Program cygnus_daq is not running
[fileCompressor,TALK] software alarm: Program cygnus_daq is not running
[fileCompressor,TALK] software alarm: Program cygnus_daq is not running
[fileCompressor,TALK] software alarm: Program cygnus_daq is not running
[fileCompressor,TALK] software alarm: Program cygnus_daq is not running
[fileCompressor,TALK] software alarm: Program cygnus_daq is not running
[fileCompressor,TALK] software alarm: Program cygnus_daq is not running
[fileCompressor,TALK] software alarm: Program cygnus_daq is not running
[fileCompressor,TALK] software alarm: Program cygnus_daq is not running
[fileCompressor,TALK] software alarm: Program cygnus_daq is not running
[fileCompressor,TALK] software alarm: Program cygnus_daq is not running
[fileCompressor,TALK] software alarm: Program cygnus_daq is not running
[fileCompressor,TALK] software alarm: Program cygnus_daq is not running
[fileCompressor,TALK] software alarm: Program cygnus_daq is not running
[fileCompressor,TALK] software alarm: Program cygnus_daq is not running
[fileCompressor,TALK] software alarm: Program cygnus_daq is not running
[fileCompressor,TALK] software alarm: Program cygnus_daq is not running
[fileCompressor,TALK] software alarm: Program cygnus_daq is not running
[fileCompressor,TALK] software alarm: Program cygnus_daq is not running
[fileCompressor,TALK] software alarm: Program cygnus_daq is not running
[fileCompressor,TALK] software alarm: Program cygnus_daq is not running
[fileCompressor,TALK] software alarm: Program cygnus_daq is not running
[fileCompressor,TALK] software alarm: Program cygnus_daq is not running
[fileCompressor,TALK] software alarm: Program cygnus_daq is not running
[fileCompressor,TALK] software alarm: Program cygnus_daq is not running
[fileCompressor,TALK] software alarm: Program cygnus_daq is not running
[fileCompressor,TALK] software alarm: Program cygnus_daq is not running
[fileCompressor,TALK] software alarm: Program cygnus_daq is not running
[fileCompressor,TALK] software alarm: Program cygnus_daq is not running
[fileCompressor,TALK] software alarm: Program cygnus_daq is not running
[fileCompressor,TALK] software alarm: Program cygnus_daq is not running
[fileCompressor,TALK] software alarm: Program cygnus_daq is not running
[fileCompressor,TALK] software alarm: Program cygnus_daq is not running
[fileCompressor,TALK] software alarm: Program cygnus_daq is not running
[fileCompressor,TALK] software alarm: Program cygnus_daq is not running
[fileCompressor,TALK] software alarm: Program cygnus_daq is not running
[fileCompressor,TALK] software alarm: Program cygnus_daq is not running
[fileCompressor,TALK] software alarm: Program cygnus_daq is not running
[fileCompressor,TALK] software alarm: Program cygnus_daq is not running
[fileCompressor,TALK] software alarm: Program cygnus_daq is not running
[fileCompressor,TALK] software alarm: Program cygnus_daq is not running
[fileCompressor,TALK] software alarm: Program cygnus_daq is not running
[fileCompressor,TALK] software alarm: Program cygnus_daq is not running
[fileCompressor,TALK] software alarm: Program cygnus_daq is not running
[fileCompressor,TALK] software alarm: Program cygnus_daq is not running
[fileCompressor,TALK] software alarm: Program cygnus_daq is not running
[fileCompressor,TALK] software alarm: Program cygnus_daq is not running
[fileCompressor,TALK] software alarm: Program cygnus_daq is not running
[fileCompressor,TALK] software alarm: Program cygnus_daq is not running
[fileCompressor,TALK] software alarm: Program cygnus_daq is not running
[fileCompressor,TALK] software alarm: Program cygnus_daq is not running
[fileCompressor,TALK] software alarm: Program cygnus_daq is not running
[fileCompressor,TALK] software alarm: Program cygnus_daq is not running
[fileCompressor,TALK] software alarm: Program cygnus_daq is not running
[fileCompressor,TALK] software alarm: Program cygnus_daq is not running
[fileCompressor,TALK] software alarm: Program cygnus_daq is not running
[fileCompressor,TALK] software alarm: Program cygnus_daq is not running
[fileCompressor,TALK] software alarm: Program cygnus_daq is not running
[fileCompressor,TALK] software alarm: Program cygnus_daq is not running
[fileCompressor,TALK] software alarm: Program cygnus_daq is not running
[fileCompressor,TALK] software alarm: Program cygnus_daq is not running
[fileCompressor,TALK] software alarm: Program cygnus_daq is not running
[fileCompressor,TALK] software alarm: Program cygnus_daq is not running
[fileCompressor,TALK] software alarm: Program cygnus_daq is not running
[fileCompressor,TALK] software alarm: Program cygnus_daq is not running
[fileCompressor,TALK] software alarm: Program cygnus_daq is not running
[fileCompressor,TALK] software alarm: Program cygnus_daq is not running
[fileCompressor,TALK] software alarm: Program cygnus_daq is not running
[fileCompressor,TALK] software alarm: Program cygnus_daq is not running
[fileCompressor,TALK] software alarm: Program cygnus_daq is not running
[fileCompressor,TALK] software alarm: Program cygnus_daq is not running
[fileCompressor,TALK] software alarm: Program cygnus_daq is not running
[fileCompressor,TALK] software alarm: Program cygnus_daq is not running
[fileCompressor,TALK] software alarm: Program cygnus_daq is not running
[fileCompressor,TALK] software alarm: Program cygnus_daq is not running
[fileCompressor,TALK] software alarm: Program cygnus_daq is not running
[fileCompressor,TALK] software alarm: Program cygnus_daq is not running
[fileCompressor,TALK] software alarm: Program cygnus_daq is not running
[fileCompressor,TALK] software alarm: Program cygnus_daq is not running
[fileCompressor,TALK] software alarm: Program cygnus_daq is not running
[fileCompressor,TALK] software alarm: Program cygnus_daq is not running
[fileCompressor,TALK] software alarm: Program cygnus_daq is not running
[fileCompressor,TALK] software alarm: Program cygnus_daq is not running
[fileCompressor,TALK] software alarm: Program cygnus_daq is not running
[fileCompressor,TALK] software alarm: Program cygnus_daq is not running
[fileCompressor,TALK] software alarm: Program cygnus_daq is not running
[fileCompressor,TALK] software alarm: Program cygnus_daq is not running
[fileCompressor,TALK] software alarm: Program cygnus_daq is not running
[fileCompressor,TALK] software alarm: Program cygnus_daq is not running
[fileCompressor,TALK] software alarm: Program cygnus_daq is not running
[fileCompressor,TALK] software alarm: Program cygnus_daq is not running
[fileCompressor,TALK] software alarm: Program cygnus_daq is not running
[fileCompressor,TALK] software alarm: Program cygnus_daq is not running
[fileCompressor,TALK] software alarm: Program cygnus_daq is not running
[fileCompressor,TALK] software alarm: Program cygnus_daq is not running
[fileCompressor,TALK] software alarm: Program cygnus_daq is not running
[fileCompressor,TALK] software alarm: Program cygnus_daq is not running
[fileCompressor,TALK] software alarm: Program cygnus_daq is not running
[fileCompressor,TALK] software alarm: Program cygnus_daq is not running
[fileCompressor,TALK] software alarm: Program cygnus_daq is not running
[fileCompressor,TALK] software alarm: Program cygnus_daq is not running
[fileCompressor,TALK] software alarm: Program cygnus_daq is not running
[fileCompressor,TALK] software alarm: Program cygnus_daq is not running
[fileCompressor,TALK] software alarm: Program cygnus_daq is not running
[fileCompressor,TALK] software alarm: Program cygnus_daq is not running
[fileCompressor,TALK] software alarm: Program cygnus_daq is not running
[fileCompressor,TALK] software alarm: Program cygnus_daq is not running
[fileCompressor,TALK] software alarm: Program cygnus_daq is not running
[fileCompressor,TALK] software alarm: Program cygnus_daq is not running
[fileCompressor,TALK] software alarm: Program cygnus_daq is not running
[fileCompressor,TALK] software alarm: Program cygnus_daq is not running
[fileCompressor,TALK] software alarm: Program cygnus_daq is not running
[fileCompressor,TALK] software alarm: Program cygnus_daq is not running
[fileCompressor,TALK] software alarm: Program cygnus_daq is not running
[fileCompressor,TALK] software alarm: Program cygnus_daq is not running
[fileCompressor,TALK] software alarm: Program cygnus_daq is not running
[fileCompressor,TALK] software alarm: Program cygnus_daq is not running
[fileCompressor,TALK] software alarm: Program cygnus_daq is not running
[fileCompressor,TALK] software alarm: Program cygnus_daq is not running
[fileCompressor,TALK] software alarm: Program cygnus_daq is not running
[fileCompressor,TALK] software alarm: Program cygnus_daq is not running
[fileCompressor,TALK] software alarm: Program cygnus_daq is not running
[fileCompressor,TALK] software alarm: Program cygnus_daq is not running
[fileCompressor,TALK] software alarm: Program cygnus_daq is not running
[fileCompressor,TALK] software alarm: Program cygnus_daq is not running
[fileCompressor,TALK] software alarm: Program cygnus_daq is not running
[fileCompressor,TALK] software alarm: Program cygnus_daq is not running
[fileCompressor,TALK] software alarm: Program cygnus_daq is not running
[fileCompressor,TALK] software alarm: Program cygnus_daq is not running
[fileCompressor,TALK] software alarm: Program cygnus_daq is not running
[fileCompressor,TALK] software alarm: Program cygnus_daq is not running
[fileCompressor,TALK] software alarm: Program cygnus_daq is not running
[fileCompressor,TALK] software alarm: Program cygnus_daq is not running
[fileCompressor,TALK] software alarm: Program cygnus_daq is not running
[fileCompressor,TALK] software alarm: Program cygnus_daq is not running
[fileCompressor,TALK] software alarm: Program cygnus_daq is not running
[fileCompressor,TALK] software alarm: Program cygnus_daq is not running
[fileCompressor,TALK] software alarm: Program cygnus_daq is not running
[fileCompressor,TALK] software alarm: Program cygnus_daq is not running
[fileCompressor,TALK] software alarm: Program cygnus_daq is not running
[fileCompressor,TALK] software alarm: Program cygnus_daq is not running
[fileCompressor,TALK] software alarm: Program cygnus_daq is not running
[fileCompressor,TALK] software alarm: Program cygnus_daq is not running
[fileCompressor,TALK] software alarm: Program cygnus_daq is not running
[fileCompressor,TALK] software alarm: Program cygnus_daq is not running
[fileCompressor,TALK] software alarm: Program cygnus_daq is not running
[fileCompressor,TALK] software alarm: Program cygnus_daq is not running
[fileCompressor,TALK] software alarm: Program cygnus_daq is not running
[fileCompressor,TALK] software alarm: Program cygnus_daq is not running
[fileCompressor,TALK] software alarm: Program cygnus_daq is not running
[fileCompressor,TALK] software alarm: Program cygnus_daq is not running
[fileCompressor,TALK] software alarm: Program cygnus_daq is not running
[fileCompressor,TALK] software alarm: Program cygnus_daq is not running
[fileCompressor,TALK] software alarm: Program cygnus_daq is not running
[fileCompressor,TALK] software alarm: Program cygnus_daq is not running
[fileCompressor,TALK] software alarm: Program cygnus_daq is not running
[fileCompressor,TALK] software alarm: Program cygnus_daq is not running
[fileCompressor,TALK] software alarm: Program cygnus_daq is not running
[fileCompressor,TALK] software alarm: Program cygnus_daq is not running
[fileCompressor,TALK] software alarm: Program cygnus_daq is not running
[fileCompressor,TALK] software alarm: Program cygnus_daq is not running
[fileCompressor,TALK] software alarm: Program cygnus_daq is not running
[fileCompressor,TALK] software alarm: Program cygnus_daq is not running
[fileCompressor,TALK] software alarm: Program cygnus_daq is not running
[fileCompressor,TALK] software alarm: Program cygnus_daq is not running
[fileCompressor,TALK] software alarm: Program cygnus_daq is not running
[fileCompressor,TALK] software alarm: Program cygnus_daq is not running
[fileCompressor,TALK] software alarm: Program cygnus_daq is not running
[fileCompressor,TALK] software alarm: Program cygnus_daq is not running
[fileCompressor,TALK] software alarm: Program cygnus_daq is not running
[fileCompressor,TALK] software alarm: Program cygnus_daq is not running
[fileCompressor,TALK] software alarm: Program cygnus_daq is not running
[fileCompressor,TALK] software alarm: Program cygnus_daq is not running
[fileCompressor,TALK] software alarm: Program cygnus_daq is not running
[fileCompressor,TALK] software alarm: Program cygnus_daq is not running
[fileCompressor,TALK] software alarm: Program cygnus_daq is not running
[fileCompressor,TALK] software alarm: Program cygnus_daq is not running
[fileCompressor,TALK] software alarm: Program cygnus_daq is not running
[fileCompressor,TALK] software alarm: Program cygnus_daq is not running
[fileCompressor,TALK] software alarm: Program cygnus_daq is not running
[fileCompressor,TALK] software alarm: Program cygnus_daq is not running
[fileCompressor,TALK] software alarm: Program cygnus_daq is not running
[fileCompressor,TALK] software alarm: Program cygnus_daq is not running
[fileCompressor,TALK] software alarm: Program cygnus_daq is not running
[fileCompressor,TALK] software alarm: Program cygnus_daq is not running
[fileCompressor,TALK] software alarm: Program cygnus_daq is not running
[fileCompressor,TALK] software alarm: Program cygnus_daq is not running
[fileCompressor,TALK] software alarm: Program cygnus_daq is not running
[fileCompressor,TALK] software alarm: Program cygnus_daq is not running
[fileCompressor,TALK] software alarm: Program cygnus_daq is not running
[fileCompressor,TALK] software alarm: Program cygnus_daq is not running
[fileCompressor,TALK] software alarm: Program cygnus_daq is not running
[fileCompressor,TALK] software alarm: Program cygnus_daq is not running
[fileCompressor,TALK] software alarm: Program cygnus_daq is not running
[fileCompressor,TALK] software alarm: Program cygnus_daq is not running
[fileCompressor,TALK] software alarm: Program cygnus_daq is not running
[fileCompressor,TALK] software alarm: Program cygnus_daq is not running
[fileCompressor,TALK] software alarm: Program cygnus_daq is not running
[fileCompressor,TALK] software alarm: Program cygnus_daq is not running
[fileCompressor,TALK] software alarm: Program cygnus_daq is not running
[fileCompressor,TALK] software alarm: Program cygnus_daq is not running
[fileCompressor,TALK] software alarm: Program cygnus_daq is not running
[fileCompressor,TALK] software alarm: Program cygnus_daq is not running
[fileCompressor,TALK] software alarm: Program cygnus_daq is not running
[fileCompressor,TALK] software alarm: Program cygnus_daq is not running
[fileCompressor,TALK] software alarm: Program cygnus_daq is not running
[fileCompressor,TALK] software alarm: Program cygnus_daq is not running
[fileCompressor,TALK] software alarm: Program cygnus_daq is not running
[fileCompressor,TALK] software alarm: Program cygnus_daq is not running
[fileCompressor,TALK] software alarm: Program cygnus_daq is not running
[fileCompressor,TALK] software alarm: Program cygnus_daq is not running
[fileCompressor,TALK] software alarm: Program cygnus_daq is not running
[fileCompressor,TALK] software alarm: Program cygnus_daq is not running
[fileCompressor,TALK] software alarm: Program cygnus_daq is not running
[fileCompressor,TALK] software alarm: Program cygnus_daq is not running
[fileCompressor,TALK] software alarm: Program cygnus_daq is not running
[fileCompressor,TALK] software alarm: Program cygnus_daq is not running
[fileCompressor,TALK] software alarm: Program cygnus_daq is not running
[fileCompressor,TALK] software alarm: Program cygnus_daq is not running
[fileCompressor,TALK] software alarm: Program cygnus_daq is not running
[fileCompressor,TALK] software alarm: Program cygnus_daq is not running
[fileCompressor,TALK] software alarm: Program cygnus_daq is not running
[fileCompressor,TALK] software alarm: Program cygnus_daq is not running
[fileCompressor,TALK] software alarm: Program cygnus_daq is not running
[fileCompressor,TALK] software alarm: Program cygnus_daq is not running
[fileCompressor,TALK] software alarm: Program cygnus_daq is not running
[fileCompressor,TALK] software alarm: Program cygnus_daq is not running
[fileCompressor,TALK] software alarm: Program cygnus_daq is not running
[fileCompressor,TALK] software alarm: Program cygnus_daq is not running
[fileCompressor,TALK] software alarm: Program cygnus_daq is not running
[fileCompressor,TALK] software alarm: Program cygnus_daq is not running
[fileCompressor,TALK] software alarm: Program cygnus_daq is not running
[fileCompressor,TALK] software alarm: Program cygnus_daq is not running
[fileCompressor,TALK] software alarm: Program cygnus_daq is not running
[fileCompressor,TALK] software alarm: Program cygnus_daq is not running
[fileCompressor,TALK] software alarm: Program cygnus_daq is not running
[fileCompressor,TALK] software alarm: Program cygnus_daq is not running
[fileCompressor,TALK] software alarm: Program cygnus_daq is not running
[fileCompressor,TALK] software alarm: Program cygnus_daq is not running
[fileCompressor,TALK] software alarm: Program cygnus_daq is not running
[fileCompressor,TALK] software alarm: Program cygnus_daq is not running
[fileCompressor,TALK] software alarm: Program cygnus_daq is not running
[fileCompressor,TALK] software alarm: Program cygnus_daq is not running
[fileCompressor,TALK] software alarm: Program cygnus_daq is not running
[fileCompressor,TALK] software alarm: Program cygnus_daq is not running
[fileCompressor,TALK] software alarm: Program cygnus_daq is not running
[fileCompressor,TALK] software alarm: Program cygnus_daq is not running
[fileCompressor,TALK] software alarm: Program cygnus_daq is not running
[fileCompressor,TALK] software alarm: Program cygnus_daq is not running
[fileCompressor,TALK] software alarm: Program cygnus_daq is not running
[fileCompressor,TALK] software alarm: Program cygnus_daq is not running
[fileCompressor,TALK] software alarm: Program cygnus_daq is not running
[fileCompressor,TALK] software alarm: Program cygnus_daq is not running
[fileCompressor,TALK] software alarm: Program cygnus_daq is not running
[fileCompressor,TALK] software alarm: Program cygnus_daq is not running
[fileCompressor,TALK] software alarm: Program cygnus_daq is not running
[fileCompressor,TALK] software alarm: Program cygnus_daq is not running
[fileCompressor,TALK] software alarm: Program cygnus_daq is not running
[fileCompressor,TALK] software alarm: Program cygnus_daq is not running
[fileCompressor,TALK] software alarm: Program cygnus_daq is not running
[fileCompressor,TALK] software alarm: Program cygnus_daq is not running
[fileCompressor,TALK] software alarm: Program cygnus_daq is not running
[fileCompressor,TALK] software alarm: Program cygnus_daq is not running
[fileCompressor,TALK] software alarm: Program cygnus_daq is not running
[fileCompressor,TALK] software alarm: Program cygnus_daq is not running
[fileCompressor,TALK] software alarm: Program cygnus_daq is not running
[fileCompressor,TALK] software alarm: Program cygnus_daq is not running
[fileCompressor,TALK] software alarm: Program cygnus_daq is not running
[fileCompressor,TALK] software alarm: Program cygnus_daq is not running
[fileCompressor,TALK] software alarm: Program cygnus_daq is not running
[fileCompressor,TALK] software alarm: Program cygnus_daq is not running
[fileCompressor,TALK] software alarm: Program cygnus_daq is not running
[fileCompressor,TALK] software alarm: Program cygnus_daq is not running
[fileCompressor,TALK] software alarm: Program cygnus_daq is not running
[fileCompressor,TALK] software alarm: Program cygnus_daq is not running
[fileCompressor,TALK] software alarm: Program cygnus_daq is not running
[fileCompressor,TALK] software alarm: Program cygnus_daq is not running
[fileCompressor,TALK] software alarm: Program cygnus_daq is not running
[fileCompressor,TALK] software alarm: Program cygnus_daq is not running
[fileCompressor,TALK] software alarm: Program cygnus_daq is not running
[fileCompressor,TALK] software alarm: Program cygnus_daq is not running
[fileCompressor,TALK] software alarm: Program cygnus_daq is not running
[fileCompressor,TALK] software alarm: Program cygnus_daq is not running
[fileCompressor,TALK] software alarm: Program cygnus_daq is not running
[fileCompressor,TALK] software alarm: Program cygnus_daq is not running
[fileCompressor,TALK] software alarm: Program cygnus_daq is not running
[fileCompressor,TALK] software alarm: Program cygnus_daq is not running
[fileCompressor,TALK] software alarm: Program cygnus_daq is not running
[fileCompressor,TALK] software alarm: Program cygnus_daq is not running
[fileCompressor,TALK] software alarm: Program cygnus_daq is not running
[fileCompressor,TALK] software alarm: Program cygnus_daq is not running
[fileCompressor,TALK] software alarm: Program cygnus_daq is not running
[fileCompressor,TALK] software alarm: Program cygnus_daq is not running
[fileCompressor,TALK] software alarm: Program cygnus_daq is not running
[fileCompressor,TALK] software alarm: Program cygnus_daq is not running
[fileCompressor,TALK] software alarm: Program cygnus_daq is not running
[fileCompressor,TALK] software alarm: Program cygnus_daq is not running
[fileCompressor,TALK] software alarm: Program cygnus_daq is not running
[fileCompressor,TALK] software alarm: Program cygnus_daq is not running
[fileCompressor,TALK] software alarm: Program cygnus_daq is not running
[fileCompressor,TALK] software alarm: Program cygnus_daq is not running
[fileCompressor,TALK] software alarm: Program cygnus_daq is not running
[fileCompressor,TALK] software alarm: Program cygnus_daq is not running
[fileCompressor,TALK] software alarm: Program cygnus_daq is not running
[fileCompressor,TALK] software alarm: Program cygnus_daq is not running
[fileCompressor,TALK] software alarm: Program cygnus_daq is not running
[fileCompressor,TALK] software alarm: Program cygnus_daq is not running
[fileCompressor,TALK] software alarm: Program cygnus_daq is not running
[fileCompressor,TALK] software alarm: Program cygnus_daq is not running
[fileCompressor,TALK] software alarm: Program cygnus_daq is not running
[fileCompressor,TALK] software alarm: Program cygnus_daq is not running
[fileCompressor,TALK] software alarm: Program cygnus_daq is not running
[fileCompressor,TALK] software alarm: Program cygnus_daq is not running
[fileCompressor,TALK] software alarm: Program cygnus_daq is not running
[fileCompressor,TALK] software alarm: Program cygnus_daq is not running
[fileCompressor,TALK] software alarm: Program cygnus_daq is not running
[fileCompressor,TALK] software alarm: Program cygnus_daq is not running
[fileCompressor,TALK] software alarm: Program cygnus_daq is not running
[fileCompressor,TALK] software alarm: Program cygnus_daq is not running
[fileCompressor,TALK] software alarm: Program cygnus_daq is not running
[fileCompressor,TALK] software alarm: Program cygnus_daq is not running
[fileCompressor,TALK] software alarm: Program cygnus_daq is not running
[fileCompressor,TALK] software alarm: Program cygnus_daq is not running
[fileCompressor,TALK] software alarm: Program cygnus_daq is not running
[fileCompressor,TALK] software alarm: Program cygnus_daq is not running
[fileCompressor,TALK] software alarm: Program cygnus_daq is not running
[fileCompressor,TALK] software alarm: Program cygnus_daq is not running
[fileCompressor,TALK] software alarm: Program cygnus_daq is not running
[fileCompressor,TALK] software alarm: Program cygnus_daq is not running
[fileCompressor,TALK] software alarm: Program cygnus_daq is not running
[fileCompressor,TALK] software alarm: Program cygnus_daq is not running
[fileCompressor,TALK] software alarm: Program cygnus_daq is not running
[fileCompressor,TALK] software alarm: Program cygnus_daq is not running
[fileCompressor,TALK] software alarm: Program cygnus_daq is not running
[fileCompressor,TALK] software alarm: Program cygnus_daq is not running
[fileCompressor,TALK] software alarm: Program cygnus_daq is not running
[fileCompressor,TALK] software alarm: Program cygnus_daq is not running
[fileCompressor,TALK] software alarm: Program cygnus_daq is not running
[fileCompressor,TALK] software alarm: Program cygnus_daq is not running
[fileCompressor,TALK] software alarm: Program cygnus_daq is not running
[fileCompressor,TALK] software alarm: Program cygnus_daq is not running
[fileCompressor,TALK] software alarm: Program cygnus_daq is not running
[fileCompressor,TALK] software alarm: Program cygnus_daq is not running
[fileCompressor,TALK] software alarm: Program cygnus_daq is not running
[fileCompressor,TALK] software alarm: Program cygnus_daq is not running
[fileCompressor,TALK] software alarm: Program cygnus_daq is not running
[fileCompressor,TALK] software alarm: Program cygnus_daq is not running
[fileCompressor,TALK] software alarm: Program cygnus_daq is not running
[fileCompressor,TALK] software alarm: Program cygnus_daq is not running
[fileCompressor,TALK] software alarm: Program cygnus_daq is not running
[fileCompressor,TALK] software alarm: Program cygnus_daq is not running
[fileCompressor,TALK] software alarm: Program cygnus_daq is not running
[fileCompressor,TALK] software alarm: Program cygnus_daq is not running
[fileCompressor,TALK] software alarm: Program cygnus_daq is not running
[fileCompressor,TALK] software alarm: Program cygnus_daq is not running
[fileCompressor,TALK] software alarm: Program cygnus_daq is not running
[fileCompressor,TALK] software alarm: Program cygnus_daq is not running
[fileCompressor,TALK] software alarm: Program cygnus_daq is not running
[fileCompressor,TALK] software alarm: Program cygnus_daq is not running
[fileCompressor,TALK] software alarm: Program cygnus_daq is not running
[fileCompressor,TALK] software alarm: Program cygnus_daq is not running
[fileCompressor,TALK] software alarm: Program cygnus_daq is not running
[fileCompressor,TALK] software alarm: Program cygnus_daq is not running
[fileCompressor,TALK] software alarm: Program cygnus_daq is not running
[fileCompressor,TALK] software alarm: Program cygnus_daq is not running
[fileCompressor,TALK] software alarm: Program cygnus_daq is not running
[fileCompressor,TALK] software alarm: Program cygnus_daq is not running
[fileCompressor,TALK] software alarm: Program cygnus_daq is not running
[fileCompressor,TALK] software alarm: Program cygnus_daq is not running
[fileCompressor,TALK] software alarm: Program cygnus_daq is not running
[fileCompressor,TALK] software alarm: Program cygnus_daq is not running
[fileCompressor,TALK] software alarm: Program cygnus_daq is not running
[fileCompressor,TALK] software alarm: Program cygnus_daq is not running
[fileCompressor,TALK] software alarm: Program cygnus_daq is not running
[fileCompressor,TALK] software alarm: Program cygnus_daq is not running
[fileCompressor,TALK] software alarm: Program cygnus_daq is not running
[fileCompressor,TALK] software alarm: Program cygnus_daq is not running
[fileCompressor,TALK] software alarm: Program cygnus_daq is not running
[fileCompressor,TALK] software alarm: Program cygnus_daq is not running
[fileCompressor,TALK] software alarm: Program cygnus_daq is not running
[fileCompressor,TALK] software alarm: Program cygnus_daq is not running
[fileCompressor,TALK] software alarm: Program cygnus_daq is not running
[fileCompressor,TALK] software alarm: Program cygnus_daq is not running
[fileCompressor,TALK] software alarm: Program cygnus_daq is not running
[fileCompressor,TALK] software alarm: Program cygnus_daq is not running
[fileCompressor,TALK] software alarm: Program cygnus_daq is not running
[fileCompressor,TALK] software alarm: Program cygnus_daq is not running
[fileCompressor,TALK] software alarm: Program cygnus_daq is not running
[fileCompressor,TALK] software alarm: Program cygnus_daq is not running
[fileCompressor,TALK] software alarm: Program cygnus_daq is not running
[fileCompressor,TALK] software alarm: Program cygnus_daq is not running
[fileCompressor,TALK] software alarm: Program cygnus_daq is not running
[fileCompressor,TALK] software alarm: Program cygnus_daq is not running
[fileCompressor,TALK] software alarm: Program cygnus_daq is not running
[fileCompressor,TALK] software alarm: Program cygnus_daq is not running
[fileCompressor,TALK] software alarm: Program cygnus_daq is not running
[fileCompressor,TALK] software alarm: Program cygnus_daq is not running
[fileCompressor,TALK] software alarm: Program cygnus_daq is not running
[fileCompressor,TALK] software alarm: Program cygnus_daq is not running
[fileCompressor,TALK] software alarm: Program cygnus_daq is not running
[fileCompressor,TALK] software alarm: Program cygnus_daq is not running
[fileCompressor,TALK] software alarm: Program cygnus_daq is not running
[fileCompressor,TALK] software alarm: Program cygnus_daq is not running
[fileCompressor,TALK] software alarm: Program cygnus_daq is not running
[fileCompressor,TALK] software alarm: Program cygnus_daq is not running
[fileCompressor,TALK] software alarm: Program cygnus_daq is not running
[fileCompressor,TALK] software alarm: Program cygnus_daq is not running
[fileCompressor,TALK] software alarm: Program cygnus_daq is not running
[fileCompressor,TALK] software alarm: Program cygnus_daq is not running
[fileCompressor,TALK] software alarm: Program cygnus_daq is not running
[fileCompressor,TALK] software alarm: Program cygnus_daq is not running
[fileCompressor,TALK] software alarm: Program cygnus_daq is not running
[fileCompressor,TALK] software alarm: Program cygnus_daq is not running
[fileCompressor,TALK] software alarm: Program cygnus_daq is not running
[fileCompressor,TALK] software alarm: Program cygnus_daq is not running
[fileCompressor,TALK] software alarm: Program cygnus_daq is not running
[fileCompressor,TALK] software alarm: Program cygnus_daq is not running
[fileCompressor,TALK] software alarm: Program cygnus_daq is not running
[fileCompressor,TALK] software alarm: Program cygnus_daq is not running
[fileCompressor,TALK] software alarm: Program cygnus_daq is not running
[fileCompressor,TALK] software alarm: Program cygnus_daq is not running
[fileCompressor,TALK] software alarm: Program cygnus_daq is not running
[fileCompressor,TALK] software alarm: Program cygnus_daq is not running
[fileCompressor,TALK] software alarm: Program cygnus_daq is not running
[fileCompressor,TALK] software alarm: Program cygnus_daq is not running
[fileCompressor,TALK] software alarm: Program cygnus_daq is not running
[fileCompressor,TALK] software alarm: Program cygnus_daq is not running
[fileCompressor,TALK] software alarm: Program cygnus_daq is not running
[fileCompressor,TALK] software alarm: Program cygnus_daq is not running
[fileCompressor,TALK] software alarm: Program cygnus_daq is not running
[fileCompressor,TALK] software alarm: Program cygnus_daq is not running
[fileCompressor,TALK] software alarm: Program cygnus_daq is not running
[fileCompressor,TALK] software alarm: Program cygnus_daq is not running
[fileCompressor,TALK] software alarm: Program cygnus_daq is not running
[fileCompressor,TALK] software alarm: Program cygnus_daq is not running
[fileCompressor,TALK] software alarm: Program cygnus_daq is not running
[fileCompressor,TALK] software alarm: Program cygnus_daq is not running
[fileCompressor,TALK] software alarm: Program cygnus_daq is not running
[fileCompressor,TALK] software alarm: Program cygnus_daq is not running
[fileCompressor,TALK] software alarm: Program cygnus_daq is not running
[fileCompressor,TALK] software alarm: Program cygnus_daq is not running
[fileCompressor,TALK] software alarm: Program cygnus_daq is not running
[fileCompressor,TALK] software alarm: Program cygnus_daq is not running
[fileCompressor,TALK] software alarm: Program cygnus_daq is not running
[fileCompressor,TALK] software alarm: Program cygnus_daq is not running
[fileCompressor,TALK] software alarm: Program cygnus_daq is not running
[fileCompressor,TALK] software alarm: Program cygnus_daq is not running
[fileCompressor,TALK] software alarm: Program cygnus_daq is not running
[fileCompressor,TALK] software alarm: Program cygnus_daq is not running
[fileCompressor,TALK] software alarm: Program cygnus_daq is not running
[fileCompressor,TALK] software alarm: Program cygnus_daq is not running
[fileCompressor,TALK] software alarm: Program cygnus_daq is not running
[fileCompressor,TALK] software alarm: Program cygnus_daq is not running
[fileCompressor,TALK] software alarm: Program cygnus_daq is not running
[fileCompressor,TALK] software alarm: Program cygnus_daq is not running
[fileCompressor,TALK] software alarm: Program cygnus_daq is not running
[fileCompressor,TALK] software alarm: Program cygnus_daq is not running
[fileCompressor,TALK] software alarm: Program cygnus_daq is not running
[fileCompressor,TALK] software alarm: Program cygnus_daq is not running
[fileCompressor,TALK] software alarm: Program cygnus_daq is not running
[fileCompressor,TALK] software alarm: Program cygnus_daq is not running
[fileCompressor,TALK] software alarm: Program cygnus_daq is not running
[fileCompressor,TALK] software alarm: Program cygnus_daq is not running
[fileCompressor,TALK] software alarm: Program cygnus_daq is not running
[fileCompressor,TALK] software alarm: Program cygnus_daq is not running
[fileCompressor,TALK] software alarm: Program cygnus_daq is not running
[fileCompressor,TALK] software alarm: Program cygnus_daq is not running
[fileCompressor,TALK] software alarm: Program cygnus_daq is not running
[fileCompressor,TALK] software alarm: Program cygnus_daq is not running
[fileCompressor,TALK] software alarm: Program cygnus_daq is not running
[fileCompressor,TALK] software alarm: Program cygnus_daq is not running
[fileCompressor,TALK] software alarm: Program cygnus_daq is not running
[fileCompressor,TALK] software alarm: Program cygnus_daq is not running
[fileCompressor,TALK] software alarm: Program cygnus_daq is not running
[fileCompressor,TALK] software alarm: Program cygnus_daq is not running
[fileCompressor,TALK] software alarm: Program cygnus_daq is not running
[fileCompressor,TALK] software alarm: Program cygnus_daq is not running
[fileCompressor,TALK] software alarm: Program cygnus_daq is not running
[fileCompressor,TALK] software alarm: Program cygnus_daq is not running
[fileCompressor,TALK] software alarm: Program cygnus_daq is not running
[fileCompressor,TALK] software alarm: Program cygnus_daq is not running
[fileCompressor,TALK] software alarm: Program cygnus_daq is not running
[fileCompressor,TALK] software alarm: Program cygnus_daq is not running
[fileCompressor,TALK] software alarm: Program cygnus_daq is not running
[fileCompressor,TALK] software alarm: Program cygnus_daq is not running
[fileCompressor,TALK] software alarm: Program cygnus_daq is not running
[fileCompressor,TALK] software alarm: Program cygnus_daq is not running
[fileCompressor,TALK] software alarm: Program cygnus_daq is not running
[fileCompressor,TALK] software alarm: Program cygnus_daq is not running
[fileCompressor,TALK] software alarm: Program cygnus_daq is not running
[fileCompressor,TALK] software alarm: Program cygnus_daq is not running
[fileCompressor,TALK] software alarm: Program cygnus_daq is not running
[fileCompressor,TALK] software alarm: Program cygnus_daq is not running
[fileCompressor,TALK] software alarm: Program cygnus_daq is not running
[fileCompressor,TALK] software alarm: Program cygnus_daq is not running
[fileCompressor,TALK] software alarm: Program cygnus_daq is not running
[fileCompressor,TALK] software alarm: Program cygnus_daq is not running
[fileCompressor,TALK] software alarm: Program cygnus_daq is not running
[fileCompressor,TALK] software alarm: Program cygnus_daq is not running
[fileCompressor,TALK] software alarm: Program cygnus_daq is not running
[fileCompressor,TALK] software alarm: Program cygnus_daq is not running
[fileCompressor,TALK] software alarm: Program cygnus_daq is not running
[fileCompressor,TALK] software alarm: Program cygnus_daq is not running
[fileCompressor,TALK] software alarm: Program cygnus_daq is not running
[fileCompressor,TALK] software alarm: Program cygnus_daq is not running
[fileCompressor,TALK] software alarm: Program cygnus_daq is not running
[fileCompressor,TALK] software alarm: Program cygnus_daq is not running
[fileCompressor,TALK] software alarm: Program cygnus_daq is not running
[fileCompressor,TALK] software alarm: Program cygnus_daq is not running
[fileCompressor,TALK] software alarm: Program cygnus_daq is not running
[fileCompressor,TALK] software alarm: Program cygnus_daq is not running
[fileCompressor,TALK] software alarm: Program cygnus_daq is not running
[fileCompressor,TALK] software alarm: Program cygnus_daq is not running
[fileCompressor,TALK] software alarm: Program cygnus_daq is not running
[fileCompressor,TALK] software alarm: Program cygnus_daq is not running
[fileCompressor,TALK] software alarm: Program cygnus_daq is not running
[fileCompressor,TALK] software alarm: Program cygnus_daq is not running
[fileCompressor,TALK] software alarm: Program cygnus_daq is not running
[fileCompressor,TALK] software alarm: Program cygnus_daq is not running
[fileCompressor,TALK] software alarm: Program cygnus_daq is not running
[fileCompressor,TALK] software alarm: Program cygnus_daq is not running
[fileCompressor,TALK] software alarm: Program cygnus_daq is not running
[fileCompressor,TALK] software alarm: Program cygnus_daq is not running
[fileCompressor,TALK] software alarm: Program cygnus_daq is not running
[fileCompressor,TALK] software alarm: Program cygnus_daq is not running
[fileCompressor,TALK] software alarm: Program cygnus_daq is not running
[fileCompressor,TALK] software alarm: Program cygnus_daq is not running
[fileCompressor,TALK] software alarm: Program cygnus_daq is not running
[fileCompressor,TALK] software alarm: Program cygnus_daq is not running
[fileCompressor,TALK] software alarm: Program cygnus_daq is not running
[fileCompressor,TALK] software alarm: Program cygnus_daq is not running
[fileCompressor,TALK] software alarm: Program cygnus_daq is not running
[fileCompressor,TALK] software alarm: Program cygnus_daq is not running
[fileCompressor,TALK] software alarm: Program cygnus_daq is not running
[fileCompressor,TALK] software alarm: Program cygnus_daq is not running
[fileCompressor,TALK] software alarm: Program cygnus_daq is not running
[fileCompressor,TALK] software alarm: Program cygnus_daq is not running
[fileCompressor,TALK] software alarm: Program cygnus_daq is not running
[fileCompressor,TALK] software alarm: Program cygnus_daq is not running
[fileCompressor,TALK] software alarm: Program cygnus_daq is not running
[fileCompressor,TALK] software alarm: Program cygnus_daq is not running
[fileCompressor,TALK] software alarm: Program cygnus_daq is not running
[fileCompressor,TALK] software alarm: Program cygnus_daq is not running
[fileCompressor,TALK] software alarm: Program cygnus_daq is not running
[fileCompressor,TALK] software alarm: Program cygnus_daq is not running
[fileCompressor,TALK] software alarm: Program cygnus_daq is not running
[fileCompressor,TALK] software alarm: Program cygnus_daq is not running
[fileCompressor,TALK] software alarm: Program cygnus_daq is not running
[fileCompressor,TALK] software alarm: Program cygnus_daq is not running
[fileCompressor,TALK] software alarm: Program cygnus_daq is not running
[fileCompressor,TALK] software alarm: Program cygnus_daq is not running
[fileCompressor,TALK] software alarm: Program cygnus_daq is not running
[fileCompressor,TALK] software alarm: Program cygnus_daq is not running
[fileCompressor,TALK] software alarm: Program cygnus_daq is not running
[fileCompressor,TALK] software alarm: Program cygnus_daq is not running
[fileCompressor,TALK] software alarm: Program cygnus_daq is not running
[fileCompressor,TALK] software alarm: Program cygnus_daq is not running
[fileCompressor,TALK] software alarm: Program cygnus_daq is not running
[fileCompressor,TALK] software alarm: Program cygnus_daq is not running
[fileCompressor,TALK] software alarm: Program cygnus_daq is not running
[fileCompressor,TALK] software alarm: Program cygnus_daq is not running
[fileCompressor,TALK] software alarm: Program cygnus_daq is not running
[fileCompressor,TALK] software alarm: Program cygnus_daq is not running
[fileCompressor,TALK] software alarm: Program cygnus_daq is not running
[fileCompressor,TALK] software alarm: Program cygnus_daq is not running
[fileCompressor,TALK] software alarm: Program cygnus_daq is not running
[fileCompressor,TALK] software alarm: Program cygnus_daq is not running
[fileCompressor,TALK] software alarm: Program cygnus_daq is not running
[fileCompressor,TALK] software alarm: Program cygnus_daq is not running
[fileCompressor,TALK] software alarm: Program cygnus_daq is not running
[fileCompressor,TALK] software alarm: Program cygnus_daq is not running
[fileCompressor,TALK] software alarm: Program cygnus_daq is not running
[fileCompressor,TALK] software alarm: Program cygnus_daq is not running
[fileCompressor,TALK] software alarm: Program cygnus_daq is not running
[fileCompressor,TALK] software alarm: Program cygnus_daq is not running
[fileCompressor,TALK] software alarm: Program cygnus_daq is not running
[fileCompressor,TALK] software alarm: Program cygnus_daq is not running
[fileCompressor,TALK] software alarm: Program cygnus_daq is not running
[fileCompressor,TALK] software alarm: Program cygnus_daq is not running
[fileCompressor,TALK] software alarm: Program cygnus_daq is not running
[fileCompressor,TALK] software alarm: Program cygnus_daq is not running
[fileCompressor,TALK] software alarm: Program cygnus_daq is not running
[fileCompressor,TALK] software alarm: Program cygnus_daq is not running
[fileCompressor,TALK] software alarm: Program cygnus_daq is not running
[fileCompressor,TALK] software alarm: Program cygnus_daq is not running
[fileCompressor,TALK] software alarm: Program cygnus_daq is not running
[fileCompressor,TALK] software alarm: Program cygnus_daq is not running
[fileCompressor,TALK] software alarm: Program cygnus_daq is not running
[fileCompressor,TALK] software alarm: Program cygnus_daq is not running
[fileCompressor,TALK] software alarm: Program cygnus_daq is not running
[fileCompressor,TALK] software alarm: Program cygnus_daq is not running
[fileCompressor,TALK] software alarm: Program cygnus_daq is not running
[fileCompressor,TALK] software alarm: Program cygnus_daq is not running
[fileCompressor,TALK] software alarm: Program cygnus_daq is not running
[fileCompressor,TALK] software alarm: Program cygnus_daq is not running
[fileCompressor,TALK] software alarm: Program cygnus_daq is not running
[fileCompressor,TALK] software alarm: Program cygnus_daq is not running
[fileCompressor,TALK] software alarm: Program cygnus_daq is not running
[fileCompressor,TALK] software alarm: Program cygnus_daq is not running
[fileCompressor,TALK] software alarm: Program cygnus_daq is not running
[fileCompressor,TALK] software alarm: Program cygnus_daq is not running
[fileCompressor,TALK] software alarm: Program cygnus_daq is not running
[fileCompressor,TALK] software alarm: Program cygnus_daq is not running
[fileCompressor,TALK] software alarm: Program cygnus_daq is not running
[fileCompressor,TALK] software alarm: Program cygnus_daq is not running
[fileCompressor,TALK] software alarm: Program cygnus_daq is not running
[fileCompressor,TALK] software alarm: Program cygnus_daq is not running
[fileCompressor,TALK] software alarm: Program cygnus_daq is not running
[fileCompressor,TALK] software alarm: Program cygnus_daq is not running
[fileCompressor,TALK] software alarm: Program cygnus_daq is not running
[fileCompressor,TALK] software alarm: Program cygnus_daq is not running
[fileCompressor,TALK] software alarm: Program cygnus_daq is not running
[fileCompressor,TALK] software alarm: Program cygnus_daq is not running
[fileCompressor,TALK] software alarm: Program cygnus_daq is not running
[fileCompressor,TALK] software alarm: Program cygnus_daq is not running
[fileCompressor,TALK] software alarm: Program cygnus_daq is not running
[fileCompressor,TALK] software alarm: Program cygnus_daq is not running
[fileCompressor,TALK] software alarm: Program cygnus_daq is not running
[fileCompressor,TALK] software alarm: Program cygnus_daq is not running
[fileCompressor,TALK] software alarm: Program cygnus_daq is not running
[fileCompressor,TALK] software alarm: Program cygnus_daq is not running
[fileCompressor,TALK] software alarm: Program cygnus_daq is not running
[fileCompressor,TALK] software alarm: Program cygnus_daq is not running
[fileCompressor,TALK] software alarm: Program cygnus_daq is not running
[fileCompressor,TALK] software alarm: Program cygnus_daq is not running
[fileCompressor,TALK] software alarm: Program cygnus_daq is not running
[fileCompressor,TALK] software alarm: Program cygnus_daq is not running
[fileCompressor,TALK] software alarm: Program cygnus_daq is not running
[fileCompressor,TALK] software alarm: Program cygnus_daq is not running
[fileCompressor,TALK] software alarm: Program cygnus_daq is not running
[fileCompressor,TALK] software alarm: Program cygnus_daq is not running
[fileCompressor,TALK] software alarm: Program cygnus_daq is not running
[fileCompressor,TALK] software alarm: Program cygnus_daq is not running
[fileCompressor,TALK] software alarm: Program cygnus_daq is not running
[fileCompressor,TALK] software alarm: Program cygnus_daq is not running
[fileCompressor,TALK] software alarm: Program cygnus_daq is not running
[fileCompressor,TALK] software alarm: Program cygnus_daq is not running
[fileCompressor,TALK] software alarm: Program cygnus_daq is not running
[fileCompressor,TALK] software alarm: Program cygnus_daq is not running
[fileCompressor,TALK] software alarm: Program cygnus_daq is not running
[fileCompressor,TALK] software alarm: Program cygnus_daq is not running
[fileCompressor,TALK] software alarm: Program cygnus_daq is not running
[fileCompressor,TALK] software alarm: Program cygnus_daq is not running
[fileCompressor,TALK] software alarm: Program cygnus_daq is not running
[fileCompressor,TALK] software alarm: Program cygnus_daq is not running
[fileCompressor,TALK] software alarm: Program cygnus_daq is not running
[fileCompressor,TALK] software alarm: Program cygnus_daq is not running
[fileCompressor,TALK] software alarm: Program cygnus_daq is not running
[fileCompressor,TALK] software alarm: Program cygnus_daq is not running
[fileCompressor,TALK] software alarm: Program cygnus_daq is not running
[fileCompressor,TALK] software alarm: Program cygnus_daq is not running
[fileCompressor,TALK] software alarm: Program cygnus_daq is not running
[fileCompressor,TALK] software alarm: Program cygnus_daq is not running
[fileCompressor,TALK] software alarm: Program cygnus_daq is not running
[fileCompressor,TALK] software alarm: Program cygnus_daq is not running
[fileCompressor,TALK] software alarm: Program cygnus_daq is not running
[fileCompressor,TALK] software alarm: Program cygnus_daq is not running
[fileCompressor,TALK] software alarm: Program cygnus_daq is not running
[fileCompressor,TALK] software alarm: Program cygnus_daq is not running
[fileCompressor,TALK] software alarm: Program cygnus_daq is not running
[fileCompressor,TALK] software alarm: Program cygnus_daq is not running
[fileCompressor,TALK] software alarm: Program cygnus_daq is not running
[fileCompressor,TALK] software alarm: Program cygnus_daq is not running
[fileCompressor,TALK] software alarm: Program cygnus_daq is not running
[fileCompressor,TALK] software alarm: Program cygnus_daq is not running
[fileCompressor,TALK] software alarm: Program cygnus_daq is not running
[fileCompressor,TALK] software alarm: Program cygnus_daq is not running
[fileCompressor,TALK] software alarm: Program cygnus_daq is not running
[fileCompressor,TALK] software alarm: Program cygnus_daq is not running
[fileCompressor,TALK] software alarm: Program cygnus_daq is not running
[fileCompressor,TALK] software alarm: Program cygnus_daq is not running
[fileCompressor,TALK] software alarm: Program cygnus_daq is not running
[fileCompressor,TALK] software alarm: Program cygnus_daq is not running
[fileCompressor,TALK] software alarm: Program cygnus_daq is not running
[fileCompressor,TALK] software alarm: Program cygnus_daq is not running
[fileCompressor,TALK] software alarm: Program cygnus_daq is not running
[fileCompressor,TALK] software alarm: Program cygnus_daq is not running
[fileCompressor,TALK] software alarm: Program cygnus_daq is not running
[fileCompressor,TALK] software alarm: Program cygnus_daq is not running
[fileCompressor,TALK] software alarm: Program cygnus_daq is not running
[fileCompressor,TALK] software alarm: Program cygnus_daq is not running
[fileCompressor,TALK] software alarm: Program cygnus_daq is not running
[fileCompressor,TALK] software alarm: Program cygnus_daq is not running
[fileCompressor,TALK] software alarm: Program cygnus_daq is not running
[fileCompressor,TALK] software alarm: Program cygnus_daq is not running
[fileCompressor,TALK] software alarm: Program cygnus_daq is not running
[fileCompressor,TALK] software alarm: Program cygnus_daq is not running
[fileCompressor,TALK] software alarm: Program cygnus_daq is not running
[fileCompressor,TALK] software alarm: Program cygnus_daq is not running
[fileCompressor,TALK] software alarm: Program cygnus_daq is not running
[fileCompressor,TALK] software alarm: Program cygnus_daq is not running
[fileCompressor,TALK] software alarm: Program cygnus_daq is not running
[fileCompressor,TALK] software alarm: Program cygnus_daq is not running
[fileCompressor,TALK] software alarm: Program cygnus_daq is not running
[fileCompressor,TALK] software alarm: Program cygnus_daq is not running
[fileCompressor,TALK] software alarm: Program cygnus_daq is not running
[fileCompressor,TALK] software alarm: Program cygnus_daq is not running
[fileCompressor,TALK] software alarm: Program cygnus_daq is not running
[fileCompressor,TALK] software alarm: Program cygnus_daq is not running
[fileCompressor,TALK] software alarm: Program cygnus_daq is not running
[fileCompressor,TALK] software alarm: Program cygnus_daq is not running
[fileCompressor,TALK] software alarm: Program cygnus_daq is not running
[fileCompressor,TALK] software alarm: Program cygnus_daq is not running
[fileCompressor,TALK] software alarm: Program cygnus_daq is not running
[fileCompressor,TALK] software alarm: Program cygnus_daq is not running
[fileCompressor,TALK] software alarm: Program cygnus_daq is not running
[fileCompressor,TALK] software alarm: Program cygnus_daq is not running
[fileCompressor,TALK] software alarm: Program cygnus_daq is not running
[fileCompressor,TALK] software alarm: Program cygnus_daq is not running
[fileCompressor,TALK] software alarm: Program cygnus_daq is not running
[fileCompressor,TALK] software alarm: Program cygnus_daq is not running
[fileCompressor,TALK] software alarm: Program cygnus_daq is not running
[fileCompressor,TALK] software alarm: Program cygnus_daq is not running
[fileCompressor,TALK] software alarm: Program cygnus_daq is not running
[fileCompressor,TALK] software alarm: Program cygnus_daq is not running
[fileCompressor,TALK] software alarm: Program cygnus_daq is not running
[fileCompressor,TALK] software alarm: Program cygnus_daq is not running
[fileCompressor,TALK] software alarm: Program cygnus_daq is not running
[fileCompressor,TALK] software alarm: Program cygnus_daq is not running
[fileCompressor,TALK] software alarm: Program cygnus_daq is not running
[fileCompressor,TALK] software alarm: Program cygnus_daq is not running
[fileCompressor,TALK] software alarm: Program cygnus_daq is not running
[fileCompressor,TALK] software alarm: Program cygnus_daq is not running
[fileCompressor,TALK] software alarm: Program cygnus_daq is not running
[fileCompressor,TALK] software alarm: Program cygnus_daq is not running
[fileCompressor,TALK] software alarm: Program cygnus_daq is not running
[fileCompressor,TALK] software alarm: Program cygnus_daq is not running
[fileCompressor,TALK] software alarm: Program cygnus_daq is not running
[fileCompressor,TALK] software alarm: Program cygnus_daq is not running
[fileCompressor,TALK] software alarm: Program cygnus_daq is not running
[fileCompressor,TALK] software alarm: Program cygnus_daq is not running
[fileCompressor,TALK] software alarm: Program cygnus_daq is not running
[fileCompressor,TALK] software alarm: Program cygnus_daq is not running
[fileCompressor,TALK] software alarm: Program cygnus_daq is not running
[fileCompressor,TALK] software alarm: Program cygnus_daq is not running
[fileCompressor,TALK] software alarm: Program cygnus_daq is not running
[fileCompressor,TALK] software alarm: Program cygnus_daq is not running
[fileCompressor,TALK] software alarm: Program cygnus_daq is not running
[fileCompressor,TALK] software alarm: Program cygnus_daq is not running
[fileCompressor,TALK] software alarm: Program cygnus_daq is not running
[fileCompressor,TALK] software alarm: Program cygnus_daq is not running
[fileCompressor,TALK] software alarm: Program cygnus_daq is not running
[fileCompressor,TALK] software alarm: Program cygnus_daq is not running
[fileCompressor,TALK] software alarm: Program cygnus_daq is not running
[fileCompressor,TALK] software alarm: Program cygnus_daq is not running
[fileCompressor,TALK] software alarm: Program cygnus_daq is not running
[fileCompressor,TALK] software alarm: Program cygnus_daq is not running
[fileCompressor,TALK] software alarm: Program cygnus_daq is not running
[fileCompressor,TALK] software alarm: Program cygnus_daq is not running
[fileCompressor,TALK] software alarm: Program cygnus_daq is not running
[fileCompressor,TALK] software alarm: Program cygnus_daq is not running
[fileCompressor,TALK] software alarm: Program cygnus_daq is not running
[fileCompressor,TALK] software alarm: Program cygnus_daq is not running
[fileCompressor,TALK] software alarm: Program cygnus_daq is not running
[fileCompressor,TALK] software alarm: Program cygnus_daq is not running
[fileCompressor,TALK] software alarm: Program cygnus_daq is not running
[fileCompressor,TALK] software alarm: Program cygnus_daq is not running
[fileCompressor,TALK] software alarm: Program cygnus_daq is not running
[fileCompressor,TALK] software alarm: Program cygnus_daq is not running
[fileCompressor,TALK] software alarm: Program cygnus_daq is not running
[fileCompressor,TALK] software alarm: Program cygnus_daq is not running
[fileCompressor,TALK] software alarm: Program cygnus_daq is not running
[fileCompressor,TALK] software alarm: Program cygnus_daq is not running
[fileCompressor,TALK] software alarm: Program cygnus_daq is not running
[fileCompressor,TALK] software alarm: Program cygnus_daq is not running
[fileCompressor,TALK] software alarm: Program cygnus_daq is not running
[fileCompressor,TALK] software alarm: Program cygnus_daq is not running
[fileCompressor,TALK] software alarm: Program cygnus_daq is not running
[fileCompressor,TALK] software alarm: Program cygnus_daq is not running
[fileCompressor,TALK] software alarm: Program cygnus_daq is not running
[fileCompressor,TALK] software alarm: Program cygnus_daq is not running
[fileCompressor,TALK] software alarm: Program cygnus_daq is not running
[fileCompressor,TALK] software alarm: Program cygnus_daq is not running
[fileCompressor,TALK] software alarm: Program cygnus_daq is not running
[fileCompressor,TALK] software alarm: Program cygnus_daq is not running
[fileCompressor,TALK] software alarm: Program cygnus_daq is not running
[fileCompressor,TALK] software alarm: Program cygnus_daq is not running
[fileCompressor,TALK] software alarm: Program cygnus_daq is not running
[fileCompressor,TALK] software alarm: Program cygnus_daq is not running
[fileCompressor,TALK] software alarm: Program cygnus_daq is not running
[fileCompressor,TALK] software alarm: Program cygnus_daq is not running
[fileCompressor,TALK] software alarm: Program cygnus_daq is not running
[fileCompressor,TALK] software alarm: Program cygnus_daq is not running
[fileCompressor,TALK] software alarm: Program cygnus_daq is not running
[fileCompressor,TALK] software alarm: Program cygnus_daq is not running
[fileCompressor,TALK] software alarm: Program cygnus_daq is not running
[fileCompressor,TALK] software alarm: Program cygnus_daq is not running
[fileCompressor,TALK] software alarm: Program cygnus_daq is not running
[fileCompressor,TALK] software alarm: Program cygnus_daq is not running
[fileCompressor,TALK] software alarm: Program cygnus_daq is not running
[fileCompressor,TALK] software alarm: Program cygnus_daq is not running
[fileCompressor,TALK] software alarm: Program cygnus_daq is not running
[fileCompressor,TALK] software alarm: Program cygnus_daq is not running
[fileCompressor,TALK] software alarm: Program cygnus_daq is not running
[fileCompressor,TALK] software alarm: Program cygnus_daq is not running
[fileCompressor,TALK] software alarm: Program cygnus_daq is not running
[fileCompressor,TALK] software alarm: Program cygnus_daq is not running
[fileCompressor,TALK] software alarm: Program cygnus_daq is not running
[fileCompressor,TALK] software alarm: Program cygnus_daq is not running
[fileCompressor,TALK] software alarm: Program cygnus_daq is not running
[fileCompressor,TALK] software alarm: Program cygnus_daq is not running
[fileCompressor,TALK] software alarm: Program cygnus_daq is not running
[fileCompressor,TALK] software alarm: Program cygnus_daq is not running
[fileCompressor,TALK] software alarm: Program cygnus_daq is not running
[fileCompressor,TALK] software alarm: Program cygnus_daq is not running
[fileCompressor,TALK] software alarm: Program cygnus_daq is not running
[fileCompressor,TALK] software alarm: Program cygnus_daq is not running
[fileCompressor,TALK] software alarm: Program cygnus_daq is not running
[fileCompressor,TALK] software alarm: Program cygnus_daq is not running
[fileCompressor,TALK] software alarm: Program cygnus_daq is not running
[fileCompressor,TALK] software alarm: Program cygnus_daq is not running
[fileCompressor,TALK] software alarm: Program cygnus_daq is not running
[fileCompressor,TALK] software alarm: Program cygnus_daq is not running
[fileCompressor,TALK] software alarm: Program cygnus_daq is not running
[fileCompressor,TALK] software alarm: Program cygnus_daq is not running
[fileCompressor,TALK] software alarm: Program cygnus_daq is not running
[fileCompressor,TALK] software alarm: Program cygnus_daq is not running
[fileCompressor,TALK] software alarm: Program cygnus_daq is not running
[fileCompressor,TALK] software alarm: Program cygnus_daq is not running
[fileCompressor,TALK] software alarm: Program cygnus_daq is not running
[fileCompressor,TALK] software alarm: Program cygnus_daq is not running
[fileCompressor,TALK] software alarm: Program cygnus_daq is not running
[fileCompressor,TALK] software alarm: Program cygnus_daq is not running
[fileCompressor,TALK] software alarm: Program cygnus_daq is not running
[fileCompressor,TALK] software alarm: Program cygnus_daq is not running
[fileCompressor,TALK] software alarm: Program cygnus_daq is not running
[fileCompressor,TALK] software alarm: Program cygnus_daq is not running
[fileCompressor,TALK] software alarm: Program cygnus_daq is not running
[fileCompressor,TALK] software alarm: Program cygnus_daq is not running
[fileCompressor,TALK] software alarm: Program cygnus_daq is not running
[fileCompressor,TALK] software alarm: Program cygnus_daq is not running
[fileCompressor,TALK] software alarm: Program cygnus_daq is not running
[fileCompressor,TALK] software alarm: Program cygnus_daq is not running
[fileCompressor,TALK] software alarm: Program cygnus_daq is not running
[fileCompressor,TALK] software alarm: Program cygnus_daq is not running
[fileCompressor,TALK] software alarm: Program cygnus_daq is not running
[fileCompressor,TALK] software alarm: Program cygnus_daq is not running
[fileCompressor,TALK] software alarm: Program cygnus_daq is not running
[fileCompressor,TALK] software alarm: Program cygnus_daq is not running
[fileCompressor,TALK] software alarm: Program cygnus_daq is not running
[fileCompressor,TALK] software alarm: Program cygnus_daq is not running
[fileCompressor,TALK] software alarm: Program cygnus_daq is not running
[fileCompressor,TALK] software alarm: Program cygnus_daq is not running
[fileCompressor,TALK] software alarm: Program cygnus_daq is not running
[fileCompressor,TALK] software alarm: Program cygnus_daq is not running
[fileCompressor,TALK] software alarm: Program cygnus_daq is not running
[fileCompressor,TALK] software alarm: Program cygnus_daq is not running
[fileCompressor,TALK] software alarm: Program cygnus_daq is not running
[fileCompressor,TALK] software alarm: Program cygnus_daq is not running
[fileCompressor,TALK] software alarm: Program cygnus_daq is not running
[fileCompressor,TALK] software alarm: Program cygnus_daq is not running
[fileCompressor,TALK] software alarm: Program cygnus_daq is not running
[fileCompressor,TALK] software alarm: Program cygnus_daq is not running
[fileCompressor,TALK] software alarm: Program cygnus_daq is not running
[fileCompressor,TALK] software alarm: Program cygnus_daq is not running
[fileCompressor,TALK] software alarm: Program cygnus_daq is not running
[fileCompressor,TALK] software alarm: Program cygnus_daq is not running
[fileCompressor,TALK] software alarm: Program cygnus_daq is not running
[fileCompressor,TALK] software alarm: Program cygnus_daq is not running
[fileCompressor,TALK] software alarm: Program cygnus_daq is not running
[fileCompressor,TALK] software alarm: Program cygnus_daq is not running
[fileCompressor,TALK] software alarm: Program cygnus_daq is not running
[fileCompressor,TALK] software alarm: Program cygnus_daq is not running
[fileCompressor,TALK] software alarm: Program cygnus_daq is not running
[fileCompressor,TALK] software alarm: Program cygnus_daq is not running
[fileCompressor,TALK] software alarm: Program cygnus_daq is not running
[fileCompressor,TALK] software alarm: Program cygnus_daq is not running
[fileCompressor,TALK] software alarm: Program cygnus_daq is not running
[fileCompressor,TALK] software alarm: Program cygnus_daq is not running
[fileCompressor,TALK] software alarm: Program cygnus_daq is not running
[fileCompressor,TALK] software alarm: Program cygnus_daq is not running
[fileCompressor,TALK] software alarm: Program cygnus_daq is not running
[fileCompressor,TALK] software alarm: Program cygnus_daq is not running
[fileCompressor,TALK] software alarm: Program cygnus_daq is not running
[fileCompressor,TALK] software alarm: Program cygnus_daq is not running
[fileCompressor,TALK] software alarm: Program cygnus_daq is not running
[fileCompressor,TALK] software alarm: Program cygnus_daq is not running
[fileCompressor,TALK] software alarm: Program cygnus_daq is not running
[fileCompressor,TALK] software alarm: Program cygnus_daq is not running
[fileCompressor,TALK] software alarm: Program cygnus_daq is not running
[fileCompressor,TALK] software alarm: Program cygnus_daq is not running
[fileCompressor,TALK] software alarm: Program cygnus_daq is not running
[fileCompressor,TALK] software alarm: Program cygnus_daq is not running
[fileCompressor,TALK] software alarm: Program cygnus_daq is not running
[fileCompressor,TALK] software alarm: Program cygnus_daq is not running
[fileCompressor,TALK] software alarm: Program cygnus_daq is not running
[fileCompressor,TALK] software alarm: Program cygnus_daq is not running
[fileCompressor,TALK] software alarm: Program cygnus_daq is not running
[fileCompressor,TALK] software alarm: Program cygnus_daq is not running
[fileCompressor,TALK] software alarm: Program cygnus_daq is not running
[fileCompressor,TALK] software alarm: Program cygnus_daq is not running
[fileCompressor,TALK] software alarm: Program cygnus_daq is not running
[fileCompressor,TALK] software alarm: Program cygnus_daq is not running
[fileCompressor,TALK] software alarm: Program cygnus_daq is not running
[fileCompressor,TALK] software alarm: Program cygnus_daq is not running
[fileCompressor,TALK] software alarm: Program cygnus_daq is not running
[fileCompressor,TALK] software alarm: Program cygnus_daq is not running
[fileCompressor,TALK] software alarm: Program cygnus_daq is not running
[fileCompressor,TALK] software alarm: Program cygnus_daq is not running
[fileCompressor,TALK] software alarm: Program cygnus_daq is not running
[fileCompressor,TALK] software alarm: Program cygnus_daq is not running
[fileCompressor,TALK] software alarm: Program cygnus_daq is not running
[fileCompressor,TALK] software alarm: Program cygnus_daq is not running
[fileCompressor,TALK] software alarm: Program cygnus_daq is not running
[fileCompressor,TALK] software alarm: Program cygnus_daq is not running
[fileCompressor,TALK] software alarm: Program cygnus_daq is not running
[fileCompressor,TALK] software alarm: Program cygnus_daq is not running
[fileCompressor,TALK] software alarm: Program cygnus_daq is not running
[fileCompressor,TALK] software alarm: Program cygnus_daq is not running
[fileCompressor,TALK] software alarm: Program cygnus_daq is not running
[fileCompressor,TALK] software alarm: Program cygnus_daq is not running
[fileCompressor,TALK] software alarm: Program cygnus_daq is not running
[fileCompressor,TALK] software alarm: Program cygnus_daq is not running
[fileCompressor,TALK] software alarm: Program cygnus_daq is not running
[fileCompressor,TALK] software alarm: Program cygnus_daq is not running
[fileCompressor,TALK] software alarm: Program cygnus_daq is not running
[fileCompressor,TALK] software alarm: Program cygnus_daq is not running
[fileCompressor,TALK] software alarm: Program cygnus_daq is not running
[fileCompressor,TALK] software alarm: Program cygnus_daq is not running
[fileCompressor,TALK] software alarm: Program cygnus_daq is not running
[fileCompressor,TALK] software alarm: Program cygnus_daq is not running
[fileCompressor,TALK] software alarm: Program cygnus_daq is not running
[fileCompressor,TALK] software alarm: Program cygnus_daq is not running
[fileCompressor,TALK] software alarm: Program cygnus_daq is not running
[fileCompressor,TALK] software alarm: Program cygnus_daq is not running
[fileCompressor,TALK] software alarm: Program cygnus_daq is not running
[fileCompressor,TALK] software alarm: Program cygnus_daq is not running
[fileCompressor,TALK] software alarm: Program cygnus_daq is not running
[fileCompressor,TALK] software alarm: Program cygnus_daq is not running
[fileCompressor,TALK] software alarm: Program cygnus_daq is not running
[fileCompressor,TALK] software alarm: Program cygnus_daq is not running
[fileCompressor,TALK] software alarm: Program cygnus_daq is not running
[fileCompressor,TALK] software alarm: Program cygnus_daq is not running
[fileCompressor,TALK] software alarm: Program cygnus_daq is not running
[fileCompressor,TALK] software alarm: Program cygnus_daq is not running
[fileCompressor,TALK] software alarm: Program cygnus_daq is not running
[fileCompressor,TALK] software alarm: Program cygnus_daq is not running
[fileCompressor,TALK] software alarm: Program cygnus_daq is not running
[fileCompressor,TALK] software alarm: Program cygnus_daq is not running
[fileCompressor,TALK] software alarm: Program cygnus_daq is not running
[fileCompressor,TALK] software alarm: Program cygnus_daq is not running
[fileCompressor,TALK] software alarm: Program cygnus_daq is not running
[fileCompressor,TALK] software alarm: Program cygnus_daq is not running
[fileCompressor,TALK] software alarm: Program cygnus_daq is not running
[fileCompressor,TALK] software alarm: Program cygnus_daq is not running
[fileCompressor,TALK] software alarm: Program cygnus_daq is not running
[fileCompressor,TALK] software alarm: Program cygnus_daq is not running
[fileCompressor,TALK] software alarm: Program cygnus_daq is not running
[fileCompressor,TALK] software alarm: Program cygnus_daq is not running
[fileCompressor,TALK] software alarm: Program cygnus_daq is not running
[fileCompressor,TALK] software alarm: Program cygnus_daq is not running
[fileCompressor,TALK] software alarm: Program cygnus_daq is not running
[fileCompressor,TALK] software alarm: Program cygnus_daq is not running
[fileCompressor,TALK] software alarm: Program cygnus_daq is not running
[fileCompressor,TALK] software alarm: Program cygnus_daq is not running
[fileCompressor,TALK] software alarm: Program cygnus_daq is not running
[fileCompressor,TALK] software alarm: Program cygnus_daq is not running
[fileCompressor,TALK] software alarm: Program cygnus_daq is not running
[fileCompressor,TALK] software alarm: Program cygnus_daq is not running
[fileCompressor,TALK] software alarm: Program cygnus_daq is not running
[fileCompressor,TALK] software alarm: Program cygnus_daq is not running
[fileCompressor,TALK] software alarm: Program cygnus_daq is not running
[fileCompressor,TALK] software alarm: Program cygnus_daq is not running
[fileCompressor,TALK] software alarm: Program cygnus_daq is not running
[fileCompressor,TALK] software alarm: Program cygnus_daq is not running
[fileCompressor,TALK] software alarm: Program cygnus_daq is not running
[fileCompressor,TALK] software alarm: Program cygnus_daq is not running
[fileCompressor,TALK] software alarm: Program cygnus_daq is not running
[fileCompressor,TALK] software alarm: Program cygnus_daq is not running
[fileCompressor,TALK] software alarm: Program cygnus_daq is not running
[fileCompressor,TALK] software alarm: Program cygnus_daq is not running
[fileCompressor,TALK] software alarm: Program cygnus_daq is not running
[fileCompressor,TALK] software alarm: Program cygnus_daq is not running
[fileCompressor,TALK] software alarm: Program cygnus_daq is not running
[fileCompressor,TALK] software alarm: Program cygnus_daq is not running
[fileCompressor,TALK] software alarm: Program cygnus_daq is not running
[fileCompressor,TALK] software alarm: Program cygnus_daq is not running
[fileCompressor,TALK] software alarm: Program cygnus_daq is not running
[fileCompressor,TALK] software alarm: Program cygnus_daq is not running
[fileCompressor,TALK] software alarm: Program cygnus_daq is not running
[fileCompressor,TALK] software alarm: Program cygnus_daq is not running
[fileCompressor,TALK] software alarm: Program cygnus_daq is not running
[fileCompressor,TALK] software alarm: Program cygnus_daq is not running
[fileCompressor,TALK] software alarm: Program cygnus_daq is not running
[fileCompressor,TALK] software alarm: Program cygnus_daq is not running
[fileCompressor,TALK] software alarm: Program cygnus_daq is not running
[fileCompressor,TALK] software alarm: Program cygnus_daq is not running
[fileCompressor,TALK] software alarm: Program cygnus_daq is not running
[fileCompressor,TALK] software alarm: Program cygnus_daq is not running
[fileCompressor,TALK] software alarm: Program cygnus_daq is not running
[fileCompressor,TALK] software alarm: Program cygnus_daq is not running
[fileCompressor,TALK] software alarm: Program cygnus_daq is not running
[fileCompressor,TALK] software alarm: Program cygnus_daq is not running
[fileCompressor,TALK] software alarm: Program cygnus_daq is not running
[fileCompressor,TALK] software alarm: Program cygnus_daq is not running
[fileCompressor,TALK] software alarm: Program cygnus_daq is not running
[fileCompressor,TALK] software alarm: Program cygnus_daq is not running
[fileCompressor,TALK] software alarm: Program cygnus_daq is not running
[fileCompressor,TALK] software alarm: Program cygnus_daq is not running
[fileCompressor,TALK] software alarm: Program cygnus_daq is not running
[fileCompressor,TALK] software alarm: Program cygnus_daq is not running
[fileCompressor,TALK] software alarm: Program cygnus_daq is not running
[fileCompressor,TALK] software alarm: Program cygnus_daq is not running
[fileCompressor,TALK] software alarm: Program cygnus_daq is not running
[fileCompressor,TALK] software alarm: Program cygnus_daq is not running
[fileCompressor,TALK] software alarm: Program cygnus_daq is not running
[fileCompressor,TALK] software alarm: Program cygnus_daq is not running
[fileCompressor,TALK] software alarm: Program cygnus_daq is not running
[fileCompressor,TALK] software alarm: Program cygnus_daq is not running
[fileCompressor,TALK] software alarm: Program cygnus_daq is not running
[fileCompressor,TALK] software alarm: Program cygnus_daq is not running
[fileCompressor,TALK] software alarm: Program cygnus_daq is not running
[fileCompressor,TALK] software alarm: Program cygnus_daq is not running
[fileCompressor,TALK] software alarm: Program cygnus_daq is not running
[fileCompressor,TALK] software alarm: Program cygnus_daq is not running
[fileCompressor,TALK] software alarm: Program cygnus_daq is not running
[fileCompressor,TALK] software alarm: Program cygnus_daq is not running
[fileCompressor,TALK] software alarm: Program cygnus_daq is not running
[fileCompressor,TALK] software alarm: Program cygnus_daq is not running
[fileCompressor,TALK] software alarm: Program cygnus_daq is not running
[fileCompressor,TALK] software alarm: Program cygnus_daq is not running
[fileCompressor,TALK] software alarm: Program cygnus_daq is not running
[fileCompressor,TALK] software alarm: Program cygnus_daq is not running
[fileCompressor,TALK] software alarm: Program cygnus_daq is not running
[fileCompressor,TALK] software alarm: Program cygnus_daq is not running
[fileCompressor,TALK] software alarm: Program cygnus_daq is not running
[fileCompressor,TALK] software alarm: Program cygnus_daq is not running
[fileCompressor,TALK] software alarm: Program cygnus_daq is not running
[fileCompressor,TALK] software alarm: Program cygnus_daq is not running
[fileCompressor,TALK] software alarm: Program cygnus_daq is not running
[fileCompressor,TALK] software alarm: Program cygnus_daq is not running
[fileCompressor,TALK] software alarm: Program cygnus_daq is not running
[fileCompressor,TALK] software alarm: Program cygnus_daq is not running
[fileCompressor,TALK] software alarm: Program cygnus_daq is not running
[fileCompressor,TALK] software alarm: Program cygnus_daq is not running
[fileCompressor,TALK] software alarm: Program cygnus_daq is not running
[fileCompressor,TALK] software alarm: Program cygnus_daq is not running
[fileCompressor,TALK] software alarm: Program cygnus_daq is not running
[fileCompressor,TALK] software alarm: Program cygnus_daq is not running
[fileCompressor,TALK] software alarm: Program cygnus_daq is not running
[fileCompressor,TALK] software alarm: Program cygnus_daq is not running
[fileCompressor,TALK] software alarm: Program cygnus_daq is not running
[fileCompressor,TALK] software alarm: Program cygnus_daq is not running
[fileCompressor,TALK] software alarm: Program cygnus_daq is not running
[fileCompressor,TALK] software alarm: Program cygnus_daq is not running
[fileCompressor,TALK] software alarm: Program cygnus_daq is not running
[fileCompressor,TALK] software alarm: Program cygnus_daq is not running
[fileCompressor,TALK] software alarm: Program cygnus_daq is not running
[fileCompressor,TALK] software alarm: Program cygnus_daq is not running
[fileCompressor,TALK] software alarm: Program cygnus_daq is not running
[fileCompressor,TALK] software alarm: Program cygnus_daq is not running
[fileCompressor,TALK] software alarm: Program cygnus_daq is not running
[fileCompressor,TALK] software alarm: Program cygnus_daq is not running
[fileCompressor,TALK] software alarm: Program cygnus_daq is not running
[fileCompressor,TALK] software alarm: Program cygnus_daq is not running
[fileCompressor,TALK] software alarm: Program cygnus_daq is not running
[fileCompressor,TALK] software alarm: Program cygnus_daq is not running
[fileCompressor,TALK] software alarm: Program cygnus_daq is not running
[fileCompressor,TALK] software alarm: Program cygnus_daq is not running
[fileCompressor,TALK] software alarm: Program cygnus_daq is not running
[fileCompressor,TALK] software alarm: Program cygnus_daq is not running
[fileCompressor,TALK] software alarm: Program cygnus_daq is not running
[fileCompressor,TALK] software alarm: Program cygnus_daq is not running
[fileCompressor,TALK] software alarm: Program cygnus_daq is not running
[fileCompressor,TALK] software alarm: Program cygnus_daq is not running
[fileCompressor,TALK] software alarm: Program cygnus_daq is not running
[fileCompressor,TALK] software alarm: Program cygnus_daq is not running
[fileCompressor,TALK] software alarm: Program cygnus_daq is not running
[fileCompressor,TALK] software alarm: Program cygnus_daq is not running
[fileCompressor,TALK] software alarm: Program cygnus_daq is not running
[fileCompressor,TALK] software alarm: Program cygnus_daq is not running
[fileCompressor,TALK] software alarm: Program cygnus_daq is not running
[fileCompressor,TALK] software alarm: Program cygnus_daq is not running
[fileCompressor,TALK] software alarm: Program cygnus_daq is not running
[fileCompressor,TALK] software alarm: Program cygnus_daq is not running
[fileCompressor,TALK] software alarm: Program cygnus_daq is not running
[fileCompressor,TALK] software alarm: Program cygnus_daq is not running
[fileCompressor,TALK] software alarm: Program cygnus_daq is not running
[fileCompressor,TALK] software alarm: Program cygnus_daq is not running
[fileCompressor,TALK] software alarm: Program cygnus_daq is not running
[fileCompressor,TALK] software alarm: Program cygnus_daq is not running
[fileCompressor,TALK] software alarm: Program cygnus_daq is not running
[fileCompressor,TALK] software alarm: Program cygnus_daq is not running
[fileCompressor,TALK] software alarm: Program cygnus_daq is not running
[fileCompressor,TALK] software alarm: Program cygnus_daq is not running
[fileCompressor,TALK] software alarm: Program cygnus_daq is not running
[fileCompressor,TALK] software alarm: Program cygnus_daq is not running
[fileCompressor,TALK] software alarm: Program cygnus_daq is not running
[fileCompressor,TALK] software alarm: Program cygnus_daq is not running
[fileCompressor,TALK] software alarm: Program cygnus_daq is not running
[fileCompressor,TALK] software alarm: Program cygnus_daq is not running
[fileCompressor,TALK] software alarm: Program cygnus_daq is not running
[fileCompressor,TALK] software alarm: Program cygnus_daq is not running
[fileCompressor,TALK] software alarm: Program cygnus_daq is not running
[fileCompressor,TALK] software alarm: Program cygnus_daq is not running
[fileCompressor,TALK] software alarm: Program cygnus_daq is not running
[fileCompressor,TALK] software alarm: Program cygnus_daq is not running
[fileCompressor,TALK] software alarm: Program cygnus_daq is not running
[fileCompressor,TALK] software alarm: Program cygnus_daq is not running
[fileCompressor,TALK] software alarm: Program cygnus_daq is not running
[fileCompressor,TALK] software alarm: Program cygnus_daq is not running
[fileCompressor,TALK] software alarm: Program cygnus_daq is not running
[fileCompressor,TALK] software alarm: Program cygnus_daq is not running
[fileCompressor,TALK] software alarm: Program cygnus_daq is not running
[fileCompressor,TALK] software alarm: Program cygnus_daq is not running
[fileCompressor,TALK] software alarm: Program cygnus_daq is not running
[fileCompressor,TALK] software alarm: Program cygnus_daq is not running
[fileCompressor,TALK] software alarm: Program cygnus_daq is not running
[fileCompressor,TALK] software alarm: Program cygnus_daq is not running
[fileCompressor,TALK] software alarm: Program cygnus_daq is not running
[fileCompressor,TALK] software alarm: Program cygnus_daq is not running
[fileCompressor,TALK] software alarm: Program cygnus_daq is not running
[fileCompressor,TALK] software alarm: Program cygnus_daq is not running
[fileCompressor,TALK] software alarm: Program cygnus_daq is not running
[fileCompressor,TALK] software alarm: Program cygnus_daq is not running
[fileCompressor,TALK] software alarm: Program cygnus_daq is not running
[fileCompressor,TALK] software alarm: Program cygnus_daq is not running
[fileCompressor,TALK] software alarm: Program cygnus_daq is not running
[fileCompressor,TALK] software alarm: Program cygnus_daq is not running
[fileCompressor,TALK] software alarm: Program cygnus_daq is not running
[fileCompressor,TALK] software alarm: Program cygnus_daq is not running
[fileCompressor,TALK] software alarm: Program cygnus_daq is not running
[fileCompressor,TALK] software alarm: Program cygnus_daq is not running
[fileCompressor,TALK] software alarm: Program cygnus_daq is not running
[fileCompressor,TALK] software alarm: Program cygnus_daq is not running
[fileCompressor,TALK] software alarm: Program cygnus_daq is not running
[fileCompressor,TALK] software alarm: Program cygnus_daq is not running
[fileCompressor,TALK] software alarm: Program cygnus_daq is not running
[fileCompressor,TALK] software alarm: Program cygnus_daq is not running
[fileCompressor,TALK] software alarm: Program cygnus_daq is not running
[fileCompressor,TALK] software alarm: Program cygnus_daq is not running
[fileCompressor,TALK] software alarm: Program cygnus_daq is not running
[fileCompressor,TALK] software alarm: Program cygnus_daq is not running
[fileCompressor,TALK] software alarm: Program cygnus_daq is not running
[fileCompressor,TALK] software alarm: Program cygnus_daq is not running
[fileCompressor,TALK] software alarm: Program cygnus_daq is not running
[fileCompressor,TALK] software alarm: Program cygnus_daq is not running
[fileCompressor,TALK] software alarm: Program cygnus_daq is not running
[fileCompressor,TALK] software alarm: Program cygnus_daq is not running
[fileCompressor,TALK] software alarm: Program cygnus_daq is not running
[fileCompressor,TALK] software alarm: Program cygnus_daq is not running
[fileCompressor,TALK] software alarm: Program cygnus_daq is not running
[fileCompressor,TALK] software alarm: Program cygnus_daq is not running
[fileCompressor,TALK] software alarm: Program cygnus_daq is not running
[fileCompressor,TALK] software alarm: Program cygnus_daq is not running
[fileCompressor,TALK] software alarm: Program cygnus_daq is not running
[fileCompressor,TALK] software alarm: Program cygnus_daq is not running
[fileCompressor,TALK] software alarm: Program cygnus_daq is not running
[fileCompressor,TALK] software alarm: Program cygnus_daq is not running
[fileCompressor,TALK] software alarm: Program cygnus_daq is not running
[fileCompressor,TALK] software alarm: Program cygnus_daq is not running
[fileCompressor,TALK] software alarm: Program cygnus_daq is not running
[fileCompressor,TALK] software alarm: Program cygnus_daq is not running
[fileCompressor,TALK] software alarm: Program cygnus_daq is not running
[fileCompressor,TALK] software alarm: Program cygnus_daq is not running
[fileCompressor,TALK] software alarm: Program cygnus_daq is not running
[fileCompressor,TALK] software alarm: Program cygnus_daq is not running
[fileCompressor,TALK] software alarm: Program cygnus_daq is not running
[fileCompressor,TALK] software alarm: Program cygnus_daq is not running
[fileCompressor,TALK] software alarm: Program cygnus_daq is not running
[fileCompressor,TALK] software alarm: Program cygnus_daq is not running
[fileCompressor,TALK] software alarm: Program cygnus_daq is not running
[fileCompressor,TALK] software alarm: Program cygnus_daq is not running
[fileCompressor,TALK] software alarm: Program cygnus_daq is not running
[fileCompressor,TALK] software alarm: Program cygnus_daq is not running
[fileCompressor,TALK] software alarm: Program cygnus_daq is not running
[fileCompressor,TALK] software alarm: Program cygnus_daq is not running
[fileCompressor,TALK] software alarm: Program cygnus_daq is not running
[fileCompressor,TALK] software alarm: Program cygnus_daq is not running
[fileCompressor,TALK] software alarm: Program cygnus_daq is not running
[fileCompressor,TALK] software alarm: Program cygnus_daq is not running
[fileCompressor,TALK] software alarm: Program cygnus_daq is not running
[fileCompressor,TALK] software alarm: Program cygnus_daq is not running
[fileCompressor,TALK] software alarm: Program cygnus_daq is not running
[fileCompressor,TALK] software alarm: Program cygnus_daq is not running
[fileCompressor,TALK] software alarm: Program cygnus_daq is not running
[fileCompressor,TALK] software alarm: Program cygnus_daq is not running
[fileCompressor,TALK] software alarm: Program cygnus_daq is not running
[fileCompressor,TALK] software alarm: Program cygnus_daq is not running
[fileCompressor,TALK] software alarm: Program cygnus_daq is not running
[fileCompressor,TALK] software alarm: Program cygnus_daq is not running
[fileCompressor,TALK] software alarm: Program cygnus_daq is not running
[fileCompressor,TALK] software alarm: Program cygnus_daq is not running
[fileCompressor,TALK] software alarm: Program cygnus_daq is not running
[fileCompressor,TALK] software alarm: Program cygnus_daq is not running
[fileCompressor,TALK] software alarm: Program cygnus_daq is not running
[fileCompressor,TALK] software alarm: Program cygnus_daq is not running
[fileCompressor,TALK] software alarm: Program cygnus_daq is not running
[fileCompressor,TALK] software alarm: Program cygnus_daq is not running
[fileCompressor,TALK] software alarm: Program cygnus_daq is not running
[fileCompressor,TALK] software alarm: Program cygnus_daq is not running
[fileCompressor,TALK] software alarm: Program cygnus_daq is not running
[fileCompressor,TALK] software alarm: Program cygnus_daq is not running
[fileCompressor,TALK] software alarm: Program cygnus_daq is not running
[fileCompressor,TALK] software alarm: Program cygnus_daq is not running
[fileCompressor,TALK] software alarm: Program cygnus_daq is not running
[fileCompressor,TALK] software alarm: Program cygnus_daq is not running
[fileCompressor,TALK] software alarm: Program cygnus_daq is not running
[fileCompressor,TALK] software alarm: Program cygnus_daq is not running
[fileCompressor,TALK] software alarm: Program cygnus_daq is not running
[fileCompressor,TALK] software alarm: Program cygnus_daq is not running
[fileCompressor,TALK] software alarm: Program cygnus_daq is not running
[fileCompressor,TALK] software alarm: Program cygnus_daq is not running
[fileCompressor,TALK] software alarm: Program cygnus_daq is not running
[fileCompressor,TALK] software alarm: Program cygnus_daq is not running
[fileCompressor,TALK] software alarm: Program cygnus_daq is not running
[fileCompressor,TALK] software alarm: Program cygnus_daq is not running
[fileCompressor,TALK] software alarm: Program cygnus_daq is not running
[fileCompressor,TALK] software alarm: Program cygnus_daq is not running
[fileCompressor,TALK] software alarm: Program cygnus_daq is not running
[fileCompressor,TALK] software alarm: Program cygnus_daq is not running
[fileCompressor,TALK] software alarm: Program cygnus_daq is not running
[fileCompressor,TALK] software alarm: Program cygnus_daq is not running
[fileCompressor,TALK] software alarm: Program cygnus_daq is not running
[fileCompressor,TALK] software alarm: Program cygnus_daq is not running
[fileCompressor,TALK] software alarm: Program cygnus_daq is not running
[fileCompressor,TALK] software alarm: Program cygnus_daq is not running
[fileCompressor,TALK] software alarm: Program cygnus_daq is not running
[fileCompressor,TALK] software alarm: Program cygnus_daq is not running
[fileCompressor,TALK] software alarm: Program cygnus_daq is not running
[fileCompressor,TALK] software alarm: Program cygnus_daq is not running
[fileCompressor,TALK] software alarm: Program cygnus_daq is not running
[fileCompressor,TALK] software alarm: Program cygnus_daq is not running
[fileCompressor,TALK] software alarm: Program cygnus_daq is not running
[fileCompressor,TALK] software alarm: Program cygnus_daq is not running
[fileCompressor,TALK] software alarm: Program cygnus_daq is not running
[fileCompressor,TALK] software alarm: Program cygnus_daq is not running
[fileCompressor,TALK] software alarm: Program cygnus_daq is not running
[fileCompressor,TALK] software alarm: Program cygnus_daq is not running
[fileCompressor,TALK] software alarm: Program cygnus_daq is not running
[fileCompressor,TALK] software alarm: Program cygnus_daq is not running
[fileCompressor,TALK] software alarm: Program cygnus_daq is not running
[fileCompressor,TALK] software alarm: Program cygnus_daq is not running
[fileCompressor,TALK] software alarm: Program cygnus_daq is not running
[fileCompressor,TALK] software alarm: Program cygnus_daq is not running
[fileCompressor,TALK] software alarm: Program cygnus_daq is not running
[fileCompressor,TALK] software alarm: Program cygnus_daq is not running
[fileCompressor,TALK] software alarm: Program cygnus_daq is not running
[fileCompressor,TALK] software alarm: Program cygnus_daq is not running
[fileCompressor,TALK] software alarm: Program cygnus_daq is not running
[fileCompressor,TALK] software alarm: Program cygnus_daq is not running
[fileCompressor,TALK] software alarm: Program cygnus_daq is not running
[fileCompressor,TALK] software alarm: Program cygnus_daq is not running
[fileCompressor,TALK] software alarm: Program cygnus_daq is not running
[fileCompressor,TALK] software alarm: Program cygnus_daq is not running
[fileCompressor,TALK] software alarm: Program cygnus_daq is not running
[fileCompressor,TALK] software alarm: Program cygnus_daq is not running
[fileCompressor,TALK] software alarm: Program cygnus_daq is not running
[fileCompressor,TALK] software alarm: Program cygnus_daq is not running
[fileCompressor,TALK] software alarm: Program cygnus_daq is not running
[fileCompressor,TALK] software alarm: Program cygnus_daq is not running
[fileCompressor,TALK] software alarm: Program cygnus_daq is not running
[fileCompressor,TALK] software alarm: Program cygnus_daq is not running
[fileCompressor,TALK] software alarm: Program cygnus_daq is not running
[fileCompressor,TALK] software alarm: Program cygnus_daq is not running
[fileCompressor,TALK] software alarm: Program cygnus_daq is not running
[fileCompressor,TALK] software alarm: Program cygnus_daq is not running
[fileCompressor,TALK] software alarm: Program cygnus_daq is not running
[fileCompressor,TALK] software alarm: Program cygnus_daq is not running
[fileCompressor,TALK] software alarm: Program cygnus_daq is not running
[fileCompressor,TALK] software alarm: Program cygnus_daq is not running
[fileCompressor,TALK] software alarm: Program cygnus_daq is not running
[fileCompressor,TALK] software alarm: Program cygnus_daq is not running
[fileCompressor,TALK] software alarm: Program cygnus_daq is not running
[fileCompressor,TALK] software alarm: Program cygnus_daq is not running
[fileCompressor,TALK] software alarm: Program cygnus_daq is not running
[fileCompressor,TALK] software alarm: Program cygnus_daq is not running
[fileCompressor,TALK] software alarm: Program cygnus_daq is not running
[fileCompressor,TALK] software alarm: Program cygnus_daq is not running
[fileCompressor,TALK] software alarm: Program cygnus_daq is not running
[fileCompressor,TALK] software alarm: Program cygnus_daq is not running
[fileCompressor,TALK] software alarm: Program cygnus_daq is not running
[fileCompressor,TALK] software alarm: Program cygnus_daq is not running
[fileCompressor,TALK] software alarm: Program cygnus_daq is not running
[fileCompressor,TALK] software alarm: Program cygnus_daq is not running
[fileCompressor,TALK] software alarm: Program cygnus_daq is not running
[fileCompressor,TALK] software alarm: Program cygnus_daq is not running
[fileCompressor,TALK] software alarm: Program cygnus_daq is not running
[fileCompressor,TALK] software alarm: Program cygnus_daq is not running
[fileCompressor,TALK] software alarm: Program cygnus_daq is not running
[fileCompressor,TALK] software alarm: Program cygnus_daq is not running
[fileCompressor,TALK] software alarm: Program cygnus_daq is not running
[fileCompressor,TALK] software alarm: Program cygnus_daq is not running
[fileCompressor,TALK] software alarm: Program cygnus_daq is not running
[fileCompressor,TALK] software alarm: Program cygnus_daq is not running
[fileCompressor,TALK] software alarm: Program cygnus_daq is not running
[fileCompressor,TALK] software alarm: Program cygnus_daq is not running
[fileCompressor,TALK] software alarm: Program cygnus_daq is not running
[fileCompressor,TALK] software alarm: Program cygnus_daq is not running
[fileCompressor,TALK] software alarm: Program cygnus_daq is not running
[fileCompressor,TALK] software alarm: Program cygnus_daq is not running
[fileCompressor,TALK] software alarm: Program cygnus_daq is not running
[fileCompressor,TALK] software alarm: Program cygnus_daq is not running
[fileCompressor,TALK] software alarm: Program cygnus_daq is not running
[fileCompressor,TALK] software alarm: Program cygnus_daq is not running
[fileCompressor,TALK] software alarm: Program cygnus_daq is not running
[fileCompressor,TALK] software alarm: Program cygnus_daq is not running
[fileCompressor,TALK] software alarm: Program cygnus_daq is not running
[fileCompressor,TALK] software alarm: Program cygnus_daq is not running
[fileCompressor,TALK] software alarm: Program cygnus_daq is not running
[fileCompressor,TALK] software alarm: Program cygnus_daq is not running
[fileCompressor,TALK] software alarm: Program cygnus_daq is not running
[fileCompressor,TALK] software alarm: Program cygnus_daq is not running
[fileCompressor,TALK] software alarm: Program cygnus_daq is not running
[fileCompressor,TALK] software alarm: Program cygnus_daq is not running
[fileCompressor,TALK] software alarm: Program cygnus_daq is not running
[fileCompressor,TALK] software alarm: Program cygnus_daq is not running
[fileCompressor,TALK] software alarm: Program cygnus_daq is not running
[fileCompressor,TALK] software alarm: Program cygnus_daq is not running
[fileCompressor,TALK] software alarm: Program cygnus_daq is not running
[fileCompressor,TALK] software alarm: Program cygnus_daq is not running
[fileCompressor,TALK] software alarm: Program cygnus_daq is not running
[fileCompressor,TALK] software alarm: Program cygnus_daq is not running
[fileCompressor,TALK] software alarm: Program cygnus_daq is not running
[fileCompressor,TALK] software alarm: Program cygnus_daq is not running
[fileCompressor,TALK] software alarm: Program cygnus_daq is not running
[fileCompressor,TALK] software alarm: Program cygnus_daq is not running
[fileCompressor,TALK] software alarm: Program cygnus_daq is not running
[fileCompressor,TALK] software alarm: Program cygnus_daq is not running
[fileCompressor,TALK] software alarm: Program cygnus_daq is not running
[fileCompressor,TALK] software alarm: Program cygnus_daq is not running
[fileCompressor,TALK] software alarm: Program cygnus_daq is not running
[fileCompressor,TALK] software alarm: Program cygnus_daq is not running
[fileCompressor,TALK] software alarm: Program cygnus_daq is not running
[fileCompressor,TALK] software alarm: Program cygnus_daq is not running
[fileCompressor,TALK] software alarm: Program cygnus_daq is not running
[fileCompressor,TALK] software alarm: Program cygnus_daq is not running
[fileCompressor,TALK] software alarm: Program cygnus_daq is not running
[fileCompressor,TALK] software alarm: Program cygnus_daq is not running
[fileCompressor,TALK] software alarm: Program cygnus_daq is not running
[fileCompressor,TALK] software alarm: Program cygnus_daq is not running
[fileCompressor,TALK] software alarm: Program cygnus_daq is not running
[fileCompressor,TALK] software alarm: Program cygnus_daq is not running
[fileCompressor,TALK] software alarm: Program cygnus_daq is not running
[fileCompressor,TALK] software alarm: Program cygnus_daq is not running
[fileCompressor,TALK] software alarm: Program cygnus_daq is not running
[fileCompressor,TALK] software alarm: Program cygnus_daq is not running
[fileCompressor,TALK] software alarm: Program cygnus_daq is not running
[fileCompressor,TALK] software alarm: Program cygnus_daq is not running
[fileCompressor,TALK] software alarm: Program cygnus_daq is not running
[fileCompressor,TALK] software alarm: Program cygnus_daq is not running
[fileCompressor,TALK] software alarm: Program cygnus_daq is not running
[fileCompressor,TALK] software alarm: Program cygnus_daq is not running
[fileCompressor,TALK] software alarm: Program cygnus_daq is not running
[fileCompressor,TALK] software alarm: Program cygnus_daq is not running
[fileCompressor,TALK] software alarm: Program cygnus_daq is not running
[fileCompressor,TALK] software alarm: Program cygnus_daq is not running
[fileCompressor,TALK] software alarm: Program cygnus_daq is not running
[fileCompressor,TALK] software alarm: Program cygnus_daq is not running
[fileCompressor,TALK] software alarm: Program cygnus_daq is not running
[fileCompressor,TALK] software alarm: Program cygnus_daq is not running
[fileCompressor,TALK] software alarm: Program cygnus_daq is not running
[fileCompressor,TALK] software alarm: Program cygnus_daq is not running
[fileCompressor,TALK] software alarm: Program cygnus_daq is not running
[fileCompressor,TALK] software alarm: Program cygnus_daq is not running
[fileCompressor,TALK] software alarm: Program cygnus_daq is not running
[fileCompressor,TALK] software alarm: Program cygnus_daq is not running
[fileCompressor,TALK] software alarm: Program cygnus_daq is not running
[fileCompressor,TALK] software alarm: Program cygnus_daq is not running
[fileCompressor,TALK] software alarm: Program cygnus_daq is not running
[fileCompressor,TALK] software alarm: Program cygnus_daq is not running
[fileCompressor,TALK] software alarm: Program cygnus_daq is not running
[fileCompressor,TALK] software alarm: Program cygnus_daq is not running
[fileCompressor,TALK] software alarm: Program cygnus_daq is not running
[fileCompressor,TALK] software alarm: Program cygnus_daq is not running
[fileCompressor,TALK] software alarm: Program cygnus_daq is not running
[fileCompressor,TALK] software alarm: Program cygnus_daq is not running
[fileCompressor,TALK] software alarm: Program cygnus_daq is not running
[fileCompressor,TALK] software alarm: Program cygnus_daq is not running
[fileCompressor,TALK] software alarm: Program cygnus_daq is not running
[fileCompressor,TALK] software alarm: Program cygnus_daq is not running
[fileCompressor,TALK] software alarm: Program cygnus_daq is not running
[fileCompressor,TALK] software alarm: Program cygnus_daq is not running
[fileCompressor,TALK] software alarm: Program cygnus_daq is not running
[fileCompressor,TALK] software alarm: Program cygnus_daq is not running
[fileCompressor,TALK] software alarm: Program cygnus_daq is not running
[fileCompressor,TALK] software alarm: Program cygnus_daq is not running
[fileCompressor,TALK] software alarm: Program cygnus_daq is not running
[fileCompressor,TALK] software alarm: Program cygnus_daq is not running
[fileCompressor,TALK] software alarm: Program cygnus_daq is not running
[fileCompressor,TALK] software alarm: Program cygnus_daq is not running
[fileCompressor,TALK] software alarm: Program cygnus_daq is not running
[fileCompressor,TALK] software alarm: Program cygnus_daq is not running
[fileCompressor,TALK] software alarm: Program cygnus_daq is not running
[fileCompressor,TALK] software alarm: Program cygnus_daq is not running
[fileCompressor,TALK] software alarm: Program cygnus_daq is not running
[fileCompressor,TALK] software alarm: Program cygnus_daq is not running
[fileCompressor,TALK] software alarm: Program cygnus_daq is not running
[fileCompressor,TALK] software alarm: Program cygnus_daq is not running
[fileCompressor,TALK] software alarm: Program cygnus_daq is not running
[fileCompressor,TALK] software alarm: Program cygnus_daq is not running
[fileCompressor,TALK] software alarm: Program cygnus_daq is not running
[fileCompressor,TALK] software alarm: Program cygnus_daq is not running
[fileCompressor,TALK] software alarm: Program cygnus_daq is not running
[fileCompressor,TALK] software alarm: Program cygnus_daq is not running
[fileCompressor,TALK] software alarm: Program cygnus_daq is not running
[fileCompressor,TALK] software alarm: Program cygnus_daq is not running
[fileCompressor,TALK] software alarm: Program cygnus_daq is not running
[fileCompressor,TALK] software alarm: Program cygnus_daq is not running
[fileCompressor,TALK] software alarm: Program cygnus_daq is not running
[fileCompressor,TALK] software alarm: Program cygnus_daq is not running
[fileCompressor,TALK] software alarm: Program cygnus_daq is not running
[fileCompressor,TALK] software alarm: Program cygnus_daq is not running
[fileCompressor,TALK] software alarm: Program cygnus_daq is not running
[fileCompressor,TALK] software alarm: Program cygnus_daq is not running
[fileCompressor,TALK] software alarm: Program cygnus_daq is not running
[fileCompressor,TALK] software alarm: Program cygnus_daq is not running
[fileCompressor,TALK] software alarm: Program cygnus_daq is not running
[fileCompressor,TALK] software alarm: Program cygnus_daq is not running
[fileCompressor,TALK] software alarm: Program cygnus_daq is not running
[fileCompressor,TALK] software alarm: Program cygnus_daq is not running
[fileCompressor,TALK] software alarm: Program cygnus_daq is not running
[fileCompressor,TALK] software alarm: Program cygnus_daq is not running
[fileCompressor,TALK] software alarm: Program cygnus_daq is not running
[fileCompressor,TALK] software alarm: Program cygnus_daq is not running
[fileCompressor,TALK] software alarm: Program cygnus_daq is not running
[fileCompressor,TALK] software alarm: Program cygnus_daq is not running
[fileCompressor,TALK] software alarm: Program cygnus_daq is not running
[fileCompressor,TALK] software alarm: Program cygnus_daq is not running
[fileCompressor,TALK] software alarm: Program cygnus_daq is not running
[fileCompressor,TALK] software alarm: Program cygnus_daq is not running
[fileCompressor,TALK] software alarm: Program cygnus_daq is not running
[fileCompressor,TALK] software alarm: Program cygnus_daq is not running
[fileCompressor,TALK] software alarm: Program cygnus_daq is not running
[fileCompressor,TALK] software alarm: Program cygnus_daq is not running
[fileCompressor,TALK] software alarm: Program cygnus_daq is not running
[fileCompressor,TALK] software alarm: Program cygnus_daq is not running
[fileCompressor,TALK] software alarm: Program cygnus_daq is not running
[fileCompressor,TALK] software alarm: Program cygnus_daq is not running
[fileCompressor,TALK] software alarm: Program cygnus_daq is not running
[fileCompressor,TALK] software alarm: Program cygnus_daq is not running
[fileCompressor,TALK] software alarm: Program cygnus_daq is not running
[fileCompressor,TALK] software alarm: Program cygnus_daq is not running
[fileCompressor,TALK] software alarm: Program cygnus_daq is not running
[fileCompressor,TALK] software alarm: Program cygnus_daq is not running
[fileCompressor,TALK] software alarm: Program cygnus_daq is not running
[fileCompressor,TALK] software alarm: Program cygnus_daq is not running
[fileCompressor,TALK] software alarm: Program cygnus_daq is not running
[fileCompressor,TALK] software alarm: Program cygnus_daq is not running
[fileCompressor,TALK] software alarm: Program cygnus_daq is not running
[fileCompressor,TALK] software alarm: Program cygnus_daq is not running
[fileCompressor,TALK] software alarm: Program cygnus_daq is not running
[fileCompressor,TALK] software alarm: Program cygnus_daq is not running
[fileCompressor,TALK] software alarm: Program cygnus_daq is not running
[fileCompressor,TALK] software alarm: Program cygnus_daq is not running
[fileCompressor,TALK] software alarm: Program cygnus_daq is not running
[fileCompressor,TALK] software alarm: Program cygnus_daq is not running
[fileCompressor,TALK] software alarm: Program cygnus_daq is not running
[fileCompressor,TALK] software alarm: Program cygnus_daq is not running
[fileCompressor,TALK] software alarm: Program cygnus_daq is not running
[fileCompressor,TALK] software alarm: Program cygnus_daq is not running
[fileCompressor,TALK] software alarm: Program cygnus_daq is not running
[fileCompressor,TALK] software alarm: Program cygnus_daq is not running
[fileCompressor,TALK] software alarm: Program cygnus_daq is not running
[fileCompressor,TALK] software alarm: Program cygnus_daq is not running
[fileCompressor,TALK] software alarm: Program cygnus_daq is not running
[fileCompressor,TALK] software alarm: Program cygnus_daq is not running
[fileCompressor,TALK] software alarm: Program cygnus_daq is not running
[fileCompressor,TALK] software alarm: Program cygnus_daq is not running
[fileCompressor,TALK] software alarm: Program cygnus_daq is not running
[fileCompressor,TALK] software alarm: Program cygnus_daq is not running
[fileCompressor,TALK] software alarm: Program cygnus_daq is not running
[fileCompressor,TALK] software alarm: Program cygnus_daq is not running
[fileCompressor,TALK] software alarm: Program cygnus_daq is not running
[fileCompressor,TALK] software alarm: Program cygnus_daq is not running
[fileCompressor,TALK] software alarm: Program cygnus_daq is not running
[fileCompressor,TALK] software alarm: Program cygnus_daq is not running
[fileCompressor,TALK] software alarm: Program cygnus_daq is not running
[fileCompressor,TALK] software alarm: Program cygnus_daq is not running
[fileCompressor,TALK] software alarm: Program cygnus_daq is not running
[fileCompressor,TALK] software alarm: Program cygnus_daq is not running
[fileCompressor,TALK] software alarm: Program cygnus_daq is not running
[fileCompressor,TALK] software alarm: Program cygnus_daq is not running
[fileCompressor,TALK] software alarm: Program cygnus_daq is not running
[fileCompressor,TALK] software alarm: Program cygnus_daq is not running
[fileCompressor,TALK] software alarm: Program cygnus_daq is not running
[fileCompressor,TALK] software alarm: Program cygnus_daq is not running
[fileCompressor,TALK] software alarm: Program cygnus_daq is not running
[fileCompressor,TALK] software alarm: Program cygnus_daq is not running
[fileCompressor,TALK] software alarm: Program cygnus_daq is not running
[fileCompressor,TALK] software alarm: Program cygnus_daq is not running
[fileCompressor,TALK] software alarm: Program cygnus_daq is not running
[fileCompressor,TALK] software alarm: Program cygnus_daq is not running
[fileCompressor,TALK] software alarm: Program cygnus_daq is not running
[fileCompressor,TALK] software alarm: Program cygnus_daq is not running
[fileCompressor,TALK] software alarm: Program cygnus_daq is not running
[fileCompressor,TALK] software alarm: Program cygnus_daq is not running
[fileCompressor,TALK] software alarm: Program cygnus_daq is not running
[fileCompressor,TALK] software alarm: Program cygnus_daq is not running
[fileCompressor,TALK] software alarm: Program cygnus_daq is not running
[fileCompressor,TALK] software alarm: Program cygnus_daq is not running
[fileCompressor,TALK] software alarm: Program cygnus_daq is not running
[fileCompressor,TALK] software alarm: Program cygnus_daq is not running
[fileCompressor,TALK] software alarm: Program cygnus_daq is not running
[fileCompressor,TALK] software alarm: Program cygnus_daq is not running
[fileCompressor,TALK] software alarm: Program cygnus_daq is not running
[fileCompressor,TALK] software alarm: Program cygnus_daq is not running
[fileCompressor,TALK] software alarm: Program cygnus_daq is not running
[fileCompressor,TALK] software alarm: Program cygnus_daq is not running
[fileCompressor,TALK] software alarm: Program cygnus_daq is not running
[fileCompressor,TALK] software alarm: Program cygnus_daq is not running
[fileCompressor,TALK] software alarm: Program cygnus_daq is not running
[fileCompressor,TALK] software alarm: Program cygnus_daq is not running
[fileCompressor,TALK] software alarm: Program cygnus_daq is not running
[fileCompressor,TALK] software alarm: Program cygnus_daq is not running
[fileCompressor,TALK] software alarm: Program cygnus_daq is not running
[fileCompressor,TALK] software alarm: Program cygnus_daq is not running
[fileCompressor,TALK] software alarm: Program cygnus_daq is not running
[fileCompressor,TALK] software alarm: Program cygnus_daq is not running
[fileCompressor,TALK] software alarm: Program cygnus_daq is not running
[fileCompressor,TALK] software alarm: Program cygnus_daq is not running
[fileCompressor,TALK] software alarm: Program cygnus_daq is not running
[fileCompressor,TALK] software alarm: Program cygnus_daq is not running
[fileCompressor,TALK] software alarm: Program cygnus_daq is not running
[fileCompressor,TALK] software alarm: Program cygnus_daq is not running
[fileCompressor,TALK] software alarm: Program cygnus_daq is not running
[fileCompressor,TALK] software alarm: Program cygnus_daq is not running
[fileCompressor,TALK] software alarm: Program cygnus_daq is not running
[fileCompressor,TALK] software alarm: Program cygnus_daq is not running
[fileCompressor,TALK] software alarm: Program cygnus_daq is not running
[fileCompressor,TALK] software alarm: Program cygnus_daq is not running
[fileCompressor,TALK] software alarm: Program cygnus_daq is not running
[fileCompressor,TALK] software alarm: Program cygnus_daq is not running
[fileCompressor,TALK] software alarm: Program cygnus_daq is not running
[fileCompressor,TALK] software alarm: Program cygnus_daq is not running
[fileCompressor,TALK] software alarm: Program cygnus_daq is not running
[fileCompressor,TALK] software alarm: Program cygnus_daq is not running
[fileCompressor,TALK] software alarm: Program cygnus_daq is not running
[fileCompressor,TALK] software alarm: Program cygnus_daq is not running
[fileCompressor,TALK] software alarm: Program cygnus_daq is not running
[fileCompressor,TALK] software alarm: Program cygnus_daq is not running
[fileCompressor,TALK] software alarm: Program cygnus_daq is not running
[fileCompressor,TALK] software alarm: Program cygnus_daq is not running
[fileCompressor,TALK] software alarm: Program cygnus_daq is not running
[fileCompressor,TALK] software alarm: Program cygnus_daq is not running
[fileCompressor,TALK] software alarm: Program cygnus_daq is not running
[fileCompressor,TALK] software alarm: Program cygnus_daq is not running
[fileCompressor,TALK] software alarm: Program cygnus_daq is not running
[fileCompressor,TALK] software alarm: Program cygnus_daq is not running
[fileCompressor,TALK] software alarm: Program cygnus_daq is not running
[fileCompressor,TALK] software alarm: Program cygnus_daq is not running
[fileCompressor,TALK] software alarm: Program cygnus_daq is not running
[fileCompressor,TALK] software alarm: Program cygnus_daq is not running
[fileCompressor,TALK] software alarm: Program cygnus_daq is not running
[fileCompressor,TALK] software alarm: Program cygnus_daq is not running
[fileCompressor,TALK] software alarm: Program cygnus_daq is not running
[fileCompressor,TALK] software alarm: Program cygnus_daq is not running
[fileCompressor,TALK] software alarm: Program cygnus_daq is not running
[fileCompressor,TALK] software alarm: Program cygnus_daq is not running
[fileCompressor,TALK] software alarm: Program cygnus_daq is not running
[fileCompressor,TALK] software alarm: Program cygnus_daq is not running
[fileCompressor,TALK] software alarm: Program cygnus_daq is not running
[fileCompressor,TALK] software alarm: Program cygnus_daq is not running
[fileCompressor,TALK] software alarm: Program cygnus_daq is not running
[fileCompressor,TALK] software alarm: Program cygnus_daq is not running
[fileCompressor,TALK] software alarm: Program cygnus_daq is not running
[fileCompressor,TALK] software alarm: Program cygnus_daq is not running
[fileCompressor,TALK] software alarm: Program cygnus_daq is not running
[fileCompressor,TALK] software alarm: Program cygnus_daq is not running
[fileCompressor,TALK] software alarm: Program cygnus_daq is not running
[fileCompressor,TALK] software alarm: Program cygnus_daq is not running
[fileCompressor,TALK] software alarm: Program cygnus_daq is not running
[fileCompressor,TALK] software alarm: Program cygnus_daq is not running
[fileCompressor,TALK] software alarm: Program cygnus_daq is not running
[fileCompressor,TALK] software alarm: Program cygnus_daq is not running
[fileCompressor,TALK] software alarm: Program cygnus_daq is not running
[fileCompressor,TALK] software alarm: Program cygnus_daq is not running
[fileCompressor,TALK] software alarm: Program cygnus_daq is not running
[fileCompressor,TALK] software alarm: Program cygnus_daq is not running
[fileCompressor,TALK] software alarm: Program cygnus_daq is not running
[fileCompressor,TALK] software alarm: Program cygnus_daq is not running
[fileCompressor,TALK] software alarm: Program cygnus_daq is not running
[fileCompressor,TALK] software alarm: Program cygnus_daq is not running
[fileCompressor,TALK] software alarm: Program cygnus_daq is not running
[fileCompressor,TALK] software alarm: Program cygnus_daq is not running
[fileCompressor,TALK] software alarm: Program cygnus_daq is not running
[fileCompressor,TALK] software alarm: Program cygnus_daq is not running
[fileCompressor,TALK] software alarm: Program cygnus_daq is not running
[fileCompressor,TALK] software alarm: Program cygnus_daq is not running
[fileCompressor,TALK] software alarm: Program cygnus_daq is not running
[fileCompressor,TALK] software alarm: Program cygnus_daq is not running
[fileCompressor,TALK] software alarm: Program cygnus_daq is not running
[fileCompressor,TALK] software alarm: Program cygnus_daq is not running
[fileCompressor,TALK] software alarm: Program cygnus_daq is not running
[fileCompressor,TALK] software alarm: Program cygnus_daq is not running
[fileCompressor,TALK] software alarm: Program cygnus_daq is not running
[fileCompressor,TALK] software alarm: Program cygnus_daq is not running
[fileCompressor,TALK] software alarm: Program cygnus_daq is not running
[fileCompressor,TALK] software alarm: Program cygnus_daq is not running
[fileCompressor,TALK] software alarm: Program cygnus_daq is not running
[fileCompressor,TALK] software alarm: Program cygnus_daq is not running
[fileCompressor,TALK] software alarm: Program cygnus_daq is not running
[fileCompressor,TALK] software alarm: Program cygnus_daq is not running
[fileCompressor,TALK] software alarm: Program cygnus_daq is not running
[fileCompressor,TALK] software alarm: Program cygnus_daq is not running
[fileCompressor,TALK] software alarm: Program cygnus_daq is not running
[fileCompressor,TALK] software alarm: Program cygnus_daq is not running
[fileCompressor,TALK] software alarm: Program cygnus_daq is not running
[fileCompressor,TALK] software alarm: Program cygnus_daq is not running
[fileCompressor,TALK] software alarm: Program cygnus_daq is not running
[fileCompressor,TALK] software alarm: Program cygnus_daq is not running
[fileCompressor,TALK] software alarm: Program cygnus_daq is not running
[fileCompressor,TALK] software alarm: Program cygnus_daq is not running
[fileCompressor,TALK] software alarm: Program cygnus_daq is not running
[fileCompressor,TALK] software alarm: Program cygnus_daq is not running
[fileCompressor,TALK] software alarm: Program cygnus_daq is not running
[fileCompressor,TALK] software alarm: Program cygnus_daq is not running
[fileCompressor,TALK] software alarm: Program cygnus_daq is not running
[fileCompressor,TALK] software alarm: Program cygnus_daq is not running
[fileCompressor,TALK] software alarm: Program cygnus_daq is not running
[fileCompressor,TALK] software alarm: Program cygnus_daq is not running
[fileCompressor,TALK] software alarm: Program cygnus_daq is not running
[fileCompressor,TALK] software alarm: Program cygnus_daq is not running
[fileCompressor,TALK] software alarm: Program cygnus_daq is not running
[fileCompressor,TALK] software alarm: Program cygnus_daq is not running
[fileCompressor,TALK] software alarm: Program cygnus_daq is not running
[fileCompressor,TALK] software alarm: Program cygnus_daq is not running
[fileCompressor,TALK] software alarm: Program cygnus_daq is not running
[fileCompressor,TALK] software alarm: Program cygnus_daq is not running
[fileCompressor,TALK] software alarm: Program cygnus_daq is not running
[fileCompressor,TALK] software alarm: Program cygnus_daq is not running
[fileCompressor,TALK] software alarm: Program cygnus_daq is not running
[fileCompressor,TALK] software alarm: Program cygnus_daq is not running
[fileCompressor,TALK] software alarm: Program cygnus_daq is not running
[fileCompressor,TALK] software alarm: Program cygnus_daq is not running
[fileCompressor,TALK] software alarm: Program cygnus_daq is not running
[fileCompressor,TALK] software alarm: Program cygnus_daq is not running
[fileCompressor,TALK] software alarm: Program cygnus_daq is not running
[fileCompressor,TALK] software alarm: Program cygnus_daq is not running
[fileCompressor,TALK] software alarm: Program cygnus_daq is not running
[fileCompressor,TALK] software alarm: Program cygnus_daq is not running
[fileCompressor,TALK] software alarm: Program cygnus_daq is not running
[fileCompressor,TALK] software alarm: Program cygnus_daq is not running
[fileCompressor,TALK] software alarm: Program cygnus_daq is not running
[fileCompressor,TALK] software alarm: Program cygnus_daq is not running
[fileCompressor,TALK] software alarm: Program cygnus_daq is not running
[fileCompressor,TALK] software alarm: Program cygnus_daq is not running
[fileCompressor,TALK] software alarm: Program cygnus_daq is not running
[fileCompressor,TALK] software alarm: Program cygnus_daq is not running
[fileCompressor,TALK] software alarm: Program cygnus_daq is not running
[fileCompressor,TALK] software alarm: Program cygnus_daq is not running
[fileCompressor,TALK] software alarm: Program cygnus_daq is not running
[fileCompressor,TALK] software alarm: Program cygnus_daq is not running
[fileCompressor,TALK] software alarm: Program cygnus_daq is not running
[fileCompressor,TALK] software alarm: Program cygnus_daq is not running
[fileCompressor,TALK] software alarm: Program cygnus_daq is not running
[fileCompressor,TALK] software alarm: Program cygnus_daq is not running
[fileCompressor,TALK] software alarm: Program cygnus_daq is not running
[fileCompressor,TALK] software alarm: Program cygnus_daq is not running
[fileCompressor,TALK] software alarm: Program cygnus_daq is not running
[fileCompressor,TALK] software alarm: Program cygnus_daq is not running
[fileCompressor,TALK] software alarm: Program cygnus_daq is not running
[fileCompressor,TALK] software alarm: Program cygnus_daq is not running
[fileCompressor,TALK] software alarm: Program cygnus_daq is not running
[fileCompressor,TALK] software alarm: Program cygnus_daq is not running
[fileCompressor,TALK] software alarm: Program cygnus_daq is not running
[fileCompressor,TALK] software alarm: Program cygnus_daq is not running
[fileCompressor,TALK] software alarm: Program cygnus_daq is not running
[fileCompressor,TALK] software alarm: Program cygnus_daq is not running
[fileCompressor,TALK] software alarm: Program cygnus_daq is not running
[fileCompressor,TALK] software alarm: Program cygnus_daq is not running
[fileCompressor,TALK] software alarm: Program cygnus_daq is not running
[fileCompressor,TALK] software alarm: Program cygnus_daq is not running
[fileCompressor,TALK] software alarm: Program cygnus_daq is not running
[fileCompressor,TALK] software alarm: Program cygnus_daq is not running
[fileCompressor,TALK] software alarm: Program cygnus_daq is not running
[fileCompressor,TALK] software alarm: Program cygnus_daq is not running
[fileCompressor,TALK] software alarm: Program cygnus_daq is not running
[fileCompressor,TALK] software alarm: Program cygnus_daq is not running
[fileCompressor,TALK] software alarm: Program cygnus_daq is not running
[fileCompressor,TALK] software alarm: Program cygnus_daq is not running
[fileCompressor,TALK] software alarm: Program cygnus_daq is not running
[fileCompressor,TALK] software alarm: Program cygnus_daq is not running
[fileCompressor,TALK] software alarm: Program cygnus_daq is not running
[fileCompressor,TALK] software alarm: Program cygnus_daq is not running
[fileCompressor,TALK] software alarm: Program cygnus_daq is not running
[fileCompressor,TALK] software alarm: Program cygnus_daq is not running
[fileCompressor,TALK] software alarm: Program cygnus_daq is not running
[fileCompressor,TALK] software alarm: Program cygnus_daq is not running
[fileCompressor,TALK] software alarm: Program cygnus_daq is not running
[fileCompressor,TALK] software alarm: Program cygnus_daq is not running
[fileCompressor,TALK] software alarm: Program cygnus_daq is not running
[fileCompressor,TALK] software alarm: Program cygnus_daq is not running
[fileCompressor,TALK] software alarm: Program cygnus_daq is not running
[fileCompressor,TALK] software alarm: Program cygnus_daq is not running
[fileCompressor,TALK] software alarm: Program cygnus_daq is not running
[fileCompressor,TALK] software alarm: Program cygnus_daq is not running
[fileCompressor,TALK] software alarm: Program cygnus_daq is not running
[fileCompressor,TALK] software alarm: Program cygnus_daq is not running
[fileCompressor,TALK] software alarm: Program cygnus_daq is not running
[fileCompressor,TALK] software alarm: Program cygnus_daq is not running
[fileCompressor,TALK] software alarm: Program cygnus_daq is not running
[fileCompressor,TALK] software alarm: Program cygnus_daq is not running
[fileCompressor,TALK] software alarm: Program cygnus_daq is not running
[fileCompressor,TALK] software alarm: Program cygnus_daq is not running
[fileCompressor,TALK] software alarm: Program cygnus_daq is not running
[fileCompressor,TALK] software alarm: Program cygnus_daq is not running
[fileCompressor,TALK] software alarm: Program cygnus_daq is not running
[fileCompressor,TALK] software alarm: Program cygnus_daq is not running
[fileCompressor,TALK] software alarm: Program cygnus_daq is not running
[fileCompressor,TALK] software alarm: Program cygnus_daq is not running
[fileCompressor,TALK] software alarm: Program cygnus_daq is not running
[fileCompressor,TALK] software alarm: Program cygnus_daq is not running
[fileCompressor,TALK] software alarm: Program cygnus_daq is not running
[fileCompressor,TALK] software alarm: Program cygnus_daq is not running
[fileCompressor,TALK] software alarm: Program cygnus_daq is not running
[fileCompressor,TALK] software alarm: Program cygnus_daq is not running
[fileCompressor,TALK] software alarm: Program cygnus_daq is not running
[fileCompressor,TALK] software alarm: Program cygnus_daq is not running
[fileCompressor,TALK] software alarm: Program cygnus_daq is not running
[fileCompressor,TALK] software alarm: Program cygnus_daq is not running
[fileCompressor,TALK] software alarm: Program cygnus_daq is not running
[fileCompressor,TALK] software alarm: Program cygnus_daq is not running
[fileCompressor,TALK] software alarm: Program cygnus_daq is not running
[fileCompressor,TALK] software alarm: Program cygnus_daq is not running
[fileCompressor,TALK] software alarm: Program cygnus_daq is not running
[fileCompressor,TALK] software alarm: Program cygnus_daq is not running
[fileCompressor,TALK] software alarm: Program cygnus_daq is not running
[fileCompressor,TALK] software alarm: Program cygnus_daq is not running
[fileCompressor,TALK] software alarm: Program cygnus_daq is not running
[fileCompressor,TALK] software alarm: Program cygnus_daq is not running
[fileCompressor,TALK] software alarm: Program cygnus_daq is not running
[fileCompressor,TALK] software alarm: Program cygnus_daq is not running
[fileCompressor,TALK] software alarm: Program cygnus_daq is not running
[fileCompressor,TALK] software alarm: Program cygnus_daq is not running
[fileCompressor,TALK] software alarm: Program cygnus_daq is not running
[fileCompressor,TALK] software alarm: Program cygnus_daq is not running
[fileCompressor,TALK] software alarm: Program cygnus_daq is not running
[fileCompressor,TALK] software alarm: Program cygnus_daq is not running
[fileCompressor,TALK] software alarm: Program cygnus_daq is not running
[fileCompressor,TALK] software alarm: Program cygnus_daq is not running
[fileCompressor,TALK] software alarm: Program cygnus_daq is not running
[fileCompressor,TALK] software alarm: Program cygnus_daq is not running
[fileCompressor,TALK] software alarm: Program cygnus_daq is not running
[fileCompressor,TALK] software alarm: Program cygnus_daq is not running
[fileCompressor,TALK] software alarm: Program cygnus_daq is not running
[fileCompressor,TALK] software alarm: Program cygnus_daq is not running
[fileCompressor,TALK] software alarm: Program cygnus_daq is not running
[fileCompressor,TALK] software alarm: Program cygnus_daq is not running
[fileCompressor,TALK] software alarm: Program cygnus_daq is not running
[fileCompressor,TALK] software alarm: Program cygnus_daq is not running
[fileCompressor,TALK] software alarm: Program cygnus_daq is not running
[fileCompressor,TALK] software alarm: Program cygnus_daq is not running
[fileCompressor,TALK] software alarm: Program cygnus_daq is not running
[fileCompressor,TALK] software alarm: Program cygnus_daq is not running
[fileCompressor,TALK] software alarm: Program cygnus_daq is not running
[fileCompressor,TALK] software alarm: Program cygnus_daq is not running
[fileCompressor,TALK] software alarm: Program cygnus_daq is not running
[fileCompressor,TALK] software alarm: Program cygnus_daq is not running
[fileCompressor,TALK] software alarm: Program cygnus_daq is not running
[fileCompressor,TALK] software alarm: Program cygnus_daq is not running
[fileCompressor,TALK] software alarm: Program cygnus_daq is not running
[fileCompressor,TALK] software alarm: Program cygnus_daq is not running
[fileCompressor,TALK] software alarm: Program cygnus_daq is not running
[fileCompressor,TALK] software alarm: Program cygnus_daq is not running
[fileCompressor,TALK] software alarm: Program cygnus_daq is not running
[fileCompressor,TALK] software alarm: Program cygnus_daq is not running
[fileCompressor,TALK] software alarm: Program cygnus_daq is not running
[fileCompressor,TALK] software alarm: Program cygnus_daq is not running
[fileCompressor,TALK] software alarm: Program cygnus_daq is not running
[fileCompressor,TALK] software alarm: Program cygnus_daq is not running
[fileComKilled
2024-05-20 11:58:17 Compressing file: run16055.mid
2024-05-20 12:02:18 File successfully compressed: run16055.mid.gz
2024-05-20 12:13:49 Compressing file: run16056.mid
2024-05-20 12:18:50 File successfully compressed: run16056.mid.gz
2024-05-20 12:24:51 Compressing file: run16057.mid
2024-05-20 12:29:51 File successfully compressed: run16057.mid.gz
2024-05-20 12:36:22 Compressing file: run16058.mid
2024-05-20 12:41:23 File successfully compressed: run16058.mid.gz
2024-05-20 12:46:24 Compressing file: run16059.mid
2024-05-20 12:51:24 File successfully compressed: run16059.mid.gz
2024-05-20 12:56:55 Compressing file: run16060.mid
2024-05-20 13:01:56 File successfully compressed: run16060.mid.gz
2024-05-20 13:06:56 Compressing file: run16061.mid
2024-05-20 13:11:57 File successfully compressed: run16061.mid.gz
2024-05-20 13:17:58 Compressing file: run16062.mid
2024-05-20 13:22:59 File successfully compressed: run16062.mid.gz
2024-05-20 13:28:29 Compressing file: run16063.mid
2024-05-20 13:33:30 File successfully compressed: run16063.mid.gz
2024-05-20 13:39:01 Compressing file: run16064.mid
2024-05-20 13:44:01 File successfully compressed: run16064.mid.gz
2024-05-20 13:49:32 Compressing file: run16065.mid
2024-05-20 13:54:33 File successfully compressed: run16065.mid.gz
2024-05-20 13:59:34 Compressing file: run16066.mid
2024-05-20 14:04:34 File successfully compressed: run16066.mid.gz
2024-05-20 14:09:05 Compressing file: run16067.mid
2024-05-20 14:14:06 File successfully compressed: run16067.mid.gz
2024-05-20 14:19:06 Compressing file: run16068.mid
2024-05-20 14:24:07 File successfully compressed: run16068.mid.gz
2024-05-20 14:29:38 Compressing file: run16069.mid
2024-05-20 14:34:38 File successfully compressed: run16069.mid.gz
2024-05-20 14:38:39 Compressing file: run16070.mid
2024-05-20 14:43:40 File successfully compressed: run16070.mid.gz
2024-05-20 14:49:40 Compressing file: run16071.mid
2024-05-20 14:54:41 File successfully compressed: run16071.mid.gz
2024-05-20 15:01:42 Compressing file: run16072.mid
2024-05-20 15:06:43 File successfully compressed: run16072.mid.gz
2024-05-20 15:11:43 Compressing file: run16073.mid
2024-05-20 15:16:44 File successfully compressed: run16073.mid.gz
2024-05-20 15:22:45 Compressing file: run16074.mid
2024-05-20 15:27:46 File successfully compressed: run16074.mid.gz
2024-05-20 15:31:46 Compressing file: run16075.mid
2024-05-20 15:36:47 File successfully compressed: run16075.mid.gz
2024-05-20 15:45:18 Compressing file: run16076.mid
2024-05-20 15:50:19 File successfully compressed: run16076.mid.gz
2024-05-20 15:55:50 Compressing file: run16077.mid
2024-05-20 16:00:50 File successfully compressed: run16077.mid.gz
2024-05-20 16:06:21 Compressing file: run16078.mid
2024-05-20 16:11:22 File successfully compressed: run16078.mid.gz
2024-05-20 16:16:52 Compressing file: run16079.mid
2024-05-20 16:21:53 File successfully compressed: run16079.mid.gz
2024-05-20 16:28:24 Compressing file: run16080.mid
2024-05-20 16:33:25 File successfully compressed: run16080.mid.gz
2024-05-20 16:39:56 Compressing file: run16081.mid
2024-05-20 16:44:56 File successfully compressed: run16081.mid.gz
2024-05-20 16:50:57 Compressing file: run16082.mid
2024-05-20 16:55:58 File successfully compressed: run16082.mid.gz
2024-05-20 17:02:29 Compressing file: run16083.mid
2024-05-20 17:07:29 File successfully compressed: run16083.mid.gz
2024-05-20 17:13:30 Compressing file: run16084.mid
2024-05-20 17:18:31 File successfully compressed: run16084.mid.gz
2024-05-20 17:23:32 Compressing file: run16085.mid
2024-05-20 17:28:32 File successfully compressed: run16085.mid.gz
2024-05-20 17:34:33 Compressing file: run16086.mid
2024-05-20 17:39:34 File successfully compressed: run16086.mid.gz
2024-05-20 17:44:34 Compressing file: run16087.mid
2024-05-20 17:49:35 File successfully compressed: run16087.mid.gz
2024-05-20 17:54:36 Compressing file: run16088.mid
2024-05-20 17:59:37 File successfully compressed: run16088.mid.gz
2024-05-20 18:05:07 Compressing file: run16089.mid
2024-05-20 18:10:08 File successfully compressed: run16089.mid.gz
2024-05-20 18:15:09 Compressing file: run16090.mid
2024-05-20 18:20:09 File successfully compressed: run16090.mid.gz
2024-05-20 18:24:40 Compressing file: run16091.mid
2024-05-20 18:29:41 File successfully compressed: run16091.mid.gz
2024-05-20 18:35:11 Compressing file: run16092.mid
2024-05-20 18:40:12 File successfully compressed: run16092.mid.gz
2024-05-20 18:45:13 Compressing file: run16093.mid
2024-05-20 18:50:14 File successfully compressed: run16093.mid.gz
2024-05-20 18:55:14 Compressing file: run16094.mid
2024-05-20 19:00:15 File successfully compressed: run16094.mid.gz
2024-05-20 19:05:16 Compressing file: run16095.mid
2024-05-20 19:10:16 File successfully compressed: run16095.mid.gz
2024-05-20 19:16:47 Compressing file: run16096.mid
2024-05-20 19:21:48 File successfully compressed: run16096.mid.gz
2024-05-20 19:27:19 Compressing file: run16097.mid
2024-05-20 19:32:19 File successfully compressed: run16097.mid.gz
2024-05-20 19:37:50 Compressing file: run16098.mid
2024-05-20 19:42:51 File successfully compressed: run16098.mid.gz
2024-05-20 19:47:21 Compressing file: run16099.mid
2024-05-20 19:52:22 File successfully compressed: run16099.mid.gz
2024-05-20 19:57:23 Compressing file: run16100.mid
2024-05-20 20:02:24 File successfully compressed: run16100.mid.gz
2024-05-20 20:06:24 Compressing file: run16101.mid
2024-05-20 20:11:25 File successfully compressed: run16101.mid.gz
2024-05-20 20:15:55 Compressing file: run16102.mid
2024-05-20 20:20:56 File successfully compressed: run16102.mid.gz
2024-05-20 20:25:27 Compressing file: run16103.mid
2024-05-20 20:30:27 File successfully compressed: run16103.mid.gz
2024-05-20 20:36:28 Compressing file: run16104.mid
2024-05-20 20:41:29 File successfully compressed: run16104.mid.gz
2024-05-20 20:45:59 Compressing file: run16105.mid
2024-05-20 20:51:00 File successfully compressed: run16105.mid.gz
2024-05-20 20:56:01 Compressing file: run16106.mid
2024-05-20 21:01:02 File successfully compressed: run16106.mid.gz
2024-05-20 21:04:32 Compressing file: run16107.mid
2024-05-20 21:09:33 File successfully compressed: run16107.mid.gz
2024-05-20 21:14:33 Compressing file: run16108.mid
2024-05-20 21:19:34 File successfully compressed: run16108.mid.gz
2024-05-20 21:23:35 Compressing file: run16109.mid
2024-05-20 21:28:35 File successfully compressed: run16109.mid.gz
2024-05-20 21:33:06 Compressing file: run16110.mid
2024-05-20 21:38:07 File successfully compressed: run16110.mid.gz
2024-05-20 21:42:07 Compressing file: run16111.mid
2024-05-20 21:47:08 File successfully compressed: run16111.mid.gz
2024-05-20 21:52:09 Compressing file: run16112.mid
2024-05-20 21:57:09 File successfully compressed: run16112.mid.gz
2024-05-20 22:01:10 Compressing file: run16113.mid
2024-05-20 22:06:11 File successfully compressed: run16113.mid.gz
2024-05-20 22:10:41 Compressing file: run16114.mid
2024-05-20 22:15:42 File successfully compressed: run16114.mid.gz
2024-05-20 22:19:43 Compressing file: run16115.mid
2024-05-20 22:24:43 File successfully compressed: run16115.mid.gz
2024-05-20 22:34:15 Compressing file: run16116.mid
2024-05-20 22:39:15 File successfully compressed: run16116.mid.gz
2024-05-20 22:44:16 Compressing file: run16117.mid
2024-05-20 22:49:17 File successfully compressed: run16117.mid.gz
2024-05-20 22:56:18 Compressing file: run16118.mid
2024-05-20 23:01:18 File successfully compressed: run16118.mid.gz
2024-05-20 23:07:19 Compressing file: run16119.mid
2024-05-20 23:12:20 File successfully compressed: run16119.mid.gz
2024-05-20 23:18:21 Compressing file: run16120.mid
2024-05-20 23:23:22 File successfully compressed: run16120.mid.gz
2024-05-20 23:28:22 Compressing file: run16121.mid
2024-05-20 23:33:23 File successfully compressed: run16121.mid.gz
2024-05-20 23:37:54 Compressing file: run16122.mid
2024-05-20 23:42:54 File successfully compressed: run16122.mid.gz
2024-05-20 23:49:25 Compressing file: run16123.mid
2024-05-20 23:54:26 File successfully compressed: run16123.mid.gz
2024-05-20 23:58:57 Compressing file: run16124.mid
2024-05-21 00:03:57 File successfully compressed: run16124.mid.gz
[fileCompressor,TALK] software alarm: Program cygnus_daq is not running
[fileCompressor,TALK] software alarm: Program cygnus_daq is not running
[fileCompressor,TALK] software alarm: Program cygnus_daq is not running
[fileCompressor,TALK] software alarm: Program cygnus_daq is not running
[fileCompressor,TALK] software alarm: Program cygnus_daq is not running
[fileCompressor,TALK] software alarm: Program cygnus_daq is not running
[fileCompressor,TALK] software alarm: Program cygnus_daq is not running
[fileCompressor,TALK] software alarm: Program cygnus_daq is not running
[fileCompressor,TALK] software alarm: Program cygnus_daq is not running
[fileCompressor,TALK] software alarm: Program cygnus_daq is not running
[fileCompressor,TALK] software alarm: Program cygnus_daq is not running
[fileCompressor,TALK] software alarm: Program cygnus_daq is not running
[fileCompressor,TALK] software alarm: Program cygnus_daq is not running
[fileCompressor,TALK] software alarm: Program cygnus_daq is not running
[fileCompressor,TALK] software alarm: Program cygnus_daq is not running
[fileCompressor,TALK] software alarm: Program cygnus_daq is not running
[fileCompressor,TALK] software alarm: Program cygnus_daq is not running
[fileCompressor,TALK] software alarm: Program cygnus_daq is not running
[fileCompressor,TALK] software alarm: Program cygnus_daq is not running
[fileCompressor,TALK] software alarm: Program cygnus_daq is not running
[fileCompressor,TALK] software alarm: Program cygnus_daq is not running
[fileCompressor,TALK] software alarm: Program cygnus_daq is not running
[fileCompressor,TALK] software alarm: Program cygnus_daq is not running
[fileCompressor,TALK] software alarm: Program cygnus_daq is not running
[fileCompressor,TALK] software alarm: Program cygnus_daq is not running
[fileCompressor,TALK] software alarm: Program cygnus_daq is not running
[fileCompressor,TALK] software alarm: Program cygnus_daq is not running
[fileCompressor,TALK] software alarm: Program cygnus_daq is not running
[fileCompressor,TALK] software alarm: Program cygnus_daq is not running
[fileCompressor,TALK] software alarm: Program cygnus_daq is not running
[fileCompressor,TALK] software alarm: Program cygnus_daq is not running
[fileCompressor,TALK] software alarm: Program cygnus_daq is not running
[fileCompressor,TALK] software alarm: Program cygnus_daq is not running
[fileCompressor,TALK] software alarm: Program cygnus_daq is not running
[fileCompressor,TALK] software alarm: Program cygnus_daq is not running
[fileCompressor,TALK] software alarm: Program cygnus_daq is not running
[fileCompressor,TALK] software alarm: Program cygnus_daq is not running
[fileCompressor,TALK] software alarm: Program cygnus_daq is not running
[fileCompressor,TALK] software alarm: Program cygnus_daq is not running
[fileCompressor,TALK] software alarm: Program cygnus_daq is not running
[fileCompressor,TALK] software alarm: Program cygnus_daq is not running
[fileCompressor,TALK] software alarm: Program cygnus_daq is not running
[fileCompressor,TALK] software alarm: Program cygnus_daq is not running
[fileCompressor,TALK] software alarm: Program cygnus_daq is not running
[fileCompressor,TALK] software alarm: Program cygnus_daq is not running
[fileCompressor,TALK] software alarm: Program cygnus_daq is not running
[fileCompressor,TALK] software alarm: Program cygnus_daq is not running
[fileCompressor,TALK] software alarm: Program cygnus_daq is not running
[fileCompressor,TALK] software alarm: Program cygnus_daq is not running
[fileCompressor,TALK] software alarm: Program cygnus_daq is not running
[fileCompressor,TALK] software alarm: Program cygnus_daq is not running
[fileCompressor,TALK] software alarm: Program cygnus_daq is not running
[fileCompressor,TALK] software alarm: Program cygnus_daq is not running
[fileCompressor,TALK] software alarm: Program cygnus_daq is not running
[fileCompressor,TALK] software alarm: Program cygnus_daq is not running
[fileCompressor,TALK] software alarm: Program cygnus_daq is not running
[fileCompressor,TALK] software alarm: Program cygnus_daq is not running
[fileCompressor,TALK] software alarm: Program cygnus_daq is not running
[fileCompressor,TALK] software alarm: Program cygnus_daq is not running
[fileCompressor,TALK] software alarm: Program cygnus_daq is not running
[fileCompressor,TALK] software alarm: Program cygnus_daq is not running
[fileCompressor,TALK] software alarm: Program cygnus_daq is not running
[fileCompressor,TALK] software alarm: Program cygnus_daq is not running
[fileCompressor,TALK] software alarm: Program cygnus_daq is not running
[fileCompressor,TALK] software alarm: Program cygnus_daq is not running
[fileCompressor,TALK] software alarm: Program cygnus_daq is not running
[fileCompressor,TALK] software alarm: Program cygnus_daq is not running
[fileCompressor,TALK] software alarm: Program cygnus_daq is not running
[fileCompressor,TALK] software alarm: Program cygnus_daq is not running
[fileCompressor,TALK] software alarm: Program cygnus_daq is not running
[fileCompressor,TALK] software alarm: Program cygnus_daq is not running
[fileCompressor,TALK] software alarm: Program cygnus_daq is not running
[fileCompressor,TALK] software alarm: Program cygnus_daq is not running
[fileCompressor,TALK] software alarm: Program cygnus_daq is not running
[fileCompressor,TALK] software alarm: Program cygnus_daq is not running
[fileCompressor,TALK] software alarm: Program cygnus_daq is not running
[fileCompressor,TALK] software alarm: Program cygnus_daq is not running
[fileCompressor,TALK] software alarm: Program cygnus_daq is not running
[fileCompressor,TALK] software alarm: Program cygnus_daq is not running
[fileCompressor,TALK] software alarm: Program cygnus_daq is not running
[fileCompressor,TALK] software alarm: Program cygnus_daq is not running
[fileCompressor,TALK] software alarm: Program cygnus_daq is not running
[fileCompressor,TALK] software alarm: Program cygnus_daq is not running
[fileCompressor,TALK] software alarm: Program cygnus_daq is not running
[fileCompressor,TALK] software alarm: Program cygnus_daq is not running
[fileCompressor,TALK] software alarm: Program cygnus_daq is not running
[fileCompressor,TALK] software alarm: Program cygnus_daq is not running
[fileCompressor,TALK] software alarm: Program cygnus_daq is not running
[fileCompressor,TALK] software alarm: Program cygnus_daq is not running
[fileCompressor,TALK] software alarm: Program cygnus_daq is not running
[fileCompressor,TALK] software alarm: Program cygnus_daq is not running
[fileCompressor,TALK] software alarm: Program cygnus_daq is not running
[fileCompressor,TALK] software alarm: Program cygnus_daq is not running
[fileCompressor,TALK] software alarm: Program cygnus_daq is not running
[fileCompressor,TALK] software alarm: Program cygnus_daq is not running
[fileCompressor,TALK] software alarm: Program cygnus_daq is not running
[fileCompressor,TALK] software alarm: Program cygnus_daq is not running
[fileCompressor,TALK] software alarm: Program cygnus_daq is not running
[fileCompressor,TALK] software alarm: Program cygnus_daq is not running
[fileCompressor,TALK] software alarm: Program cygnus_daq is not running
[fileCompressor,TALK] software alarm: Program cygnus_daq is not running
[fileCompressor,TALK] software alarm: Program cygnus_daq is not running
[fileCompressor,TALK] software alarm: Program cygnus_daq is not running
[fileCompressor,TALK] software alarm: Program cygnus_daq is not running
[fileCompressor,TALK] software alarm: Program cygnus_daq is not running
[fileCompressor,TALK] software alarm: Program cygnus_daq is not running
[fileCompressor,TALK] software alarm: Program cygnus_daq is not running
[fileCompressor,TALK] software alarm: Program cygnus_daq is not running
[fileCompressor,TALK] software alarm: Program cygnus_daq is not running
[fileCompressor,TALK] software alarm: Program cygnus_daq is not running
[fileCompressor,TALK] software alarm: Program cygnus_daq is not running
[fileCompressor,TALK] software alarm: Program cygnus_daq is not running
[fileCompressor,TALK] software alarm: Program cygnus_daq is not running
[fileCompressor,TALK] software alarm: Program cygnus_daq2024-05-21 00:09:28 Compressing file: run16125.mid
2024-05-21 00:14:29 File successfully compressed: run16125.mid.gz
2024-05-21 00:19:30 Compressing file: run16126.mid
2024-05-21 00:24:30 File successfully compressed: run16126.mid.gz
2024-05-21 00:29:01 Compressing file: run16127.mid
2024-05-21 00:34:02 File successfully compressed: run16127.mid.gz
2024-05-21 00:38:32 Compressing file: run16128.mid
2024-05-21 00:43:33 File successfully compressed: run16128.mid.gz
2024-05-21 00:49:04 Compressing file: run16129.mid
2024-05-21 00:54:05 File successfully compressed: run16129.mid.gz
2024-05-21 00:59:05 Compressing file: run16130.mid
2024-05-21 01:04:06 File successfully compressed: run16130.mid.gz
2024-05-21 01:09:07 Compressing file: run16131.mid
2024-05-21 01:14:07 File successfully compressed: run16131.mid.gz
2024-05-21 01:20:08 Compressing file: run16132.mid
2024-05-21 01:25:09 File successfully compressed: run16132.mid.gz
2024-05-21 01:30:40 Compressing file: run16133.mid
2024-05-21 01:35:40 File successfully compressed: run16133.mid.gz
2024-05-21 01:39:41 Compressing file: run16134.mid
2024-05-21 01:44:42 File successfully compressed: run16134.mid.gz
2024-05-21 01:49:42 Compressing file: run16135.mid
2024-05-21 01:54:43 File successfully compressed: run16135.mid.gz
2024-05-21 02:04:14 Compressing file: run16136.mid
2024-05-21 02:09:15 File successfully compressed: run16136.mid.gz
2024-05-21 02:15:16 Compressing file: run16137.mid
2024-05-21 02:20:17 File successfully compressed: run16137.mid.gz
2024-05-21 02:26:18 Compressing file: run16138.mid
2024-05-21 02:31:48 File successfully compressed: run16138.mid.gz
2024-05-21 02:38:19 Compressing file: run16139.mid
2024-05-21 02:43:20 File successfully compressed: run16139.mid.gz
2024-05-21 02:48:21 Compressing file: run16140.mid
2024-05-21 02:53:22 File successfully compressed: run16140.mid.gz
2024-05-21 02:59:22 Compressing file: run16141.mid
2024-05-21 03:04:23 File successfully compressed: run16141.mid.gz
2024-05-21 03:09:24 Compressing file: run16142.mid
2024-05-21 03:14:25 File successfully compressed: run16142.mid.gz
2024-05-21 03:19:25 Compressing file: run16143.mid
2024-05-21 03:24:26 File successfully compressed: run16143.mid.gz
2024-05-21 03:30:27 Compressing file: run16144.mid
2024-05-21 03:35:28 File successfully compressed: run16144.mid.gz
2024-05-21 03:40:28 Compressing file: run16145.mid
2024-05-21 03:45:29 File successfully compressed: run16145.mid.gz
2024-05-21 03:50:30 Compressing file: run16146.mid
2024-05-21 03:55:31 File successfully compressed: run16146.mid.gz
2024-05-21 04:00:01 Compressing file: run16147.mid
2024-05-21 04:05:02 File successfully compressed: run16147.mid.gz
2024-05-21 04:11:03 Compressing file: run16148.mid
2024-05-21 04:16:03 File successfully compressed: run16148.mid.gz
2024-05-21 04:21:34 Compressing file: run16149.mid
2024-05-21 04:26:35 File successfully compressed: run16149.mid.gz
2024-05-21 04:30:36 Compressing file: run16150.mid
2024-05-21 04:35:36 File successfully compressed: run16150.mid.gz
2024-05-21 04:41:37 Compressing file: run16151.mid
2024-05-21 04:46:38 File successfully compressed: run16151.mid.gz
2024-05-21 04:52:09 Compressing file: run16152.mid
2024-05-21 04:57:09 File successfully compressed: run16152.mid.gz
2024-05-21 05:01:10 Compressing file: run16153.mid
2024-05-21 05:06:11 File successfully compressed: run16153.mid.gz
2024-05-21 05:10:11 Compressing file: run16154.mid
2024-05-21 05:15:12 File successfully compressed: run16154.mid.gz
2024-05-21 05:19:13 Compressing file: run16155.mid
2024-05-21 05:24:13 File successfully compressed: run16155.mid.gz
2024-05-21 09:13:17 Compressing file: run16156.mid
2024-05-21 09:13:47 File successfully compressed: run16156.mid.gz
2024-05-21 09:17:47 Compressing file: run16157.mid
2024-05-21 09:21:48 File successfully compressed: run16157.mid.gz
2024-05-21 09:36:20 Compressing file: run16158.mid
2024-05-21 09:41:21 File successfully compressed: run16158.mid.gz
2024-05-21 09:47:52 Compressing file: run16159.mid
2024-05-21 09:52:52 File successfully compressed: run16159.mid.gz
2024-05-21 09:58:53 Compressing file: run16160.mid
2024-05-21 10:03:54 File successfully compressed: run16160.mid.gz
2024-05-21 10:10:25 Compressing file: run16161.mid
2024-05-21 10:15:26 File successfully compressed: run16161.mid.gz
2024-05-21 10:20:56 Compressing file: run16162.mid
2024-05-21 10:25:57 File successfully compressed: run16162.mid.gz
2024-05-21 10:31:28 Compressing file: run16163.mid
2024-05-21 10:36:29 File successfully compressed: run16163.mid.gz
2024-05-21 10:43:00 Compressing file: run16164.mid
2024-05-21 10:48:00 File successfully compressed: run16164.mid.gz
2024-05-21 10:53:31 Compressing file: run16165.mid
2024-05-21 10:58:32 File successfully compressed: run16165.mid.gz
2024-05-21 11:04:03 Compressing file: run16166.mid
2024-05-21 11:09:03 File successfully compressed: run16166.mid.gz
2024-05-21 11:14:04 Compressing file: run16167.mid
2024-05-21 11:19:05 File successfully compressed: run16167.mid.gz
2024-05-21 11:23:36 Compressing file: run16168.mid
2024-05-21 11:28:36 File successfully compressed: run16168.mid.gz
2024-05-21 11:33:37 Compressing file: run16169.mid
2024-05-21 11:38:38 File successfully compressed: run16169.mid.gz
2024-05-21 11:44:09 Compressing file: run16170.mid
2024-05-21 11:49:09 File successfully compressed: run16170.mid.gz
2024-05-21 11:55:10 Compressing file: run16171.mid
2024-05-21 12:00:11 File successfully compressed: run16171.mid.gz
2024-05-21 12:04:42 Compressing file: run16172.mid
2024-05-21 12:09:42 File successfully compressed: run16172.mid.gz
2024-05-21 12:14:43 Compressing file: run16173.mid
2024-05-21 12:19:44 File successfully compressed: run16173.mid.gz
2024-05-21 12:25:15 Compressing file: run16174.mid
2024-05-21 12:30:15 File successfully compressed: run16174.mid.gz
2024-05-21 12:35:46 Compressing file: run16175.mid
2024-05-21 12:40:47 File successfully compressed: run16175.mid.gz
2024-05-21 12:45:48 Compressing file: run16176.mid
2024-05-21 12:50:48 File successfully compressed: run16176.mid.gz
2024-05-21 12:55:49 Compressing file: run16177.mid
2024-05-21 13:00:50 File successfully compressed: run16177.mid.gz
2024-05-21 13:09:51 Compressing file: run16178.mid
2024-05-21 13:14:52 File successfully compressed: run16178.mid.gz
2024-05-21 13:20:23 Compressing file: run16179.mid
2024-05-21 13:25:23 File successfully compressed: run16179.mid.gz
2024-05-21 13:31:54 Compressing file: run16180.mid
2024-05-21 13:36:55 File successfully compressed: run16180.mid.gz
2024-05-21 13:41:56 Compressing file: run16181.mid
2024-05-21 13:46:56 File successfully compressed: run16181.mid.gz
2024-05-21 13:51:57 Compressing file: run16182.mid
2024-05-21 13:56:58 File successfully compressed: run16182.mid.gz
2024-05-21 14:01:59 Compressing file: run16183.mid
2024-05-21 14:06:59 File successfully compressed: run16183.mid.gz
2024-05-21 14:10:30 Compressing file: run16184.mid
2024-05-21 14:15:31 File successfully compressed: run16184.mid.gz
2024-05-21 14:21:32 Compressing file: run16185.mid
2024-05-21 14:26:32 File successfully compressed: run16185.mid.gz
2024-05-21 14:31:33 Compressing file: run16186.mid
2024-05-21 14:36:34 File successfully compressed: run16186.mid.gz
2024-05-21 14:41:04 Compressing file: run16187.mid
2024-05-21 14:46:05 File successfully compressed: run16187.mid.gz
2024-05-21 14:51:06 Compressing file: run16188.mid
2024-05-21 14:56:07 File successfully compressed: run16188.mid.gz
2024-05-21 15:01:38 Compressing file: run16189.mid
2024-05-21 15:06:38 File successfully compressed: run16189.mid.gz
2024-05-21 15:11:39 Compressing file: run16190.mid
2024-05-21 15:16:40 File successfully compressed: run16190.mid.gz
2024-05-21 15:20:40 Compressing file: run16191.mid
2024-05-21 15:25:41 File successfully compressed: run16191.mid.gz
2024-05-21 15:30:12 Compressing file: run16192.mid
2024-05-21 15:35:12 File successfully compressed: run16192.mid.gz
2024-05-21 15:39:43 Compressing file: run16193.mid
2024-05-21 15:44:44 File successfully compressed: run16193.mid.gz
2024-05-21 16:20:19 Compressing file: run16194.mid
2024-05-21 16:20:49 File successfully compressed: run16194.mid.gz
 is not running
[fileCompressor,TALK] software alarm: Program cygnus_daq is not running
[fileCompressor,TALK] software alarm: Program cygnus_daq is not running
[fileCompressor,TALK] software alarm: Program cygnus_daq is not running
[fileCompressor,TALK] software alarm: Program cygnus_daq is not running
[fileCompressor,TALK] software alarm: Program cygnus_daq is not running
[fileCompressor,TALK] software alarm: Program cygnus_daq is not running
[fileCompressor,TALK] software alarm: Program cygnus_daq is not running
[fileCompressor,TALK] software alarm: Program cygnus_daq is not running
[fileCompressor,TALK] software alarm: Program cygnus_daq is not running
[fileCompressor,TALK] software alarm: Program cygnus_daq is not running
[fileCompressor,TALK] software alarm: Program cygnus_daq is not running
[fileCompressor,TALK] software alarm: Program cygnus_daq is not running
[fileCompressor,TALK] software alarm: Program cygnus_daq is not running
[fileCompressor,TALK] software alarm: Program cygnus_daq is not running
[fileCompressor,TALK] software alarm: Program cygnus_daq is not running
[fileCompressor,TALK] software alarm: Program cygnus_daq is not running
[fileCompressor,TALK] software alarm: Program cygnus_daq is not running
[fileCompressor,TALK] software alarm: Program cygnus_daq is not running
[fileCompressor,TALK] software alarm: Program cygnus_daq is not running
[fileCompressor,TALK] software alarm: Program cygnus_daq is not running
[fileCompressor,TALK] software alarm: Program cygnus_daq is not running
[fileCompressor,TALK] software alarm: Program cygnus_daq is not running
[fileCompressor,TALK] software alarm: Program cygnus_daq is not running
[fileCompressor,TALK] software alarm: Program cygnus_daq is not running
[fileCompressor,TALK] software alarm: Program cygnus_daq is not running
[fileCompressor,TALK] software alarm: Program cygnus_daq is not running
[fileCompressor,TALK] software alarm: Program cygnus_daq is not running
[fileCompressor,TALK] software alarm: Program cygnus_daq is not running
[fileCompressor,TALK] software alarm: Program cygnus_daq is not running
[fileCompressor,TALK] software alarm: Program cygnus_daq is not running
[fileCompressor,TALK] software alarm: Program cygnus_daq is not running
[fileCompressor,TALK] software alarm: Program cygnus_daq is not running
[fileCompressor,TALK] software alarm: Program cygnus_daq is not running
[fileCompressor,TALK] software alarm: Program cygnus_daq is not running
[fileCompressor,TALK] software alarm: Program cygnus_daq is not running
[fileCompressor,TALK] software alarm: Program cygnus_daq is not running
[fileCompressor,TALK] software alarm: Program cygnus_daq is not running
[fileCompressor,TALK] software alarm: Program cygnus_daq is not running
[fileCompressor,TALK] software alarm: Program cygnus_daq is not running
[fileCompressor,TALK] software alarm: Program cygnus_daq is not running
[fileCompressor,TALK] software alarm: Program cygnus_daq is not running
[fileCompressor,TALK] software alarm: Program cygnus_daq is not running
[fileCompressor,TALK] software alarm: Program cygnus_daq is not running
[fileCompressor,TALK] software alarm: Program cygnus_daq is not running
[fileCompressor,TALK] software alarm: Program cygnus_daq is not running
[fileCompressor,TALK] software alarm: Program cygnus_daq is not running
[fileCompressor,TALK] software alarm: Program cygnus_daq is not running
[fileCompressor,TALK] software alarm: Program cygnus_daq is not running
[fileCompressor,TALK] software alarm: Program cygnus_daq is not running
[fileCompressor,TALK] software alarm: Program cygnus_daq is not running
[fileCompressor,TALK] software alarm: Program cygnus_daq is not running
[fileCompressor,TALK] software alarm: Program cygnus_daq is not running
[fileCompressor,TALK] software alarm: Program cygnus_daq is not running
[fileCompressor,TALK] software alarm: Program cygnus_daq is not running
[fileCompressor,TALK] software alarm: Program cygnus_daq is not running
[fileCompressor,TALK] software alarm: Program cygnus_daq is not running
[fileCompressor,TALK] software alarm: Program cygnus_daq is not running
[fileCompressor,TALK] software alarm: Program cygnus_daq is not running
[fileCompressor,TALK] software alarm: Program cygnus_daq is not running
[fileCompressor,TALK] software alarm: Program cygnus_daq is not running
[fileCompressor,TALK] software alarm: Program cygnus_daq is not running
[fileCompressor,TALK] software alarm: Program cygnus_daq is not running
[fileCompressor,TALK] software alarm: Program cygnus_daq is not running
[fileCompressor,TALK] software alarm: Program cygnus_daq is not running
[fileCompressor,TALK] software alarm: Program cygnus_daq is not running
[fileCompressor,TALK] software alarm: Program cygnus_daq is not running
[fileCompressor,TALK] software alarm: Program cygnus_daq is not running
[fileCompressor,TALK] software alarm: Program cygnus_daq is not running
[fileCompressor,TALK] software alarm: Program cygnus_daq is not running
[fileCompressor,TALK] software alarm: Program cygnus_daq is not running
[fileCompressor,TALK] software alarm: Program cygnus_daq is not running
[fileCompressor,TALK] software alarm: Program cygnus_daq is not running
[fileCompressor,TALK] software alarm: Program cygnus_daq is not running
[fileCompressor,TALK] software alarm: Program cygnus_daq is not running
[fileCompressor,TALK] software alarm: Program cygnus_daq is not running
[fileCompressor,TALK] software alarm: Program cygnus_daq is not running
[fileCompressor,TALK] software alarm: Program cygnus_daq is not running
[fileCompressor,TALK] software alarm: Program cygnus_daq is not running
[fileCompressor,TALK] software alarm: Program cygnus_daq is not running
[fileCompressor,TALK] software alarm: Program cygnus_daq is not running
[fileCompressor,TALK] software alarm: Program cygnus_daq is not running
[fileCompressor,TALK] software alarm: Program cygnus_daq is not running
[fileCompressor,TALK] software alarm: Program cygnus_daq is not running
[fileCompressor,TALK] software alarm: Program cygnus_daq is not running
[fileCompressor,TALK] software alarm: Program cygnus_daq is not running
[fileCompressor,TALK] software alarm: Program cygnus_daq is not running
[fileCompressor,TALK] software alarm: Program cygnus_daq is not running
[fileCompressor,TALK] software alarm: Program cygnus_daq is not running
[fileCompressor,TALK] software alarm: Program cygnus_daq is not running
[fileCompressor,TALK] software alarm: Program cygnus_daq is not running
[fileCompressor,TALK] software alarm: Program cygnus_daq is not running
[fileCompressor,TALK] software alarm: Program cygnus_daq is not running
[fileCompressor,TALK] software alarm: Program cygnus_daq is not running
[fileCompressor,TALK] software alarm: Program cygnus_daq is not running
[fileCompressor,TALK] software alarm: Program cygnus_daq is not running
[fileCompressor,TALK] software alarm: Program cygnus_daq is not running
[fileCompressor,TALK] software alarm: Program cygnus_daq is not running
[fileCompressor,TALK] software alarm: Program cygnus_daq is not running
[fileCompressor,TALK] software alarm: Program cygnus_daq is not running
[fileCompressor,TALK] software alarm: Program cygnus_daq is not running
[fileCompressor,TALK] software alarm: Program cygnus_daq is not running
[fileCompressor,TALK] software alarm: Program cygnus_daq is not running
[fileCompressor,TALK] software alarm: Program cygnus_daq is not running
[fileCompressor,TALK] software alarm: Program cygnus_daq is not running
[fileCompressor,TALK] software alarm: Program cygnus_daq is not running
[fileCompressor,TALK] software alarm: Program cygnus_daq is not running
[fileCompressor,TALK] software alarm: Program cygnus_daq is not running
[fileCompressor,TALK] software alarm: Program cygnus_daq is not running
[fileCompressor,TALK] software alarm: Program cygnus_daq is not running
[fileCompressor,TALK] software alarm: Program cygnus_daq is not running
[fileCompressor,TALK] software alarm: Program cygnus_daq is not running
[fileCompressor,TALK] software alarm: Program cygnus_daq is not running
[fileCompressor,TALK] software alarm: Program cygnus_daq is not running
[fileCompressor,TALK] software alarm: Program cygnus_daq is not running
[fileCompressor,TALK] software alarm: Program cygnus_daq is not running
[fileCompressor,TALK] software alarm: Program cygnus_daq is not running
[fileCompressor,TALK] software alarm: Program cygnus_daq is not running
[fileCompressor,TALK] software alarm: Program cygnus_daq is not running
[fileCompressor,TALK] software alarm: Program cygnus_daq is not running
[fileCompressor,TALK] software alarm: Program cygnus_daq is not running
[fileCompressor,TALK] software alarm: Program cygnus_daq is not running
[fileCompressor,TALK] software alarm: Program cygnus_daq is not running
[fileCompressor,TALK] software alarm: Program cygnus_daq is not running
[fileCompressor,TALK] software alarm: Program cygnus_daq is not running
[fileCompressor,TALK] software alarm: Program cygnus_daq is not running
[fileCompressor,TALK] software alarm: Program cygnus_daq is not running
[fileCompressor,TALK] software alarm: Program cygnus_daq is not running
[fileCompressor,TALK] software alarm: Program cygnus_daq is not running
[fileCompressor,TALK] software alarm: Program cygnus_daq is not running
[fileCompressor,TALK] software alarm: Program cygnus_daq is not running
[fileCompressor,TALK] software alarm: Program cygnus_daq is not running
[fileCompressor,TALK] software alarm: Program cygnus_daq is not running
[fileCompressor,TALK] software alarm: Program cygnus_daq is not running
[fileCompressor,TALK] software alarm: Program cygnus_daq is not running
[fileCompressor,TALK] software alarm: Program cygnus_daq is not running
[fileCompressor,TALK] software alarm: Program cygnus_daq is not running
[fileCompressor,TALK] software alarm: Program cygnus_daq is not running
[fileCompressor,TALK] software alarm: Program cygnus_daq is not running
[fileCompressor,TALK] software alarm: Program cygnus_daq is not running
[fileCompressor,TALK] software alarm: Program cygnus_daq is not running
[fileCompressor,TALK] software alarm: Program cygnus_daq is not running
[fileCompressor,TALK] software alarm: Program cygnus_daq is not running
[fileCompressor,TALK] software alarm: Program cygnus_daq is not running
[fileCompressor,TALK] software alarm: Program cygnus_daq is not running
[fileCompressor,TALK] software alarm: Program cygnus_daq is not running
[fileCompressor,TALK] software alarm: Program cygnus_daq is not running
[fileCompressor,TALK] software alarm: Program cygnus_daq is not running
[fileCompressor,TALK] software alarm: Program cygnus_daq is not running
[fileCompressor,TALK] software alarm: Program cygnus_daq is not running
[fileCompressor,TALK] software alarm: Program cygnus_daq is not running
[fileCompressor,TALK] software alarm: Program cygnus_daq is not running
[fileCompressor,TALK] software alarm: Program cygnus_daq is not running
[fileCompressor,TALK] software alarm: Program cygnus_daq is not running
[fileCompressor,TALK] software alarm: Program cygnus_daq is not running
[fileCompressor,TALK] software alarm: Program cygnus_daq is not running
[fileCompressor,TALK] software alarm: Program cygnus_daq is not running
[fileCompressor,TALK] software alarm: Program cygnus_daq is not running
[fileCompressor,TALK] software alarm: Program cygnus_daq is not running
[fileCompressor,TALK] software alarm: Program cygnus_daq is not running
[fileCompressor,TALK] software alarm: Program cygnus_daq is not running
[fileCompressor,TALK] software alarm: Program cygnus_daq is not running
[fileCompressor,TALK] software alarm: Program cygnus_daq is not running
[fileCompressor,TALK] software alarm: Program cygnus_daq is not running
[fileCompressor,TALK] software alarm: Program cygnus_daq is not running
[fileCompressor,TALK] software alarm: Program cygnus_daq is not running
[fileCompressor,TALK] software alarm: Program cygnus_daq is not running
[fileCompressor,TALK] software alarm: Program cygnus_daq is not running
[fileCompressor,TALK] software alarm: Program cygnus_daq is not running
[fileCompressor,TALK] software alarm: Program cygnus_daq is not running
[fileCompressor,TALK] software alarm: Program cygnus_daq is not running
[fileCompressor,TALK] software alarm: Program cygnus_daq is not running
[fileCompressor,TALK] software alarm: Program cygnus_daq is not running
[fileCompressor,TALK] software alarm: Program cygnus_daq is not running
[fileCompressor,TALK] software alarm: Program cygnus_daq is not running
[fileCompressor,TALK] software alarm: Program cygnus_daq is not running
[fileCompressor,TALK] software alarm: Program cygnus_daq is not running
[fileCompressor,TALK] software alarm: Program cygnus_daq is not running
[fileCompressor,TALK] software alarm: Program cygnus_daq is not running
[fileCompressor,TALK] software alarm: Program cygnus_daq is not running
[fileCompressor,TALK] software alarm: Program cygnus_daq is not running
[fileCompressor,TALK] software alarm: Program cygnus_daq is not running
[fileCompressor,TALK] software alarm: Program cygnus_daq is not running
[fileCompressor,TALK] software alarm: Program cygnus_daq is not running
[fileCompressor,TALK] software alarm: Program cygnus_daq is not running
[fileCompressor,TALK] software alarm: Program cygnus_daq is not running
[fileCompressor,TALK] software alarm: Program cygnus_daq is not running
[fileCompressor,TALK] software alarm: Program cygnus_daq is not running
[fileCompressor,TALK] software alarm: Program cygnus_daq is not running
[fileCompressor,TALK] software alarm: Program cygnus_daq is not running
[fileCompressor,TALK] software alarm: Program cygnus_daq is not running
[fileCompressor,TALK] software alarm: Program cygnus_daq is not running
[fileCompressor,TALK] software alarm: Program cygnus_daq is not running
[fileCompressor,TALK] software alarm: Program cygnus_daq is not running
[fileCompressor,TALK] software alarm: Program cygnus_daq is not running
[fileCompressor,TALK] software alarm: Program cygnus_daq is not running
[fileCompressor,TALK] software alarm: Program cygnus_daq is not running
[fileCompressor,TALK] software alarm: Program cygnus_daq is not running
[fileCompressor,TALK] software alarm: Program cygnus_daq is not running
[fileCompressor,TALK] software alarm: Program cygnus_daq is not running
[fileCompressor,TALK] software alarm: Program cygnus_daq is not running
[fileCompressor,TALK] software alarm: Program cygnus_daq is not running
[fileCompressor,TALK] software alarm: Program cygnus_daq is not running
[fileCompressor,TALK] software alarm: Program cygnus_daq is not running
[fileCompressor,TALK] software alarm: Program cygnus_daq is not running
[fileCompressor,TALK] software alarm: Program cygnus_daq is not running
[fileCompressor,TALK] software alarm: Program cygnus_daq is not running
[fileCompressor,TALK] software alarm: Program cygnus_daq is not running
[fileCompressor,TALK] software alarm: Program cygnus_daq is not running
[fileCompressor,TALK] software alarm: Program cygnus_daq is not running
[fileCompressor,TALK] software alarm: Program cygnus_daq is not running
[fileCompressor,TALK] software alarm: Program cygnus_daq is not running
[fileCompressor,TALK] software alarm: Program cygnus_daq is not running
[fileCompressor,TALK] software alarm: Program cygnus_daq is not running
[fileCompressor,TALK] software alarm: Program cygnus_daq is not running
[fileCompressor,TALK] software alarm: Program cygnus_daq is not running
[fileCompressor,TALK] software alarm: Program cygnus_daq is not running
[fileCompressor,TALK] software alarm: Program cygnus_daq is not running
[fileCompressor,TALK] software alarm: Program cygnus_daq is not running
[fileCompressor,TALK] software alarm: Program cygnus_daq is not running
[fileCompressor,TALK] software alarm: Program cygnus_daq is not running
[fileCompressor,TALK] software alarm: Program cygnus_daq is not running
[fileCompressor,TALK] software alarm: Program cygnus_daq is not running
[fileCompressor,TALK] software alarm: Program cygnus_daq is not running
[fileCompressor,TALK] software alarm: Program cygnus_daq is not running
[fileCompressor,TALK] software alarm: Program cygnus_daq is not running
[fileCompressor,TALK] software alarm: Program cygnus_daq is not running
[fileCompressor,TALK] software alarm: Program cygnus_daq is not running
[fileCompressor,TALK] software alarm: Program cygnus_daq is not running
[fileCompressor,TALK] software alarm: Program cygnus_daq is not running
[fileCompressor,TALK] software alarm: Program cygnus_daq is not running
[fileCompressor,TALK] software alarm: Program cygnus_daq is not running
[fileCompressor,TALK] software alarm: Program cygnus_daq is not running
[fileCompressor,TALK] software alarm: Program cygnus_daq is not running
[fileCompressor,TALK] software alarm: Program cygnus_daq is not running
[fileCompressor,TALK] software alarm: Program cygnus_daq is not running
[fileCompressor,TALK] software alarm: Program cygnus_daq is not running
[fileCompressor,TALK] software alarm: Program cygnus_daq is not running
[fileCompressor,TALK] software alarm: Program cygnus_daq is not running
[fileCompressor,TALK] software alarm: Program cygnus_daq is not running
[fileCompressor,TALK] software alarm: Program cygnus_daq is not running
[fileCompressor,TALK] software alarm: Program cygnus_daq is not running
[fileCompressor,TALK] software alarm: Program cygnus_daq is not running
[fileCompressor,TALK] software alarm: Program cygnus_daq is not running
[fileCompressor,TALK] software alarm: Program cygnus_daq is not running
[fileCompressor,TALK] software alarm: Program cygnus_daq is not running
[fileCompressor,TALK] software alarm: Program cygnus_daq is not running
[fileCompressor,TALK] software alarm: Program cygnus_daq is not running
[fileCompressor,TALK] software alarm: Program cygnus_daq is not running
[fileCompressor,TALK] software alarm: Program cygnus_daq is not running
[fileCompressor,TALK] software alarm: Program cygnus_daq is not running
[fileCompressor,TALK] software alarm: Program cygnus_daq is not running
[fileCompressor,TALK] software alarm: Program cygnus_daq is not running
[fileCompressor,TALK] software alarm: Program cygnus_daq is not running
[fileCompressor,TALK] software alarm: Program cygnus_daq is not running
[fileCompressor,TALK] software alarm: Program cygnus_daq is not running
[fileCompressor,TALK] software alarm: Program cygnus_daq is not running
[fileCompressor,TALK] software alarm: Program cygnus_daq is not running
[fileCompressor,TALK] software alarm: Program cygnus_daq is not running
[fileCompressor,TALK] software alarm: Program cygnus_daq is not running
[fileCompressor,TALK] software alarm: Program cygnus_daq is not running
[fileCompressor,TALK] software alarm: Program cygnus_daq is not running
[fileCompressor,TALK] software alarm: Program cygnus_daq is not running
[fileCompressor,TALK] software alarm: Program cygnus_daq is not running
[fileCompressor,TALK] software alarm: Program cygnus_daq is not running
[fileCompressor,TALK] software alarm: Program cygnus_daq is not running
[fileCompressor,TALK] software alarm: Program cygnus_daq is not running
[fileCompressor,TALK] software alarm: Program cygnus_daq is not running
[fileCompressor,TALK] software alarm: Program cygnus_daq is not running
[fileCompressor,TALK] software alarm: Program cygnus_daq is not running
[fileCompressor,TALK] software alarm: Program cygnus_daq is not running
[fileCompressor,TALK] software alarm: Program cygnus_daq is not running
[fileCompressor,TALK] software alarm: Program cygnus_daq is not running
[fileCompressor,TALK] software alarm: Program cygnus_daq is not running
[fileCompressor,TALK] software alarm: Program cygnus_daq is not running
[fileCompressor,TALK] software alarm: Program cygnus_daq is not running
[fileCompressor,TALK] software alarm: Program cygnus_daq is not running
[fileCompressor,TALK] software alarm: Program cygnus_daq is not running
[fileCompressor,TALK] software alarm: Program cygnus_daq is not running
[fileCompressor,TALK] software alarm: Program cygnus_daq is not running
[fileCompressor,TALK] software alarm: Program cygnus_daq is not running
[fileCompressor,TALK] software alarm: Program cygnus_daq is not running
[fileCompressor,TALK] software alarm: Program cygnus_daq is not running
[fileCompressor,TALK] software alarm: Program cygnus_daq is not running
[fileCompressor,TALK] software alarm: Program cygnus_daq is not running
[fileCompressor,TALK] software alarm: Program cygnus_daq is not running
[fileCompressor,TALK] software alarm: Program cygnus_daq is not running
[fileCompressor,TALK] software alarm: Program cygnus_daq is not running
[fileCompressor,TALK] software alarm: Program cygnus_daq is not running
[fileCompressor,TALK] software alarm: Program cygnus_daq is not running
[fileCompressor,TALK] software alarm: Program cygnus_daq is not running
[fileCompressor,TALK] software alarm: Program cygnus_daq is not running
[fileCompressor,TALK] software alarm: Program cygnus_daq is not running
[fileCompressor,TALK] software alarm: Program cygnus_daq is not running
[fileCompressor,TALK] software alarm: Program cygnus_daq is not running
[fileCompressor,TALK] software alarm: Program cygnus_daq is not running
[fileCompressor,TALK] software alarm: Program cygnus_daq is not running
[fileCompressor,TALK] software alarm: Program cygnus_daq is not running
[fileCompressor,TALK] software alarm: Program cygnus_daq is not running
[fileCompressor,TALK] software alarm: Program cygnus_daq is not running
[fileCompressor,TALK] software alarm: Program cygnus_daq is not running
[fileCompressor,TALK] software alarm: Program cygnus_daq is not running
[fileCompressor,TALK] software alarm: Program cygnus_daq is not running
[fileCompressor,TALK] software alarm: Program cygnus_daq is not running
[fileCompressor,TALK] software alarm: Program cygnus_daq is not running
[fileCompressor,TALK] software alarm: Program cygnus_daq is not running
[fileCompressor,TALK] software alarm: Program cygnus_daq is not running
[fileCompressor,TALK] software alarm: Program cygnus_daq is not running
[fileCompressor,TALK] software alarm: Program cygnus_daq is not running
[fileCompressor,TALK] software alarm: Program cygnus_daq is not running
[fileCompressor,TALK] software alarm: Program cygnus_daq is not running
[fileCompressor,TALK] software alarm: Program cygnus_daq is not running
[fileCompressor,TALK] software alarm: Program cygnus_daq is not running
[fileCompressor,TALK] software alarm: Program cygnus_daq is not running
[fileCompressor,TALK] software alarm: Program cygnus_daq is not running
[fileCompressor,TALK] software alarm: Program cygnus_daq is not running
[fileCompressor,TALK] software alarm: Program cygnus_daq is not running
[fileCompressor,TALK] software alarm: Program cygnus_daq is not running
[fileCompressor,TALK] software alarm: Program cygnus_daq is not running
[fileCompressor,TALK] software alarm: Program cygnus_daq is not running
[fileCompressor,TALK] software alarm: Program cygnus_daq is not running
[fileCompressor,TALK] software alarm: Program cygnus_daq is not running
[fileCompressor,TALK] software alarm: Program cygnus_daq is not running
[fileCompressor,TALK] software alarm: Program cygnus_daq is not running
[fileCompressor,TALK] software alarm: Program cygnus_daq is not running
[fileCompressor,TALK] software alarm: Program cygnus_daq is not running
[fileCompressor,TALK] software alarm: Program cygnus_daq is not running
[fileCompressor,TALK] software alarm: Program cygnus_daq is not running
[fileCompressor,TALK] software alarm: Program cygnus_daq is not running
[fileCompressor,TALK] software alarm: Program cygnus_daq is not running
[fileCompressor,TALK] software alarm: Program cygnus_daq is not running
[fileCompressor,TALK] software alarm: Program cygnus_daq is not running
[fileCompressor,TALK] software alarm: Program cygnus_daq is not running
[fileCompressor,TALK] software alarm: Program cygnus_daq is not running
[fileCompressor,TALK] software alarm: Program cygnus_daq is not running
[fileCompressor,TALK] software alarm: Program cygnus_daq is not running
[fileCompressor,TALK] software alarm: Program cygnus_daq is not running
[fileCompressor,TALK] software alarm: Program cygnus_daq is not running
[fileCompressor,TALK] software alarm: Program cygnus_daq is not running
[fileCompressor,TALK] software alarm: Program cygnus_daq is not running
[fileCompressor,TALK] software alarm: Program cygnus_daq is not running
[fileCompressor,TALK] software alarm: Program cygnus_daq is not running
[fileCompressor,TALK] software alarm: Program cygnus_daq is not running
[fileCompressor,TALK] software alarm: Program cygnus_daq is not running
[fileCompressor,TALK] software alarm: Program cygnus_daq is not running
[fileCompressor,TALK] software alarm: Program cygnus_daq is not running
[fileCompressor,TALK] software alarm: Program cygnus_daq is not running
[fileCompressor,TALK] software alarm: Program cygnus_daq is not running
[fileCompressor,TALK] software alarm: Program cygnus_daq is not running
[fileCompressor,TALK] software alarm: Program cygnus_daq is not running
[fileCompressor,TALK] software alarm: Program cygnus_daq is not running
[fileCompressor,TALK] software alarm: Program cygnus_daq is not running
[fileCompressor,TALK] software alarm: Program cygnus_daq is not running
[fileCompressor,TALK] software alarm: Program cygnus_daq is not running
[fileCompressor,TALK] software alarm: Program cygnus_daq is not running
[fileCompressor,TALK] software alarm: Program cygnus_daq is not running
[fileCompressor,TALK] software alarm: Program cygnus_daq is not running
[fileCompressor,TALK] software alarm: Program cygnus_daq is not running
[fileCompressor,TALK] software alarm: Program cygnus_daq is not running
[fileCompressor,TALK] software alarm: Program cygnus_daq is not running
[fileCompressor,TALK] software alarm: Program cygnus_daq is not running
[fileCompressor,TALK] software alarm: Program cygnus_daq is not running
[fileCompressor,TALK] software alarm: Program cygnus_daq is not running
[fileCompressor,TALK] software alarm: Program cygnus_daq is not running
[fileCompressor,TALK] software alarm: Program cygnus_daq is not running
[fileCompressor,TALK] software alarm: Program cygnus_daq is not running
[fileCompressor,TALK] software alarm: Program cygnus_daq is not running
[fileCompressor,TALK] software alarm: Program cygnus_daq is not running
[fileCompressor,TALK] software alarm: Program cygnus_daq is not running
[fileCompressor,TALK] software alarm: Program cygnus_daq is not running
[fileCompressor,TALK] software alarm: Program cygnus_daq is not running
[fileCompressor,TALK] software alarm: Program cygnus_daq is not running
[fileCompressor,TALK] software alarm: Program cygnus_daq is not running
[fileCompressor,TALK] software alarm: Program cygnus_daq is not running
[fileCompressor,TALK] software alarm: Program cygnus_daq is not running
[fileCompressor,TALK] software alarm: Program cygnus_daq is not running
[fileCompressor,TALK] software alarm: Program cygnus_daq is not running
[fileCompressor,TALK] software alarm: Program cygnus_daq is not running
[fileCompressor,TALK] software alarm: Program cygnus_daq is not running
[fileCompressor,TALK] software alarm: Program cygnus_daq is not running
[fileCompressor,TALK] software alarm: Program cygnus_daq is not running
[fileCompressor,TALK] software alarm: Program cygnus_daq is not running
[fileCompressor,TALK] software alarm: Program cygnus_daq is not running
[fileCompressor,TALK] software alarm: Program cygnus_daq is not running
[fileCompressor,TALK] software alarm: Program cygnus_daq is not running
[fileCompressor,TALK] software alarm: Program cygnus_daq is not running
[fileCompressor,TALK] software alarm: Program cygnus_daq is not running
[fileCompressor,TALK] software alarm: Program cygnus_daq is not running
[fileCompressor,TALK] software alarm: Program cygnus_daq is not running
[fileCompressor,TALK] software alarm: Program cygnus_daq is not running
[fileCompressor,TALK] software alarm: Program cygnus_daq is not running
[fileCompressor,TALK] software alarm: Program cygnus_daq is not running
[fileCompressor,TALK] software alarm: Program cygnus_daq is not running
[fileCompressor,TALK] software alarm: Program cygnus_daq is not running
[fileCompressor,TALK] software alarm: Program cygnus_daq is not running
[fileCompressor,TALK] software alarm: Program cygnus_daq is not running
[fileCompressor,TALK] software alarm: Program cygnus_daq is not running
[fileCompressor,TALK] software alarm: Program cygnus_daq is not running
[fileCompressor,TALK] software alarm: Program cygnus_daq is not running
[fileCompressor,TALK] software alarm: Program cygnus_daq is not running
[fileCompressor,TALK] software alarm: Program cygnus_daq is not running
[fileCompressor,TALK] software alarm: Program cygnus_daq is not running
[fileCompressor,TALK] software alarm: Program cygnus_daq is not running
[fileCompressor,TALK] software alarm: Program cygnus_daq is not running
[fileCompressor,TALK] software alarm: Program cygnus_daq is not running
[fileCompressor,TALK] software alarm: Program cygnus_daq is not running
[fileCompressor,TALK] software alarm: Program cygnus_daq is not running
[fileCompressor,TALK] software alarm: Program cygnus_daq is not running
[fileCompressor,TALK] software alarm: Program cygnus_daq is not running
[fileCompressor,TALK] software alarm: Program cygnus_daq is not running
[fileCompressor,TALK] software alarm: Program cygnus_daq is not running
[fileCompressor,TALK] software alarm: Program cygnus_daq is not running
[fileCompressor,TALK] software alarm: Program cygnus_daq is not running
[fileCompressor,TALK] software alarm: Program cygnus_daq is not running
[fileCompressor,TALK] software alarm: Program cygnus_daq is not running
[fileCompressor,TALK] software alarm: Program cygnus_daq is not running
[fileCompressor,TALK] software alarm: Program cygnus_daq is not running
[fileCompressor,TALK] software alarm: Program cygnus_daq is not running
[fileCompressor,TALK] software alarm: Program cygnus_daq is not running
[fileCompressor,TALK] software alarm: Program cygnus_daq is not running
[fileCompressor,TALK] software alarm: Program cygnus_daq is not running
[fileCompressor,TALK] software alarm: Program cygnus_daq is not running
[fileCompressor,TALK] software alarm: Program cygnus_daq is not running
[fileCompressor,TALK] software alarm: Program cygnus_daq is not running
[fileCompressor,TALK] software alarm: Program cygnus_daq is not running
[fileCompressor,TALK] software alarm: Program cygnus_daq is not running
[fileCompressor,TALK] software alarm: Program cygnus_daq is not running
[fileCompressor,TALK] software alarm: Program cygnus_daq is not running
[fileCompressor,TALK] software alarm: Program cygnus_daq is not running
[fileCompressor,TALK] software alarm: Program cygnus_daq is not running
[fileCompressor,TALK] software alarm: Program cygnus_daq is not running
[fileCompressor,TALK] software alarm: Program cygnus_daq is not running
[fileCompressor,TALK] software alarm: Program cygnus_daq is not running
[fileCompressor,TALK] software alarm: Program cygnus_daq is not running
[fileCompressor,TALK] software alarm: Program cygnus_daq is not running
[fileCompressor,TALK] software alarm: Program cygnus_daq is not running
[fileCompressor,TALK] software alarm: Program cygnus_daq is not running
[fileCompressor,TALK] software alarm: Program cygnus_daq is not running
[fileCompressor,TALK] software alarm: Program cygnus_daq is not running
[fileCompressor,TALK] software alarm: Program cygnus_daq is not running
[fileCompressor,TALK] software alarm: Program cygnus_daq is not running
[fileCompressor,TALK] software alarm: Program cygnus_daq is not running
[fileCompressor,TALK] software alarm: Program cygnus_daq is not running
[fileCompressor,TALK] software alarm: Program cygnus_daq is not running
[fileCompressor,TALK] software alarm: Program cygnus_daq is not running
[fileCompressor,TALK] software alarm: Program cygnus_daq is not running
[fileCompressor,TALK] software alarm: Program cygnus_daq is not running
[fileCompressor,TALK] software alarm: Program cygnus_daq is not running
[fileCompressor,TALK] software alarm: Program cygnus_daq is not running
[fileCompressor,TALK] software alarm: Program cygnus_daq is not running
[fileCompressor,TALK] software alarm: Program cygnus_daq is not running
[fileCompressor,TALK] software alarm: Program cygnus_daq is not running
[fileCompressor,TALK] software alarm: Program cygnus_daq is not running
[fileCompressor,TALK] software alarm: Program cygnus_daq is not running
[fileCompressor,TALK] software alarm: Program cygnus_daq is not running
[fileCompressor,TALK] software alarm: Program cygnus_daq is not running
[fileCompressor,TALK] software alarm: Program cygnus_daq is not running
[fileCompressor,TALK] software alarm: Program cygnus_daq is not running
[fileCompressor,TALK] software alarm: Program cygnus_daq is not running
[fileCompressor,TALK] software alarm: Program cygnus_daq is not running
[fileCompressor,TALK] software alarm: Program cygnus_daq is not running
[fileCompressor,TALK] software alarm: Program cygnus_daq is not running
[fileCompressor,TALK] software alarm: Program cygnus_daq is not running
[fileCompressor,TALK] software alarm: Program cygnus_daq is not running
[fileCompressor,TALK] software alarm: Program cygnus_daq is not running
[fileCompressor,TALK] software alarm: Program cygnus_daq is not running
[fileCompressor,TALK] software alarm: Program cygnus_daq is not running
[fileCompressor,TALK] software alarm: Program cygnus_daq is not running
[fileCompressor,TALK] software alarm: Program cygnus_daq is not running
[fileCompressor,TALK] software alarm: Program cygnus_daq is not running
[fileCompressor,TALK] software alarm: Program cygnus_daq is not running
[fileCompressor,TALK] software alarm: Program cygnus_daq is not running
[fileCompressor,TALK] software alarm: Program cygnus_daq is not running
[fileCompressor,TALK] software alarm: Program cygnus_daq is not running
[fileCompressor,TALK] software alarm: Program cygnus_daq is not running
[fileCompressor,TALK] software alarm: Program cygnus_daq is not running
[fileCompressor,TALK] software alarm: Program cygnus_daq is not running
[fileCompressor,TALK] software alarm: Program cygnus_daq is not running
[fileCompressor,TALK] software alarm: Program cygnus_daq is not running
[fileCompressor,TALK] software alarm: Program cygnus_daq is not running
[fileCompressor,TALK] software alarm: Program cygnus_daq is not running
[fileCompressor,TALK] software alarm: Program cygnus_daq is not running
[fileCompressor,TALK] software alarm: Program cygnus_daq is not running
[fileCompressor,TALK] software alarm: Program cygnus_daq is not running
[fileCompressor,TALK] software alarm: Program cygnus_daq is not running
[fileCompressor,TALK] software alarm: Program cygnus_daq is not running
[fileCompressor,TALK] software alarm: Program cygnus_daq is not running
[fileCompressor,TALK] software alarm: Program cygnus_daq is not running
[fileCompressor,TALK] software alarm: Program cygnus_daq is not running
[fileCompressor,TALK] software alarm: Program cygnus_daq is not running
[fileCompressor,TALK] software alarm: Program cygnus_daq is not running
[fileCompressor,TALK] software alarm: Program cygnus_daq is not running
[fileCompressor,TALK] software alarm: Program cygnus_daq is not running
[fileCompressor,TALK] software alarm: Program cygnus_daq is not running
[fileCompressor,TALK] software alarm: Program cygnus_daq is not running
[fileCompressor,TALK] software alarm: Program cygnus_daq is not running
[fileCompressor,TALK] software alarm: Program cygnus_daq is not running
[fileCompressor,TALK] software alarm: Program cygnus_daq is not running
[fileCompressor,TALK] software alarm: Program cygnus_daq is not running
[fileCompressor,TALK] software alarm: Program cygnus_daq is not running
[fileCompressor,TALK] software alarm: Program cygnus_daq is not running
[fileCompressor,TALK] software alarm: Program cygnus_daq is not running
[fileCompressor,TALK] software alarm: Program cygnus_daq is not running
[fileCompressor,TALK] software alarm: Program cygnus_daq is not running
[fileCompressor,TALK] software alarm: Program cygnus_daq is not running
[fileCompressor,TALK] software alarm: Program cygnus_daq is not running
[fileCompressor,TALK] software alarm: Program cygnus_daq is not running
[fileCompressor,TALK] software alarm: Program cygnus_daq is not running
[fileCompressor,TALK] software alarm: Program cygnus_daq is not running
[fileCompressor,TALK] software alarm: Program cygnus_daq is not running
[fileCompressor,TALK] software alarm: Program cygnus_daq is not running
[fileCompressor,TALK] software alarm: Program cygnus_daq is not running
[fileCompressor,TALK] software alarm: Program cygnus_daq is not running
[fileCompressor,TALK] software alarm: Program cygnus_daq is not running
[fileCompressor,TALK] software alarm: Program cygnus_daq is not running
[fileCompressor,TALK] software alarm: Program cygnus_daq is not running
[fileCompressor,TALK] software alarm: Program cygnus_daq is not running
[fileCompressor,TALK] software alarm: Program cygnus_daq is not running
[fileCompressor,TALK] software alarm: Program cygnus_daq is not running
[fileCompressor,TALK] software alarm: Program cygnus_daq is not running
[fileCompressor,TALK] software alarm: Program cygnus_daq is not running
[fileCompressor,TALK] software alarm: Program cygnus_daq is not running
[fileCompressor,TALK] software alarm: Program cygnus_daq is not running
[fileCompressor,TALK] software alarm: Program cygnus_daq is not running
[fileCompressor,TALK] software alarm: Program cygnus_daq is not running
[fileCompressor,TALK] software alarm: Program cygnus_daq is not running
[fileCompressor,TALK] software alarm: Program cygnus_daq is not running
[fileCompressor,TALK] software alarm: Program cygnus_daq is not running
[fileCompressor,TALK] software alarm: Program cygnus_daq is not running
[fileCompressor,TALK] software alarm: Program cygnus_daq is not running
[fileCompressor,TALK] software alarm: Program cygnus_daq is not running
[fileCompressor,TALK] software alarm: Program cygnus_daq is not running
[fileCompressor,TALK] software alarm: Program cygnus_daq is not running
[fileCompressor,TALK] software alarm: Program cygnus_daq is not running
[fileCompressor,TALK] software alarm: Program cygnus_daq is not running
[fileCompressor,TALK] software alarm: Program cygnus_daq is not running
[fileCompressor,TALK] software alarm: Program cygnus_daq is not running
[fileCompressor,TALK] software alarm: Program cygnus_daq is not running
[fileCompressor,TALK] software alarm: Program cygnus_daq is not running
[fileCompressor,TALK] software alarm: Program cygnus_daq is not running
[fileCompressor,TALK] software alarm: Program cygnus_daq is not running
[fileCompressor,TALK] software alarm: Program cygnus_daq is not running
[fileCompressor,TALK] software alarm: Program cygnus_daq is not running
[fileCompressor,TALK] software alarm: Program cygnus_daq is not running
[fileCompressor,TALK] software alarm: Program cygnus_daq is not running
[fileCompressor,TALK] software alarm: Program cygnus_daq is not running
[fileCompressor,TALK] software alarm: Program cygnus_daq is not running
[fileCompressor,TALK] software alarm: Program cygnus_daq is not running
[fileCompressor,TALK] software alarm: Program cygnus_daq is not running
[fileCompressor,TALK] software alarm: Program cygnus_daq is not running
[fileCompressor,TALK] software alarm: Program cygnus_daq is not running
[fileCompressor,TALK] software alarm: Program cygnus_daq is not running
[fileCompressor,TALK] software alarm: Program cygnus_daq is not running
[fileCompressor,TALK] software alarm: Program cygnus_daq is not running
[fileCompressor,TALK] software alarm: Program cygnus_daq is not running
[fileCompressor,TALK] software alarm: Program cygnus_daq is not running
[fileCompressor,TALK] software alarm: Program cygnus_daq is not running
[fileCompressor,TALK] software alarm: Program cygnus_daq is not running
[fileCompressor,TALK] software alarm: Program cygnus_daq is not running
[fileCompressor,TALK] software alarm: Program cygnus_daq is not running
[fileCompressor,TALK] software alarm: Program cygnus_daq is not running
[fileCompressor,TALK] software alarm: Program cygnus_daq is not running
[fileCompressor,TALK] software alarm: Program cygnus_daq is not running
[fileCompressor,TALK] software alarm: Program cygnus_daq is not running
[fileCompressor,TALK] software alarm: Program cygnus_daq is not running
[fileCompressor,TALK] software alarm: Program cygnus_daq is not running
[fileCompressor,TALK] software alarm: Program cygnus_daq is not running
[fileCompressor,TALK] software alarm: Program cygnus_daq is not running
[fileCompressor,TALK] software alarm: Program cygnus_daq is not running
[fileCompressor,TALK] software alarm: Program cygnus_daq is not running
[fileCompressor,TALK] software alarm: Program cygnus_daq is not running
[fileCompressor,TALK] software alarm: Program cygnus_daq is not running
[fileCompressor,TALK] software alarm: Program cygnus_daq is not running
[fileCompressor,TALK] software alarm: Program cygnus_daq is not running
[fileCompressor,TALK] software alarm: Program cygnus_daq is not running
[fileCompressor,TALK] software alarm: Program cygnus_daq is not running
[fileCompressor,TALK] software alarm: Program cygnus_daq is not running
[fileCompressor,TALK] software alarm: Program cygnus_daq is not running
[fileCompressor,TALK] software alarm: Program cygnus_daq is not running
[fileCompressor,TALK] software alarm: Program cygnus_daq is not running
[fileCompressor,TALK] software alarm: Program cygnus_daq is not running
[fileCompressor,TALK] software alarm: Program cygnus_daq is not running
[fileCompressor,TALK] software alarm: Program cygnus_daq is not running
[fileCompressor,TALK] software alarm: Program cygnus_daq is not running
[fileCompressor,TALK] software alarm: Program cygnus_daq is not running
[fileCompressor,TALK] software alarm: Program cygnus_daq is not running
[fileCompressor,TALK] software alarm: Program cygnus_daq is not running
[fileCompressor,TALK] software alarm: Program cygnus_daq is not running
[fileCompressor,TALK] software alarm: Program cygnus_daq is not running
[fileCompressor,TALK] software alarm: Program cygnus_daq is not running
[fileCompressor,TALK] software alarm: Program cygnus_daq is not running
[fileCompressor,TALK] software alarm: Program cygnus_daq is not running
[fileCompressor,TALK] software alarm: Program cygnus_daq is not running
[fileCompressor,TALK] software alarm: Program cygnus_daq is not running
[fileCompressor,TALK] software alarm: Program cygnus_daq is not running
[fileCompressor,TALK] software alarm: Program cygnus_daq is not running
[fileCompressor,TALK] software alarm: Program cygnus_daq is not running
[fileCompressor,TALK] software alarm: Program cygnus_daq is not running
[fileCompressor,TALK] software alarm: Program cygnus_daq is not running
[fileCompressor,TALK] software alarm: Program cygnus_daq is not running
[fileCompressor,TALK] software alarm: Program cygnus_daq is not running
[fileCompressor,TALK] software alarm: Program cygnus_daq is not running
[fileCompressor,TALK] software alarm: Program cygnus_daq is not running
[fileCompressor,TALK] software alarm: Program cygnus_daq is not running
[fileCompressor,TALK] software alarm: Program cygnus_daq is not running
[fileCompressor,TALK] software alarm: Program cygnus_daq is not running
[fileCompressor,TALK] software alarm: Program cygnus_daq is not running
[fileCompressor,TALK] software alarm: Program cygnus_daq is not running
[fileCompressor,TALK] software alarm: Program cygnus_daq is not running
[fileCompressor,TALK] software alarm: Program cygnus_daq is not running
[fileCompressor,TALK] software alarm: Program cygnus_daq is not running
[fileCompressor,TALK] software alarm: Program cygnus_daq is not running
[fileCompressor,TALK] software alarm: Program cygnus_daq is not running
[fileCompressor,TALK] software alarm: Program cygnus_daq is not running
[fileCompressor,TALK] software alarm: Program cygnus_daq is not running
[fileCompressor,TALK] software alarm: Program cygnus_daq is not running
[fileCompressor,TALK] software alarm: Program cygnus_daq is not running
[fileCompressor,TALK] software alarm: Program cygnus_daq is not running
[fileCompressor,TALK] software alarm: Program cygnus_daq is not running
[fileCompressor,TALK] software alarm: Program cygnus_daq is not running
[fileCompressor,TALK] software alarm: Program cygnus_daq is not running
[fileCompressor,TALK] software alarm: Program cygnus_daq is not running
[fileCompressor,TALK] software alarm: Program cygnus_daq is not running
[fileCompressor,TALK] software alarm: Program cygnus_daq is not running
[fileCompressor,TALK] software alarm: Program cygnus_daq is not running
[fileCompressor,TALK] software alarm: Program cygnus_daq is not running
[fileCompressor,TALK] software alarm: Program cygnus_daq is not running
[fileCompressor,TALK] software alarm: Program cygnus_daq is not running
[fileCompressor,TALK] software alarm: Program cygnus_daq is not running
[fileCompressor,TALK] software alarm: Program cygnus_daq is not running
[fileCompressor,TALK] software alarm: Program cygnus_daq is not running
[fileCompressor,TALK] software alarm: Program cygnus_daq is not running
[fileCompressor,TALK] software alarm: Program cygnus_daq is not running
[fileCompressor,TALK] software alarm: Program cygnus_daq is not running
[fileCompressor,TALK] software alarm: Program cygnus_daq is not running
[fileCompressor,TALK] software alarm: Program cygnus_daq is not running
[fileCompressor,TALK] software alarm: Program cygnus_daq is not running
[fileCompressor,TALK] software alarm: Program cygnus_daq is not running
[fileCompressor,TALK] software alarm: Program cygnus_daq is not running
[fileCompressor,TALK] software alarm: Program cygnus_daq is not running
[fileCompressor,TALK] software alarm: Program cygnus_daq is not running
[fileCompressor,TALK] software alarm: Program cygnus_daq is not running
[fileCompressor,TALK] software alarm: Program cygnus_daq is not running
[fileCompressor,TALK] software alarm: Program cygnus_daq is not running
[fileCompressor,TALK] software alarm: Program cygnus_daq is not running
[fileCompressor,TALK] software alarm: Program cygnus_daq is not running
[fileCompressor,TALK] software alarm: Program cygnus_daq is not running
[fileCompressor,TALK] software alarm: Program cygnus_daq is not running
[fileCompressor,TALK] software alarm: Program cygnus_daq is not running
[fileCompressor,TALK] software alarm: Program cygnus_daq is not running
[fileCompressor,TALK] software alarm: Program cygnus_daq is not running
[fileCompressor,TALK] software alarm: Program cygnus_daq is not running
[fileCompressor,TALK] software alarm: Program cygnus_daq is not running
[fileCompressor,TALK] software alarm: Program cygnus_daq is not running
[fileCompressor,TALK] software alarm: Program cygnus_daq is not running
[fileCompressor,TALK] software alarm: Program cygnus_daq is not running
[fileCompressor,TALK] software alarm: Program cygnus_daq is not running
[fileCompressor,TALK] software alarm: Program cygnus_daq is not running
[fileCompressor,TALK] software alarm: Program cygnus_daq is not running
[fileCompressor,TALK] software alarm: Program cygnus_daq is not running
[fileCompressor,TALK] software alarm: Program cygnus_daq is not running
[fileCompressor,TALK] software alarm: Program cygnus_daq is not running
[fileCompressor,TALK] software alarm: Program cygnus_daq is not running
[fileCompressor,TALK] software alarm: Program cygnus_daq is not running
[fileCompressor,TALK] software alarm: Program cygnus_daq is not running
[fileCompressor,TALK] software alarm: Program cygnus_daq is not running
[fileCompressor,TALK] software alarm: Program cygnus_daq is not running
[fileCompressor,TALK] software alarm: Program cygnus_daq is not running
[fileCompressor,TALK] software alarm: Program cygnus_daq is not running
[fileCompressor,TALK] software alarm: Program cygnus_daq is not running
[fileCompressor,TALK] software alarm: Program cygnus_daq is not running
[fileCompressor,TALK] software alarm: Program cygnus_daq is not running
[fileCompressor,TALK] software alarm: Program cygnus_daq is not running
[fileCompressor,TALK] software alarm: Program cygnus_daq is not running
[fileCompressor,TALK] software alarm: Program cygnus_daq is not running
[fileCompressor,TALK] software alarm: Program cygnus_daq is not running
[fileCompressor,TALK] software alarm: Program cygnus_daq is not running
[fileCompressor,TALK] software alarm: Program cygnus_daq is not running
[fileCompressor,TALK] software alarm: Program cygnus_daq is not running
[fileCompressor,TALK] software alarm: Program cygnus_daq is not running
[fileCompressor,TALK] software alarm: Program cygnus_daq is not running
[fileCompressor,TALK] software alarm: Program cygnus_daq is not running
[fileCompressor,TALK] software alarm: Program cygnus_daq is not running
[fileCompressor,TALK] software alarm: Program cygnus_daq is not running
[fileCompressor,TALK] software alarm: Program cygnus_daq is not running
[fileCompressor,TALK] software alarm: Program cygnus_daq is not running
[fileCompressor,TALK] software alarm: Program cygnus_daq is not running
[fileCompressor,TALK] software alarm: Program cygnus_daq is not running
[fileCompressor,TALK] software alarm: Program cygnus_daq is not running
[fileCompressor,TALK] software alarm: Program cygnus_daq is not running
[fileCompressor,TALK] software alarm: Program cygnus_daq is not running
[fileCompressor,TALK] software alarm: Program cygnus_daq is not running
[fileCompressor,TALK] software alarm: Program cygnus_daq is not running
[fileCompressor,TALK] software alarm: Program cygnus_daq is not running
[fileCompressor,TALK] software alarm: Program cygnus_daq is not running
[fileCompressor,TALK] software alarm: Program cygnus_daq is not running
[fileCompressor,TALK] software alarm: Program cygnus_daq is not running
[fileCompressor,TALK] software alarm: Program cygnus_daq is not running
[fileCompressor,TALK] software alarm: Program cygnus_daq is not running
[fileCompressor,TALK] software alarm: Program cygnus_daq is not running
[fileCompressor,TALK] software alarm: Program cygnus_daq is not running
[fileCompressor,TALK] software alarm: Program cygnus_daq is not running
[fileCompressor,TALK] software alarm: Program cygnus_daq is not running
[fileCompressor,TALK] software alarm: Program cygnus_daq is not running
[fileCompressor,TALK] software alarm: Program cygnus_daq is not running
[fileCompressor,TALK] software alarm: Program cygnus_daq is not running
[fileCompressor,TALK] software alarm: Program cygnus_daq is not running
[fileCompressor,TALK] software alarm: Program cygnus_daq is not running
[fileCompressor,TALK] software alarm: Program cygnus_daq is not running
[fileCompressor,TALK] software alarm: Program cygnus_daq is not running
[fileCompressor,TALK] software alarm: Program cygnus_daq is not running
[fileCompressor,TALK] software alarm: Program cygnus_daq is not running
[fileCompressor,TALK] software alarm: Program cygnus_daq is not running
[fileCompressor,TALK] software alarm: Program cygnus_daq is not running
[fileCompressor,TALK] software alarm: Program cygnus_daq is not running
[fileCompressor,TALK] software alarm: Program cygnus_daq is not running
[fileCompressor,TALK] software alarm: Program cygnus_daq is not running
[fileCompressor,TALK] software alarm: Program cygnus_daq is not running
[fileCompressor,TALK] software alarm: Program cygnus_daq is not running
[fileCompressor,TALK] software alarm: Program cygnus_daq is not running
[fileCompressor,TALK] software alarm: Program cygnus_daq is not running
[fileCompressor,TALK] software alarm: Program cygnus_daq is not running
[fileCompressor,TALK] software alarm: Program cygnus_daq is not running
[fileCompressor,TALK] software alarm: Program cygnus_daq is not running
[fileCompressor,TALK] software alarm: Program cygnus_daq is not running
[fileCompressor,TALK] software alarm: Program cygnus_daq is not running
[fileCompressor,TALK] software alarm: Program cygnus_daq is not running
[fileCompressor,TALK] software alarm: Program cygnus_daq is not running
[fileCompressor,TALK] software alarm: Program cygnus_daq is not running
[fileCompressor,TALK] software alarm: Program cygnus_daq is not running
[fileCompressor,TALK] software alarm: Program cygnus_daq is not running
[fileCompressor,TALK] software alarm: Program cygnus_daq is not running
[fileCompressor,TALK] software alarm: Program cygnus_daq is not running
[fileCompressor,TALK] software alarm: Program cygnus_daq is not running
[fileCompressor,TALK] software alarm: Program cygnus_daq is not running
[fileCompressor,TALK] software alarm: Program cygnus_daq is not running
[fileCompressor,TALK] software alarm: Program cygnus_daq is not running
[fileCompressor,TALK] software alarm: Program cygnus_daq is not running
[fileCompressor,TALK] software alarm: Program cygnus_daq is not running
[fileCompressor,TALK] software alarm: Program cygnus_daq is not running
[fileCompressor,TALK] software alarm: Program cygnus_daq is not running
[fileCompressor,TALK] software alarm: Program cygnus_daq is not running
[fileCompressor,TALK] software alarm: Program cygnus_daq is not running
[fileCompressor,TALK] software alarm: Program cygnus_daq is not running
[fileCompressor,TALK] software alarm: Program cygnus_daq is not running
[fileCompressor,TALK] software alarm: Program cygnus_daq is not running
[fileCompressor,TALK] software alarm: Program cygnus_daq is not running
[fileCompressor,TALK] software alarm: Program cygnus_daq is not running
[fileCompressor,TALK] software alarm: Program cygnus_daq is not running
[fileCompressor,TALK] software alarm: Program cygnus_daq is not running
[fileCompressor,TALK] software alarm: Program cygnus_daq is not running
[fileCompressor,TALK] software alarm: Program cygnus_daq is not running
[fileCompressor,TALK] software alarm: Program cygnus_daq is not running
[fileCompressor,TALK] software alarm: Program cygnus_daq is not running
[fileCompressor,TALK] software alarm: Program cygnus_daq is not running
[fileCompressor,TALK] software alarm: Program cygnus_daq is not running
[fileCompressor,TALK] software alarm: Program cygnus_daq is not running
[fileCompressor,TALK] software alarm: Program cygnus_daq is not running
[fileCompressor,TALK] software alarm: Program cygnus_daq is not running
[fileCompressor,TALK] software alarm: Program cygnus_daq is not running
[fileCompressor,TALK] software alarm: Program cygnus_daq is not running
[fileCompressor,TALK] software alarm: Program cygnus_daq is not running
[fileCompressor,TALK] software alarm: Program cygnus_daq is not running
[fileCompressor,TALK] software alarm: Program cygnus_daq is not running
[fileCompressor,TALK] software alarm: Program cygnus_daq is not running
[fileCompressor,TALK] software alarm: Program cygnus_daq is not running
[fileCompressor,TALK] software alarm: Program cygnus_daq is not running
[fileCompressor,TALK] software alarm: Program cygnus_daq is not running
[fileCompressor,TALK] software alarm: Program cygnus_daq is not running
[fileCompressor,TALK] software alarm: Program cygnus_daq is not running
[fileCompressor,TALK] software alarm: Program cygnus_daq is not running
[fileCompressor,TALK] software alarm: Program cygnus_daq is not running
[fileCompressor,TALK] software alarm: Program cygnus_daq is not running
[fileCompressor,TALK] software alarm: Program cygnus_daq is not running
[fileCompressor,TALK] software alarm: Program cygnus_daq is not running
[fileCompressor,TALK] software alarm: Program cygnus_daq is not running
[fileCompressor,TALK] software alarm: Program cygnus_daq is not running
[fileCompressor,TALK] software alarm: Program cygnus_daq is not running
[fileCompressor,TALK] software alarm: Program cygnus_daq is not running
[fileCompressor,TALK] software alarm: Program cygnus_daq is not running
[fileCompressor,TALK] software alarm: Program cygnus_daq is not running
[fileCompressor,TALK] software alarm: Program cygnus_daq is not running
[fileCompressor,TALK] software alarm: Program cygnus_daq is not running
[fileCompressor,TALK] software alarm: Program cygnus_daq is not running
[fileCompressor,TALK] software alarm: Program cygnus_daq is not running
[fileCompressor,TALK] software alarm: Program cygnus_daq is not running
[fileCompressor,TALK] software alarm: Program cygnus_daq is not running
[fileCompressor,TALK] software alarm: Program cygnus_daq is not running
[fileCompressor,TALK] software alarm: Program cygnus_daq is not running
[fileCompressor,TALK] software alarm: Program cygnus_daq is not running
[fileCompressor,TALK] software alarm: Program cygnus_daq is not running
[fileCompressor,TALK] software alarm: Program cygnus_daq is not running
[fileCompressor,TALK] software alarm: Program cygnus_daq is not running
[fileCompressor,TALK] software alarm: Program cygnus_daq is not running
[fileCompressor,TALK] software alarm: Program cygnus_daq is not running
[fileCompressor,TALK] software alarm: Program cygnus_daq is not running
[fileCompressor,TALK] software alarm: Program cygnus_daq is not running
[fileCompressor,TALK] software alarm: Program cygnus_daq is not running
[fileCompressor,TALK] software alarm: Program cygnus_daq is not running
[fileCompressor,TALK] software alarm: Program cygnus_daq is not running
[fileCompressor,TALK] software alarm: Program cygnus_daq is not running
[fileCompressor,TALK] software alarm: Program cygnus_daq is not running
[fileCompressor,TALK] software alarm: Program cygnus_daq is not running
[fileCompressor,TALK] software alarm: Program cygnus_daq is not running
[fileCompressor,TALK] software alarm: Program cygnus_daq is not running
[fileCompressor,TALK] software alarm: Program cygnus_daq is not running
[fileCompressor,TALK] software alarm: Program cygnus_daq is not running
[fileCompressor,TALK] software alarm: Program cygnus_daq is not running
[fileCompressor,TALK] software alarm: Program cygnus_daq is not running
[fileCompressor,TALK] software alarm: Program cygnus_daq is not running
[fileCompressor,TALK] software alarm: Program cygnus_daq is not running
[fileCompressor,TALK] software alarm: Program cygnus_daq is not running
[fileCompressor,TALK] software alarm: Program cygnus_daq is not running
[fileCompressor,TALK] software alarm: Program cygnus_daq is not running
[fileCompressor,TALK] software alarm: Program cygnus_daq is not running
[fileCompressor,TALK] software alarm: Program cygnus_daq is not running
[fileCompressor,TALK] software alarm: Program cygnus_daq is not running
[fileCompressor,TALK] software alarm: Program cygnus_daq is not running
[fileCompressor,TALK] software alarm: Program cygnus_daq is not running
[fileCompressor,TALK] software alarm: Program cygnus_daq is not running
[fileCompressor,TALK] software alarm: Program cygnus_daq is not running
[fileCompressor,TALK] software alarm: Program cygnus_daq is not running
[fileCompressor,TALK] software alarm: Program cygnus_daq is not running
[fileCompressor,TALK] software alarm: Program cygnus_daq is not running
[fileCompressor,TALK] software alarm: Program cygnus_daq is not running
[fileCompressor,TALK] software alarm: Program cygnus_daq is not running
[fileCompressor,TALK] software alarm: Program cygnus_daq is not running
[fileCompressor,TALK] software alarm: Program cygnus_daq is not running
[fileCompressor,TALK] software alarm: Program cygnus_daq is not running
[fileCompressor,TALK] software alarm: Program cygnus_daq is not running
[fileCompressor,TALK] software alarm: Program cygnus_daq is not running
[fileCompressor,TALK] software alarm: Program cygnus_daq is not running
[fileCompressor,TALK] software alarm: Program cygnus_daq is not running
[fileCompressor,TALK] software alarm: Program cygnus_daq is not running
[fileCompressor,TALK] software alarm: Program cygnus_daq is not running
[fileCompressor,TALK] software alarm: Program cygnus_daq is not running
[fileCompressor,TALK] software alarm: Program cygnus_daq is not running
[fileCompressor,TALK] software alarm: Program cygnus_daq is not running
[fileCompressor,TALK] software alarm: Program cygnus_daq is not running
[fileCompressor,TALK] software alarm: Program cygnus_daq is not running
[fileCompressor,TALK] software alarm: Program cygnus_daq is not running
[fileCompressor,TALK] software alarm: Program cygnus_daq is not running
[fileCompressor,TALK] software alarm: Program cygnus_daq is not running
[fileCompressor,TALK] software alarm: Program cygnus_daq is not running
[fileCompressor,TALK] software alarm: Program cygnus_daq is not running
[fileCompressor,TALK] software alarm: Program cygnus_daq is not running
[fileCompressor,TALK] software alarm: Program cygnus_daq is not running
[fileCompressor,TALK] software alarm: Program cygnus_daq is not running
[fileCompressor,TALK] software alarm: Program cygnus_daq is not running
[fileCompressor,TALK] software alarm: Program cygnus_daq is not running
[fileCompressor,TALK] software alarm: Program cygnus_daq is not running
[fileCompressor,TALK] software alarm: Program cygnus_daq is not running
[fileCompressor,TALK] software alarm: Program cygnus_daq is not running
[fileCompressor,TALK] software alarm: Program cygnus_daq is not running
[fileCompressor,TALK] software alarm: Program cygnus_daq is not running
[fileCompressor,TALK] software alarm: Program cygnus_daq is not running
[fileCompressor,TALK] software alarm: Program cygnus_daq is not running
[fileCompressor,TALK] software alarm: Program cygnus_daq is not running
[fileCompressor,TALK] software alarm: Program cygnus_daq is not running
[fileCompressor,TALK] software alarm: Program cygnus_daq is not running
[fileCompressor,TALK] software alarm: Program cygnus_daq is not running
[fileCompressor,TALK] software alarm: Program cygnus_daq is not running
[fileCompressor,TALK] software alarm: Program cygnus_daq is not running
[fileCompressor,TALK] software alarm: Program cygnus_daq is not running
[fileCompressor,TALK] software alarm: Program cygnus_daq is not running
[fileCompressor,TALK] software alarm: Program cygnus_daq is not running
[fileCompressor,TALK] software alarm: Program cygnus_daq is not running
[fileCompressor,TALK] software alarm: Program cygnus_daq is not running
[fileCompressor,TALK] software alarm: Program cygnus_daq is not running
[fileCompressor,TALK] software alarm: Program cygnus_daq is not running
[fileCompressor,TALK] software alarm: Program cygnus_daq is not running
[fileCompressor,TALK] software alarm: Program cygnus_daq is not running
[fileCompressor,TALK] software alarm: Program cygnus_daq is not running
[fileCompressor,TALK] software alarm: Program cygnus_daq is not running
[fileCompressor,TALK] software alarm: Program cygnus_daq is not running
[fileCompressor,TALK] software alarm: Program cygnus_daq is not running
[fileCompressor,TALK] software alarm: Program cygnus_daq is not running
[fileCompressor,TALK] software alarm: Program cygnus_daq is not running
[fileCompressor,TALK] software alarm: Program cygnus_daq is not running
[fileCompressor,TALK] software alarm: Program cygnus_daq is not running
[fileCompressor,TALK] software alarm: Program cygnus_daq is not running
[fileCompressor,TALK] software alarm: Program cygnus_daq is not running
[fileCompressor,TALK] software alarm: Program cygnus_daq is not running
[fileCompressor,TALK] software alarm: Program cygnus_daq is not running
[fileCompressor,TALK] software alarm: Program cygnus_daq is not running
[fileCompressor,TALK] software alarm: Program cygnus_daq is not running
[fileCompressor,TALK] software alarm: Program cygnus_daq is not running
[fileCompressor,TALK] software alarm: Program cygnus_daq is not running
[fileCompressor,TALK] software alarm: Program cygnus_daq is not running
[fileCompressor,TALK] software alarm: Program cygnus_daq is not running
[fileCompressor,TALK] software alarm: Program cygnus_daq is not running
[fileCompressor,TALK] software alarm: Program cygnus_daq is not running
[fileCompressor,TALK] software alarm: Program cygnus_daq is not running
[fileCompressor,TALK] software alarm: Program cygnus_daq is not running
[fileCompressor,TALK] software alarm: Program cygnus_daq is not running
[fileCompressor,TALK] software alarm: Program cygnus_daq is not running
[fileCompressor,TALK] software alarm: Program cygnus_daq is not running
[fileCompressor,TALK] software alarm: Program cygnus_daq is not running
[fileCompressor,TALK] software alarm: Program cygnus_daq is not running
[fileCompressor,TALK] software alarm: Program cygnus_daq is not running
[fileCompressor,TALK] software alarm: Program cygnus_daq is not running
[fileCompressor,TALK] software alarm: Program cygnus_daq is not running
[fileCompressor,TALK] software alarm: Program cygnus_daq is not running
[fileCompressor,TALK] software alarm: Program cygnus_daq is not running
[fileCompressor,TALK] software alarm: Program cygnus_daq is not running
[fileCompressor,TALK] software alarm: Program cygnus_daq is not running
[fileCompressor,TALK] software alarm: Program cygnus_daq is not running
[fileCompressor,TALK] software alarm: Program cygnus_daq is not running
[fileCompressor,TALK] software alarm: Program cygnus_daq is not running
[fileCompressor,TALK] software alarm: Program cygnus_daq is not running
[fileCompressor,TALK] software alarm: Program cygnus_daq is not running
[fileCompressor,TALK] software alarm: Program cygnus_daq is not running
[fileCompressor,TALK] software alarm: Program cygnus_daq is not running
[fileCompressor,TALK] software alarm: Program cygnus_daq is not running
[fileCompressor,TALK] software alarm: Program cygnus_daq is not running
[fileCompressor,TALK] software alarm: Program cygnus_daq is not running
[fileCompressor,TALK] software alarm: Program cygnus_daq is not running
[fileCompressor,TALK] software alarm: Program cygnus_daq is not running
[fileCompressor,TALK] software alarm: Program cygnus_daq is not running
[fileCompressor,TALK] software alarm: Program cygnus_daq is not running
[fileCompressor,TALK] software alarm: Program cygnus_daq is not running
[fileCompressor,TALK] software alarm: Program cygnus_daq is not running
[fileCompressor,TALK] software alarm: Program cygnus_daq is not running
[fileCompressor,TALK] software alarm: Program cygnus_daq is not running
[fileCompressor,TALK] software alarm: Program cygnus_daq is not running
[fileCompressor,TALK] software alarm: Program cygnus_daq is not running
[fileCompressor,TALK] software alarm: Program cygnus_daq is not running
[fileCompressor,TALK] software alarm: Program cygnus_daq is not running
[fileCompressor,TALK] software alarm: Program cygnus_daq is not running
[fileCompressor,TALK] software alarm: Program cygnus_daq is not running
[fileCompressor,TALK] software alarm: Program cygnus_daq is not running
[fileCompressor,TALK] software alarm: Program cygnus_daq is not running
[fileCompressor,TALK] software alarm: Program cygnus_daq is not running
[fileCompressor,TALK] software alarm: Program cygnus_daq is not running
[fileCompressor,TALK] software alarm: Program cygnus_daq is not running
[fileCompressor,TALK] software alarm: Program cygnus_daq is not running
[fileCompressor,TALK] software alarm: Program cygnus_daq is not running
[fileCompressor,TALK] software alarm: Program cygnus_daq is not running
[fileCompressor,TALK] software alarm: Program cygnus_daq is not running
[fileCompressor,TALK] software alarm: Program cygnus_daq is not running
[fileCompressor,TALK] software alarm: Program cygnus_daq is not running
[fileCompressor,TALK] software alarm: Program cygnus_daq is not running
[fileCompressor,TALK] software alarm: Program cygnus_daq is not running
[fileCompressor,TALK] software alarm: Program cygnus_daq is not running
[fileCompressor,TALK] software alarm: Program cygnus_daq is not running
[fileCompressor,TALK] software alarm: Program cygnus_daq is not running
[fileCompressor,TALK] software alarm: Program cygnus_daq is not running
[fileCompressor,TALK] software alarm: Program cygnus_daq is not running
[fileCompressor,TALK] software alarm: Program cygnus_daq is not running
[fileCompressor,TALK] software alarm: Program cygnus_daq is not running
[fileCompressor,TALK] software alarm: Program cygnus_daq is not running
[fileCompressor,TALK] software alarm: Program cygnus_daq is not running
[fileCompressor,TALK] software alarm: Program cygnus_daq is not running
[fileCompressor,TALK] software alarm: Program cygnus_daq is not running
[fileCompressor,TALK] software alarm: Program cygnus_daq is not running
[fileCompressor,TALK] software alarm: Program cygnus_daq is not running
[fileCompressor,TALK] software alarm: Program cygnus_daq is not running
[fileCompressor,TALK] software alarm: Program cygnus_daq is not running
[fileCompressor,TALK] software alarm: Program cygnus_daq is not running
[fileCompressor,TALK] software alarm: Program cygnus_daq is not running
[fileCompressor,TALK] software alarm: Program cygnus_daq is not running
[fileCompressor,TALK] software alarm: Program cygnus_daq is not running
[fileCompressor,TALK] software alarm: Program cygnus_daq is not running
[fileCompressor,TALK] software alarm: Program cygnus_daq is not running
[fileCompressor,TALK] software alarm: Program cygnus_daq is not running
[fileCompressor,TALK] software alarm: Program cygnus_daq is not running
[fileCompressor,TALK] software alarm: Program cygnus_daq is not running
[fileCompressor,TALK] software alarm: Program cygnus_daq is not running
[fileCompressor,TALK] software alarm: Program cygnus_daq is not running
[fileCompressor,TALK] software alarm: Program cygnus_daq is not running
[fileCompressor,TALK] software alarm: Program cygnus_daq is not running
[fileCompressor,TALK] software alarm: Program cygnus_daq is not running
[fileCompressor,TALK] software alarm: Program cygnus_daq is not running
[fileCompressor,TALK] software alarm: Program cygnus_daq is not running
[fileCompressor,TALK] software alarm: Program cygnus_daq is not running
[fileCompressor,TALK] software alarm: Program cygnus_daq is not running
[fileCompressor,TALK] software alarm: Program cygnus_daq is not running
[fileCompressor,TALK] software alarm: Program cygnus_daq is not running
[fileCompressor,TALK] software alarm: Program cygnus_daq is not running
[fileCompressor,TALK] software alarm: Program cygnus_daq is not running
[fileCompressor,TALK] software alarm: Program cygnus_daq is not running
[fileCompressor,TALK] software alarm: Program cygnus_daq is not running
[fileCompressor,TALK] software alarm: Program cygnus_daq is not running
[fileCompressor,TALK] software alarm: Program cygnus_daq is not running
[fileCompressor,TALK] software alarm: Program cygnus_daq is not running
[fileCompressor,TALK] software alarm: Program cygnus_daq is not running
[fileCompressor,TALK] software alarm: Program cygnus_daq is not running
[fileCompressor,TALK] software alarm: Program cygnus_daq is not running
[fileCompressor,TALK] software alarm: Program cygnus_daq is not running
[fileCompressor,TALK] software alarm: Program cygnus_daq is not running
[fileCompressor,TALK] software alarm: Program cygnus_daq is not running
[fileCompressor,TALK] software alarm: Program cygnus_daq is not running
[fileCompressor,TALK] software alarm: Program cygnus_daq is not running
[fileCompressor,TALK] software alarm: Program cygnus_daq is not running
[fileCompressor,TALK] software alarm: Program cygnus_daq is not running
[fileCompressor,TALK] software alarm: Program cygnus_daq is not running
[fileCompressor,TALK] software alarm: Program cygnus_daq is not running
[fileCompressor,TALK] software alarm: Program cygnus_daq is not running
[fileCompressor,TALK] software alarm: Program cygnus_daq is not running
[fileCompressor,TALK] software alarm: Program cygnus_daq is not running
[fileCompressor,TALK] software alarm: Program cygnus_daq is not running
[fileCompressor,TALK] software alarm: Program cygnus_daq is not running
[fileCompressor,TALK] software alarm: Program cygnus_daq is not running
[fileCompressor,TALK] software alarm: Program cygnus_daq is not running
[fileCompressor,TALK] software alarm: Program cygnus_daq is not running
[fileCompressor,TALK] software alarm: Program cygnus_daq is not running
[fileCompressor,TALK] software alarm: Program cygnus_daq is not running
[fileCompressor,TALK] software alarm: Program cygnus_daq is not running
[fileCompressor,TALK] software alarm: Program cygnus_daq is not running
[fileCompressor,TALK] software alarm: Program cygnus_daq is not running
[fileCompressor,TALK] software alarm: Program cygnus_daq is not running
[fileCompressor,TALK] software alarm: Program cygnus_daq is not running
[fileCompressor,TALK] software alarm: Program cygnus_daq is not running
[fileCompressor,TALK] software alarm: Program cygnus_daq is not running
[fileCompressor,TALK] software alarm: Program cygnus_daq is not running
[fileCompressor,TALK] software alarm: Program cygnus_daq is not running
[fileCompressor,TALK] software alarm: Program cygnus_daq is not running
[fileCompressor,TALK] software alarm: Program cygnus_daq is not running
[fileCompressor,TALK] software alarm: Program cygnus_daq is not running
[fileCompressor,TALK] software alarm: Program cygnus_daq is not running
[fileCompressor,TALK] software alarm: Program cygnus_daq is not running
[fileCompressor,TALK] software alarm: Program cygnus_daq is not running
[fileCompressor,TALK] software alarm: Program cygnus_daq is not running
[fileCompressor,TALK] software alarm: Program cygnus_daq is not running
[fileCompressor,TALK] software alarm: Program cygnus_daq is not running
[fileCompressor,TALK] software alarm: Program cygnus_daq is not running
[fileCompressor,TALK] software alarm: Program cygnus_daq is not running
[fileCompressor,TALK] software alarm: Program cygnus_daq is not running
[fileCompressor,TALK] software alarm: Program cygnus_daq is not running
[fileCompressor,TALK] software alarm: Program cygnus_daq is not running
[fileCompressor,TALK] software alarm: Program cygnus_daq is not running
[fileCompressor,TALK] software alarm: Program cygnus_daq is not running
[fileCompressor,TALK] software alarm: Program cygnus_daq is not running
[fileCompressor,TALK] software alarm: Program cygnus_daq is not running
[fileCompressor,TALK] software alarm: Program cygnus_daq is not running
[fileCompressor,TALK] software alarm: Program cygnus_daq is not running
[fileCompressor,TALK] software alarm: Program cygnus_daq is not running
[fileCompressor,TALK] software alarm: Program cygnus_daq is not running
[fileCompressor,TALK] software alarm: Program cygnus_daq is not running
[fileCompressor,TALK] software alarm: Program cygnus_daq is not running
[fileCompressor,TALK] software alarm: Program cygnus_daq is not running
[fileCompressor,TALK] software alarm: Program cygnus_daq is not running
[fileCompressor,TALK] software alarm: Program cygnus_daq is not running
[fileCompressor,TALK] software alarm: Program cygnus_daq is not running
[fileCompressor,TALK] software alarm: Program cygnus_daq is not running
[fileCompressor,TALK] software alarm: Program cygnus_daq is not running
[fileCompressor,TALK] software alarm: Program cygnus_daq is not running
[fileCompressor,TALK] software alarm: Program cygnus_daq is not running
[fileCompressor,TALK] software alarm: Program cygnus_daq is not running
[fileCompressor,TALK] software alarm: Program cygnus_daq is not running
[fileCompressor,TALK] software alarm: Program cygnus_daq is not running
[fileCompressor,TALK] software alarm: Program cygnus_daq is not running
[fileCompressor,TALK] software alarm: Program cygnus_daq is not running
[fileCompressor,TALK] software alarm: Program cygnus_daq is not running
[fileCompressor,TALK] software alarm: Program cygnus_daq is not running
[fileCompressor,TALK] software alarm: Program cygnus_daq is not running
[fileCompressor,TALK] software alarm: Program cygnus_daq is not running
[fileCompressor,TALK] software alarm: Program cygnus_daq is not running
[fileCompressor,TALK] software alarm: Program cygnus_daq is not running
[fileCompressor,TALK] software alarm: Program cygnus_daq is not running
[fileCompressor,TALK] software alarm: Program cygnus_daq is not running
[fileCompressor,TALK] software alarm: Program cygnus_daq is not running
[fileCompressor,TALK] software alarm: Program cygnus_daq is not running
[fileCompressor,TALK] software alarm: Program cygnus_daq is not running
[fileCompressor,TALK] software alarm: Program cygnus_daq is not running
[fileCompressor,TALK] software alarm: Program cygnus_daq is not running
[fileCompressor,TALK] software alarm: Program cygnus_daq is not running
[fileCompressor,TALK] software alarm: Program cygnus_daq is not running
[fileCompressor,TALK] software alarm: Program cygnus_daq is not running
[fileCompressor,TALK] software alarm: Program cygnus_daq is not running
[fileCompressor,TALK] software alarm: Program cygnus_daq is not running
[fileCompressor,TALK] software alarm: Program cygnus_daq is not running
[fileCompressor,TALK] software alarm: Program cygnus_daq is not running
[fileCompressor,TALK] software alarm: Program cygnus_daq is not running
[fileCompressor,TALK] software alarm: Program cygnus_daq is not running
[fileCompressor,TALK] software alarm: Program cygnus_daq is not running
[fileCompressor,TALK] software alarm: Program cygnus_daq is not running
[fileCompressor,TALK] software alarm: Program cygnus_daq is not running
[fileCompressor,TALK] software alarm: Program cygnus_daq is not running
[fileCompressor,TALK] software alarm: Program cygnus_daq is not running
[fileCompressor,TALK] software alarm: Program cygnus_daq is not running
[fileCompressor,TALK] software alarm: Program cygnus_daq is not running
[fileCompressor,TALK] software alarm: Program cygnus_daq is not running
[fileCompressor,TALK] software alarm: Program cygnus_daq is not running
[fileCompressor,TALK] software alarm: Program cygnus_daq is not running
[fileCompressor,TALK] software alarm: Program cygnus_daq is not running
[fileCompressor,TALK] software alarm: Program cygnus_daq is not running
[fileCompressor,TALK] software alarm: Program cygnus_daq is not running
[fileCompressor,TALK] software alarm: Program cygnus_daq is not running
[fileCompressor,TALK] software alarm: Program cygnus_daq is not running
[fileCompressor,TALK] software alarm: Program cygnus_daq is not running
[fileCompressor,TALK] software alarm: Program cygnus_daq is not running
[fileCompressor,TALK] software alarm: Program cygnus_daq is not running
[fileCompressor,TALK] software alarm: Program cygnus_daq is not running
[fileCompressor,TALK] software alarm: Program cygnus_daq is not running
[fileCompressor,TALK] software alarm: Program cygnus_daq is not running
[fileCompressor,TALK] software alarm: Program cygnus_daq is not running
[fileCompressor,TALK] software alarm: Program cygnus_daq is not running
[fileCompressor,TALK] software alarm: Program cygnus_daq is not running
[fileCompressor,TALK] software alarm: Program cygnus_daq is not running
[fileCompressor,TALK] software alarm: Program cygnus_daq is not running
[fileCompressor,TALK] software alarm: Program cygnus_daq is not running
[fileCompressor,TALK] software alarm: Program cygnus_daq is not running
[fileCompressor,TALK] software alarm: Program cygnus_daq is not running
[fileCompressor,TALK] software alarm: Program cygnus_daq is not running
[fileCompressor,TALK] software alarm: Program cygnus_daq is not running
[fileCompressor,TALK] software alarm: Program cygnus_daq is not running
[fileCompressor,TALK] software alarm: Program cygnus_daq is not running
[fileCompressor,TALK] software alarm: Program cygnus_daq is not running
[fileCompressor,TALK] software alarm: Program cygnus_daq is not running
[fileCompressor,TALK] software alarm: Program cygnus_daq is not running
[fileCompressor,TALK] software alarm: Program cygnus_daq is not running
[fileCompressor,TALK] software alarm: Program cygnus_daq is not running
[fileCompressor,TALK] software alarm: Program cygnus_daq is not running
[fileCompressor,TALK] software alarm: Program cygnus_daq is not running
[fileCompressor,TALK] software alarm: Program cygnus_daq is not running
[fileCompressor,TALK] software alarm: Program cygnus_daq is not running
[fileCompressor,TALK] software alarm: Program cygnus_daq is not running
[fileCompressor,TALK] software alarm: Program cygnus_daq is not running
[fileCompressor,TALK] software alarm: Program cygnus_daq is not running
[fileCompressor,TALK] software alarm: Program cygnus_daq is not running
[fileCompressor,TALK] software alarm: Program cygnus_daq is not running
[fileCompressor,TALK] software alarm: Program cygnus_daq is not running
[fileCompressor,TALK] software alarm: Program cygnus_daq is not running
[fileCompressor,TALK] software alarm: Program cygnus_daq is not running
[fileCompressor,TALK] software alarm: Program cygnus_daq is not running
[fileCompressor,TALK] software alarm: Program cygnus_daq is not running
[fileCompressor,TALK] software alarm: Program cygnus_daq is not running
[fileCompressor,TALK] software alarm: Program cygnus_daq is not running
[fileCompressor,TALK] software alarm: Program cygnus_daq is not running
[fileCompressor,TALK] software alarm: Program cygnus_daq is not running
[fileCompressor,TALK] software alarm: Program cygnus_daq is not running
[fileCompressor,TALK] software alarm: Program cygnus_daq is not running
[fileCompressor,TALK] software alarm: Program cygnus_daq is not running
[fileCompressor,TALK] software alarm: Program cygnus_daq is not running
[fileCompressor,TALK] software alarm: Program cygnus_daq is not running
[fileCompressor,TALK] software alarm: Program cygnus_daq is not running
[fileCompressor,TALK] software alarm: Program cygnus_daq is not running
[fileCompressor,TALK] software alarm: Program cygnus_daq is not running
[fileCompressor,TALK] software alarm: Program cygnus_daq is not running
[fileCompressor,TALK] software alarm: Program cygnus_daq is not running
[fileCompressor,TALK] software alarm: Program cygnus_daq is not running
[fileCompressor,TALK] software alarm: Program cygnus_daq is not running
[fileCompressor,TALK] software alarm: Program cygnus_daq is not running
[fileCompressor,TALK] software alarm: Program cygnus_daq is not running
[fileCompressor,TALK] software alarm: Program cygnus_daq is not running
[fileCompressor,TALK] software alarm: Program cygnus_daq is not running
[fileCompressor,TALK] software alarm: Program cygnus_daq is not running
[fileCompressor,TALK] software alarm: Program cygnus_daq is not running
[fileCompressor,TALK] software alarm: Program cygnus_daq is not running
[fileCompressor,TALK] software alarm: Program cygnus_daq is not running
[fileCompressor,TALK] software alarm: Program cygnus_daq is not running
[fileCompressor,TALK] software alarm: Program cygnus_daq is not running
[fileCompressor,TALK] software alarm: Program cygnus_daq is not running
[fileCompressor,TALK] software alarm: Program cygnus_daq is not running
[fileCompressor,TALK] software alarm: Program cygnus_daq is not running
[fileCompressor,TALK] software alarm: Program cygnus_daq is not running
[fileCompressor,TALK] software alarm: Program cygnus_daq is not running
[fileCompressor,TALK] software alarm: Program cygnus_daq is not running
[fileCompressor,TALK] software alarm: Program cygnus_daq is not running
[fileCompressor,TALK] software alarm: Program cygnus_daq is not running
[fileCompressor,TALK] software alarm: Program cygnus_daq is not running
[fileCompressor,TALK] software alarm: Program cygnus_daq is not running
[fileCompressor,TALK] software alarm: Program cygnus_daq is not running
[fileCompressor,TALK] software alarm: Program cygnus_daq is not running
[fileCompressor,TALK] software alarm: Program cygnus_daq is not running
[fileCompressor,TALK] software alarm: Program cygnus_daq is not running
[fileCompressor,TALK] software alarm: Program cygnus_daq is not running
[fileCompressor,TALK] software alarm: Program cygnus_daq is not running
[fileCompressor,TALK] software alarm: Program cygnus_daq is not running
[fileCompressor,TALK] software alarm: Program cygnus_daq is not running
[fileCompressor,TALK] software alarm: Program cygnus_daq is not running
[fileCompressor,TALK] software alarm: Program cygnus_daq is not running
[fileCompressor,TALK] software alarm: Program cygnus_daq is not running
[fileCompressor,TALK] software alarm: Program cygnus_daq is not running
[fileCompressor,TALK] software alarm: Program cygnus_daq is not running
[fileCompressor,TALK] software alarm: Program cygnus_daq is not running
[fileCompressor,TALK] software alarm: Program cygnus_daq is not running
[fileCompressor,TALK] software alarm: Program cygnus_daq is not running
[fileCompressor,TALK] software alarm: Program cygnus_daq is not running
[fileCompressor,TALK] software alarm: Program cygnus_daq is not running
[fileCompressor,TALK] software alarm: Program cygnus_daq is not running
[fileCompressor,TALK] software alarm: Program cygnus_daq is not running
[fileCompressor,TALK] software alarm: Program cygnus_daq is not running
[fileCompressor,TALK] software alarm: Program cygnus_daq is not running
[fileCompressor,TALK] software alarm: Program cygnus_daq is not running
[fileCompressor,TALK] software alarm: Program cygnus_daq is not running
[fileCompressor,TALK] software alarm: Program cygnus_daq is not running
[fileCompressor,TALK] software alarm: Program cygnus_daq is not running
[fileCompressor,TALK] software alarm: Program cygnus_daq is not running
[fileCompressor,TALK] software alarm: Program cygnus_daq is not running
[fileCompressor,TALK] software alarm: Program cygnus_daq is not running
[fileCompressor,TALK] software alarm: Program cygnus_daq is not running
[fileCompressor,TALK] software alarm: Program cygnus_daq is not running
[fileCompressor,TALK] software alarm: Program cygnus_daq is not running
[fileCompressor,TALK] software alarm: Program cygnus_daq is not running
[fileCompressor,TALK] software alarm: Program cygnus_daq is not running
[fileCompressor,TALK] software alarm: Program cygnus_daq is not running
[fileCompressor,TALK] software alarm: Program cygnus_daq is not running
[fileCompressor,TALK] software alarm: Program cygnus_daq is not running
[fileCompressor,TALK] software alarm: Program cygnus_daq is not running
[fileCompressor,TALK] software alarm: Program cygnus_daq is not running
[fileCompressor,TALK] software alarm: Program cygnus_daq is not running
[fileCompressor,TALK] software alarm: Program cygnus_daq is not running
[fileCompressor,TALK] software alarm: Program cygnus_daq is not running
[fileCompressor,TALK] software alarm: Program cygnus_daq is not running
[fileCompressor,TALK] software alarm: Program cygnus_daq is not running
[fileCompressor,TALK] software alarm: Program cygnus_daq is not running
[fileCompressor,TALK] software alarm: Program cygnus_daq is not running
[fileCompressor,TALK] software alarm: Program cygnus_daq is not running
[fileCompressor,TALK] software alarm: Program cygnus_daq is not running
[fileCompressor,TALK] software alarm: Program cygnus_daq is not running
[fileCompressor,TALK] software alarm: Program cygnus_daq is not running
[fileCompressor,TALK] software alarm: Program cygnus_daq is not running
[fileCompressor,TALK] software alarm: Program cygnus_daq is not running
[fileCompressor,TALK] software alarm: Program cygnus_daq is not running
[fileCompressor,TALK] software alarm: Program cygnus_daq is not running
[fileCompressor,TALK] software alarm: Program cygnus_daq is not running
[fileCompressor,TALK] software alarm: Program cygnus_daq is not running
[fileCompressor,TALK] software alarm: Program cygnus_daq is not running
[fileCompressor,TALK] software alarm: Program cygnus_daq is not running
[fileCompressor,TALK] software alarm: Program cygnus_daq is not running
[fileCompressor,TALK] software alarm: Program cygnus_daq is not running
[fileCompressor,TALK] software alarm: Program cygnus_daq is not running
[fileCompressor,TALK] software alarm: Program cygnus_daq is not running
[fileCompressor,TALK] software alarm: Program cygnus_daq is not running
[fileCompressor,TALK] software alarm: Program cygnus_daq is not running
[fileCompressor,TALK] software alarm: Program cygnus_daq is not running
[fileCompressor,TALK] software alarm: Program cygnus_daq is not running
[fileCompressor,TALK] software alarm: Program cygnus_daq is not running
[fileCompressor,TALK] software alarm: Program cygnus_daq is not running
[fileCompressor,TALK] software alarm: Program cygnus_daq is not running
[fileCompressor,TALK] software alarm: Program cygnus_daq is not running
[fileCompressor,TALK] software alarm: Program cygnus_daq is not running
[fileCompressor,TALK] software alarm: Program cygnus_daq is not running
[fileCompressor,TALK] software alarm: Program cygnus_daq is not running
[fileCompressor,TALK] software alarm: Program cygnus_daq is not running
[fileCompressor,TALK] software alarm: Program cygnus_daq is not running
[fileCompressor,TALK] software alarm: Program cygnus_daq is not running
[fileCompressor,TALK] software alarm: Program cygnus_daq is not running
[fileCompressor,TALK] software alarm: Program cygnus_daq is not running
[fileCompressor,TALK] software alarm: Program cygnus_daq is not running
[fileCompressor,TALK] software alarm: Program cygnus_daq is not running
[fileCompressor,TALK] software alarm: Program cygnus_daq is not running
[fileCompressor,TALK] software alarm: Program cygnus_daq is not running
[fileCompressor,TALK] software alarm: Program cygnus_daq is not running
[fileCompressor,TALK] software alarm: Program cygnus_daq is not running
[fileCompressor,TALK] software alarm: Program cygnus_daq is not running
[fileCompressor,TALK] software alarm: Program cygnus_daq is not running
[fileCompressor,TALK] software alarm: Program cygnus_daq is not running
[fileCompressor,TALK] software alarm: Program cygnus_daq is not running
[fileCompressor,TALK] software alarm: Program cygnus_daq is not running
[fileCompressor,TALK] software alarm: Program cygnus_daq is not running
[fileCompressor,TALK] software alarm: Program cygnus_daq is not running
[fileCompressor,TALK] software alarm: Program cygnus_daq is not running
[fileCompressor,TALK] software alarm: Program cygnus_daq is not running
[fileCompressor,TALK] software alarm: Program cygnus_daq is not running
[fileCompressor,TALK] software alarm: Program cygnus_daq is not running
[fileCompressor,TALK] software alarm: Program cygnus_daq is not running
[fileCompressor,TALK] software alarm: Program cygnus_daq is not running
[fileCompressor,TALK] software alarm: Program cygnus_daq is not running
[fileCompressor,TALK] software alarm: Program cygnus_daq is not running
[fileCompressor,TALK] software alarm: Program cygnus_daq is not running
[fileCompressor,TALK] software alarm: Program cygnus_daq is not running
[fileCompressor,TALK] software alarm: Program cygnus_daq is not running
[fileCompressor,TALK] software alarm: Program cygnus_daq is not running
[fileCompressor,TALK] software alarm: Program cygnus_daq is not running
[fileCompressor,TALK] software alarm: Program cygnus_daq is not running
[fileCompressor,TALK] software alarm: Program cygnus_daq is not running
[fileCompressor,TALK] software alarm: Program cygnus_daq is not running
[fileCompressor,TALK] software alarm: Program cygnus_daq is not running
[fileCompressor,TALK] software alarm: Program cygnus_daq is not running
[fileCompressor,TALK] software alarm: Program cygnus_daq is not running
[fileCompressor,TALK] software alarm: Program cygnus_daq is not running
[fileCompressor,TALK] software alarm: Program cygnus_daq is not running
[fileCompressor,TALK] software alarm: Program cygnus_daq is not running
[fileCompressor,TALK] software alarm: Program cygnus_daq is not running
[fileCompressor,TALK] software alarm: Program cygnus_daq is not running
[fileCompressor,TALK] software alarm: Program cygnus_daq is not running
[fileCompressor,TALK] software alarm: Program cygnus_daq is not running
[fileCompressor,TALK] software alarm: Program cygnus_daq is not running
[fileCompressor,TALK] software alarm: Program cygnus_daq is not running
[fileCompressor,TALK] software alarm: Program cygnus_daq is not running
[fileCompressor,TALK] software alarm: Program cygnus_daq is not running
[fileCompressor,TALK] software alarm: Program cygnus_daq is not running
[fileCompressor,TALK] software alarm: Program cygnus_daq is not running
[fileCompressor,TALK] software alarm: Program cygnus_daq is not running
[fileCompressor,TALK] software alarm: Program cygnus_daq is not running
[fileCompressor,TALK] software alarm: Program cygnus_daq is not running
[fileCompressor,TALK] software alarm: Program cygnus_daq is not running
[fileCompressor,TALK] software alarm: Program cygnus_daq is not running
[fileCompressor,TALK] software alarm: Program cygnus_daq is not running
[fileCompressor,TALK] software alarm: Program cygnus_daq is not running
[fileCompressor,TALK] software alarm: Program cygnus_daq is not running
[fileCompressor,TALK] software alarm: Program cygnus_daq is not running
[fileCompressor,TALK] software alarm: Program cygnus_daq is not running
[fileCompressor,TALK] software alarm: Program cygnus_daq is not running
[fileCompressor,TALK] software alarm: Program cygnus_daq is not running
[fileCompressor,TALK] software alarm: Program cygnus_daq is not running
[fileCompressor,TALK] software alarm: Program cygnus_daq is not running
[fileCompressor,TALK] software alarm: Program cygnus_daq is not running
[fileCompressor,TALK] software alarm: Program cygnus_daq is not running
[fileCompressor,TALK] software alarm: Program cygnus_daq is not running
[fileCompressor,TALK] software alarm: Program cygnus_daq is not running
[fileCompressor,TALK] software alarm: Program cygnus_daq is not running
[fileCompressor,TALK] software alarm: Program cygnus_daq is not running
[fileCompressor,TALK] software alarm: Program cygnus_daq is not running
[fileCompressor,TALK] software alarm: Program cygnus_daq is not running
[fileCompressor,TALK] software alarm: Program cygnus_daq is not running
[fileCompressor,TALK] software alarm: Program cygnus_daq is not running
[fileCompressor,TALK] software alarm: Program cygnus_daq is not running
[fileCompressor,TALK] software alarm: Program cygnus_daq is not running
[fileCompressor,TALK] software alarm: Program cygnus_daq is not running
[fileCompressor,TALK] software alarm: Program cygnus_daq is not running
[fileCompressor,TALK] software alarm: Program cygnus_daq is not running
[fileCompressor,TALK] software alarm: Program cygnus_daq is not running
[fileCompressor,TALK] software alarm: Program cygnus_daq is not running
[fileCompressor,TALK] software alarm: Program cygnus_daq is not running
[fileCompressor,TALK] software alarm: Program cygnus_daq is not running
[fileCompressor,TALK] software alarm: Program cygnus_daq is not running
[fileCompressor,TALK] software alarm: Program cygnus_daq is not running
[fileCompressor,TALK] software alarm: Program cygnus_daq is not running
[fileCompressor,TALK] software alarm: Program cygnus_daq is not running
[fileCompressor,TALK] software alarm: Program cygnus_daq is not running
[fileCompressor,TALK] software alarm: Program cygnus_daq is not running
[fileCompressor,TALK] software alarm: Program cygnus_daq is not running
[fileCompressor,TALK] software alarm: Program cygnus_daq is not running
[fileCompressor,TALK] software alarm: Program cygnus_daq is not running
[fileCompressor,TALK] software alarm: Program cygnus_daq is not running
[fileCompressor,TALK] software alarm: Program cygnus_daq is not running
[fileCompressor,TALK] software alarm: Program cygnus_daq is not running
[fileCompressor,TALK] software alarm: Program cygnus_daq is not running
[fileCompressor,TALK] software alarm: Program cygnus_daq is not running
[fileCompressor,TALK] software alarm: Program cygnus_daq is not running
[fileCompressor,TALK] software alarm: Program cygnus_daq is not running
[fileCompressor,TALK] software alarm: Program cygnus_daq is not running
[fileCompressor,TALK] software alarm: Program cygnus_daq is not running
[fileCompressor,TALK] software alarm: Program cygnus_daq is not running
[fileCompressor,TALK] software alarm: Program cygnus_daq is not running
[fileCompressor,TALK] software alarm: Program cygnus_daq is not running
[fileCompressor,TALK] software alarm: Program cygnus_daq is not running
[fileCompressor,TALK] software alarm: Program cygnus_daq is not running
[fileCompressor,TALK] software alarm: Program cygnus_daq is not running
[fileCompressor,TALK] software alarm: Program cygnus_daq is not running
[fileCompressor,TALK] software alarm: Program cygnus_daq is not running
[fileCompressor,TALK] software alarm: Program cygnus_daq is not running
[fileCompressor,TALK] software alarm: Program cygnus_daq is not running
[fileCompressor,TALK] software alarm: Program cygnus_daq is not running
[fileCompressor,TALK] software alarm: Program cygnus_daq is not running
[fileCompressor,TALK] software alarm: Program cygnus_daq is not running
[fileCompressor,TALK] software alarm: Program cygnus_daq is not running
[fileCompressor,TALK] software alarm: Program cygnus_daq is not running
[fileCompressor,TALK] software alarm: Program cygnus_daq is not running
[fileCompressor,TALK] software alarm: Program cygnus_daq is not running
[fileCompressor,TALK] software alarm: Program cygnus_daq is not running
[fileCompressor,TALK] software alarm: Program cygnus_daq is not running
[fileCompressor,TALK] software alarm: Program cygnus_daq is not running
[fileCompressor,TALK] software alarm: Program cygnus_daq is not running
[fileCompressor,TALK] software alarm: Program cygnus_daq is not running
[fileCompressor,TALK] software alarm: Program cygnus_daq is not running
[fileCompressor,TALK] software alarm: Program cygnus_daq is not running
[fileCompressor,TALK] software alarm: Program cygnus_daq is not running
[fileCompressor,TALK] software alarm: Program cygnus_daq is not running
[fileCompressor,TALK] software alarm: Program cygnus_daq is not running
[fileCompressor,TALK] software alarm: Program cygnus_daq is not running
[fileCompressor,TALK] software alarm: Program cygnus_daq is not running
[fileCompressor,TALK] software alarm: Program cygnus_daq is not running
[fileCompressor,TALK] software alarm: Program cygnus_daq is not running
[fileCompressor,TALK] software alarm: Program cygnus_daq is not running
[fileCompressor,TALK] software alarm: Program cygnus_daq is not running
[fileCompressor,TALK] software alarm: Program cygnus_daq is not running
[fileCompressor,TALK] software alarm: Program cygnus_daq is not running
[fileCompressor,TALK] software alarm: Program cygnus_daq is not running
[fileCompressor,TALK] software alarm: Program cygnus_daq is not running
[fileCompressor,TALK] software alarm: Program cygnus_daq is not running
[fileCompressor,TALK] software alarm: Program cygnus_daq is not running
[fileCompressor,TALK] software alarm: Program cygnus_daq is not running
[fileCompressor,TALK] software alarm: Program cygnus_daq is not running
[fileCompressor,TALK] software alarm: Program cygnus_daq is not running
[fileCompressor,TALK] software alarm: Program cygnus_daq is not running
[fileCompressor,TALK] software alarm: Program cygnus_daq is not running
[fileCompressor,TALK] software alarm: Program cygnus_daq is not running
[fileCompressor,TALK] software alarm: Program cygnus_daq is not running
[fileCompressor,TALK] software alarm: Program cygnus_daq is not running
[fileCompressor,TALK] software alarm: Program cygnus_daq is not running
[fileCompressor,TALK] software alarm: Program cygnus_daq is not running
[fileCompressor,TALK] software alarm: Program cygnus_daq is not running
[fileCompressor,TALK] software alarm: Program cygnus_daq is not running
[fileCompressor,TALK] software alarm: Program cygnus_daq is not running
[fileCompressor,TALK] software alarm: Program cygnus_daq is not running
[fileCompressor,TALK] software alarm: Program cygnus_daq is not running
[fileCompressor,TALK] software alarm: Program cygnus_daq is not running
[fileCompressor,TALK] software alarm: Program cygnus_daq is not running
[fileCompressor,TALK] software alarm: Program cygnus_daq is not running
[fileCompressor,TALK] software alarm: Program cygnus_daq is not running
[fileCompressor,TALK] software alarm: Program cygnus_daq is not running
[fileCompressor,TALK] software alarm: Program cygnus_daq is not running
[fileCompressor,TALK] software alarm: Program cygnus_daq is not running
[fileCompressor,TALK] software alarm: Program cygnus_daq is not running
[fileCompressor,TALK] software alarm: Program cygnus_daq is not running
[fileCompressor,TALK] software alarm: Program cygnus_daq is not running
[fileCompressor,TALK] software alarm: Program cygnus_daq is not running
[fileCompressor,TALK] software alarm: Program cygnus_daq is not running
[fileCompressor,TALK] software alarm: Program cygnus_daq is not running
[fileCompressor,TALK] software alarm: Program cygnus_daq is not running
[fileCompressor,TALK] software alarm: Program cygnus_daq is not running
[fileCompressor,TALK] software alarm: Program cygnus_daq is not running
[fileCompressor,TALK] software alarm: Program cygnus_daq is not running
[fileCompressor,TALK] software alarm: Program cygnus_daq is not running
[fileCompressor,TALK] software alarm: Program cygnus_daq is not running
[fileCompressor,TALK] software alarm: Program cygnus_daq is not running
[fileCompressor,TALK] software alarm: Program cygnus_daq is not running
[fileCompressor,TALK] software alarm: Program cygnus_daq is not running
[fileCompressor,TALK] software alarm: Program cygnus_daq is not running
[fileCompressor,TALK] software alarm: Program cygnus_daq is not running
[fileCompressor,TALK] software alarm: Program cygnus_daq is not running
[fileCompressor,TALK] software alarm: Program cygnus_daq is not running
[fileCompressor,TALK] software alarm: Program cygnus_daq is not running
[fileCompressor,TALK] software alarm: Program cygnus_daq is not running
[fileCompressor,TALK] software alarm: Program cygnus_daq is not running
[fileCompressor,TALK] software alarm: Program cygnus_daq is not running
[fileCompressor,TALK] software alarm: Program cygnus_daq is not running
[fileCompressor,TALK] software alarm: Program cygnus_daq is not running
[fileCompressor,TALK] software alarm: Program cygnus_daq is not running
[fileCompressor,TALK] software alarm: Program cygnus_daq is not running
[fileCompressor,TALK] software alarm: Program cygnus_daq is not running
[fileCompressor,TALK] software alarm: Program cygnus_daq is not running
[fileCompressor,TALK] software alarm: Program cygnus_daq is not running
[fileCompressor,TALK] software alarm: Program cygnus_daq is not running
[fileCompressor,TALK] software alarm: Program cygnus_daq is not running
[fileCompressor,TALK] software alarm: Program cygnus_daq is not running
[fileCompressor,TALK] software alarm: Program cygnus_daq is not running
[fileCompressor,TALK] software alarm: Program cygnus_daq is not running
[fileCompressor,TALK] software alarm: Program cygnus_daq is not running
[fileCompressor,TALK] software alarm: Program cygnus_daq is not running
[fileCompressor,TALK] software alarm: Program cygnus_daq is not running
[fileCompressor,TALK] software alarm: Program cygnus_daq is not running
[fileCompressor,TALK] software alarm: Program cygnus_daq is not running
[fileCompressor,TALK] software alarm: Program cygnus_daq is not running
[fileCompressor,TALK] software alarm: Program cygnus_daq is not running
[fileCompressor,TALK] software alarm: Program cygnus_daq is not running
[fileCompressor,TALK] software alarm: Program cygnus_daq is not running
[fileCompressor,TALK] software alarm: Program cygnus_daq is not running
[fileCompressor,TALK] software alarm: Program cygnus_daq is not running
[fileCompressor,TALK] software alarm: Program cygnus_daq is not running
[fileCompressor,TALK] software alarm: Program cygnus_daq is not running
[fileCompressor,TALK] software alarm: Program cygnus_daq is not running
[fileCompressor,TALK] software alarm: Program cygnus_daq is not running
[fileCompressor,TALK] software alarm: Program cygnus_daq is not running
[fileCompressor,TALK] software alarm: Program cygnus_daq is not running
[fileCompressor,TALK] software alarm: Program cygnus_daq is not running
[fileCompressor,TALK] software alarm: Program cygnus_daq is not running
[fileCompressor,TALK] software alarm: Program cygnus_daq is not running
[fileCompressor,TALK] software alarm: Program cygnus_daq is not running
[fileCompressor,TALK] software alarm: Program cygnus_daq is not running
[fileCompressor,TALK] software alarm: Program cygnus_daq is not running
[fileCompressor,TALK] software alarm: Program cygnus_daq is not running
[fileCompressor,TALK] software alarm: Program cygnus_daq is not running
[fileCompressor,TALK] software alarm: Program cygnus_daq is not running
[fileCompressor,TALK] software alarm: Program cygnus_daq is not running
[fileCompressor,TALK] software alarm: Program cygnus_daq is not running
[fileCompressor,TALK] software alarm: Program cygnus_daq is not running
[fileCompressor,TALK] software alarm: Program cygnus_daq is not running
[fileCompressor,TALK] software alarm: Program cygnus_daq is not running
[fileCompressor,TALK] software alarm: Program cygnus_daq is not running
[fileCompressor,TALK] software alarm: Program cygnus_daq is not running
[fileCompressor,TALK] software alarm: Program cygnus_daq is not running
[fileCompressor,TALK] software alarm: Program cygnus_daq is not running
[fileCompressor,TALK] software alarm: Program cygnus_daq is not running
[fileCompressor,TALK] software alarm: Program cygnus_daq is not running
[fileCompressor,TALK] software alarm: Program cygnus_daq is not running
[fileCompressor,TALK] software alarm: Program cygnus_daq is not running
[fileCompressor,TALK] software alarm: Program cygnus_daq is not running
[fileCompressor,TALK] software alarm: Program cygnus_daq is not running
[fileCompressor,TALK] software alarm: Program cygnus_daq is not running
[fileCompressor,TALK] software alarm: Program cygnus_daq is not running
[fileCompressor,TALK] software alarm: Program cygnus_daq is not running
[fileCompressor,TALK] software alarm: Program cygnus_daq is not running
[fileCompressor,TALK] software alarm: Program cygnus_daq is not running
[fileCompressor,TALK] software alarm: Program cygnus_daq is not running
[fileCompressor,TALK] software alarm: Program cygnus_daq is not running
[fileCompressor,TALK] software alarm: Program cygnus_daq is not running
[fileCompressor,TALK] software alarm: Program cygnus_daq is not running
[fileCompressor,TALK] software alarm: Program cygnus_daq is not running
[fileCompressor,TALK] software alarm: Program cygnus_daq is not running
[fileCompressor,TALK] software alarm: Program cygnus_daq is not running
[fileCompressor,TALK] software alarm: Program cygnus_daq is not running
[fileCompressor,TALK] software alarm: Program cygnus_daq is not running
[fileCompressor,TALK] software alarm: Program cygnus_daq is not running
[fileCompressor,TALK] software alarm: Program cygnus_daq is not running
[fileCompressor,TALK] software alarm: Program cygnus_daq is not running
[fileCompressor,TALK] software alarm: Program cygnus_daq is not running
[fileCompressor,TALK] software alarm: Program cygnus_daq is not running
[fileCompressor,TALK] software alarm: Program cygnus_daq is not running
[fileCompressor,TALK] software alarm: Program cygnus_daq is not running
[fileCompressor,TALK] software alarm: Program cygnus_daq is not running
[fileCompressor,TALK] software alarm: Program cygnus_daq is not running
[fileCompressor,TALK] software alarm: Program cygnus_daq is not running
[fileCompressor,TALK] software alarm: Program cygnus_daq is not running
[fileCompressor,TALK] software alarm: Program cygnus_daq is not running
[fileCompressor,TALK] software alarm: Program cygnus_daq is not running
[fileCompressor,TALK] software alarm: Program cygnus_daq is not running
[fileCompressor,TALK] software alarm: Program cygnus_daq is not running
[fileCompressor,TALK] software alarm: Program cygnus_daq is not running
[fileCompressor,TALK] software alarm: Program cygnus_daq is not running
[fileCompressor,TALK] software alarm: Program cygnus_daq is not running
[fileCompressor,TALK] software alarm: Program cygnus_daq is not running
[fileCompressor,TALK] software alarm: Program cygnus_daq is not running
[fileCompressor,TALK] software alarm: Program cygnus_daq is not running
[fileCompressor,TALK] software alarm: Program cygnus_daq is not running
[fileCompressor,TALK] software alarm: Program cygnus_daq is not running
[fileCompressor,TALK] software alarm: Program cygnus_daq is not running
[fileCompressor,TALK] software alarm: Program cygnus_daq is not running
[fileCompressor,TALK] software alarm: Program cygnus_daq is not running
[fileCompressor,TALK] software alarm: Program cygnus_daq is not running
[fileCompressor,TALK] software alarm: Program cygnus_daq is not running
[fileCompressor,TALK] software alarm: Program cygnus_daq is not running
[fileCompressor,TALK] software alarm: Program cygnus_daq is not running
[fileCompressor,TALK] software alarm: Program cygnus_daq is not running
[fileCompressor,TALK] software alarm: Program cygnus_daq is not running
[fileCompressor,TALK] software alarm: Program cygnus_daq is not running
[fileCompressor,TALK] software alarm: Program cygnus_daq is not running
[fileCompressor,TALK] software alarm: Program cygnus_daq is not running
[fileCompressor,TALK] software alarm: Program cygnus_daq is not running
[fileCompressor,TALK] software alarm: Program cygnus_daq is not running
[fileCompressor,TALK] software alarm: Program cygnus_daq is not running
[fileCompressor,TALK] software alarm: Program cygnus_daq is not running
[fileCompressor,TALK] software alarm: Program cygnus_daq is not running
[fileCompressor,TALK] software alarm: Program cygnus_daq is not running
[fileCompressor,TALK] software alarm: Program cygnus_daq is not running
[fileCompressor,TALK] software alarm: Program cygnus_daq is not running
[fileCompressor,TALK] software alarm: Program cygnus_daq is not running
[fileCompressor,TALK] software alarm: Program cygnus_daq is not running
[fileCompressor,TALK] software alarm: Program cygnus_daq is not running
[fileCompressor,TALK] software alarm: Program cygnus_daq is not running
[fileCompressor,TALK] software alarm: Program cygnus_daq is not running
[fileCompressor,TALK] software alarm: Program cygnus_daq is not running
[fileCompressor,TALK] software alarm: Program cygnus_daq is not running
[fileCompressor,TALK] software alarm: Program cygnus_daq is not running
[fileCompressor,TALK] software alarm: Program cygnus_daq is not running
[fileCompressor,TALK] software alarm: Program cygnus_daq is not running
[fileCompressor,TALK] software alarm: Program cygnus_daq is not running
[fileCompressor,TALK] software alarm: Program cygnus_daq is not running
[fileCompressor,TALK] software alarm: Program cygnus_daq is not running
[fileCompressor,TALK] software alarm: Program cygnus_daq is not running
[fileCompressor,TALK] software alarm: Program cygnus_daq is not running
[fileCompressor,TALK] software alarm: Program cygnus_daq is not running
[fileCompressor,TALK] software alarm: Program cygnus_daq is not running
[fileCompressor,TALK] software alarm: Program cygnus_daq is not running
[fileCompressor,TALK] software alarm: Program cygnus_daq is not running
[fileCompressor,TALK] software alarm: Program cygnus_daq is not running
[fileCompressor,TALK] software alarm: Program cygnus_daq is not running
[fileCompressor,TALK] software alarm: Program cygnus_daq is not running
[fileCompressor,TALK] software alarm: Program cygnus_daq is not running
[fileCompressor,TALK] software alarm: Program cygnus_daq is not running
[fileCompressor,TALK] software alarm: Program cygnus_daq is not running
[fileCompressor,TALK] software alarm: Program cygnus_daq is not running
[fileCompressor,TALK] software alarm: Program cygnus_daq is not running
[fileCompressor,TALK] software alarm: Program cygnus_daq is not running
[fileCompressor,TALK] software alarm: Program cygnus_daq is not running
[fileCompressor,TALK] software alarm: Program cygnus_daq is not running
[fileCompressor,TALK] software alarm: Program cygnus_daq is not running
[fileCompressor,TALK] software alarm: Program cygnus_daq is not running
[fileCompressor,TALK] software alarm: Program cygnus_daq is not running
[fileCompressor,TALK] software alarm: Program cygnus_daq is not running
[fileCompressor,TALK] software alarm: Program cygnus_daq is not running
[fileCompressor,TALK] software alarm: Program cygnus_daq is not running
[fileCompressor,TALK] software alarm: Program cygnus_daq is not running
[fileCompressor,TALK] software alarm: Program cygnus_daq is not running
[fileCompressor,TALK] software alarm: Program cygnus_daq is not running
[fileCompressor,TALK] software alarm: Program cygnus_daq is not running
[fileCompressor,TALK] software alarm: Program cygnus_daq is not running
[fileCompressor,TALK] software alarm: Program cygnus_daq is not running
[fileCompressor,TALK] software alarm: Program cygnus_daq is not running
[fileCompressor,TALK] software alarm: Program cygnus_daq is not running
[fileCompressor,TALK] software alarm: Program cygnus_daq is not running
[fileCompressor,TALK] software alarm: Program cygnus_daq is not running
[fileCompressor,TALK] software alarm: Program cygnus_daq is not running
[fileCompressor,TALK] software alarm: Program cygnus_daq is not running
[fileCompressor,TALK] software alarm: Program cygnus_daq is not running
[fileCompressor,TALK] software alarm: Program cygnus_daq is not running
[fileCompressor,TALK] software alarm: Program cygnus_daq is not running
[fileCompressor,TALK] software alarm: Program cygnus_daq is not running
[fileCompressor,TALK] software alarm: Program cygnus_daq is not running
[fileCompressor,TALK] software alarm: Program cygnus_daq is not running
[fileCompressor,TALK] software alarm: Program cygnus_daq is not running
[fileCompressor,TALK] software alarm: Program cygnus_daq is not running
[fileCompressor,TALK] software alarm: Program cygnus_daq is not running
[fileCompressor,TALK] software alarm: Program cygnus_daq is not running
[fileCompressor,TALK] software alarm: Program cygnus_daq is not running
[fileCompressor,TALK] software alarm: Program cygnus_daq is not running
[fileCompressor,TALK] software alarm: Program cygnus_daq is not running
[fileCompressor,TALK] software alarm: Program cygnus_daq is not running
[fileCompressor,TALK] software alarm: Program cygnus_daq is not running
[fileCompressor,TALK] software alarm: Program cygnus_daq is not running
[fileCompressor,TALK] software alarm: Program cygnus_daq is not running
[fileCompressor,TALK] software alarm: Program cygnus_daq is not running
[fileCompressor,TALK] software alarm: Program cygnus_daq is not running
[fileCompressor,TALK] software alarm: Program cygnus_daq is not running
[fileCompressor,TALK] software alarm: Program cygnus_daq is not running
[fileCompressor,TALK] software alarm: Program cygnus_daq is not running
[fileCompressor,TALK] software alarm: Program cygnus_daq is not running
[fileCompressor,TALK] software alarm: Program cygnus_daq is not running
[fileCompressor,TALK] software alarm: Program cygnus_daq is not running
[fileCompressor,TALK] software alarm: Program cygnus_daq is not running
[fileCompressor,TALK] software alarm: Program cygnus_daq is not running
[fileCompressor,TALK] software alarm: Program cygnus_daq is not running
[fileCompressor,TALK] software alarm: Program cygnus_daq is not running
[fileCompressor,TALK] software alarm: Program cygnus_daq is not running
[fileCompressor,TALK] software alarm: Program cygnus_daq is not running
[fileCompressor,TALK] software alarm: Program cygnus_daq is not running
[fileCompressor,TALK] software alarm: Program cygnus_daq is not running
[fileCompressor,TALK] software alarm: Program cygnus_daq is not running
[fileCompressor,TALK] software alarm: Program cygnus_daq is not running
[fileCompressor,TALK] software alarm: Program cygnus_daq is not running
[fileCompressor,TALK] software alarm: Program cygnus_daq is not running
[fileCompressor,TALK] software alarm: Program cygnus_daq is not running
[fileCompressor,TALK] software alarm: Program cygnus_daq is not running
[fileCompressor,TALK] software alarm: Program cygnus_daq is not running
[fileCompressor,TALK] software alarm: Program cygnus_daq is not running
[fileCompressor,TALK] software alarm: Program cygnus_daq is not running
[fileCompressor,TALK] software alarm: Program cygnus_daq is not running
[fileCompressor,TALK] software alarm: Program cygnus_daq is not running
[fileCompressor,TALK] software alarm: Program cygnus_daq is not running
[fileCompressor,TALK] software alarm: Program cygnus_daq is not running
[fileCompressor,TALK] software alarm: Program cygnus_daq is not running
[fileCompressor,TALK] software alarm: Program cygnus_daq is not running
[fileCompressor,TALK] software alarm: Program cygnus_daq is not running
[fileCompressor,TALK] software alarm: Program cygnus_daq is not running
[fileCompressor,TALK] software alarm: Program cygnus_daq is not running
[fileCompressor,TALK] software alarm: Program cygnus_daq is not running
[fileCompressor,TALK] software alarm: Program cygnus_daq is not running
[fileCompressor,TALK] software alarm: Program cygnus_daq is not running
[fileCompressor,TALK] software alarm: Program cygnus_daq is not running
[fileCompressor,TALK] software alarm: Program cygnus_daq is not running
[fileCompressor,TALK] software alarm: Program cygnus_daq is not running
[fileCompressor,TALK] software alarm: Program cygnus_daq is not running
[fileCompressor,TALK] software alarm: Program cygnus_daq is not running
[fileCompressor,TALK] software alarm: Program cygnus_daq is not running
[fileCompressor,TALK] software alarm: Program cygnus_daq is not running
[fileCompressor,TALK] software alarm: Program cygnus_daq is not running
[fileCompressor,TALK] software alarm: Program cygnus_daq is not running
[fileCompressor,TALK] software alarm: Program cygnus_daq is not running
[fileCompressor,TALK] software alarm: Program cygnus_daq is not running
[fileCompressor,TALK] software alarm: Program cygnus_daq is not running
[fileCompressor,TALK] software alarm: Program cygnus_daq is not running
[fileCompressor,TALK] software alarm: Program cygnus_daq is not running
[fileCompressor,TALK] software alarm: Program cygnus_daq is not running
[fileCompressor,TALK] software alarm: Program cygnus_daq is not running
[fileCompressor,TALK] software alarm: Program cygnus_daq is not running
[fileCompressor,TALK] software alarm: Program cygnus_daq is not running
[fileCompressor,TALK] software alarm: Program cygnus_daq is not running
[fileCompressor,TALK] software alarm: Program cygnus_daq is not running
[fileCompressor,TALK] software alarm: Program cygnus_daq is not running
[fileCompressor,TALK] software alarm: Program cygnus_daq is not running
[fileCompressor,TALK] software alarm: Program cygnus_daq is not running
[fileCompressor,TALK] software alarm: Program cygnus_daq is not running
[fileCompressor,TALK] software alarm: Program cygnus_daq is not running
[fileCompressor,TALK] software alarm: Program cygnus_daq is not running
[fileCompressor,TALK] software alarm: Program cygnus_daq is not running
[fileCompressor,TALK] software alarm: Program cygnus_daq is not running
[fileCompressor,TALK] software alarm: Program cygnus_daq is not running
[fileCompressor,TALK] software alarm: Program cygnus_daq is not running
[fileCompressor,TALK] software alarm: Program cygnus_daq is not running
[fileCompressor,TALK] software alarm: Program cygnus_daq is not running
[fileCompressor,TALK] software alarm: Program cygnus_daq is not running
[fileCompressor,TALK] software alarm: Program cygnus_daq is not running
[fileCompressor,TALK] software alarm: Program cygnus_daq is not running
[fileCompressor,TALK] software alarm: Program cygnus_daq is not running
[fileCompressor,TALK] software alarm: Program cygnus_daq is not running
[fileCompressor,TALK] software alarm: Program cygnus_daq is not running
[fileCompressor,TALK] software alarm: Program cygnus_daq is not running
[fileCompressor,TALK] software alarm: Program cygnus_daq is not running
[fileCompressor,TALK] software alarm: Program cygnus_daq is not running
[fileCompressor,TALK] software alarm: Program cygnus_daq is not running
[fileCompressor,TALK] software alarm: Program cygnus_daq is not running
[fileCompressor,TALK] software alarm: Program cygnus_daq is not running
[fileCompressor,TALK] software alarm: Program cygnus_daq is not running
[fileCompressor,TALK] software alarm: Program cygnus_daq is not running
[fileCompressor,TALK] software alarm: Program cygnus_daq is not running
[fileCompressor,TALK] software alarm: Program cygnus_daq is not running
[fileCompressor,TALK] software alarm: Program cygnus_daq is not running
[fileCompressor,TALK] software alarm: Program cygnus_daq is not running
[fileCompressor,TALK] software alarm: Program cygnus_daq is not running
[fileCompressor,TALK] software alarm: Program cygnus_daq is not running
[fileCompressor,TALK] software alarm: Program cygnus_daq is not running
[fileCompressor,TALK] software alarm: Program cygnus_daq is not running
[fileCompressor,TALK] software alarm: Program cygnus_daq is not running
[fileCompressor,TALK] software alarm: Program cygnus_daq is not running
[fileCompressor,TALK] software alarm: Program cygnus_daq is not running
[fileCompressor,TALK] software alarm: Program cygnus_daq is not running
[fileCompressor,TALK] software alarm: Program cygnus_daq is not running
[fileCompressor,TALK] software alarm: Program cygnus_daq is not running
[fileCompressor,TALK] software alarm: Program cygnus_daq is not running
[fileCompressor,TALK] software alarm: Program cygnus_daq is not running
[fileCompressor,TALK] software alarm: Program cygnus_daq is not running
[fileCompressor,TALK] software alarm: Program cygnus_daq is not running
[fileCompressor,TALK] software alarm: Program cygnus_daq is not running
[fileCompressor,TALK] software alarm: Program cygnus_daq is not running
[fileCompressor,TALK] software alarm: Program cygnus_daq is not running
[fileCompressor,TALK] software alarm: Program cygnus_daq is not running
[fileCompressor,TALK] software alarm: Program cygnus_daq is not running
[fileCompressor,TALK] software alarm: Program cygnus_daq is not running
[fileCompressor,TALK] software alarm: Program cygnus_daq is not running
[fileCompressor,TALK] software alarm: Program cygnus_daq is not running
[fileCompressor,TALK] software alarm: Program cygnus_daq is not running
[fileCompressor,TALK] software alarm: Program cygnus_daq is not running
[fileCompressor,TALK] software alarm: Program cygnus_daq is not running
[fileCompressor,TALK] software alarm: Program cygnus_daq is not running
[fileCompressor,TALK] software alarm: Program cygnus_daq is not running
[fileCompressor,TALK] software alarm: Program cygnus_daq is not running
[fileCompressor,TALK] software alarm: Program cygnus_daq is not running
[fileCompressor,TALK] software alarm: Program cygnus_daq is not running
[fileCompressor,TALK] software alarm: Program cygnus_daq is not running
[fileCompressor,TALK] software alarm: Program cygnus_daq is not running
[fileCompressor,TALK] software alarm: Program cygnus_daq is not running
[fileCompressor,TALK] software alarm: Program cygnus_daq is not running
[fileCompressor,TALK] software alarm: Program cygnus_daq is not running
[fileCompressor,TALK] software alarm: Program cygnus_daq is not running
[fileCompressor,TALK] software alarm: Program cygnus_daq is not running
[fileCompressor,TALK] software alarm: Program cygnus_daq is not running
[fileCompressor,TALK] software alarm: Program cygnus_daq is not running
[fileCompressor,TALK] software alarm: Program cygnus_daq is not running
[fileCompressor,TALK] software alarm: Program cygnus_daq is not running
[fileCompressor,TALK] software alarm: Program cygnus_daq is not running
[fileCompressor,TALK] software alarm: Program cygnus_daq is not running
[fileCompressor,TALK] software alarm: Program cygnus_daq is not running
[fileCompressor,TALK] software alarm: Program cygnus_daq is not running
[fileCompressor,TALK] software alarm: Program cygnus_daq is not running
[fileCompressor,TALK] software alarm: Program cygnus_daq is not running
[fileCompressor,TALK] software alarm: Program cygnus_daq is not running
[fileCompressor,TALK] software alarm: Program cygnus_daq is not running
[fileCompressor,TALK] software alarm: Program cygnus_daq is not running
[fileCompressor,TALK] software alarm: Program cygnus_daq is not running
[fileCompressor,TALK] software alarm: Program cygnus_daq is not running
[fileCompressor,TALK] software alarm: Program cygnus_daq is not running
[fileCompressor,TALK] software alarm: Program cygnus_daq is not running
[fileCompressor,TALK] software alarm: Program cygnus_daq is not running
[fileCompressor,TALK] software alarm: Program cygnus_daq is not running
[fileCompressor,TALK] software alarm: Program cygnus_daq is not running
[fileCompressor,TALK] software alarm: Program cygnus_daq is not running
[fileCompressor,TALK] software alarm: Program cygnus_daq is not running
[fileCompressor,TALK] software alarm: Program cygnus_daq is not running
[fileCompressor,TALK] software alarm: Program cygnus_daq is not running
[fileCompressor,TALK] software alarm: Program cygnus_daq is not running
[fileCompressor,TALK] software alarm: Program cygnus_daq is not running
[fileCompressor,TALK] software alarm: Program cygnus_daq is not running
[fileCompressor,TALK] software alarm: Program cygnus_daq is not running
[fileCompressor,TALK] software alarm: Program cygnus_daq is not running
[fileCompressor,TALK] software alarm: Program cygnus_daq is not running
[fileCompressor,TALK] software alarm: Program cygnus_daq is not running
[fileCompressor,TALK] software alarm: Program cygnus_daq is not running
[fileCompressor,TALK] software alarm: Program cygnus_daq is not running
[fileCompressor,TALK] software alarm: Program cygnus_daq is not running
[fileCompressor,TALK] software alarm: Program cygnus_daq is not running
[fileCompressor,TALK] software alarm: Program cygnus_daq is not running
[fileCompressor,TALK] software alarm: Program cygnus_daq is not running
[fileCompressor,TALK] software alarm: Program cygnus_daq is not running
[fileCompressor,TALK] software alarm: Program cygnus_daq is not running
[fileCompressor,TALK] software alarm: Program cygnus_daq is not running
[fileCompressor,TALK] software alarm: Program cygnus_daq is not running
[fileCompressor,TALK] software alarm: Program cygnus_daq is not running
[fileCompressor,TALK] software alarm: Program cygnus_daq is not running
[fileCompressor,TALK] software alarm: Program cygnus_daq is not running
[fileCompressor,TALK] software alarm: Program cygnus_daq is not running
[fileCompressor,TALK] software alarm: Program cygnus_daq is not running
[fileCompressor,TALK] software alarm: Program cygnus_daq is not running
[fileCompressor,TALK] software alarm: Program cygnus_daq is not running
[fileCompressor,TALK] software alarm: Program cygnus_daq is not running
[fileCompressor,TALK] software alarm: Program cygnus_daq is not running
[fileCompressor,TALK] software alarm: Program cygnus_daq is not running
[fileCompressor,TALK] software alarm: Program cygnus_daq is not running
[fileCompressor,TALK] software alarm: Program cygnus_daq is not running
[fileCompressor,TALK] software alarm: Program cygnus_daq is not running
[fileCompressor,TALK] software alarm: Program cygnus_daq is not running
[fileCompressor,TALK] software alarm: Program cygnus_daq is not running
[fileCompressor,TALK] software alarm: Program cygnus_daq is not running
[fileCompressor,TALK] software alarm: Program cygnus_daq is not running
[fileCompressor,TALK] software alarm: Program cygnus_daq is not running
[fileCompressor,TALK] software alarm: Program cygnus_daq is not running
[fileCompressor,TALK] software alarm: Program cygnus_daq is not running
[fileCompressor,TALK] software alarm: Program cygnus_daq is not running
[fileCompressor,TALK] software alarm: Program cygnus_daq is not running
[fileCompressor,TALK] software alarm: Program cygnus_daq is not running
[fileCompressor,TALK] software alarm: Program cygnus_daq is not running
[fileCompressor,TALK] software alarm: Program cygnus_daq is not running
[fileCompressor,TALK] software alarm: Program cygnus_daq is not running
[fileCompressor,TALK] software alarm: Program cygnus_daq is not running
[fileCompressor,TALK] software alarm: Program cygnus_daq is not running
[fileCompressor,TALK] software alarm: Program cygnus_daq is not running
[fileCompressor,TALK] software alarm: Program cygnus_daq is not running
[fileCompressor,TALK] software alarm: Program cygnus_daq is not running
[fileCompressor,TALK] software alarm: Program cygnus_daq is not running
[fileCompressor,TALK] software alarm: Program cygnus_daq is not running
[fileCompressor,TALK] software alarm: Program cygnus_daq is not running
[fileCompressor,TALK] software alarm: Program cygnus_daq is not running
[fileCompressor,TALK] software alarm: Program cygnus_daq is not running
[fileCompressor,TALK] software alarm: Program cygnus_daq is not running
[fileCompressor,TALK] software alarm: Program cygnus_daq is not running
[fileCompressor,TALK] software alarm: Program cygnus_daq is not running
[fileCompressor,TALK] software alarm: Program cygnus_daq is not running
[fileCompressor,TALK] software alarm: Program cygnus_daq is not running
[fileCompressor,TALK] software alarm: Program cygnus_daq is not running
[fileCompressor,TALK] software alarm: Program cygnus_daq is not running
[fileCompressor,TALK] software alarm: Program cygnus_daq is not running
[fileCompressor,TALK] software alarm: Program cygnus_daq is not running
[fileCompressor,TALK] software alarm: Program cygnus_daq is not running
[fileCompressor,TALK] software alarm: Program cygnus_daq is not running
[fileCompressor,TALK] software alarm: Program cygnus_daq is not running
[fileCompressor,TALK] software alarm: Program cygnus_daq is not running
[fileCompressor,TALK] software alarm: Program cygnus_daq is not running
[fileCompressor,TALK] software alarm: Program cygnus_daq is not running
[fileCompressor,TALK] software alarm: Program cygnus_daq is not running
[fileCompressor,TALK] software alarm: Program cygnus_daq is not running
[fileCompressor,TALK] software alarm: Program cygnus_daq is not running
[fileCompressor,TALK] software alarm: Program cygnus_daq is not running
[fileCompressor,TALK] software alarm: Program cygnus_daq is not running
[fileCompressor,TALK] software alarm: Program cygnus_daq is not running
[fileCompressor,TALK] software alarm: Program cygnus_daq is not running
[fileCompressor,TALK] software alarm: Program cygnus_daq is not running
[fileCompressor,TALK] software alarm: Program cygnus_daq is not running
[fileCompressor,TALK] software alarm: Program cygnus_daq is not running
[fileCompressor,TALK] software alarm: Program cygnus_daq is not running
[fileCompressor,TALK] software alarm: Program cygnus_daq is not running
[fileCompressor,TALK] software alarm: Program cygnus_daq is not running
[fileCompressor,TALK] software alarm: Program cygnus_daq is not running
[fileCompressor,TALK] software alarm: Program cygnus_daq is not running
[fileCompressor,TALK] software alarm: Program cygnus_daq is not running
[fileCompressor,TALK] software alarm: Program cygnus_daq is not running
[fileCompressor,TALK] software alarm: Program cygnus_daq is not running
[fileCompressor,TALK] software alarm: Program cygnus_daq is not running
[fileCompressor,TALK] software alarm: Program cygnus_daq is not running
[fileCompressor,TALK] software alarm: Program cygnus_daq is not running
[fileCompressor,TALK] software alarm: Program cygnus_daq is not running
[fileCompressor,TALK] software alarm: Program cygnus_daq is not running
[fileCompressor,TALK] software alarm: Program cygnus_daq is not running
[fileCompressor,TALK] software alarm: Program cygnus_daq is not running
[fileCompressor,TALK] software alarm: Program cygnus_daq is not running
[fileCompressor,TALK] software alarm: Program cygnus_daq is not running
[fileCompressor,TALK] software alarm: Program cygnus_daq is not running
[fileCompressor,TALK] software alarm: Program cygnus_daq is not running
[fileCompressor,TALK] software alarm: Program cygnus_daq is not running
[fileCompressor,TALK] software alarm: Program cygnus_daq is not running
[fileCompressor,TALK] software alarm: Program cygnus_daq is not running
[fileCompressor,TALK] software alarm: Program cygnus_daq is not running
[fileCompressor,TALK] software alarm: Program cygnus_daq is not running
[fileCompressor,TALK] software alarm: Program cygnus_daq is not running
[fileCompressor,TALK] software alarm: Program cygnus_daq is not running
[fileCompressor,TALK] software alarm: Program cygnus_daq is not running
[fileCompressor,TALK] software alarm: Program cygnus_daq is not running
[fileCompressor,TALK] software alarm: Program cygnus_daq is not running
[fileCompressor,TALK] software alarm: Program cygnus_daq is not running
[fileCompressor,TALK] software alarm: Program cygnus_daq is not running
[fileCompressor,TALK] software alarm: Program cygnus_daq is not running
[fileCompressor,TALK] software alarm: Program cygnus_daq is not running
[fileCompressor,TALK] software alarm: Program cygnus_daq is not running
[fileCompressor,TALK] software alarm: Program cygnus_daq is not running
[fileCompressor,TALK] software alarm: Program cygnus_daq is not running
[fileCompressor,TALK] software alarm: Program cygnus_daq is not running
[fileCompressor,TALK] software alarm: Program cygnus_daq is not running
[fileCompressor,TALK] software alarm: Program cygnus_daq is not running
[fileCompressor,TALK] software alarm: Program cygnus_daq is not running
[fileCompressor,TALK] software alarm: Program cygnus_daq is not running
[fileCompressor,TALK] software alarm: Program cygnus_daq is not running
[fileCompressor,TALK] software alarm: Program cygnus_daq is not running
[fileCompressor,TALK] software alarm: Program cygnus_daq is not running
[fileCompressor,TALK] software alarm: Program cygnus_daq is not running
[fileCompressor,TALK] software alarm: Program cygnus_daq is not running
[fileCompressor,TALK] software alarm: Program cygnus_daq is not running
[fileCompressor,TALK] software alarm: Program cygnus_daq is not running
[fileCompressor,TALK] software alarm: Program cygnus_daq is not running
[fileCompressor,TALK] software alarm: Program cygnus_daq is not running
[fileCompressor,TALK] software alarm: Program cygnus_daq is not running
[fileCompressor,TALK] software alarm: Program cygnus_daq is not running
[fileCompressor,TALK] software alarm: Program cygnus_daq is not running
[fileCompressor,TALK] software alarm: Program cygnus_daq is not running
[fileCompressor,TALK] software alarm: Program cygnus_daq is not running
[fileCompressor,TALK] software alarm: Program cygnus_daq is not running
[fileCompressor,TALK] software alarm: Program cygnus_daq is not running
[fileCompressor,TALK] software alarm: Program cygnus_daq is not running
[fileCompressor,TALK] software alarm: Program cygnus_daq is not running
[fileCompressor,TALK] software alarm: Program cygnus_daq is not running
[fileCompressor,TALK] software alarm: Program cygnus_daq is not running
[fileCompressor,TALK] software alarm: Program cygnus_daq is not running
[fileCompressor,TALK] software alarm: Program cygnus_daq is not running
[fileCompressor,TALK] software alarm: Program cygnus_daq is not running
[fileCompressor,TALK] software alarm: Program cygnus_daq is not running
[fileCompressor,TALK] software alarm: Program cygnus_daq is not running
[fileCompressor,TALK] software alarm: Program cygnus_daq is not running
[fileCompressor,TALK] software alarm: Program cygnus_daq is not running
[fileCompressor,TALK] software alarm: Program cygnus_daq is not running
[fileCompressor,TALK] software alarm: Program cygnus_daq is not running
[fileCompressor,TALK] software alarm: Program cygnus_daq is not running
[fileCompressor,TALK] software alarm: Program cygnus_daq is not running
[fileCompressor,TALK] software alarm: Program cygnus_daq is not running
[fileCompressor,TALK] software alarm: Program cygnus_daq is not running
[fileCompressor,TALK] software alarm: Program cygnus_daq is not running
[fileCompressor,TALK] software alarm: Program cygnus_daq is not running
[fileCompressor,TALK] software alarm: Program cygnus_daq is not running
[fileCompressor,TALK] software alarm: Program cygnus_daq is not running
[fileCompressor,TALK] software alarm: Program cygnus_daq is not running
[fileCompressor,TALK] software alarm: Program cygnus_daq is not running
[fileCompressor,TALK] software alarm: Program cygnus_daq is not running
[fileCompressor,TALK] software alarm: Program cygnus_daq is not running
[fileCompressor,TALK] software alarm: Program cygnus_daq is not running
[fileCompressor,TALK] software alarm: Program cygnus_daq is not running
[fileCompressor,TALK] software alarm: Program cygnus_daq is not running
[fileCompressor,TALK] software alarm: Program cygnus_daq is not running
[fileCompressor,TALK] software alarm: Program cygnus_daq is not running
[fileCompressor,TALK] software alarm: Program cygnus_daq is not running
[fileCompressor,TALK] software alarm: Program cygnus_daq is not running
[fileCompressor,TALK] software alarm: Program cygnus_daq is not running
[fileCompressor,TALK] software alarm: Program cygnus_daq is not running
[fileCompressor,TALK] software alarm: Program cygnus_daq is not running
[fileCompressor,TALK] software alarm: Program cygnus_daq is not running
[fileCompressor,TALK] software alarm: Program cygnus_daq is not running
[fileCompressor,TALK] software alarm: Program cygnus_daq is not running
[fileCompressor,TALK] software alarm: Program cygnus_daq is not running
[fileCompressor,TALK] software alarm: Program cygnus_daq is not running
[fileCompressor,TALK] software alarm: Program cygnus_daq is not running
[fileCompressor,TALK] software alarm: Program cygnus_daq is not running
[fileCompressor,TALK] software alarm: Program cygnus_daq is not running
[fileCompressor,TALK] software alarm: Program cygnus_daq is not running
[fileCompressor,TALK] software alarm: Program cygnus_daq is not running
[fileCompressor,TALK] software alarm: Program cygnus_daq is not running
[fileCompressor,TALK] software alarm: Program cygnus_daq is not running
[fileCompressor,TALK] software alarm: Program cygnus_daq is not running
[fileCompressor,TALK] software alarm: Program cygnus_daq is not running
[fileCompressor,TALK] software alarm: Program cygnus_daq is not running
[fileCompressor,TALK] software alarm: Program cygnus_daq is not running
[fileCompressor,TALK] software alarm: Program cygnus_daq is not running
[fileCompressor,TALK] software alarm: Program cygnus_daq is not running
[fileCompressor,TALK] software alarm: Program cygnus_daq is not running
[fileCompressor,TALK] software alarm: Program cygnus_daq is not running
[fileCompressor,TALK] software alarm: Program cygnus_daq is not running
[fileCompressor,TALK] software alarm: Program cygnus_daq is not running
[fileCompressor,TALK] software alarm: Program cygnus_daq is not running
[fileCompressor,TALK] software alarm: Program cygnus_daq is not running
[fileCompressor,TALK] software alarm: Program cygnus_daq is not running
[fileCompressor,TALK] software alarm: Program cygnus_daq is not running
[fileCompressor,TALK] software alarm: Program cygnus_daq is not running
[fileCompressor,TALK] software alarm: Program cygnus_daq is not running
[fileCompressor,TALK] software alarm: Program cygnus_daq is not running
[fileCompressor,TALK] software alarm: Program cygnus_daq is not running
[fileCompressor,TALK] software alarm: Program cygnus_daq is not running
[fileCompressor,TALK] software alarm: Program cygnus_daq is not running
[fileCompressor,TALK] software alarm: Program cygnus_daq is not running
[fileCompressor,TALK] software alarm: Program cygnus_daq is not running
[fileCompressor,TALK] software alarm: Program cygnus_daq is not running
[fileCompressor,TALK] software alarm: Program cygnus_daq is not running
[fileCompressor,TALK] software alarm: Program cygnus_daq is not running
[fileCompressor,TALK] software alarm: Program cygnus_daq is not running
[fileCompressor,TALK] software alarm: Program cygnus_daq is not running
[fileCompressor,TALK] software alarm: Program cygnus_daq is not running
[fileCompressor,TALK] software alarm: Program cygnus_daq is not running
[fileCompressor,TALK] software alarm: Program cygnus_daq is not running
[fileCompressor,TALK] software alarm: Program cygnus_daq is not running
[fileCompressor,TALK] software alarm: Program cygnus_daq is not running
[fileCompressor,TALK] software alarm: Program cygnus_daq is not running
[fileCompressor,TALK] software alarm: Program cygnus_daq is not running
[fileCompressor,TALK] software alarm: Program cygnus_daq is not running
[fileCompressor,TALK] software alarm: Program cygnus_daq is not running
[fileCompressor,TALK] software alarm: Program cygnus_daq is not running
[fileCompressor,TALK] software alarm: Program cygnus_daq is not running
[fileCompressor,TALK] software alarm: Program cygnus_daq is not running
[fileCompressor,TALK] software alarm: Program cygnus_daq is not running
[fileCompressor,TALK] software alarm: Program cygnus_daq is not running
[fileCompressor,TALK] software alarm: Program cygnus_daq is not running
[fileCompressor,TALK] software alarm: Program cygnus_daq is not running
[fileCompressor,TALK] software alarm: Program cygnus_daq is not running
[fileCompressor,TALK] software alarm: Program cygnus_daq is not running
[fileCompressor,TALK] software alarm: Program cygnus_daq is not running
[fileCompressor,TALK] software alarm: Program cygnus_daq is not running
[fileCompressor,TALK] software alarm: Program cygnus_daq is not running
[fileCompressor,TALK] software alarm: Program cygnus_daq is not running
[fileCompressor,TALK] software alarm: Program cygnus_daq is not running
[fileCompressor,TALK] software alarm: Program cygnus_daq is not running
[fileCompressor,TALK] software alarm: Program cygnus_daq is not running
[fileCompressor,TALK] software alarm: Program cygnus_daq is not running
[fileCompressor,TALK] software alarm: Program cygnus_daq is not running
[fileCompressor,TALK] software alarm: Program cygnus_daq is not running
[fileCompressor,TALK] software alarm: Program cygnus_daq is not running
[fileCompressor,TALK] software alarm: Program cygnus_daq is not running
[fileCompressor,TALK] software alarm: Program cygnus_daq is not running
[fileCompressor,TALK] software alarm: Program cygnus_daq is not running
[fileCompressor,TALK] software alarm: Program cygnus_daq is not running
[fileCompressor,TALK] software alarm: Program cygnus_daq is not running
[fileCompressor,TALK] software alarm: Program cygnus_daq is not running
[fileCompressor,TALK] software alarm: Program cygnus_daq is not running
[fileCompressor,TALK] software alarm: Program cygnus_daq is not running
[fileCompressor,TALK] software alarm: Program cygnus_daq is not running
[fileCompressor,TALK] software alarm: Program cygnus_daq is not running
[fileCompressor,TALK] software alarm: Program cygnus_daq is not running
[fileCompressor,TALK] software alarm: Program cygnus_daq is not running
[fileCompressor,TALK] software alarm: Program cygnus_daq is not running
[fileCompressor,TALK] software alarm: Program cygnus_daq is not running
[fileCompressor,TALK] software alarm: Program cygnus_daq is not running
[fileCompressor,TALK] software alarm: Program cygnus_daq is not running
[fileCompressor,TALK] software alarm: Program cygnus_daq is not running
[fileCompressor,TALK] software alarm: Program cygnus_daq is not running
[fileCompressor,TALK] software alarm: Program cygnus_daq is not running
[fileCompressor,TALK] software alarm: Program cygnus_daq is not running
[fileCompressor,TALK] software alarm: Program cygnus_daq is not running
[fileCompressor,TALK] software alarm: Program cygnus_daq is not running
[fileCompressor,TALK] software alarm: Program cygnus_daq is not running
[fileCompressor,TALK] software alarm: Program cygnus_daq is not running
[fileCompressor,TALK] software alarm: Program cygnus_daq is not running
[fileCompressor,TALK] software alarm: Program cygnus_daq is not running
[fileCompressor,TALK] software alarm: Program cygnus_daq is not running
[fileCompressor,TALK] software alarm: Program cygnus_daq is not running
[fileCompressor,TALK] software alarm: Program cygnus_daq is not running
[fileCompressor,TALK] software alarm: Program cygnus_daq is not running
[fileCompressor,TALK] software alarm: Program cygnus_daq is not running
[fileCompressor,TALK] software alarm: Program cygnus_daq is not running
[fileCompressor,TALK] software alarm: Program cygnus_daq is not running
[fileCompressor,TALK] software alarm: Program cygnus_daq is not running
[fileCompressor,TALK] software alarm: Program cygnus_daq is not running
[fileCompressor,TALK] software alarm: Program cygnus_daq is not running
[fileCompressor,TALK] software alarm: Program cygnus_daq is not running
[fileCompressor,TALK] software alarm: Program cygnus_daq is not running
[fileCompressor,TALK] software alarm: Program cygnus_daq is not running
[fileCompressor,TALK] software alarm: Program cygnus_daq is not running
[fileCompressor,TALK] software alarm: Program cygnus_daq is not running
[fileCompressor,TALK] software alarm: Program cygnus_daq is not running
[fileCompressor,TALK] software alarm: Program cygnus_daq is not running
[fileCompressor,TALK] software alarm: Program cygnus_daq is not running
[fileCompressor,TALK] software alarm: Program cygnus_daq is not running
[fileCompressor,TALK] software alarm: Program cygnus_daq is not running
[fileCompressor,TALK] software alarm: Program cygnus_daq is not running
[fileCompressor,TALK] software alarm: Program cygnus_daq is not running
[fileCompressor,TALK] software alarm: Program cygnus_daq is not running
[fileCompressor,TALK] software alarm: Program cygnus_daq is not running
[fileCompressor,TALK] software alarm: Program cygnus_daq is not running
[fileCompressor,TALK] software alarm: Program cygnus_daq is not running
[fileCompressor,TALK] software alarm: Program cygnus_daq is not running
[fileCompressor,TALK] software alarm: Program cygnus_daq is not running
[fileCompressor,TALK] software alarm: Program cygnus_daq is not running
[fileCompressor,TALK] software alarm: Program cygnus_daq is not running
[fileCompressor,TALK] software alarm: Program cygnus_daq is not running
[fileCompressor,TALK] software alarm: Program cygnus_daq is not running
[fileCompressor,TALK] software alarm: Program cygnus_daq is not running
[fileCompressor,TALK] software alarm: Program cygnus_daq is not running
[fileCompressor,TALK] software alarm: Program cygnus_daq is not running
[fileCompressor,TALK] software alarm: Program cygnus_daq is not running
[fileCompressor,TALK] software alarm: Program cygnus_daq is not running
[fileCompressor,TALK] software alarm: Program cygnus_daq is not running
[fileCompressor,TALK] software alarm: Program cygnus_daq is not running
[fileCompressor,TALK] software alarm: Program cygnus_daq is not running
[fileCompressor,TALK] software alarm: Program cygnus_daq is not running
[fileCompressor,TALK] software alarm: Program cygnus_daq is not running
[fileCompressor,TALK] software alarm: Program cygnus_daq is not running
[fileCompressor,TALK] software alarm: Program cygnus_daq is not running
[fileCompressor,TALK] software alarm: Program cygnus_daq is not running
[fileCompressor,TALK] software alarm: Program cygnus_daq is not running
[fileCompressor,TALK] software alarm: Program cygnus_daq is not running
[fileCompressor,TALK] software alarm: Program cygnus_daq is not running
[fileCompressor,TALK] software alarm: Program cygnus_daq is not running
[fileCompressor,TALK] software alarm: Program cygnus_daq is not running
[fileCompressor,TALK] software alarm: Program cygnus_daq is not running
[fileCompressor,TALK] software alarm: Program cygnus_daq is not running
[fileCompressor,TALK] software alarm: Program cygnus_daq is not running
[fileCompressor,TALK] software alarm: Program cygnus_daq is not running
[fileCompressor,TALK] software alarm: Program cygnus_daq is not running
[fileCompressor,TALK] software alarm: Program cygnus_daq is not running
[fileCompressor,TALK] software alarm: Program cygnus_daq is not running
[fileCompressor,TALK] software alarm: Program cygnus_daq is not running
[fileCompressor,TALK] software alarm: Program cygnus_daq is not running
[fileCompressor,TALK] software alarm: Program cygnus_daq is not running
[fileCompressor,TALK] software alarm: Program cygnus_daq is not running
[fileCompressor,TALK] software alarm: Program cygnus_daq is not running
[fileCompressor,TALK] software alarm: Program cygnus_daq is not running
[fileCompressor,TALK] software alarm: Program cygnus_daq is not running
[fileCompressor,TALK] software alarm: Program cygnus_daq is not running
[fileCompressor,TALK] software alarm: Program cygnus_daq is not running
[fileCompressor,TALK] software alarm: Program cygnus_daq is not running
[fileCompressor,TALK] software alarm: Program cygnus_daq is not running
[fileCompressor,TALK] software alarm: Program cygnus_daq is not running
[fileCompressor,TALK] software alarm: Program cygnus_daq is not running
[fileCompressor,TALK] software alarm: Program cygnus_daq is not running
[fileCompressor,TALK] software alarm: Program cygnus_daq is not running
[fileCompressor,TALK] software alarm: Program cygnus_daq is not running
[fileCompressor,TALK] software alarm: Program cygnus_daq is not running
[fileCompressor,TALK] software alarm: Program cygnus_daq is not running
[fileCompressor,TALK] software alarm: Program cygnus_daq is not running
[fileCompressor,TALK] software alarm: Program cygnus_daq is not running
[fileCompressor,TALK] software alarm: Program cygnus_daq is not running
[fileCompressor,TALK] software alarm: Program cygnus_daq is not running
[fileCompressor,TALK] software alarm: Program cygnus_daq is not running
[fileCompressor,TALK] software alarm: Program cygnus_daq is not running
[fileCompressor,TALK] software alarm: Program cygnus_daq is not running
[fileCompressor,TALK] software alarm: Program cygnus_daq is not running
[fileCompressor,TALK] software alarm: Program cygnus_daq is not running
[fileCompressor,TALK] software alarm: Program cygnus_daq is not running
[fileCompressor,TALK] software alarm: Program cygnus_daq is not running
[fileCompressor,TALK] software alarm: Program cygnus_daq is not running
[fileCompressor,TALK] software alarm: Program cygnus_daq is not running
[fileCompressor,TALK] software alarm: Program cygnus_daq is not running
[fileCompressor,TALK] software alarm: Program cygnus_daq is not running
[fileCompressor,TALK] software alarm: Program cygnus_daq is not running
[fileCompressor,TALK] software alarm: Program cygnus_daq is not running
[fileCompressor,TALK] software alarm: Program cygnus_daq is not running
[fileCompressor,TALK] software alarm: Program cygnus_daq is not running
[fileCompressor,TALK] software alarm: Program cygnus_daq is not running
[fileCompressor,TALK] software alarm: Program cygnus_daq is not running
[fileCompressor,TALK] software alarm: Program cygnus_daq is not running
[fileCompressor,TALK] software alarm: Program cygnus_daq is not running
[fileCompressor,TALK] software alarm: Program cygnus_daq is not running
[fileCompressor,TALK] software alarm: Program cygnus_daq is not running
[fileCompressor,TALK] software alarm: Program cygnus_daq is not running
[fileCompressor,TALK] software alarm: Program cygnus_daq is not running
[fileCompressor,TALK] software alarm: Program cygnus_daq is not running
[fileCompressor,TALK] software alarm: Program cygnus_daq is not running
[fileCompressor,TALK] software alarm: Program cygnus_daq is not running
[fileCompressor,TALK] software alarm: Program cygnus_daq is not running
[fileCompressor,TALK] software alarm: Program cygnus_daq is not running
[fileCompressor,TALK] software alarm: Program cygnus_daq is not running
[fileCompressor,TALK] software alarm: Program cygnus_daq is not running
[fileCompressor,TALK] software alarm: Program cygnus_daq is not running
[fileCompressor,TALK] software alarm: Program cygnus_daq is not running
[fileCompressor,TALK] software alarm: Program cygnus_daq is not running
[fileCompressor,TALK] software alarm: Program cygnus_daq is not running
[fileCompressor,TALK] software alarm: Program cygnus_daq is not running
[fileCompressor,TALK] software alarm: Program cygnus_daq is not running
[fileCompressor,TALK] software alarm: Program cygnus_daq is not running
[fileCompressor,TALK] software alarm: Program cygnus_daq is not running
[fileCompressor,TALK] software alarm: Program cygnus_daq is not running
[fileCompressor,TALK] software alarm: Program cygnus_daq is not running
[fileCompressor,TALK] software alarm: Program cygnus_daq is not running
[fileCompressor,TALK] software alarm: Program cygnus_daq is not running
[fileCompressor,TALK] software alarm: Program cygnus_daq is not running
[fileCompressor,TALK] software alarm: Program cygnus_daq is not running
[fileCompressor,TALK] software alarm: Program cygnus_daq is not running
[fileCompressor,TALK] software alarm: Program cygnus_daq is not running
[fileCompressor,TALK] software alarm: Program cygnus_daq is not running
[fileCompressor,TALK] software alarm: Program cygnus_daq is not running
[fileCompressor,TALK] software alarm: Program cygnus_daq is not running
[fileCompressor,TALK] software alarm: Program cygnus_daq is not running
[fileCompressor,TALK] software alarm: Program cygnus_daq is not running
[fileCompressor,TALK] software alarm: Program cygnus_daq is not running
[fileCompressor,TALK] software alarm: Program cygnus_daq is not running
[fileCompressor,TALK] software alarm: Program cygnus_daq is not running
[fileCompressor,TALK] software alarm: Program cygnus_daq is not running
[fileCompressor,TALK] software alarm: Program cygnus_daq is not running
[fileCompressor,TALK] software alarm: Program cygnus_daq is not running
[fileCompressor,TALK] software alarm: Program cygnus_daq is not running
[fileCompressor,TALK] software alarm: Program cygnus_daq is not running
[fileCompressor,TALK] software alarm: Program cygnus_daq is not running
[fileCompressor,TALK] software alarm: Program cygnus_daq is not running
[fileCompressor,TALK] software alarm: Program cygnus_daq is not running
[fileCompressor,TALK] software alarm: Program cygnus_daq is not running
[fileCompressor,TALK] software alarm: Program cygnus_daq is not running
[fileCompressor,TALK] software alarm: Program cygnus_daq is not running
[fileCompressor,TALK] software alarm: Program cygnus_daq is not running
[fileCompressor,TALK] software alarm: Program cygnus_daq is not running
[fileCompressor,TALK] software alarm: Program cygnus_daq is not running
[fileCompressor,TALK] software alarm: Program cygnus_daq is not running
[fileCompressor,TALK] software alarm: Program cygnus_daq is not running
[fileCompressor,TALK] software alarm: Program cygnus_daq is not running
[fileCompressor,TALK] software alarm: Program cygnus_daq is not running
[fileCompressor,TALK] software alarm: Program cygnus_daq is not running
[fileCompressor,TALK] software alarm: Program cygnus_daq is not running
[fileCompressor,TALK] software alarm: Program cygnus_daq is not running
[fileCompressor,TALK] software alarm: Program cygnus_daq is not running
[fileCompressor,TALK] software alarm: Program cygnus_daq is not running
[fileCompressor,TALK] software alarm: Program cygnus_daq is not running
[fileCompressor,TALK] software alarm: Program cygnus_daq is not running
[fileCompressor,TALK] software alarm: Program cygnus_daq is not running
[fileCompressor,TALK] software alarm: Program cygnus_daq is not running
[fileCompressor,TALK] software alarm: Program cygnus_daq is not running
[fileCompressor,TALK] software alarm: Program cygnus_daq is not running
[fileCompressor,TALK] software alarm: Program cygnus_daq is not running
[fileCompressor,TALK] software alarm: Program cygnus_daq is not running
[fileCompressor,TALK] software alarm: Program cygnus_daq is not running
[fileCompressor,TALK] software alarm: Program cygnus_daq is not running
[fileCompressor,TALK] software alarm: Program cygnus_daq is not running
[fileCompressor,TALK] software alarm: Program cygnus_daq is not running
[fileCompressor,TALK] software alarm: Program cygnus_daq is not running
[fileCompressor,TALK] software alarm: Program cygnus_daq is not running
[fileCompressor,TALK] software alarm: Program cygnus_daq is not running
[fileCompressor,TALK] software alarm: Program cygnus_daq is not running
[fileCompressor,TALK] software alarm: Program cygnus_daq is not running
[fileCompressor,TALK] software alarm: Program cygnus_daq is not running
[fileCompressor,TALK] software alarm: Program cygnus_daq is not running
[fileCompressor,TALK] software alarm: Program cygnus_daq is not running
[fileCompressor,TALK] software alarm: Program cygnus_daq is not running
[fileCompressor,TALK] software alarm: Program cygnus_daq is not running
[fileCompressor,TALK] software alarm: Program cygnus_daq is not running
[fileCompressor,TALK] software alarm: Program cygnus_daq is not running
[fileCompressor,TALK] software alarm: Program cygnus_daq is not running
[fileCompressor,TALK] software alarm: Program cygnus_daq is not running
[fileCompressor,TALK] software alarm: Program cygnus_daq is not running
[fileCompressor,TALK] software alarm: Program cygnus_daq is not running
[fileCompressor,TALK] software alarm: Program cygnus_daq is not running
[fileCompressor,TALK] software alarm: Program cygnus_daq is not running
[fileCompressor,TALK] software alarm: Program cygnus_daq is not running
[fileCompressor,TALK] software alarm: Program cygnus_daq is not running
[fileCompressor,TALK] software alarm: Program cygnus_daq is not running
[fileCompressor,TALK] software alarm: Program cygnus_daq is not running
[fileCompressor,TALK] software alarm: Program cygnus_daq is not running
[fileCompressor,TALK] software alarm: Program cygnus_daq is not running
[fileCompressor,TALK] software alarm: Program cygnus_daq is not running
[fileCompressor,TALK] software alarm: Program cygnus_daq is not running
[fileCompressor,TALK] software alarm: Program cygnus_daq is not running
[fileCompressor,TALK] software alarm: Program cygnus_daq is not running
[fileCompressor,TALK] software alarm: Program cygnus_daq is not running
[fileCompressor,TALK] software alarm: Program cygnus_daq is not running
[fileCompressor,TALK] software alarm: Program cygnus_daq is not running
[fileCompressor,TALK] software alarm: Program cygnus_daq is not running
[fileCompressor,TALK] software alarm: Program cygnus_daq is not running
[fileCompressor,TALK] software alarm: Program cygnus_daq is not running
[fileCompressor,TALK] software alarm: Program cygnus_daq is not running
[fileCompressor,TALK] software alarm: Program cygnus_daq is not running
[fileCompressor,TALK] software alarm: Program cygnus_daq is not running
[fileCompressor,TALK] software alarm: Program cygnus_daq is not running
[fileCompressor,TALK] software alarm: Program cygnus_daq is not running
[fileCompressor,TALK] software alarm: Program cygnus_daq is not running
[fileCompressor,TALK] software alarm: Program cygnus_daq is not running
[fileCompressor,TALK] software alarm: Program cygnus_daq is not running
[fileCompressor,TALK] software alarm: Program cygnus_daq is not running
[fileCompressor,TALK] software alarm: Program cygnus_daq is not running
[fileCompressor,TALK] software alarm: Program cygnus_daq is not running
[fileCompressor,TALK] software alarm: Program cygnus_daq is not running
[fileCompressor,TALK] software alarm: Program cygnus_daq is not running
[fileCompressor,TALK] software alarm: Program cygnus_daq is not running
[fileCompressor,TALK] software alarm: Program cygnus_daq is not running
[fileCompressor,TALK] software alarm: Program cygnus_daq is not running
[fileCompressor,TALK] software alarm: Program cygnus_daq is not running
[fileCompressor,TALK] software alarm: Program cygnus_daq is not running
[fileCompressor,TALK] software alarm: Program cygnus_daq is not running
[fileCompressor,TALK] software alarm: Program cygnus_daq is not running
[fileCompressor,TALK] software alarm: Program cygnus_daq is not running
[fileCompressor,TALK] software alarm: Program cygnus_daq is not running
[fileCompressor,TALK] software alarm: Program cygnus_daq is not running
[fileCompressor,TALK] software alarm: Program cygnus_daq is not running
[fileCompressor,TALK] software alarm: Program cygnus_daq is not running
[fileCompressor,TALK] software alarm: Program cygnus_daq is not running
[fileCompressor,TALK] software alarm: Program cygnus_daq is not running
[fileCompressor,TALK] software alarm: Program cygnus_daq is not running
[fileCompressor,TALK] software alarm: Program cygnus_daq is not running
[fileCompressor,TALK] software alarm: Program cygnus_daq is not running
[fileCompressor,TALK] software alarm: Program cygnus_daq is not running
[fileCompressor,TALK] software alarm: Program cygnus_daq is not running
[fileCompressor,TALK] software alarm: Program cygnus_daq is not running
[fileCompressor,TALK] software alarm: Program cygnus_daq is not running
[fileCompressor,TALK] software alarm: Program cygnus_daq is not running
[fileCompressor,TALK] software alarm: Program cygnus_daq is not running
[fileCompressor,TALK] software alarm: Program cygnus_daq is not running
[fileCompressor,TALK] software alarm: Program cygnus_daq is not running
[fileCompressor,TALK] software alarm: Program cygnus_daq is not running
[fileCompressor,TALK] software alarm: Program cygnus_daq is not running
[fileCompressor,TALK] software alarm: Program cygnus_daq is not running
[fileCompressor,TALK] software alarm: Program cygnus_daq is not running
[fileCompressor,TALK] software alarm: Program cygnus_daq is not running
[fileCompressor,TALK] software alarm: Program cygnus_daq is not running
[fileCompressor,TALK] software alarm: Program cygnus_daq is not running
[fileCompressor,TALK] software alarm: Program cygnus_daq is not running
[fileCompressor,TALK] software alarm: Program cygnus_daq is not running
[fileCompressor,TALK] software alarm: Program cygnus_daq is not running
[fileCompressor,TALK] software alarm: Program cygnus_daq is not running
[fileCompressor,TALK] software alarm: Program cygnus_daq is not running
[fileCompressor,TALK] software alarm: Program cygnus_daq is not running
[fileCompressor,TALK] software alarm: Program cygnus_daq is not running
[fileCompressor,TALK] software alarm: Program cygnus_daq is not running
[fileCompressor,TALK] software alarm: Program cygnus_daq is not running
[fileCompressor,TALK] software alarm: Program cygnus_daq is not running
[fileCompressor,TALK] software alarm: Program cygnus_daq is not running
[fileCompressor,TALK] software alarm: Program cygnus_daq is not running
[fileCompressor,TALK] software alarm: Program cygnus_daq is not running
[fileCompressor,TALK] software alarm: Program cygnus_daq is not running
[fileCompressor,TALK] software alarm: Program cygnus_daq is not running
[fileCompressor,TALK] software alarm: Program cygnus_daq is not running
[fileCompressor,TALK] software alarm: Program cygnus_daq is not running
[fileCompressor,TALK] software alarm: Program cygnus_daq is not running
[fileCompressor,TALK] software alarm: Program cygnus_daq is not running
[fileCompressor,TALK] software alarm: Program cygnus_daq is not running
[fileCompressor,TALK] software alarm: Program cygnus_daq is not running
[fileCompressor,TALK] software alarm: Program cygnus_daq is not running
[fileCompressor,TALK] software alarm: Program cygnus_daq is not running
[fileCompressor,TALK] software alarm: Program cygnus_daq is not running
[fileCompressor,TALK] software alarm: Program cygnus_daq is not running
[fileCompressor,TALK] software alarm: Program cygnus_daq is not running
[fileCompressor,TALK] software alarm: Program cygnus_daq is not running
[fileCompressor,TALK] software alarm: Program cygnus_daq is not running
[fileCompressor,TALK] software alarm: Program cygnus_daq is not running
[fileCompressor,TALK] software alarm: Program cygnus_daq is not running
[fileCompressor,TALK] software alarm: Program cygnus_daq is not running
[fileCompressor,TALK] software alarm: Program cygnus_daq is not running
[fileCompressor,TALK] software alarm: Program cygnus_daq is not running
[fileCompressor,TALK] software alarm: Program cygnus_daq is not running
[fileCompressor,TALK] software alarm: Program cygnus_daq is not running
[fileCompressor,TALK] software alarm: Program cygnus_daq is not running
[fileCompressor,TALK] software alarm: Program cygnus_daq is not running
[fileCompressor,TALK] software alarm: Program cygnus_daq is not running
[fileCompressor,TALK] software alarm: Program cygnus_daq is not running
[fileCompressor,TALK] software alarm: Program cygnus_daq is not running
[fileCompressor,TALK] software alarm: Program cygnus_daq is not running
[fileCompressor,TALK] software alarm: Program cygnus_daq is not running
[fileCompressor,TALK] software alarm: Program cygnus_daq is not running
[fileCompressor,TALK] software alarm: Program cygnus_daq is not running
[fileCompressor,TALK] software alarm: Program cygnus_daq is not running
[fileCompressor,TALK] software alarm: Program cygnus_daq is not running
[fileCompressor,TALK] software alarm: Program cygnus_daq is not running
[fileCompressor,TALK] software alarm: Program cygnus_daq is not running
[fileCompressor,TALK] software alarm: Program cygnus_daq is not running
[fileCompressor,TALK] software alarm: Program cygnus_daq is not running
[fileCompressor,TALK] software alarm: Program cygnus_daq is not running
[fileCompressor,TALK] software alarm: Program cygnus_daq is not running
[fileCompressor,TALK] software alarm: Program cygnus_daq is not running
[fileCompressor,TALK] software alarm: Program cygnus_daq is not running
[fileCompressor,TALK] software alarm: Program cygnus_daq is not running
[fileCompressor,TALK] software alarm: Program cygnus_daq is not running
[fileCompressor,TALK] software alarm: Program cygnus_daq is not running
[fileCompressor,TALK] software alarm: Program cygnus_daq is not running
[fileCompressor,TALK] software alarm: Program cygnus_daq is not running
[fileCompressor,TALK] software alarm: Program cygnus_daq is not running
[fileCompressor,TALK] software alarm: Program cygnus_daq is not running
[fileCompressor,TALK] software alarm: Program cygnus_daq is not running
[fileCompressor,TALK] software alarm: Program cygnus_daq is not running
[fileCompressor,TALK] software alarm: Program cygnus_daq is not running
[fileCompressor,TALK] software alarm: Program cygnus_daq is not running
[fileCompressor,TALK] software alarm: Program cygnus_daq is not running
[fileCompressor,TALK] software alarm: Program cygnus_daq is not running
[fileCompressor,TALK] software alarm: Program cygnus_daq is not running
[fileCompressor,TALK] software alarm: Program cygnus_daq is not running
[fileCompressor,TALK] software alarm: Program cygnus_daq is not running
[fileCompressor,TALK] software alarm: Program cygnus_daq is not running
[fileCompressor,TALK] software alarm: Program cygnus_daq is not running
[fileCompressor,TALK] software alarm: Program cygnus_daq is not running
[fileCompressor,TALK] software alarm: Program cygnus_daq is not running
[fileCompressor,TALK] software alarm: Program cygnus_daq is not running
[fileCompressor,TALK] software alarm: Program cygnus_daq is not running
[fileCompressor,TALK] software alarm: Program cygnus_daq is not running
[fileCompressor,TALK] software alarm: Program cygnus_daq is not running
[fileCompressor,TALK] software alarm: Program cygnus_daq is not running
[fileCompressor,TALK] software alarm: Program cygnus_daq is not running
[fileCompressor,TALK] software alarm: Program cygnus_daq is not running
[fileCompressor,TALK] software alarm: Program cygnus_daq is not running
[fileCompressor,TALK] software alarm: Program cygnus_daq is not running
[fileCompressor,TALK] software alarm: Program cygnus_daq is not running
[fileCompressor,TALK] software alarm: Program cygnus_daq is not running
[fileCompressor,TALK] software alarm: Program cygnus_daq is not running
[fileCompressor,TALK] software alarm: Program cygnus_daq is not running
[fileCompressor,TALK] software alarm: Program cygnus_daq is not running
[fileCompressor,TALK] software alarm: Program cygnus_daq is not running
[fileCompressor,TALK] software alarm: Program cygnus_daq is not running
[fileCompressor,TALK] software alarm: Program cygnus_daq is not running
[fileCompressor,TALK] software alarm: Program cygnus_daq is not running
[fileCompressor,TALK] software alarm: Program cygnus_daq is not running
[fileCompressor,TALK] software alarm: Program cygnus_daq is not running
[fileCompressor,TALK] software alarm: Program cygnus_daq is not running
[fileCompressor,TALK] software alarm: Program cygnus_daq is not running
[fileCompressor,TALK] software alarm: Program cygnus_daq is not running
[fileCompressor,TALK] software alarm: Program cygnus_daq is not running
[fileCompressor,TALK] software alarm: Program cygnus_daq is not running
[fileCompressor,TALK] software alarm: Program cygnus_daq is not running
[fileCompressor,TALK] software alarm: Program cygnus_daq is not running
[fileCompressor,TALK] software alarm: Program cygnus_daq is not running
[fileCompressor,TALK] software alarm: Program cygnus_daq is not running
[fileCompressor,TALK] software alarm: Program cygnus_daq is not running
[fileCompressor,TALK] software alarm: Program cygnus_daq is not running
[fileCompressor,TALK] software alarm: Program cygnus_daq is not running
[fileCompressor,TALK] software alarm: Program cygnus_daq is not running
[fileCompressor,TALK] software alarm: Program cygnus_daq is not running
[fileCompressor,TALK] software alarm: Program cygnus_daq is not running
[fileCompressor,TALK] software alarm: Program cygnus_daq is not running
[fileCompressor,TALK] software alarm: Program cygnus_daq is not running
[fileCompressor,TALK] software alarm: Program cygnus_daq is not running
[fileCompressor,TALK] software alarm: Program cygnus_daq is not running
[fileCompressor,TALK] software alarm: Program cygnus_daq is not running
[fileCompressor,TALK] software alarm: Program cygnus_daq is not running
[fileCompressor,TALK] software alarm: Program cygnus_daq is not running
[fileCompressor,TALK] software alarm: Program cygnus_daq is not running
[fileCompressor,TALK] software alarm: Program cygnus_daq is not running
[fileCompressor,TALK] software alarm: Program cygnus_daq is not running
[fileCompressor,TALK] software alarm: Program cygnus_daq is not running
[fileCompressor,TALK] software alarm: Program cygnus_daq is not running
[fileCompressor,TALK] software alarm: Program cygnus_daq is not running
[fileCompressor,TALK] software alarm: Program cygnus_daq is not running
[fileCompressor,TALK] software alarm: Program cygnus_daq is not running
[fileCompressor,TALK] software alarm: Program cygnus_daq is not running
[fileCompressor,TALK] software alarm: Program cygnus_daq is not running
[fileCompressor,TALK] software alarm: Program cygnus_daq is not running
[fileCompressor,TALK] software alarm: Program cygnus_daq is not running
[fileCompressor,TALK] software alarm: Program cygnus_daq is not running
[fileCompressor,TALK] software alarm: Program cygnus_daq is not running
[fileCompressor,TALK] software alarm: Program cygnus_daq is not running
[fileCompressor,TALK] software alarm: Program cygnus_daq is not running
[fileCompressor,TALK] software alarm: Program cygnus_daq is not running
[fileCompressor,TALK] software alarm: Program cygnus_daq is not running
[fileCompressor,TALK] software alarm: Program cygnus_daq is not running
[fileCompressor,TALK] software alarm: Program cygnus_daq is not running
[fileCompressor,TALK] software alarm: Program cygnus_daq is not running
[fileCompressor,TALK] software alarm: Program cygnus_daq is not running
[fileCompressor,TALK] software alarm: Program cygnus_daq is not running
[fileCompressor,TALK] software alarm: Program cygnus_daq is not running
[fileCompressor,TALK] software alarm: Program cygnus_daq is not running
[fileCompressor,TALK] software alarm: Program cygnus_daq is not running
[fileCompressor,TALK] software alarm: Program cygnus_daq is not running
[fileCompressor,TALK] software alarm: Program cygnus_daq is not running
[fileCompressor,TALK] software alarm: Program cygnus_daq is not running
[fileCompressor,TALK] software alarm: Program cygnus_daq is not running
[fileCompressor,TALK] software alarm: Program cygnus_daq is not running
[fileCompressor,TALK] software alarm: Program cygnus_daq is not running
[fileCompressor,TALK] software alarm: Program cygnus_daq is not running
[fileCompressor,TALK] software alarm: Program cygnus_daq is not running
[fileCompressor,TALK] software alarm: Program cygnus_daq is not running
[fileCompressor,TALK] software alarm: Program cygnus_daq is not running
[fileCompressor,TALK] software alarm: Program cygnus_daq is not running
[fileCompressor,TALK] software alarm: Program cygnus_daq is not running
[fileCompressor,TALK] software alarm: Program cygnus_daq is not running
[fileCompressor,TALK] software alarm: Program cygnus_daq is not running
[fileCompressor,TALK] software alarm: Program cygnus_daq is not running
[fileCompressor,TALK] software alarm: Program cygnus_daq is not running
[fileCompressor,TALK] software alarm: Program cygnus_daq is not running
[fileCompressor,TALK] software alarm: Program cygnus_daq is not running
[fileCompressor,TALK] software alarm: Program cygnus_daq is not running
[fileCompressor,TALK] software alarm: Program cygnus_daq is not running
[fileCompressor,TALK] software alarm: Program cygnus_daq is not running
[fileCompressor,TALK] software alarm: Program cygnus_daq is not running
[fileCompressor,TALK] software alarm: Program cygnus_daq is not running
[fileCompressor,TALK] software alarm: Program cygnus_daq is not running
[fileCompressor,TALK] software alarm: Program cygnus_daq is not running
[fileCompressor,TALK] software alarm: Program cygnus_daq is not running
[fileCompressor,TALK] software alarm: Program cygnus_daq is not running
[fileCompressor,TALK] software alarm: Program cygnus_daq is not running
[fileCompressor,TALK] software alarm: Program cygnus_daq is not running
[fileCompressor,TALK] software alarm: Program cygnus_daq is not running
[fileCompressor,TALK] software alarm: Program cygnus_daq is not running
[fileCompressor,TALK] software alarm: Program cygnus_daq is not running
[fileCompressor,TALK] software alarm: Program cygnus_daq is not running
[fileCompressor,TALK] software alarm: Program cygnus_daq is not running
[fileCompressor,TALK] software alarm: Program cygnus_daq is not running
[fileCompressor,TALK] software alarm: Program cygnus_daq is not running
[fileCompressor,TALK] software alarm: Program cygnus_daq is not running
[fileCompressor,TALK] software alarm: Program cygnus_daq is not running
[fileCompressor,TALK] software alarm: Program cygnus_daq is not running
[fileCompressor,TALK] software alarm: Program cygnus_daq is not running
[fileCompressor,TALK] software alarm: Program cygnus_daq is not running
[fileCompressor,TALK] software alarm: Program cygnus_daq is not running
[fileCompressor,TALK] software alarm: Program cygnus_daq is not running
[fileCompressor,TALK] software alarm: Program cygnus_daq is not running
[fileCompressor,TALK] software alarm: Program cygnus_daq is not running
[fileCompressor,TALK] software alarm: Program cygnus_daq is not running
[fileCompressor,TALK] software alarm: Program cygnus_daq is not running
[fileCompressor,TALK] software alarm: Program cygnus_daq is not running
[fileCompressor,TALK] software alarm: Program cygnus_daq is not running
[fileCompressor,TALK] software alarm: Program cygnus_daq is not running
[fileCompressor,TALK] software alarm: Program cygnus_daq is not running
[fileCompressor,TALK] software alarm: Program cygnus_daq is not running
[fileCompressor,TALK] software alarm: Program cygnus_daq is not running
[fileCompressor,TALK] software alarm: Program cygnus_daq is not running
[fileCompressor,TALK] software alarm: Program cygnus_daq is not running
[fileCompressor,TALK] software alarm: Program cygnus_daq is not running
[fileCompressor,TALK] software alarm: Program cygnus_daq is not running
[fileCompressor,TALK] software alarm: Program cygnus_daq is not running
[fileCompressor,TALK] software alarm: Program cygnus_daq is not running
[fileCompressor,TALK] software alarm: Program cygnus_daq is not running
[fileCompressor,TALK] software alarm: Program cygnus_daq is not running
[fileCompressor,TALK] software alarm: Program cygnus_daq is not running
[fileCompressor,TALK] software alarm: Program cygnus_daq is not running
[fileCompressor,TALK] software alarm: Program cygnus_daq is not running
[fileCompressor,TALK] software alarm: Program cygnus_daq is not running
[fileCompressor,TALK] software alarm: Program cygnus_daq is not running
[fileCompressor,TALK] software alarm: Program cygnus_daq is not running
[fileCompressor,TALK] software alarm: Program cygnus_daq is not running
[fileCompressor,TALK] software alarm: Program cygnus_daq is not running
[fileCompressor,TALK] software alarm: Program cygnus_daq is not running
[fileCompressor,TALK] software alarm: Program cygnus_daq is not running
[fileCompressor,TALK] software alarm: Program cygnus_daq is not running
[fileCompressor,TALK] software alarm: Program cygnus_daq is not running
[fileCompressor,TALK] software alarm: Program cygnus_daq is not running
[fileCompressor,TALK] software alarm: Program cygnus_daq is not running
[fileCompressor,TALK] software alarm: Program cygnus_daq is not running
[fileCompressor,TALK] software alarm: Program cygnus_daq is not running
[fileCompressor,TALK] software alarm: Program cygnus_daq is not running
[fileCompressor,TALK] software alarm: Program cygnus_daq is not running
[fileCompressor,TALK] software alarm: Program cygnus_daq is not running
[fileCompressor,TALK] software alarm: Program cygnus_daq is not running
[fileCompressor,TALK] software alarm: Program cygnus_daq is not running
[fileCompressor,TALK] software alarm: Program cygnus_daq is not running
[fileCompressor,TALK] software alarm: Program cygnus_daq is not running
[fileCompressor,TALK] software alarm: Program cygnus_daq is not running
[fileCompressor,TALK] software alarm: Program cygnus_daq is not running
[fileCompressor,TALK] software alarm: Program cygnus_daq is not running
[fileCompressor,TALK] software alarm: Program cygnus_daq is not running
[fileCompressor,TALK] software alarm: Program cygnus_daq is not running
[fileCompressor,TALK] software alarm: Program cygnus_daq is not running
[fileCompressor,TALK] software alarm: Program cygnus_daq is not running
[fileCompressor,TALK] software alarm: Program cygnus_daq is not running
[fileCompressor,TALK] software alarm: Program cygnus_daq is not running
[fileCompressor,TALK] software alarm: Program cygnus_daq is not running
[fileCompressor,TALK] software alarm: Program cygnus_daq is not running
[fileCompressor,TALK] software alarm: Program cygnus_daq is not running
[fileCompressor,TALK] software alarm: Program cygnus_daq is not running
[fileCompressor,TALK] software alarm: Program cygnus_daq is not running
[fileCompressor,TALK] software alarm: Program cygnus_daq is not running
[fileCompressor,TALK] software alarm: Program cygnus_daq is not running
[fileCompressor,TALK] software alarm: Program cygnus_daq is not running
[fileCompressor,TALK] software alarm: Program cygnus_daq is not running
[fileCompressor,TALK] software alarm: Program cygnus_daq is not running
[fileCompressor,TALK] software alarm: Program cygnus_daq is not running
[fileCompressor,TALK] software alarm: Program cygnus_daq is not running
[fileCompressor,TALK] software alarm: Program cygnus_daq is not running
[fileCompressor,TALK] software alarm: Program cygnus_daq is not running
[fileCompressor,TALK] software alarm: Program cygnus_daq is not running
[fileCompressor,TALK] software alarm: Program cygnus_daq is not running
[fileCompressor,TALK] software alarm: Program cygnus_daq is not running
[fileCompressor,TALK] software alarm: Program cygnus_daq is not running
[fileCompressor,TALK] software alarm: Program cygnus_daq is not running
[fileCompressor,TALK] software alarm: Program cygnus_daq is not running
[fileCompressor,TALK] software alarm: Program cygnus_daq is not running
[fileCompressor,TALK] software alarm: Program cygnus_daq is not running
[fileCompressor,TALK] software alarm: Program cygnus_daq is not running
[fileCompressor,TALK] software alarm: Program cygnus_daq is not running
[fileCompressor,TALK] software alarm: Program cygnus_daq is not running
[fileCompressor,TALK] software alarm: Program cygnus_daq is not running
[fileCompressor,TALK] software alarm: Program cygnus_daq is not running
[fileCompressor,TALK] software alarm: Program cygnus_daq is not running
[fileCompressor,TALK] software alarm: Program cygnus_daq is not running
[fileCompressor,TALK] software alarm: Program cygnus_daq is not running
[fileCompressor,TALK] software alarm: Program cygnus_daq is not running
[fileCompressor,TALK] software alarm: Program cygnus_daq is not running
[fileCompressor,TALK] software alarm: Program cygnus_daq is not running
[fileCompressor,TALK] software alarm: Program cygnus_daq is not running
[fileCompressor,TALK] software alarm: Program cygnus_daq is not running
[fileCompressor,TALK] software alarm: Program cygnus_daq is not running
[fileCompressor,TALK] software alarm: Program cygnus_daq is not running
[fileCompressor,TALK] software alarm: Program cygnus_daq is not running
[fileCompressor,TALK] software alarm: Program cygnus_daq is not running
[fileCompressor,TALK] software alarm: Program cygnus_daq is not running
[fileCompressor,TALK] software alarm: Program cygnus_daq is not running
[fileCompressor,TALK] software alarm: Program cygnus_daq is not running
[fileCompressor,TALK] software alarm: Program cygnus_daq is not running
[fileCompressor,TALK] software alarm: Program cygnus_daq is not running
[fileCompressor,TALK] software alarm: Program cygnus_daq is not running
[fileCompressor,TALK] software alarm: Program cygnus_daq is not running
[fileCompressor,TALK] software alarm: Program cygnus_daq is not running
[fileCompressor,TALK] software alarm: Program cygnus_daq is not running
[fileCompressor,TALK] software alarm: Program cygnus_daq is not running
[fileCompressor,TALK] software alarm: Program cygnus_daq is not running
[fileCompressor,TALK] software alarm: Program cygnus_daq is not running
[fileCompressor,TALK] software alarm: Program cygnus_daq is not running
[fileCompressor,TALK] software alarm: Program cygnus_daq is not running
[fileCompressor,TALK] software alarm: Program cygnus_daq is not running
[fileCompressor,TALK] software alarm: Program cygnus_daq is not running
[fileCompressor,TALK] software alarm: Program cygnus_daq is not running
[fileCompressor,TALK] software alarm: Program cygnus_daq is not running
[fileCompressor,TALK] software alarm: Program cygnus_daq is not running
[fileCompressor,TALK] software alarm: Program cygnus_daq is not running
[fileCompressor,TALK] software alarm: Program cygnus_daq is not running
[fileCompressor,TALK] software alarm: Program cygnus_daq is not running
[fileCompressor,TALK] software alarm: Program cygnus_daq is not running
[fileCompressor,TALK] software alarm: Program cygnus_daq is not running
[fileCompressor,TALK] software alarm: Program cygnus_daq is not running
[fileCompressor,TALK] software alarm: Program cygnus_daq is not running
[fileCompressor,TALK] software alarm: Program cygnus_daq is not running
[fileCompressor,TALK] software alarm: Program cygnus_daq is not running
[fileCompressor,TALK] software alarm: Program cygnus_daq is not running
[fileCompressor,TALK] software alarm: Program cygnus_daq is not running
[fileCompressor,TALK] software alarm: Program cygnus_daq is not running
[fileCompressor,TALK] software alarm: Program cygnus_daq is not running
[fileCompressor,TALK] software alarm: Program cygnus_daq is not running
[fileCompressor,TALK] software alarm: Program cygnus_daq is not running
[fileCompressor,TALK] software alarm: Program cygnus_daq is not running
[fileCompressor,TALK] software alarm: Program cygnus_daq is not running
[fileCompressor,TALK] software alarm: Program cygnus_daq is not running
[fileCompressor,TALK] software alarm: Program cygnus_daq is not running
[fileCompressor,TALK] software alarm: Program cygnus_daq is not running
[fileCompressor,TALK] software alarm: Program cygnus_daq is not running
[fileCompressor,TALK] software alarm: Program cygnus_daq is not running
[fileCompressor,TALK] software alarm: Program cygnus_daq is not running
[fileCompressor,TALK] software alarm: Program cygnus_daq is not running
[fileCompressor,TALK] software alarm: Program cygnus_daq is not running
[fileCompressor,TALK] software alarm: Program cygnus_daq is not running
[fileCompressor,TALK] software alarm: Program cygnus_daq is not running
[fileCompressor,TALK] software alarm: Program cygnus_daq is not running
[fileCompressor,TALK] software alarm: Program cygnus_daq is not running
[fileCompressor,TALK] software alarm: Program cygnus_daq is not running
[fileCompressor,TALK] software alarm: Program cygnus_daq is not running
[fileCompressor,TALK] software alarm: Program cygnus_daq is not running
[fileCompressor,TALK] software alarm: Program cygnus_daq is not running
[fileCompressor,TALK] software alarm: Program cygnus_daq is not running
[fileCompressor,TALK] software alarm: Program cygnus_daq is not running
[fileCompressor,TALK] software alarm: Program cygnus_daq is not running
[fileCompressor,TALK] software alarm: Program cygnus_daq is not running
[fileCompressor,TALK] software alarm: Program cygnus_daq is not running
[fileCompressor,TALK] software alarm: Program cygnus_daq is not running
[fileCompressor,TALK] software alarm: Program cygnus_daq is not running
[fileCompressor,TALK] software alarm: Program cygnus_daq is not running
[fileCompressor,TALK] software alarm: Program cygnus_daq is not running
[fileCompressor,TALK] software alarm: Program cygnus_daq is not running
[fileCompressor,TALK] software alarm: Program cygnus_daq is not running
[fileCompressor,TALK] software alarm: Program cygnus_daq is not running
[fileCompressor,TALK] software alarm: Program cygnus_daq is not running
[fileCompressor,TALK] software alarm: Program cygnus_daq is not running
[fileCompressor,TALK] software alarm: Program cygnus_daq is not running
[fileCompressor,TALK] software alarm: Program cygnus_daq is not running
[fileCompressor,TALK] software alarm: Program cygnus_daq is not running
[fileCompressor,TALK] software alarm: Program cygnus_daq is not running
[fileCompressor,TALK] software alarm: Program cygnus_daq is not running
[fileCompressor,TALK] software alarm: Program cygnus_daq is not running
[fileCompressor,TALK] software alarm: Program cygnus_daq is not running
[fileCompressor,TALK] software alarm: Program cygnus_daq is not running
[fileCompressor,TALK] software alarm: Program cygnus_daq is not running
[fileCompressor,TALK] software alarm: Program cygnus_daq is not running
[fileCompressor,TALK] software alarm: Program cygnus_daq is not running
[fileCompressor,TALK] software alarm: Program cygnus_daq is not running
[fileCompressor,TALK] software alarm: Program cygnus_daq is not running
[fileCompressor,TALK] software alarm: Program cygnus_daq is not running
[fileCompressor,TALK] software alarm: Program cygnus_daq is not running
[fileCompressor,TALK] software alarm: Program cygnus_daq is not running
[fileCompressor,TALK] software alarm: Program cygnus_daq is not running
[fileCompressor,TALK] software alarm: Program cygnus_daq is not running
[fileCompressor,TALK] software alarm: Program cygnus_daq is not running
[fileCompressor,TALK] software alarm: Program cygnus_daq is not running
[fileCompressor,TALK] software alarm: Program cygnus_daq is not running
[fileCompressor,TALK] software alarm: Program cygnus_daq is not running
[fileCompressor,TALK] software alarm: Program cygnus_daq is not running
[fileCompressor,TALK] software alarm: Program cygnus_daq is not running
[fileCompressor,TALK] software alarm: Program cygnus_daq is not running
[fileCompressor,TALK] software alarm: Program cygnus_daq is not running
[fileCompressor,TALK] software alarm: Program cygnus_daq is not running
[fileCompressor,TALK] software alarm: Program cygnus_daq is not running
[fileCompressor,TALK] software alarm: Program cygnus_daq is not running
[fileCompressor,TALK] software alarm: Program cygnus_daq is not running
[fileCompressor,TALK] software alarm: Program cygnus_daq is not running
[fileCompressor,TALK] software alarm: Program cygnus_daq is not running
[fileCompressor,TALK] software alarm: Program cygnus_daq is not running
[fileCompressor,TALK] software alarm: Program cygnus_daq is not running
[fileCompressor,TALK] software alarm: Program cygnus_daq is not running
[fileCompressor,TALK] software alarm: Program cygnus_daq is not running
[fileCompressor,TALK] software alarm: Program cygnus_daq is not running
[fileCompressor,TALK] software alarm: Program cygnus_daq is not running
[fileCompressor,TALK] software alarm: Program cygnus_daq is not running
[fileCompressor,TALK] software alarm: Program cygnus_daq is not running
[fileCompressor,TALK] software alarm: Program cygnus_daq is not running
[fileCompressor,TALK] software alarm: Program cygnus_daq is not running
[fileCompressor,TALK] software alarm: Program cygnus_daq is not running
[fileCompressor,TALK] software alarm: Program cygnus_daq is not running
[fileCompressor,TALK] software alarm: Program cygnus_daq is not running
[fileCompressor,TALK] software alarm: Program cygnus_daq is not running
[fileCompressor,TALK] software alarm: Program cygnus_daq is not running
[fileCompressor,TALK] software alarm: Program cygnus_daq is not running
[fileCompressor,TALK] software alarm: Program cygnus_daq is not running
[fileCompressor,TALK] software alarm: Program cygnus_daq is not running
[fileCompressor,TALK] software alarm: Program cygnus_daq is not running
[fileCompressor,TALK] software alarm: Program cygnus_daq is not running
[fileCompressor,TALK] software alarm: Program cygnus_daq is not running
[fileCompressor,TALK] software alarm: Program cygnus_daq is not running
[fileCompressor,TALK] software alarm: Program cygnus_daq is not running
[fileCompressor,TALK] software alarm: Program cygnus_daq is not running
[fileCompressor,TALK] software alarm: Program cygnus_daq is not running
[fileCompressor,TALK] software alarm: Program cygnus_daq is not running
[fileCompressor,TALK] software alarm: Program cygnus_daq is not running
[fileCompressor,TALK] software alarm: Program cygnus_daq is not running
[fileCompressor,TALK] software alarm: Program cygnus_daq is not running
[fileCompressor,TALK] software alarm: Program cygnus_daq is not running
[fileCompressor,TALK] software alarm: Program cygnus_daq is not running
[fileCompressor,TALK] software alarm: Program cygnus_daq is not running
[fileCompressor,TALK] software alarm: Program cygnus_daq is not running
[fileCompressor,TALK] software alarm: Program cygnus_daq is not running
[fileCompressor,TALK] software alarm: Program cygnus_daq is not running
[fileCompressor,TALK] software alarm: Program cygnus_daq is not running
[fileCompressor,TALK] software alarm: Program cygnus_daq is not running
[fileCompressor,TALK] software alarm: Program cygnus_daq is not running
[fileCompressor,TALK] software alarm: Program cygnus_daq is not running
[fileCompressor,TALK] software alarm: Program cygnus_daq is not running
[fileCompressor,TALK] software alarm: Program cygnus_daq is not running
[fileCompressor,TALK] software alarm: Program cygnus_daq is not running
[fileCompressor,TALK] software alarm: Program cygnus_daq is not running
[fileCompressor,TALK] software alarm: Program cygnus_daq is not running
[fileCompressor,TALK] software alarm: Program cygnus_daq is not running
[fileCompressor,TALK] software alarm: Program cygnus_daq is not running
[fileCompressor,TALK] software alarm: Program cygnus_daq is not running
[fileCompressor,TALK] software alarm: Program cygnus_daq is not running
[fileCompressor,TALK] software alarm: Program cygnus_daq is not running
[fileCompressor,TALK] software alarm: Program cygnus_daq is not running
[fileCompressor,TALK] software alarm: Program cygnus_daq is not running
[fileCompressor,TALK] software alarm: Program cygnus_daq is not running
[fileCompressor,TALK] software alarm: Program cygnus_daq is not running
[fileCompressor,TALK] software alarm: Program cygnus_daq is not running
[fileCompressor,TALK] software alarm: Program cygnus_daq is not running
[fileCompressor,TALK] software alarm: Program cygnus_daq is not running
[fileCompressor,TALK] software alarm: Program cygnus_daq is not running
[fileCompressor,TALK] software alarm: Program cygnus_daq is not running
[fileCompressor,TALK] software alarm: Program cygnus_daq is not running
[fileCompressor,TALK] software alarm: Program cygnus_daq is not running
[fileCompressor,TALK] software alarm: Program cygnus_daq is not running
[fileCompressor,TALK] software alarm: Program cygnus_daq is not running
[fileCompressor,TALK] software alarm: Program cygnus_daq is not running
[fileCompressor,TALK] software alarm: Program cygnus_daq is not running
[fileCompressor,TALK] software alarm: Program cygnus_daq is not running
[fileCompressor,TALK] software alarm: Program cygnus_daq is not running
[fileCompressor,TALK] software alarm: Program cygnus_daq is not running
[fileCompressor,TALK] software alarm: Program cygnus_daq is not running
[fileCompressor,TALK] software alarm: Program cygnus_daq is not running
[fileCompressor,TALK] software alarm: Program cygnus_daq is not running
[fileCompressor,TALK] software alarm: Program cygnus_daq is not running
[fileCompressor,TALK] software alarm: Program cygnus_daq is not running
[fileCompressor,TALK] software alarm: Program cygnus_daq is not running
[fileCompressor,TALK] software alarm: Program cygnus_daq is not running
[fileCompressor,TALK] software alarm: Program cygnus_daq is not running
[fileCompressor,TALK] software alarm: Program cygnus_daq is not running
[fileCompressor,TALK] software alarm: Program cygnus_daq is not running
[fileCompressor,TALK] software alarm: Program cygnus_daq is not running
[fileCompressor,TALK] software alarm: Program cygnus_daq is not running
[fileCompressor,TALK] software alarm: Program cygnus_daq is not running
[fileCompressor,TALK] software alarm: Program cygnus_daq is not running
[fileCompressor,TALK] software alarm: Program cygnus_daq is not running
[fileCompressor,TALK] software alarm: Program cygnus_daq is not running
[fileCompressor,TALK] software alarm: Program cygnus_daq is not running
[fileCompressor,TALK] software alarm: Program cygnus_daq is not running
[fileCompressor,TALK] software alarm: Program cygnus_daq is not running
[fileCompressor,TALK] software alarm: Program cygnus_daq is not running
[fileCompressor,TALK] software alarm: Program cygnus_daq is not running
[fileCompressor,TALK] software alarm: Program cygnus_daq is not running
[fileCompressor,TALK] software alarm: Program cygnus_daq is not running
[fileCompressor,TALK] software alarm: Program cygnus_daq is not running
[fileCompressor,TALK] software alarm: Program cygnus_daq is not running
[fileCompressor,TALK] software alarm: Program cygnus_daq is not running
[fileCompressor,TALK] software alarm: Program cygnus_daq is not running
[fileCompressor,TALK] software alarm: Program cygnus_daq is not running
[fileCompressor,TALK] software alarm: Program cygnus_daq is not running
[fileCompressor,TALK] software alarm: Program cygnus_daq is not running
[fileCompressor,TALK] software alarm: Program cygnus_daq is not running
[fileCompressor,TALK] software alarm: Program cygnus_daq is not running
[fileCompressor,TALK] software alarm: Program cygnus_daq is not running
[fileCompressor,TALK] software alarm: Program cygnus_daq is not running
[fileCompressor,TALK] software alarm: Program cygnus_daq is not running
[fileCompressor,TALK] software alarm: Program cygnus_daq is not running
[fileCompressor,TALK] software alarm: Program cygnus_daq is not running
[fileCompressor,TALK] software alarm: Program cygnus_daq is not running
[fileCompressor,TALK] software alarm: Program cygnus_daq is not running
[fileCompressor,TALK] software alarm: Program cygnus_daq is not running
[fileCompressor,TALK] software alarm: Program cygnus_daq is not running
[fileCompressor,TALK] software alarm: Program cygnus_daq is not running
[fileCompressor,TALK] software alarm: Program cygnus_daq is not running
[fileCompressor,TALK] software alarm: Program cygnus_daq is not running
[fileCompressor,TALK] software alarm: Program cygnus_daq is not running
[fileCompressor,TALK] software alarm: Program cygnus_daq is not running
[fileCompressor,TALK] software alarm: Program cygnus_daq is not running
[fileCompressor,TALK] software alarm: Program cygnus_daq is not running
[fileCompressor,TALK] software alarm: Program cygnus_daq is not running
[fileCompressor,TALK] software alarm: Program cygnus_daq is not running
[fileCompressor,TALK] software alarm: Program cygnus_daq is not running
[fileCompressor,TALK] software alarm: Program cygnus_daq is not running
[fileCompressor,TALK] software alarm: Program cygnus_daq is not running
[fileCompressor,TALK] software alarm: Program cygnus_daq is not running
[fileCompressor,TALK] software alarm: Program cygnus_daq is not running
[fileCompressor,TALK] software alarm: Program cygnus_daq is not running
[fileCompressor,TALK] software alarm: Program cygnus_daq is not running
[fileCompressor,TALK] software alarm: Program cygnus_daq is not running
[fileCompressor,TALK] software alarm: Program cygnus_daq is not running
[fileCompressor,TALK] software alarm: Program cygnus_daq is not running
[fileCompressor,TALK] software alarm: Program cygnus_daq is not running
[fileCompressor,TALK] software alarm: Program cygnus_daq is not running
[fileCompressor,TALK] software alarm: Program cygnus_daq is not running
[fileCompressor,TALK] software alarm: Program cygnus_daq is not running
[fileCompressor,TALK] software alarm: Program cygnus_daq is not running
[fileCompressor,TALK] software alarm: Program cygnus_daq is not running
[fileCompressor,TALK] software alarm: Program cygnus_daq is not running
[fileCompressor,TALK] software alarm: Program cygnus_daq is not running
[fileCompressor,TALK] software alarm: Program cygnus_daq is not running
[fileCompressor,TALK] software alarm: Program cygnus_daq is not running
[fileCompressor,TALK] software alarm: Program cygnus_daq is not running
[fileCompressor,TALK] software alarm: Program cygnus_daq is not running
[fileCompressor,TALK] software alarm: Program cygnus_daq is not running
[fileCompressor,TALK] software alarm: Program cygnus_daq is not running
[fileCompressor,TALK] software alarm: Program cygnus_daq is not running
[fileCompressor,TALK] software alarm: Program cygnus_daq is not running
[fileCompressor,TALK] software alarm: Program cygnus_daq is not running
[fileCompressor,TALK] software alarm: Program cygnus_daq is not running
[fileCompressor,TALK] software alarm: Program cygnus_daq is not running
[fileCompressor,TALK] software alarm: Program cygnus_daq is not running
[fileCompressor,TALK] software alarm: Program cygnus_daq is not running
[fileCompressor,TALK] software alarm: Program cygnus_daq is not running
[fileCompressor,TALK] software alarm: Program cygnus_daq is not running
[fileCompressor,TALK] software alarm: Program cygnus_daq is not running
[fileCompressor,TALK] software alarm: Program cygnus_daq is not running
[fileCompressor,TALK] software alarm: Program cygnus_daq is not running
[fileCompressor,TALK] software alarm: Program cygnus_daq is not running
[fileCompressor,TALK] software alarm: Program cygnus_daq is not running
[fileCompressor,TALK] software alarm: Program cygnus_daq is not running
[fileCompressor,TALK] software alarm: Program cygnus_daq is not running
[fileCompressor,TALK] software alarm: Program cygnus_daq is not running
[fileCompressor,TALK] software alarm: Program cygnus_daq is not running
[fileCompressor,TALK] software alarm: Program cygnus_daq is not running
[fileCompressor,TALK] software alarm: Program cygnus_daq is not running
[fileCompressor,TALK] software alarm: Program cygnus_daq is not running
[fileCompressor,TALK] software alarm: Program cygnus_daq is not running
[fileCompressor,TALK] software alarm: Program cygnus_daq is not running
[fileCompressor,TALK] software alarm: Program cygnus_daq is not running
[fileCompressor,TALK] software alarm: Program cygnus_daq is not running
[fileCompressor,TALK] software alarm: Program cygnus_daq is not running
[fileCompressor,TALK] software alarm: Program cygnus_daq is not running
[fileCompressor,TALK] software alarm: Program cygnus_daq is not running
[fileCompressor,TALK] software alarm: Program cygnus_daq is not running
[fileCompressor,TALK] software alarm: Program cygnus_daq is not running
[fileCompressor,TALK] software alarm: Program cygnus_daq is not running
[fileCompressor,TALK] software alarm: Program cygnus_daq is not running
[fileCompressor,TALK] software alarm: Program cygnus_daq is not running
[fileCompressor,TALK] software alarm: Program cygnus_daq is not running
[fileCompressor,TALK] software alarm: Program cygnus_daq is not running
[fileCompressor,TALK] software alarm: Program cygnus_daq is not running
[fileCompressor,TALK] software alarm: Program cygnus_daq is not running
[fileCompressor,TALK] software alarm: Program cygnus_daq is not running
[fileCompressor,TALK] software alarm: Program cygnus_daq is not running
[fileCompressor,TALK] software alarm: Program cygnus_daq is not running
[fileCompressor,TALK] software alarm: Program cygnus_daq is not running
[fileCompressor,TALK] software alarm: Program cygnus_daq is not running
[fileCompressor,TALK] software alarm: Program cygnus_daq is not running
[fileCompressor,TALK] software alarm: Program cygnus_daq is not running
[fileCompressor,TALK] software alarm: Program cygnus_daq is not running
[fileCompressor,TALK] software alarm: Program cygnus_daq is not running
[fileCompressor,TALK] software alarm: Program cygnus_daq is not running
[fileCompressor,TALK] software alarm: Program cygnus_daq is not running
[fileCompressor,TALK] software alarm: Program cygnus_daq is not running
[fileCompressor,TALK] software alarm: Program cygnus_daq is not running
[fileCompressor,TALK] software alarm: Program cygnus_daq is not running
[fileCompressor,TALK] software alarm: Program cygnus_daq is not running
[fileCompressor,TALK] software alarm: Program cygnus_daq is not running
[fileCompressor,TALK] software alarm: Program cygnus_daq is not running
[fileCompressor,TALK] software alarm: Program cygnus_daq is not running
[fileCompressor,TALK] software alarm: Program cygnus_daq is not running
[fileCompressor,TALK] software alarm: Program cygnus_daq is not running
[fileCompressor,TALK] software alarm: Program cygnus_daq is not running
[fileCompressor,TALK] software alarm: Program cygnus_daq is not running
[fileCompressor,TALK] software alarm: Program cygnus_daq is not running
[fileCompressor,TALK] software alarm: Program cygnus_daq is not running
[fileCompressor,TALK] software alarm: Program cygnus_daq is not running
[fileCompressor,TALK] software alarm: Program cygnus_daq is not running
[fileCompressor,TALK] software alarm: Program cygnus_daq is not running
[fileCompressor,TALK] software alarm: Program cygnus_daq is not running
[fileCompressor,TALK] software alarm: Program cygnus_daq is not running
[fileCompressor,TALK] software alarm: Program cygnus_daq is not running
[fileCompressor,TALK] software alarm: Program cygnus_daq is not running
[fileCompressor,TALK] software alarm: Program cygnus_daq is not running
[fileCompressor,TALK] software alarm: Program cygnus_daq is not running
[fileCompressor,TALK] software alarm: Program cygnus_daq is not running
[fileCompressor,TALK] software alarm: Program cygnus_daq is not running
[fileCompressor,TALK] software alarm: Program cygnus_daq is not running
[fileCompressor,TALK] software alarm: Program cygnus_daq is not running
[fileCompressor,TALK] software alarm: Program cygnus_daq is not running
[fileCompressor,TALK] software alarm: Program cygnus_daq is not running
[fileCompressor,TALK] software alarm: Program cygnus_daq is not running
[fileCompressor,TALK] software alarm: Program cygnus_daq is not running
[fileCompressor,TALK] software alarm: Program cygnus_daq is not running
[fileCompressor,TALK] software alarm: Program cygnus_daq is not running
[fileCompressor,TALK] software alarm: Program cygnus_daq is not running
[fileCompressor,TALK] software alarm: Program cygnus_daq is not running
[fileCompressor,TALK] software alarm: Program cygnus_daq is not running
[fileCompressor,TALK] software alarm: Program cygnus_daq is not running
[fileCompressor,TALK] software alarm: Program cygnus_daq is not running
[fileCompressor,TALK] software alarm: Program cygnus_daq is not running
[fileCompressor,TALK] software alarm: Program cygnus_daq is not running
[fileCompressor,TALK] software alarm: Program cygnus_daq is not running
[fileCompressor,TALK] software alarm: Program cygnus_daq is not running
[fileCompressor,TALK] software alarm: Program cygnus_daq is not running
[fileCompressor,TALK] software alarm: Program cygnus_daq is not running
[fileCompressor,TALK] software alarm: Program cygnus_daq is not running
[fileCompressor,TALK] software alarm: Program cygnus_daq is not running
[fileCompressor,TALK] software alarm: Program cygnus_daq is not running
[fileCompressor,TALK] software alarm: Program cygnus_daq is not running
[fileCompressor,TALK] software alarm: Program cygnus_daq is not running
[fileCompressor,TALK] software alarm: Program cygnus_daq is not running
[fileCompressor,TALK] software alarm: Program cygnus_daq is not running
[fileCompressor,TALK] software alarm: Program cygnus_daq is not running
[fileCompressor,TALK] software alarm: Program cygnus_daq is not running
[fileCompressor,TALK] software alarm: Program cygnus_daq is not running
[fileCompressor,TALK] software alarm: Program cygnus_daq is not running
[fileCompressor,TALK] software alarm: Program cygnus_daq is not running
[fileCompressor,TALK] software alarm: Program cygnus_daq is not running
[fileCompressor,TALK] software alarm: Program cygnus_daq is not running
[fileCompressor,TALK] software alarm: Program cygnus_daq is not running
[fileCompressor,TALK] software alarm: Program cygnus_daq is not running
[fileCompressor,TALK] software alarm: Program cygnus_daq is not running
[fileCompressor,TALK] software alarm: Program cygnus_daq is not running
[fileCompressor,TALK] software alarm: Program cygnus_daq is not running
[fileCompressor,TALK] software alarm: Program cygnus_daq is not running
[fileCompressor,TALK] software alarm: Program cygnus_daq is not running
[fileCompressor,TALK] software alarm: Program cygnus_daq is not running
[fileCompressor,TALK] software alarm: Program cygnus_daq is not running
[fileCompressor,TALK] software alarm: Program cygnus_daq is not running
[fileCompressor,TALK] software alarm: Program cygnus_daq is not running
[fileCompressor,TALK] software alarm: Program cygnus_daq is not running
[fileCompressor,TALK] software alarm: Program cygnus_daq is not running
[fileCompressor,TALK] software alarm: Program cygnus_daq is not running
[fileCompressor,TALK] software alarm: Program cygnus_daq is not running
[fileCompressor,TALK] software alarm: Program cygnus_daq is not running
[fileCompressor,TALK] software alarm: Program cygnus_daq is not running
[fileCompressor,TALK] software alarm: Program cygnus_daq is not running
[fileCompressor,TALK] software alarm: Program cygnus_daq is not running
[fileCompressor,TALK] software alarm: Program cygnus_daq is not running
[fileCompressor,TALK] software alarm: Program cygnus_daq is not running
[fileCompressor,TALK] software alarm: Program cygnus_daq is not running
[fileCompressor,TALK] software alarm: Program cygnus_daq is not running
[fileCompressor,TALK] software alarm: Program cygnus_daq is not running
[fileCompressor,TALK] software alarm: Program cygnus_daq is not running
[fileCompressor,TALK] software alarm: Program cygnus_daq is not running
[fileCompressor,TALK] software alarm: Program cygnus_daq is not running
[fileCompressor,TALK] software alarm: Program cygnus_daq is not running
[fileCompressor,TALK] software alarm: Program cygnus_daq is not running
[fileCompressor,TALK] software alarm: Program cygnus_daq is not running
[fileCompressor,TALK] software alarm: Program cygnus_daq is not running
[fileCompressor,TALK] software alarm: Program cygnus_daq is not running
[fileCompressor,TALK] software alarm: Program cygnus_daq is not running
[fileCompressor,TALK] software alarm: Program cygnus_daq is not running
[fileCompressor,TALK] software alarm: Program cygnus_daq is not running
[fileCompressor,TALK] software alarm: Program cygnus_daq is not running
[fileCompressor,TALK] software alarm: Program cygnus_daq is not running
[fileCompressor,TALK] software alarm: Program cygnus_daq is not running
[fileCompressor,TALK] software alarm: Program cygnus_daq is not running
[fileCompressor,TALK] software alarm: Program cygnus_daq is not running
[fileCompressor,TALK] software alarm: Program cygnus_daq is not running
[fileCompressor,TALK] software alarm: Program cygnus_daq is not running
[fileCompressor,TALK] software alarm: Program cygnus_daq is not running
[fileCompressor,TALK] software alarm: Program cygnus_daq is not running
[fileCompressor,TALK] software alarm: Program cygnus_daq is not running
[fileCompressor,TALK] software alarm: Program cygnus_daq is not running
[fileCompressor,TALK] software alarm: Program cygnus_daq is not running
[fileCompressor,TALK] software alarm: Program cygnus_daq is not running
[fileCompressor,TALK] software alarm: Program cygnus_daq is not running
[fileCompressor,TALK] software alarm: Program cygnus_daq is not running
[fileCompressor,TALK] software alarm: Program cygnus_daq is not running
[fileCompressor,TALK] software alarm: Program cygnus_daq is not running
[fileCompressor,TALK] software alarm: Program cygnus_daq is not running
[fileCompressor,TALK] software alarm: Program cygnus_daq is not running
[fileCompressor,TALK] software alarm: Program cygnus_daq is not running
[fileCompressor,TALK] software alarm: Program cygnus_daq is not running
[fileCompressor,TALK] software alarm: Program cygnus_daq is not running
[fileCompressor,TALK] software alarm: Program cygnus_daq is not running
[fileCompressor,TALK] software alarm: Program cygnus_daq is not running
[fileCompressor,TALK] software alarm: Program cygnus_daq is not running
[fileCompressor,TALK] software alarm: Program cygnus_daq is not running
[fileCompressor,TALK] software alarm: Program cygnus_daq is not running
[fileCompressor,TALK] software alarm: Program cygnus_daq is not running
[fileCompressor,TALK] software alarm: Program cygnus_daq is not running
[fileCompressor,TALK] software alarm: Program cygnus_daq is not running
[fileCompressor,TALK] software alarm: Program cygnus_daq is not running
[fileCompressor,TALK] software alarm: Program cygnus_daq is not running
[fileCompressor,TALK] software alarm: Program cygnus_daq is not running
[fileCompressor,TALK] software alarm: Program cygnus_daq is not running
[fileCompressor,TALK] software alarm: Program cygnus_daq is not running
[fileCompressor,TALK] software alarm: Program cygnus_daq is not running
[fileCompressor,TALK] software alarm: Program cygnus_daq is not running
[fileCompressor,TALK] software alarm: Program cygnus_daq is not running
[fileCompressor,TALK] software alarm: Program cygnus_daq is not running
[fileCompressor,TALK] software alarm: Program cygnus_daq is not running
[fileCompressor,TALK] software alarm: Program cygnus_daq is not running
[fileCompressor,TALK] software alarm: Program cygnus_daq is not running
[fileCompressor,TALK] software alarm: Program cygnus_daq is not running
[fileCompressor,TALK] software alarm: Program cygnus_daq is not running
[fileCompressor,TALK] software alarm: Program cygnus_daq is not running
[fileCompressor,TALK] software alarm: Program cygnus_daq is not running
[fileCompressor,TALK] software alarm: Program cygnus_daq is not running
[fileCompressor,TALK] software alarm: Program cygnus_daq is not running
[fileCompressor,TALK] software alarm: Program cygnus_daq is not running
[fileCompressor,TALK] software alarm: Program cygnus_daq is not running
[fileCompressor,TALK] software alarm: Program cygnus_daq is not running
2024-05-21 16:31:21 Compressing file: run16195.mid
2024-05-21 16:36:22 File successfully compressed: run16195.mid.gz
2024-05-21 16:40:52 Compressing file: run16196.mid
2024-05-21 16:45:53 File successfully compressed: run16196.mid.gz
2024-05-21 16:50:24 Compressing file: run16197.mid
2024-05-21 16:55:24 File successfully compressed: run16197.mid.gz
2024-05-21 16:59:25 Compressing file: run16198.mid
2024-05-21 17:04:26 File successfully compressed: run16198.mid.gz
2024-05-21 17:13:57 Compressing file: run16199.mid
2024-05-21 17:18:58 File successfully compressed: run16199.mid.gz
2024-05-21 17:23:29 Compressing file: run16200.mid
2024-05-21 17:28:29 File successfully compressed: run16200.mid.gz
2024-05-21 17:33:30 Compressing file: run16201.mid
2024-05-21 17:38:31 File successfully compressed: run16201.mid.gz
2024-05-21 17:45:02 Compressing file: run16202.mid
2024-05-21 17:50:02 File successfully compressed: run16202.mid.gz
2024-05-21 17:55:03 Compressing file: run16203.mid
2024-05-21 18:00:04 File successfully compressed: run16203.mid.gz
2024-05-21 18:05:35 Compressing file: run16204.mid
2024-05-21 18:10:36 File successfully compressed: run16204.mid.gz
2024-05-21 18:16:06 Compressing file: run16205.mid
2024-05-21 18:21:07 File successfully compressed: run16205.mid.gz
2024-05-21 18:25:08 Compressing file: run16206.mid
2024-05-21 18:30:08 File successfully compressed: run16206.mid.gz
2024-05-21 18:35:09 Compressing file: run16207.mid
2024-05-21 18:40:10 File successfully compressed: run16207.mid.gz
2024-05-21 18:45:41 Compressing file: run16208.mid
2024-05-21 18:50:42 File successfully compressed: run16208.mid.gz
2024-05-21 18:55:42 Compressing file: run16209.mid
2024-05-21 19:00:43 File successfully compressed: run16209.mid.gz
2024-05-21 19:04:44 Compressing file: run16210.mid
2024-05-21 19:09:44 File successfully compressed: run16210.mid.gz
2024-05-21 19:13:45 Compressing file: run16211.mid
2024-05-21 19:18:46 File successfully compressed: run16211.mid.gz
2024-05-22 09:02:21 Compressing file: run16212.mid
2024-05-22 09:03:21 File successfully compressed: run16212.mid.gz
2024-05-22 09:07:52 Compressing file: run16213.mid
2024-05-22 09:11:52 File successfully compressed: run16213.mid.gz
2024-05-22 09:33:26 Compressing file: run16214.mid
2024-05-22 09:33:56 File successfully compressed: run16214.mid.gz
2024-05-22 09:43:27 Compressing file: run16215.mid
2024-05-22 09:48:28 File successfully compressed: run16215.mid.gz
2024-05-22 09:52:59 Compressing file: run16216.mid
2024-05-22 09:57:59 File successfully compressed: run16216.mid.gz
2024-05-22 10:03:00 Compressing file: run16217.mid
2024-05-22 10:08:01 File successfully compressed: run16217.mid.gz
2024-05-22 10:12:32 Compressing file: run16218.mid
2024-05-22 10:17:32 File successfully compressed: run16218.mid.gz
2024-05-22 10:22:03 Compressing file: run16219.mid
2024-05-22 10:27:04 File successfully compressed: run16219.mid.gz
2024-05-22 10:32:05 Compressing file: run16220.mid
2024-05-22 10:37:05 File successfully compressed: run16220.mid.gz
[fileCompressor,TALK] software alarm: Program cygnus_daq is not running
[fileCompressor,TALK] software alarm: Program cygnus_daq is not running
[fileCompressor,TALK] software alarm: Program cygnus_daq is not running
[fileCompressor,TALK] software alarm: Program cygnus_daq is not running
[fileCompressor,TALK] software alarm: Program cygnus_daq is not running
[fileCompressor,TALK] software alarm: Program cygnus_daq is not running
[fileCompressor,TALK] software alarm: Program cygnus_daq is not running
[fileCompressor,TALK] software alarm: Program cygnus_daq is not running
[fileCompressor,TALK] software alarm: Program cygnus_daq is not running
[fileCompressor,TALK] software alarm: Program cygnus_daq is not running
Traceback (most recent call last):
  File "/home/cygno01/daq/middleware/dev/fileCompressor.py", line 169, in <module>
    main()
  File "/home/cygno01/daq/middleware/dev/fileCompressor.py", line 118, in main
    file_in_dir=sorted(os.listdir(INAPATH))
OSError: [Errno 5] Input/output error: '/media/cygno01/SSD1/Data/'
cm_msg_log: Message "[fileCompressor,LOG] Program fileCompressor on host localhost stopped" not written to midas.log because open(/media/cygno01/SSD1/Data/midas.log) failed with errno 5 (Input/output error)
