Midas shutdown
[fileCompressor,INFO] Client 'cygnus_daq' on buffer 'SYSMSG' removed by cm_periodic_tasks because process pid 5792 does not exist
[fileCompressor,INFO] Client 'cygnus_daq' on database 'ODB' pid 5792 does not exist and db_cleanup called by cm_periodic_tasks removed it
2024-06-19 15:20:50 Compressing file: run16231.mid
2024-06-19 15:21:50 File successfully compressed: run16231.mid.gz
2024-06-20 10:38:37 Compressing file: run16236.mid
2024-06-20 10:42:37 File successfully compressed: run16236.mid.gz
2024-06-20 10:53:38 Compressing file: run16237.mid
2024-06-20 10:58:39 File successfully compressed: run16237.mid.gz
2024-06-20 11:07:40 Compressing file: run16238.mid
2024-06-20 11:12:41 File successfully compressed: run16238.mid.gz
2024-06-20 11:20:11 Compressing file: run16239.mid
2024-06-20 11:25:12 File successfully compressed: run16239.mid.gz
2024-06-20 11:32:43 Compressing file: run16240.mid
2024-06-20 11:37:43 File successfully compressed: run16240.mid.gz
2024-06-20 11:43:14 Compressing file: run16241.mid
2024-06-20 11:48:15 File successfully compressed: run16241.mid.gz
2024-06-20 11:53:45 Compressing file: run16242.mid
2024-06-20 11:58:46 File successfully compressed: run16242.mid.gz
2024-06-20 12:04:16 Compressing file: run16243.mid
2024-06-20 12:09:17 File successfully compressed: run16243.mid.gz
2024-06-20 12:13:17 Compressing file: run16244.mid
2024-06-20 12:18:18 File successfully compressed: run16244.mid.gz
2024-06-20 12:23:19 Compressing file: run16245.mid
2024-06-20 12:28:19 File successfully compressed: run16245.mid.gz
2024-06-20 12:33:20 Compressing file: run16246.mid
2024-06-20 12:38:20 File successfully compressed: run16246.mid.gz
2024-06-20 12:43:51 Compressing file: run16247.mid
2024-06-20 12:48:52 File successfully compressed: run16247.mid.gz
2024-06-20 12:53:52 Compressing file: run16248.mid
2024-06-20 12:58:53 File successfully compressed: run16248.mid.gz
2024-06-20 13:03:23 Compressing file: run16249.mid
2024-06-20 13:08:24 File successfully compressed: run16249.mid.gz
2024-06-20 13:12:24 Compressing file: run16250.mid
2024-06-20 13:17:25 File successfully compressed: run16250.mid.gz
2024-06-20 13:22:26 Compressing file: run16251.mid
2024-06-20 13:27:26 File successfully compressed: run16251.mid.gz
2024-06-20 13:31:57 Compressing file: run16252.mid
2024-06-20 13:36:57 File successfully compressed: run16252.mid.gz
2024-06-20 13:41:28 Compressing file: run16253.mid
2024-06-20 13:46:28 File successfully compressed: run16253.mid.gz
2024-06-20 13:50:59 Compressing file: run16254.mid
2024-06-20 13:56:00 File successfully compressed: run16254.mid.gz
2024-06-20 14:00:30 Compressing file: run16255.mid
2024-06-20 14:05:31 File successfully compressed: run16255.mid.gz
2024-06-20 14:10:31 Compressing file: run16256.mid
2024-06-20 14:15:32 File successfully compressed: run16256.mid.gz
2024-06-20 15:05:08 Compressing file: run16257.mid
2024-06-20 15:10:08 File successfully compressed: run16257.mid.gz
2024-06-20 15:14:39 Compressing file: run16258.mid
2024-06-20 15:19:39 File successfully compressed: run16258.mid.gz
2024-06-20 15:25:10 Compressing file: run16259.mid
2024-06-20 15:30:11 File successfully compressed: run16259.mid.gz
2024-06-20 15:35:11 Compressing file: run16260.mid
2024-06-20 15:40:12 File successfully compressed: run16260.mid.gz
2024-06-20 15:44:42 Compressing file: run16261.mid
2024-06-20 15:49:43 File successfully compressed: run16261.mid.gz
2024-06-20 15:53:43 Compressing file: run16262.mid
2024-06-20 15:58:44 File successfully compressed: run16262.mid.gz
2024-06-20 16:02:44 Compressing file: run16263.mid
2024-06-20 16:07:45 File successfully compressed: run16263.mid.gz
2024-06-20 16:11:45 Compressing file: run16264.mid
2024-06-20 16:16:46 File successfully compressed: run16264.mid.gz
2024-06-20 16:20:17 Compressing file: run16265.mid
2024-06-20 16:25:17 File successfully compressed: run16265.mid.gz
2024-06-20 16:29:48 Compressing file: run16266.mid
2024-06-20 16:34:48 File successfully compressed: run16266.mid.gz
2024-06-20 16:38:19 Compressing file: run16267.mid
2024-06-20 16:43:19 File successfully compressed: run16267.mid.gz
2024-06-20 16:46:50 Compressing file: run16268.mid
2024-06-20 16:51:50 File successfully compressed: run16268.mid.gz
2024-06-20 16:55:21 Compressing file: run16269.mid
2024-06-20 17:00:21 File successfully compressed: run16269.mid.gz
2024-06-20 17:03:52 Compressing file: run16270.mid
2024-06-20 17:08:52 File successfully compressed: run16270.mid.gz
2024-06-20 17:12:23 Compressing file: run16271.mid
2024-06-20 17:17:23 File successfully compressed: run16271.mid.gz
2024-06-20 17:20:54 Compressing file: run16272.mid
2024-06-20 17:25:54 File successfully compressed: run16272.mid.gz
2024-06-20 17:29:55 Compressing file: run16273.mid
2024-06-20 17:34:55 File successfully compressed: run16273.mid.gz
2024-06-20 17:39:26 Compressing file: run16274.mid
2024-06-20 17:44:26 File successfully compressed: run16274.mid.gz
2024-06-20 17:48:27 Compressing file: run16275.mid
2024-06-20 17:53:27 File successfully compressed: run16275.mid.gz
2024-06-20 17:56:58 Compressing file: run16276.mid
2024-06-20 18:01:58 File successfully compressed: run16276.mid.gz
2024-06-20 19:21:08 Compressing file: run16277.mid
2024-06-20 19:26:08 File successfully compressed: run16277.mid.gz
2024-06-20 19:32:09 Compressing file: run16278.mid
2024-06-20 19:37:10 File successfully compressed: run16278.mid.gz
2024-06-20 19:43:10 Compressing file: run16279.mid
2024-06-20 19:48:11 File successfully compressed: run16279.mid.gz
2024-06-20 19:53:12 Compressing file: run16280.mid
2024-06-20 19:58:12 File successfully compressed: run16280.mid.gz
2024-06-20 20:02:43 Compressing file: run16281.mid
2024-06-20 20:07:43 File successfully compressed: run16281.mid.gz
2024-06-20 20:11:44 Compressing file: run16282.mid
2024-06-20 20:16:44 File successfully compressed: run16282.mid.gz
2024-06-20 20:22:15 Compressing file: run16283.mid
2024-06-20 20:27:16 File successfully compressed: run16283.mid.gz
2024-06-20 20:31:46 Compressing file: run16284.mid
2024-06-20 20:36:47 File successfully compressed: run16284.mid.gz
2024-06-20 20:41:17 Compressing file: run16285.mid
2024-06-20 20:46:18 File successfully compressed: run16285.mid.gz
2024-06-20 20:50:48 Compressing file: run16286.mid
2024-06-20 20:55:49 File successfully compressed: run16286.mid.gz
2024-06-20 21:00:50 Compressing file: run16287.mid
2024-06-20 21:05:50 File successfully compressed: run16287.mid.gz
2024-06-20 21:09:51 Compressing file: run16288.mid
2024-06-20 21:14:51 File successfully compressed: run16288.mid.gz
2024-06-20 21:18:52 Compressing file: run16289.mid
2024-06-20 21:23:52 File successfully compressed: run16289.mid.gz
2024-06-20 21:27:53 Compressing file: run16290.mid
2024-06-20 21:32:53 File successfully compressed: run16290.mid.gz
2024-06-20 21:39:24 Compressing file: run16291.mid
2024-06-20 21:40:54 File successfully compressed: run16291.mid.gz
2024-06-20 22:04:57 Compressing file: run16292.mid
2024-06-20 22:05:27 File successfully compressed: run16292.mid.gz
2024-06-20 22:17:29 Compressing file: run16295.mid
2024-06-20 22:18:29 File successfully compressed: run16295.mid.gz
2024-06-20 22:51:33 Compressing file: run16293.mid
2024-06-20 22:55:03 Compressing file: run16294.mid
2024-06-20 22:56:33 File successfully compressed: run16293.mid.gz
2024-06-20 23:00:04 File successfully compressed: run16294.mid.gz
2024-06-20 23:02:04 Compressing file: run16296.mid
2024-06-20 23:05:34 Compressing file: run16297.mid
2024-06-20 23:07:05 File successfully compressed: run16296.mid.gz
2024-06-20 23:09:05 Compressing file: run16298.mid
2024-06-20 23:10:35 File successfully compressed: run16297.mid.gz
2024-06-20 23:12:05 Compressing file: run16299.mid
2024-06-20 23:14:05 File successfully compressed: run16298.mid.gz
2024-06-20 23:15:36 Compressing file: run16300.mid
2024-06-20 23:17:06 File successfully compressed: run16299.mid.gz
2024-06-20 23:19:36 Compressing file: run16301.mid
2024-06-20 23:20:36 File successfully compressed: run16300.mid.gz
2024-06-20 23:23:06 Compressing file: run16302.mid
2024-06-20 23:24:37 File successfully compressed: run16301.mid.gz
2024-06-20 23:26:37 Compressing file: run16303.mid
2024-06-20 23:28:07 File successfully compressed: run16302.mid.gz
2024-06-20 23:30:07 Compressing file: run16304.mid
2024-06-20 23:31:38 File successfully compressed: run16303.mid.gz
2024-06-20 23:33:08 Compressing file: run16305.mid
2024-06-20 23:35:08 File successfully compressed: run16304.mid.gz
2024-06-20 23:36:38 Compressing file: run16306.mid
2024-06-20 23:38:08 File successfully compressed: run16305.mid.gz
2024-06-20 23:40:09 Compressing file: run16307.mid
2024-06-20 23:41:39 File successfully compressed: run16306.mid.gz
2024-06-20 23:43:39 Compressing file: run16308.mid
2024-06-20 23:45:09 File successfully compressed: run16307.mid.gz
2024-06-20 23:47:09 Compressing file: run16309.mid
2024-06-20 23:48:40 File successfully compressed: run16308.mid.gz
2024-06-20 23:50:40 Compressing file: run16310.mid
2024-06-20 23:52:10 File successfully compressed: run16309.mid.gz
2024-06-20 23:54:40 Compressing file: run16311.mid
2024-06-20 23:56:10 File successfully compressed: run16310.mid.gz
2024-06-20 23:57:41 Compressing file: run16312.mid
2024-06-20 23:59:41 File successfully compressed: run16311.mid.gz
2024-06-21 00:01:11 Compressing file: run16313.mid
2024-06-21 00:02:41 File successfully compressed: run16312.mid.gz
2024-06-21 00:04:42 Compressing file: run16314.mid
2024-06-21 00:06:12 File successfully compressed: run16313.mid.gz
2024-06-21 00:08:12 Compressing file: run16315.mid
2024-06-21 00:09:42 File successfully compressed: run16314.mid.gz
2024-06-21 00:11:42 Compressing file: run16316.mid
2024-06-21 00:13:13 File successfully compressed: run16315.mid.gz
2024-06-21 00:15:13 Compressing file: run16317.mid
2024-06-21 00:16:43 File successfully compressed: run16316.mid.gz
2024-06-21 00:18:43 Compressing file: run16318.mid
2024-06-21 00:20:13 File successfully compressed: run16317.mid.gz
2024-06-21 00:22:14 Compressing file: run16319.mid
2024-06-21 00:23:44 File successfully compressed: run16318.mid.gz
2024-06-21 00:25:44 Compressing file: run16320.mid
2024-06-21 00:27:14 File successfully compressed: run16319.mid.gz
2024-06-21 00:29:15 Compressing file: run16321.mid
2024-06-21 00:30:45 File successfully compressed: run16320.mid.gz
2024-06-21 00:32:45 Compressing file: run16322.mid
2024-06-21 00:34:15 File successfully compressed: run16321.mid.gz
2024-06-21 00:36:15 Compressing file: run16323.mid
2024-06-21 00:37:46 File successfully compressed: run16322.mid.gz
2024-06-21 00:39:46 Compressing file: run16324.mid
2024-06-21 00:41:16 File successfully compressed: run16323.mid.gz
2024-06-21 00:43:16 Compressing file: run16325.mid
2024-06-21 00:44:46 File successfully compressed: run16324.mid.gz
2024-06-21 00:46:47 Compressing file: run16326.mid
2024-06-21 00:48:17 File successfully compressed: run16325.mid.gz
2024-06-21 00:50:17 Compressing file: run16327.mid
2024-06-21 00:51:47 File successfully compressed: run16326.mid.gz
2024-06-21 00:53:48 Compressing file: run16328.mid
2024-06-21 00:55:18 File successfully compressed: run16327.mid.gz
2024-06-21 00:57:18 Compressing file: run16329.mid
2024-06-21 00:58:48 File successfully compressed: run16328.mid.gz
2024-06-21 01:00:48 Compressing file: run16330.mid
2024-06-21 01:02:19 File successfully compressed: run16329.mid.gz
2024-06-21 01:04:19 Compressing file: run16331.mid
2024-06-21 01:05:49 File successfully compressed: run16330.mid.gz
2024-06-21 01:07:49 Compressing file: run16332.mid
2024-06-21 01:09:19 File successfully compressed: run16331.mid.gz
2024-06-21 01:11:20 Compressing file: run16333.mid
2024-06-21 01:12:50 File successfully compressed: run16332.mid.gz
2024-06-21 01:14:50 Compressing file: run16334.mid
2024-06-21 01:16:20 File successfully compressed: run16333.mid.gz
2024-06-21 01:18:21 Compressing file: run16335.mid
2024-06-21 01:19:51 File successfully compressed: run16334.mid.gz
2024-06-21 01:21:51 Compressing file: run16336.mid
2024-06-21 01:23:21 File successfully compressed: run16335.mid.gz
2024-06-21 01:24:51 Compressing file: run16337.mid
2024-06-21 01:26:52 File successfully compressed: run16336.mid.gz
2024-06-21 01:28:22 Compressing file: run16338.mid
2024-06-21 01:29:52 File successfully compressed: run16337.mid.gz
2024-06-21 01:31:52 Compressing file: run16339.mid
2024-06-21 01:33:22 File successfully compressed: run16338.mid.gz
2024-06-21 01:35:23 Compressing file: run16340.mid
2024-06-21 01:36:53 File successfully compressed: run16339.mid.gz
2024-06-21 01:40:23 File successfully compressed: run16340.mid.gz
2024-06-21 01:50:24 Compressing file: run16341.mid
2024-06-21 01:53:55 Compressing file: run16342.mid
2024-06-21 01:55:25 File successfully compressed: run16341.mid.gz
2024-06-21 01:57:25 Compressing file: run16343.mid
2024-06-21 01:58:56 File successfully compressed: run16342.mid.gz
2024-06-21 02:00:26 Compressing file: run16344.mid
2024-06-21 02:02:26 File successfully compressed: run16343.mid.gz
2024-06-21 02:03:56 Compressing file: run16345.mid
2024-06-21 02:05:26 File successfully compressed: run16344.mid.gz
2024-06-21 02:07:27 Compressing file: run16346.mid
2024-06-21 02:08:57 File successfully compressed: run16345.mid.gz
2024-06-21 02:10:57 Compressing file: run16347.mid
2024-06-21 02:12:27 File successfully compressed: run16346.mid.gz
2024-06-21 02:14:27 Compressing file: run16348.mid
2024-06-21 02:15:58 File successfully compressed: run16347.mid.gz
2024-06-21 02:17:58 Compressing file: run16349.mid
2024-06-21 02:19:28 File successfully compressed: run16348.mid.gz
2024-06-21 02:21:28 Compressing file: run16350.mid
2024-06-21 02:22:59 File successfully compressed: run16349.mid.gz
2024-06-21 02:24:59 Compressing file: run16351.mid
2024-06-21 02:26:29 File successfully compressed: run16350.mid.gz
2024-06-21 02:28:29 Compressing file: run16352.mid
2024-06-21 02:29:59 File successfully compressed: run16351.mid.gz
2024-06-21 02:32:00 Compressing file: run16353.mid
2024-06-21 02:33:30 File successfully compressed: run16352.mid.gz
2024-06-21 02:35:30 Compressing file: run16354.mid
2024-06-21 02:37:00 File successfully compressed: run16353.mid.gz
2024-06-21 02:39:01 Compressing file: run16355.mid
2024-06-21 02:40:31 File successfully compressed: run16354.mid.gz
2024-06-21 02:42:31 Compressing file: run16356.mid
2024-06-21 02:44:01 File successfully compressed: run16355.mid.gz
2024-06-21 02:46:01 Compressing file: run16357.mid
2024-06-21 02:47:32 File successfully compressed: run16356.mid.gz
2024-06-21 02:49:32 Compressing file: run16358.mid
2024-06-21 02:51:02 File successfully compressed: run16357.mid.gz
2024-06-21 02:53:02 Compressing file: run16359.mid
2024-06-21 02:54:33 File successfully compressed: run16358.mid.gz
2024-06-21 02:56:33 Compressing file: run16360.mid
2024-06-21 02:58:03 File successfully compressed: run16359.mid.gz
2024-06-21 03:00:03 Compressing file: run16361.mid
2024-06-21 03:01:33 File successfully compressed: run16360.mid.gz
2024-06-21 03:03:34 Compressing file: run16362.mid
2024-06-21 03:05:04 File successfully compressed: run16361.mid.gz
2024-06-21 03:07:04 Compressing file: run16363.mid
2024-06-21 03:08:34 File successfully compressed: run16362.mid.gz
2024-06-21 03:10:35 Compressing file: run16364.mid
2024-06-21 03:12:05 File successfully compressed: run16363.mid.gz
2024-06-21 03:14:05 Compressing file: run16365.mid
2024-06-21 03:15:35 File successfully compressed: run16364.mid.gz
2024-06-21 03:17:35 Compressing file: run16366.mid
2024-06-21 03:19:06 File successfully compressed: run16365.mid.gz
2024-06-21 03:21:06 Compressing file: run16367.mid
2024-06-21 03:22:36 File successfully compressed: run16366.mid.gz
2024-06-21 03:24:36 Compressing file: run16368.mid
2024-06-21 03:26:07 File successfully compressed: run16367.mid.gz
2024-06-21 03:27:37 Compressing file: run16369.mid
2024-06-21 03:29:37 File successfully compressed: run16368.mid.gz
2024-06-21 03:31:07 Compressing file: run16370.mid
2024-06-21 03:32:37 File successfully compressed: run16369.mid.gz
2024-06-21 03:35:08 Compressing file: run16371.mid
2024-06-21 03:36:08 File successfully compressed: run16370.mid.gz
2024-06-21 03:38:38 Compressing file: run16372.mid
2024-06-21 03:40:08 File successfully compressed: run16371.mid.gz
2024-06-21 03:42:09 Compressing file: run16373.mid
2024-06-21 03:43:39 File successfully compressed: run16372.mid.gz
2024-06-21 03:45:39 Compressing file: run16374.mid
2024-06-21 03:47:09 File successfully compressed: run16373.mid.gz
2024-06-21 03:48:39 Compressing file: run16375.mid
2024-06-21 03:50:40 File successfully compressed: run16374.mid.gz
2024-06-21 03:52:10 Compressing file: run16376.mid
2024-06-21 03:53:40 File successfully compressed: run16375.mid.gz
2024-06-21 03:55:40 Compressing file: run16377.mid
2024-06-21 03:57:11 File successfully compressed: run16376.mid.gz
2024-06-21 03:59:11 Compressing file: run16378.mid
2024-06-21 04:00:41 File successfully compressed: run16377.mid.gz
2024-06-21 04:02:41 Compressing file: run16379.mid
2024-06-21 04:04:11 File successfully compressed: run16378.mid.gz
2024-06-21 04:06:12 Compressing file: run16380.mid
2024-06-21 04:07:42 File successfully compressed: run16379.mid.gz
2024-06-21 04:09:42 Compressing file: run16381.mid
2024-06-21 04:11:12 File successfully compressed: run16380.mid.gz
2024-06-21 04:13:13 Compressing file: run16382.mid
2024-06-21 04:14:43 File successfully compressed: run16381.mid.gz
2024-06-21 04:16:43 Compressing file: run16383.mid
2024-06-21 04:18:13 File successfully compressed: run16382.mid.gz
2024-06-21 04:20:13 Compressing file: run16384.mid
2024-06-21 04:21:44 File successfully compressed: run16383.mid.gz
2024-06-21 04:23:44 Compressing file: run16385.mid
2024-06-21 04:25:14 File successfully compressed: run16384.mid.gz
2024-06-21 04:27:14 Compressing file: run16386.mid
2024-06-21 04:28:45 File successfully compressed: run16385.mid.gz
2024-06-21 04:30:45 Compressing file: run16387.mid
2024-06-21 04:32:15 File successfully compressed: run16386.mid.gz
2024-06-21 04:34:15 Compressing file: run16388.mid
2024-06-21 04:35:45 File successfully compressed: run16387.mid.gz
2024-06-21 04:37:46 Compressing file: run16389.mid
2024-06-21 04:39:16 File successfully compressed: run16388.mid.gz
2024-06-21 04:41:16 Compressing file: run16390.mid
2024-06-21 04:42:46 File successfully compressed: run16389.mid.gz
2024-06-21 04:46:17 File successfully compressed: run16390.mid.gz
2024-06-21 04:55:48 Compressing file: run16391.mid
2024-06-21 04:59:18 Compressing file: run16392.mid
2024-06-21 05:00:49 File successfully compressed: run16391.mid.gz
2024-06-21 05:02:49 Compressing file: run16393.mid
2024-06-21 05:04:19 File successfully compressed: run16392.mid.gz
2024-06-21 05:06:19 Compressing file: run16394.mid
2024-06-21 05:07:50 File successfully compressed: run16393.mid.gz
2024-06-21 05:09:50 Compressing file: run16395.mid
2024-06-21 05:11:20 File successfully compressed: run16394.mid.gz
2024-06-21 05:13:20 Compressing file: run16396.mid
2024-06-21 05:14:50 File successfully compressed: run16395.mid.gz
2024-06-21 05:16:51 Compressing file: run16397.mid
2024-06-21 05:18:21 File successfully compressed: run16396.mid.gz
2024-06-21 05:20:21 Compressing file: run16398.mid
2024-06-21 05:21:51 File successfully compressed: run16397.mid.gz
2024-06-21 05:23:52 Compressing file: run16399.mid
2024-06-21 05:25:22 File successfully compressed: run16398.mid.gz
2024-06-21 05:26:52 Compressing file: run16400.mid
2024-06-21 05:28:52 File successfully compressed: run16399.mid.gz
2024-06-21 05:30:52 Compressing file: run16401.mid
2024-06-21 05:31:53 File successfully compressed: run16400.mid.gz
2024-06-21 05:34:23 Compressing file: run16402.mid
2024-06-21 05:35:53 File successfully compressed: run16401.mid.gz
2024-06-21 05:37:53 Compressing file: run16403.mid
2024-06-21 05:39:24 File successfully compressed: run16402.mid.gz
2024-06-21 05:41:24 Compressing file: run16404.mid
2024-06-21 05:42:54 File successfully compressed: run16403.mid.gz
2024-06-21 05:44:54 Compressing file: run16405.mid
2024-06-21 05:46:24 File successfully compressed: run16404.mid.gz
2024-06-21 05:47:55 Compressing file: run16406.mid
2024-06-21 05:49:55 File successfully compressed: run16405.mid.gz
2024-06-21 05:51:25 Compressing file: run16407.mid
2024-06-21 05:52:55 File successfully compressed: run16406.mid.gz
2024-06-21 05:54:56 Compressing file: run16408.mid
2024-06-21 05:56:26 File successfully compressed: run16407.mid.gz
2024-06-21 05:58:26 Compressing file: run16409.mid
2024-06-21 05:59:56 File successfully compressed: run16408.mid.gz
2024-06-21 06:01:56 Compressing file: run16410.mid
2024-06-21 06:03:27 File successfully compressed: run16409.mid.gz
2024-06-21 06:05:57 Compressing file: run16411.mid
2024-06-21 06:06:57 File successfully compressed: run16410.mid.gz
2024-06-21 06:09:27 Compressing file: run16412.mid
2024-06-21 06:10:58 File successfully compressed: run16411.mid.gz
2024-06-21 06:12:28 Compressing file: run16413.mid
2024-06-21 06:14:28 File successfully compressed: run16412.mid.gz
2024-06-21 06:15:58 Compressing file: run16414.mid
2024-06-21 06:17:28 File successfully compressed: run16413.mid.gz
2024-06-21 06:19:29 Compressing file: run16415.mid
2024-06-21 06:20:59 File successfully compressed: run16414.mid.gz
2024-06-21 06:22:59 Compressing file: run16416.mid
2024-06-21 06:24:29 File successfully compressed: run16415.mid.gz
2024-06-21 06:26:30 Compressing file: run16417.mid
2024-06-21 06:28:00 File successfully compressed: run16416.mid.gz
2024-06-21 06:30:00 Compressing file: run16418.mid
2024-06-21 06:31:30 File successfully compressed: run16417.mid.gz
2024-06-21 06:33:31 Compressing file: run16419.mid
2024-06-21 06:35:01 File successfully compressed: run16418.mid.gz
2024-06-21 06:37:01 Compressing file: run16420.mid
2024-06-21 06:38:31 File successfully compressed: run16419.mid.gz
2024-06-21 06:40:31 Compressing file: run16421.mid
2024-06-21 06:42:02 File successfully compressed: run16420.mid.gz
2024-06-21 06:44:02 Compressing file: run16422.mid
2024-06-21 06:45:32 File successfully compressed: run16421.mid.gz
2024-06-21 06:47:32 Compressing file: run16423.mid
2024-06-21 06:49:03 File successfully compressed: run16422.mid.gz
2024-06-21 06:51:03 Compressing file: run16424.mid
2024-06-21 06:52:33 File successfully compressed: run16423.mid.gz
2024-06-21 06:54:33 Compressing file: run16425.mid
2024-06-21 06:56:04 File successfully compressed: run16424.mid.gz
2024-06-21 06:58:04 Compressing file: run16426.mid
2024-06-21 06:59:34 File successfully compressed: run16425.mid.gz
2024-06-21 07:01:34 Compressing file: run16427.mid
2024-06-21 07:03:04 File successfully compressed: run16426.mid.gz
2024-06-21 07:05:05 Compressing file: run16428.mid
2024-06-21 07:06:35 File successfully compressed: run16427.mid.gz
2024-06-21 07:08:35 Compressing file: run16429.mid
2024-06-21 07:10:05 File successfully compressed: run16428.mid.gz
2024-06-21 07:12:06 Compressing file: run16430.mid
2024-06-21 07:13:36 File successfully compressed: run16429.mid.gz
2024-06-21 07:15:36 Compressing file: run16431.mid
2024-06-21 07:17:06 File successfully compressed: run16430.mid.gz
2024-06-21 07:19:07 Compressing file: run16432.mid
2024-06-21 07:20:37 File successfully compressed: run16431.mid.gz
2024-06-21 07:22:37 Compressing file: run16433.mid
2024-06-21 07:24:07 File successfully compressed: run16432.mid.gz
2024-06-21 07:26:07 Compressing file: run16434.mid
2024-06-21 07:27:38 File successfully compressed: run16433.mid.gz
2024-06-21 07:29:38 Compressing file: run16435.mid
2024-06-21 07:31:08 File successfully compressed: run16434.mid.gz
2024-06-21 07:33:08 Compressing file: run16436.mid
2024-06-21 07:34:39 File successfully compressed: run16435.mid.gz
2024-06-21 07:36:09 Compressing file: run16437.mid
2024-06-21 07:38:09 File successfully compressed: run16436.mid.gz
2024-06-21 07:39:39 Compressing file: run16438.mid
2024-06-21 07:41:09 File successfully compressed: run16437.mid.gz
2024-06-21 07:43:10 Compressing file: run16439.mid
2024-06-21 07:44:40 File successfully compressed: run16438.mid.gz
2024-06-21 07:46:40 Compressing file: run16440.mid
2024-06-21 07:48:10 File successfully compressed: run16439.mid.gz
2024-06-21 07:51:41 File successfully compressed: run16440.mid.gz
2024-06-21 11:30:39 Compressing file: run16441.mid
2024-06-21 11:31:09 File successfully compressed: run16441.mid.gz
2024-06-21 12:00:13 Compressing file: run16442.mid
2024-06-21 12:05:14 File successfully compressed: run16442.mid.gz
2024-06-21 12:09:14 Compressing file: run16443.mid
2024-06-21 12:14:15 File successfully compressed: run16443.mid.gz
2024-06-21 12:18:15 Compressing file: run16444.mid
bm_lock_buffer: Lock buffer "SYSMSG" is taking longer than 1 second!
ss_timed_mutex_wait_for_sec: long wait for mutex buffer mutex, 1.0 seconds. 314.0 seconds until timeout
ss_timed_mutex_wait_for_sec: long wait for mutex buffer mutex, 2.0 seconds. 313.0 seconds until timeout
2024-06-24 11:06:29 Compressing file: run16479.mid
2024-06-24 11:06:59 File successfully compressed: run16479.mid.gz
2024-06-24 17:37:50 Compressing file: run16482.mid
2024-06-24 17:42:50 File successfully compressed: run16482.mid.gz
2024-06-24 17:47:51 Compressing file: run16483.mid
2024-06-24 17:52:52 File successfully compressed: run16483.mid.gz
2024-06-24 17:57:22 Compressing file: run16484.mid
2024-06-24 18:02:23 File successfully compressed: run16484.mid.gz
2024-06-24 18:07:24 Compressing file: run16485.mid
2024-06-24 18:12:24 File successfully compressed: run16485.mid.gz
2024-06-24 18:16:25 Compressing file: run16486.mid
2024-06-24 18:21:26 File successfully compressed: run16486.mid.gz
2024-06-24 18:26:26 Compressing file: run16487.mid
2024-06-24 18:31:27 File successfully compressed: run16487.mid.gz
2024-06-24 18:34:57 Compressing file: run16488.mid
2024-06-24 18:39:58 File successfully compressed: run16488.mid.gz
2024-06-24 18:43:29 Compressing file: run16489.mid
2024-06-24 18:48:29 File successfully compressed: run16489.mid.gz
2024-06-24 18:53:00 Compressing file: run16490.mid
2024-06-24 18:58:01 File successfully compressed: run16490.mid.gz
2024-06-24 19:02:31 Compressing file: run16491.mid
2024-06-24 19:07:32 File successfully compressed: run16491.mid.gz
2024-06-24 19:11:32 Compressing file: run16492.mid
2024-06-24 19:16:33 File successfully compressed: run16492.mid.gz
2024-06-24 19:23:34 Compressing file: run16493.mid
2024-06-24 19:28:35 File successfully compressed: run16493.mid.gz
2024-06-24 19:33:05 Compressing file: run16494.mid
2024-06-24 19:38:06 File successfully compressed: run16494.mid.gz
2024-06-24 19:42:06 Compressing file: run16495.mid
2024-06-24 19:47:07 File successfully compressed: run16495.mid.gz
2024-06-24 19:51:08 Compressing file: run16496.mid
2024-06-24 19:56:08 File successfully compressed: run16496.mid.gz
2024-06-24 19:59:39 Compressing file: run16497.mid
2024-06-24 20:04:39 File successfully compressed: run16497.mid.gz
2024-06-24 20:09:10 Compressing file: run16498.mid
2024-06-24 20:14:11 File successfully compressed: run16498.mid.gz
2024-06-24 20:19:11 Compressing file: run16499.mid
2024-06-24 20:24:12 File successfully compressed: run16499.mid.gz
2024-06-24 20:28:13 Compressing file: run16500.mid
2024-06-24 20:33:13 File successfully compressed: run16500.mid.gz
2024-06-24 20:37:14 Compressing file: run16501.mid
2024-06-24 20:42:15 File successfully compressed: run16501.mid.gz
2024-06-24 21:08:48 Compressing file: run16502.mid
2024-06-24 21:13:49 File successfully compressed: run16502.mid.gz
2024-06-24 21:24:20 Compressing file: run16503.mid
2024-06-24 21:29:21 File successfully compressed: run16503.mid.gz
2024-06-24 21:41:22 Compressing file: run16504.mid
2024-06-24 21:46:23 File successfully compressed: run16504.mid.gz
2024-06-24 21:57:55 Compressing file: run16505.mid
2024-06-24 22:02:55 File successfully compressed: run16505.mid.gz
2024-06-24 22:09:56 Compressing file: run16506.mid
2024-06-24 22:14:57 File successfully compressed: run16506.mid.gz
2024-06-24 22:21:58 Compressing file: run16507.mid
2024-06-24 22:26:59 File successfully compressed: run16507.mid.gz
2024-06-24 22:35:30 Compressing file: run16508.mid
2024-06-24 22:40:31 File successfully compressed: run16508.mid.gz
2024-06-24 22:48:02 Compressing file: run16509.mid
2024-06-24 22:53:02 File successfully compressed: run16509.mid.gz
2024-06-24 22:59:03 Compressing file: run16510.mid
2024-06-24 23:04:04 File successfully compressed: run16510.mid.gz
2024-06-24 23:09:34 Compressing file: run16511.mid
2024-06-24 23:14:35 File successfully compressed: run16511.mid.gz
2024-06-24 23:21:36 Compressing file: run16512.mid
2024-06-24 23:26:37 File successfully compressed: run16512.mid.gz
2024-06-24 23:31:38 Compressing file: run16513.mid
2024-06-24 23:36:38 File successfully compressed: run16513.mid.gz
2024-06-24 23:42:09 Compressing file: run16514.mid
2024-06-24 23:47:10 File successfully compressed: run16514.mid.gz
2024-06-24 23:51:40 Compressing file: run16515.mid
2024-06-24 23:56:41 File successfully compressed: run16515.mid.gz
2024-06-25 00:02:12 Compressing file: run16516.mid
2024-06-25 00:07:12 File successfully compressed: run16516.mid.gz
2024-06-25 00:12:43 Compressing file: run16517.mid
2024-06-25 00:17:44 File successfully compressed: run16517.mid.gz
2024-06-25 00:23:15 Compressing file: run16518.mid
2024-06-25 00:28:15 File successfully compressed: run16518.mid.gz
2024-06-25 00:33:16 Compressing file: run16519.mid
2024-06-25 00:38:17 File successfully compressed: run16519.mid.gz
2024-06-25 00:44:17 Compressing file: run16520.mid
2024-06-25 00:49:18 File successfully compressed: run16520.mid.gz
2024-06-25 00:55:19 Compressing file: run16521.mid
2024-06-25 01:00:20 File successfully compressed: run16521.mid.gz
2024-06-25 01:51:57 Compressing file: run16522.mid
2024-06-25 01:56:57 File successfully compressed: run16522.mid.gz
2024-06-25 02:32:02 Compressing file: run16523.mid
2024-06-25 02:37:03 File successfully compressed: run16523.mid.gz
2024-06-25 03:03:36 Compressing file: run16524.mid
2024-06-25 03:08:37 File successfully compressed: run16524.mid.gz
2024-06-25 03:38:11 Compressing file: run16525.mid
2024-06-25 03:43:12 File successfully compressed: run16525.mid.gz
2024-06-25 03:52:43 Compressing file: run16526.mid
2024-06-25 03:57:44 File successfully compressed: run16526.mid.gz
2024-06-25 04:06:45 Compressing file: run16527.mid
2024-06-25 04:11:46 File successfully compressed: run16527.mid.gz
2024-06-25 04:19:47 Compressing file: run16528.mid
2024-06-25 04:24:48 File successfully compressed: run16528.mid.gz
2024-06-25 04:33:19 Compressing file: run16529.mid
2024-06-25 04:38:19 File successfully compressed: run16529.mid.gz
2024-06-25 04:45:20 Compressing file: run16530.mid
2024-06-25 04:50:21 File successfully compressed: run16530.mid.gz
2024-06-25 04:56:52 Compressing file: run16531.mid
2024-06-25 05:01:53 File successfully compressed: run16531.mid.gz
2024-06-25 05:08:54 Compressing file: run16532.mid
2024-06-25 05:13:54 File successfully compressed: run16532.mid.gz
2024-06-25 05:20:25 Compressing file: run16533.mid
2024-06-25 05:25:26 File successfully compressed: run16533.mid.gz
2024-06-25 05:31:27 Compressing file: run16534.mid
2024-06-25 05:36:28 File successfully compressed: run16534.mid.gz
2024-06-25 05:42:58 Compressing file: run16535.mid
2024-06-25 05:47:59 File successfully compressed: run16535.mid.gz
2024-06-25 05:55:00 Compressing file: run16536.mid
2024-06-25 06:00:01 File successfully compressed: run16536.mid.gz
2024-06-25 06:05:01 Compressing file: run16537.mid
2024-06-25 06:10:02 File successfully compressed: run16537.mid.gz
2024-06-25 06:16:03 Compressing file: run16538.mid
2024-06-25 06:21:04 File successfully compressed: run16538.mid.gz
2024-06-25 06:26:04 Compressing file: run16539.mid
2024-06-25 06:31:05 File successfully compressed: run16539.mid.gz
2024-06-25 06:36:06 Compressing file: run16540.mid
2024-06-25 06:41:07 File successfully compressed: run16540.mid.gz
2024-06-25 06:46:07 Compressing file: run16541.mid
2024-06-25 06:51:08 File successfully compressed: run16541.mid.gz
2024-06-27 11:07:49 Compressing file: run16544.mid
2024-06-27 11:11:49 File successfully compressed: run16544.mid.gz
2024-06-27 11:56:56 Compressing file: run16545.mid
2024-06-27 12:01:56 File successfully compressed: run16545.mid.gz
2024-06-27 12:07:27 Compressing file: run16546.mid
2024-06-27 12:12:28 File successfully compressed: run16546.mid.gz
2024-06-27 12:18:29 Compressing file: run16547.mid
2024-06-27 12:23:29 File successfully compressed: run16547.mid.gz
2024-06-27 12:28:00 Compressing file: run16548.mid
2024-06-27 12:33:01 File successfully compressed: run16548.mid.gz
2024-06-27 12:38:31 Compressing file: run16549.mid
2024-06-27 12:43:32 File successfully compressed: run16549.mid.gz
2024-06-27 12:48:33 Compressing file: run16550.mid
2024-06-27 12:53:34 File successfully compressed: run16550.mid.gz
2024-06-27 12:58:34 Compressing file: run16551.mid
2024-06-27 13:03:35 File successfully compressed: run16551.mid.gz
2024-06-27 13:08:36 Compressing file: run16552.mid
2024-06-27 13:13:36 File successfully compressed: run16552.mid.gz
[fileCompressor,TALK] software alarm: Program cygnus_daq is not running
[fileCompressor,TALK] software alarm: Program cygnus_daq is not running
[fileCompressor,TALK] software alarm: Program cygnus_daq is not running
[fileCompressor,TALK] software alarm: Program cygnus_daq is not running
[fileCompressor,TALK] software alarm: Program cygnus_daq is not running
[fileCompressor,TALK] software alarm: Program cygnus_daq is not running
[fileCompressor,TALK] software alarm: Program cygnus_daq is not running
[fileCompressor,TALK] software alarm: Program cygnus_daq is not running
[fileCompressor,TALK] software alarm: Program cygnus_daq is not running
[fileCompressor,TALK] software alarm: Program cygnus_daq is not running
[fileCompressor,TALK] software alarm: Program cygnus_daq is not running
[fileCompressor,TALK] software alarm: Program cygnus_daq is not running
[fileCompressor,TALK] software alarm: Program cygnus_daq is not running
[fileCompressor,TALK] software alarm: Program cygnus_daq is not running
[fileCompressor,TALK] software alarm: Program cygnus_daq is not running
[fileCompressor,TALK] software alarm: Program cygnus_daq is not running
[fileCompressor,TALK] software alarm: Program cygnus_daq is not running
[fileCompressor,TALK] software alarm: Program cygnus_daq is not running
[fileCompressor,TALK] software alarm: Program cygnus_daq is not running
[fileCompressor,TALK] software alarm: Program cygnus_daq is not running
[fileCompressor,TALK] software alarm: Program cygnus_daq is not running
[fileCompressor,TALK] software alarm: Program cygnus_daq is not running
[fileCompressor,TALK] software alarm: Program cygnus_daq is not running
[fileCompressor,TALK] software alarm: Program cygnus_daq is not running
[fileCompressor,TALK] software alarm: Program cygnus_daq is not running
[fileCompressor,TALK] software alarm: Program cygnus_daq is not running
[fileCompressor,TALK] software alarm: Program cygnus_daq is not running
[fileCompressor,TALK] software alarm: Program cygnus_daq is not running
[fileCompressor,TALK] software alarm: Program cygnus_daq is not running
[fileCompressor,TALK] software alarm: Program cygnus_daq is not running
[fileCompressor,TALK] software alarm: Program cygnus_daq is not running
[fileCompressor,TALK] software alarm: Program cygnus_daq is not running
[fileCompressor,TALK] software alarm: Program cygnus_daq is not running
[fileCompressor,TALK] software alarm: Program cygnus_daq is not running
[fileCompressor,TALK] software alarm: Program cygnus_daq is not running
[fileCompressor,TALK] software alarm: Program cygnus_daq is not running
[fileCompressor,TALK] software alarm: Program cygnus_daq is not running
[fileCompressor,TALK] software alarm: Program cygnus_daq is not running
[fileCompressor,TALK] software alarm: Program cygnus_daq is not running
[fileCompressor,TALK] software alarm: Program cygnus_daq is not running
[fileCompressor,TALK] software alarm: Program cygnus_daq is not running
[fileCompressor,TALK] software alarm: Program cygnus_daq is not running
[fileCompressor,TALK] software alarm: Program cygnus_daq is not running
[fileCompressor,TALK] software alarm: Program cygnus_daq is not running
[fileCompressor,TALK] software alarm: Program cygnus_daq is not running
[fileCompressor,TALK] software alarm: Program cygnus_daq is not running
[fileCompressor,TALK] software alarm: Program cygnus_daq is not running
[fileCompressor,TALK] software alarm: Program cygnus_daq is not running
[fileCompressor,TALK] software alarm: Program cygnus_daq is not running
[fileCompressor,TALK] software alarm: Program cygnus_daq is not running
[fileCompressor,TALK] software alarm: Program cygnus_daq is not running
[fileCompressor,TALK] software alarm: Program cygnus_daq is not running
[fileCompressor,TALK] software alarm: Program cygnus_daq is not running
[fileCompressor,TALK] software alarm: Program cygnus_daq is not running
[fileCompressor,TALK] software alarm: Program cygnus_daq is not running
[fileCompressor,TALK] software alarm: Program cygnus_daq is not running
[fileCompressor,TALK] software alarm: Program cygnus_daq is not running
[fileCompressor,TALK] software alarm: Program cygnus_daq is not running
[fileCompressor,TALK] software alarm: Program cygnus_daq is not running
[fileCompressor,TALK] software alarm: Program cygnus_daq is not running
[fileCompressor,TALK] software alarm: Program cygnus_daq is not running
[fileCompressor,TALK] software alarm: Program cygnus_daq is not running
[fileCompressor,TALK] software alarm: Program cygnus_daq is not running
[fileCompressor,TALK] software alarm: Program cygnus_daq is not running
[fileCompressor,TALK] software alarm: Program cygnus_daq is not running
[fileCompressor,TALK] software alarm: Program cygnus_daq is not running
[fileCompressor,TALK] software alarm: Program cygnus_daq is not running
[fileCompressor,TALK] software alarm: Program cygnus_daq is not running
[fileCompressor,TALK] software alarm: Program cygnus_daq is not running
[fileCompressor,TALK] software alarm: Program cygnus_daq is not running
[fileCompressor,TALK] software alarm: Program cygnus_daq is not running
[fileCompressor,TALK] software alarm: Program cygnus_daq is not running
[fileCompressor,TALK] software alarm: Program cygnus_daq is not running
[fileCompressor,TALK] software alarm: Program cygnus_daq is not running
[fileCompressor,TALK] software alarm: Program cygnus_daq is not running
[fileCompressor,TALK] software alarm: Program cygnus_daq is not running
[fileCompressor,TALK] software alarm: Program cygnus_daq is not running
[fileCompressor,TALK] software alarm: Program cygnus_daq is not running
[fileCompressor,TALK] software alarm: Program cygnus_daq is not running
[fileCompressor,TALK] software alarm: Program cygnus_daq is not running
[fileCompressor,TALK] software alarm: Program cygnus_daq is not running
[fileCompressor,TALK] software alarm: Program cygnus_daq is not running
[fileCompressor,TALK] software alarm: Program cygnus_daq is not running
[fileCompressor,TALK] software alarm: Program cygnus_daq is not running
[fileCompressor,TALK] software alarm: Program cygnus_daq is not running
[fileCompressor,TALK] software alarm: Program cygnus_daq is not running
[fileCompressor,TALK] software alarm: Program cygnus_daq is not running
[fileCompressor,TALK] software alarm: Program cygnus_daq is not running
[fileCompressor,TALK] software alarm: Program cygnus_daq is not running
[fileCompressor,TALK] software alarm: Program cygnus_daq is not running
[fileCompressor,TALK] software alarm: Program cygnus_daq is not running
[fileCompressor,TALK] software alarm: Program cygnus_daq is not running
[fileCompressor,TALK] software alarm: Program cygnus_daq is not running
[fileCompressor,TALK] software alarm: Program cygnus_daq is not running
[fileCompressor,TALK] software alarm: Program cygnus_daq is not running
[fileCompressor,TALK] software alarm: Program cygnus_daq is not running
[fileCompressor,TALK] software alarm: Program cygnus_daq is not running
[fileCompressor,TALK] software alarm: Program cygnus_daq is not running
[fileCompressor,TALK] software alarm: Program cygnus_daq is not running
[fileCompressor,TALK] software alarm: Program cygnus_daq is not running
[fileCompressor,TALK] software alarm: Program cygnus_daq is not running
[fileCompressor,TALK] software alarm: Program cygnus_daq is not running
[fileCompressor,TALK] software alarm: Program cygnus_daq is not running
[fileCompressor,TALK] software alarm: Program cygnus_daq is not running
[fileCompressor,TALK] software alarm: Program cygnus_daq is not running
[fileCompressor,TALK] software alarm: Program cygnus_daq is not running
[fileCompressor,TALK] software alarm: Program cygnus_daq is not running
[fileCompressor,TALK] software alarm: Program cygnus_daq is not running
[fileCompressor,TALK] software alarm: Program cygnus_daq is not running
[fileCompressor,TALK] software alarm: Program cygnus_daq is not running
[fileCompressor,TALK] software alarm: Program cygnus_daq is not running
[fileCompressor,TALK] software alarm: Program cygnus_daq is not running
[fileCompressor,TALK] software alarm: Program cygnus_daq is not running
[fileCompressor,TALK] software alarm: Program cygnus_daq is not running
[fileCompressor,TALK] software alarm: Program cygnus_daq is not running
[fileCompressor,TALK] software alarm: Program cygnus_daq is not running
[fileCompressor,TALK] software alarm: Program cygnus_daq is not running
[fileCompressor,TALK] software alarm: Program cygnus_daq is not running
[fileCompressor,TALK] software alarm: Program cygnus_daq is not running
[fileCompressor,TALK] software alarm: Program cygnus_daq is not running
[fileCompressor,TALK] software alarm: Program cygnus_daq is not running
[fileCompressor,TALK] software alarm: Program cygnus_daq is not running
[fileCompressor,TALK] software alarm: Program cygnus_daq is not running
[fileCompressor,TALK] software alarm: Program cygnus_daq is not running
[fileCompressor,TALK] software alarm: Program cygnus_daq is not running
[fileCompressor,TALK] software alarm: Program cygnus_daq is not running
[fileCompressor,TALK] software alarm: Program cygnus_daq is not running
[fileCompressor,TALK] software alarm: Program cygnus_daq is not running
[fileCompressor,TALK] software alarm: Program cygnus_daq is not running
[fileCompressor,TALK] software alarm: Program cygnus_daq is not running
[fileCompressor,TALK] software alarm: Program cygnus_daq is not running
[fileCompressor,TALK] software alarm: Program cygnus_daq is not running
[fileCompressor,TALK] software alarm: Program cygnus_daq is not running
[fileCompressor,TALK] software alarm: Program cygnus_daq is not running
[fileCompressor,TALK] software alarm: Program cygnus_daq is not running
[fileCompressor,TALK] software alarm: Program cygnus_daq is not running
[fileCompressor,TALK] software alarm: Program cygnus_daq is not running
[fileCompressor,TALK] software alarm: Program cygnus_daq is not running
[fileCompressor,TALK] software alarm: Program cygnus_daq is not running
[fileCompressor,TALK] software alarm: Program cygnus_daq is not running
[fileCompressor,TALK] software alarm: Program cygnus_daq is not running
[fileCompressor,TALK] software alarm: Program cygnus_daq is not running
[fileCompressor,TALK] software alarm: Program cygnus_daq is not running
[fileCompressor,TALK] software alarm: Program cygnus_daq is not running
[fileCompressor,TALK] software alarm: Program cygnus_daq is not running
[fileCompressor,TALK] software alarm: Program cygnus_daq is not running
[fileCompressor,TALK] software alarm: Program cygnus_daq is not running
[fileCompressor,TALK] software alarm: Program cygnus_daq is not running
[fileCompressor,TALK] software alarm: Program cygnus_daq is not running
[fileCompressor,TALK] software alarm: Program cygnus_daq is not running
[fileCompressor,TALK] software alarm: Program cygnus_daq is not running
[fileCompressor,TALK] software alarm: Program cygnus_daq is not running
[fileCompressor,TALK] software alarm: Program cygnus_daq is not running
[fileCompressor,TALK] software alarm: Program cygnus_daq is not running
[fileCompressor,TALK] software alarm: Program cygnus_daq is not running
[fileCompressor,TALK] software alarm: Program cygnus_daq is not running
[fileCompressor,TALK] software alarm: Program cygnus_daq is not running
[fileCompressor,TALK] software alarm: Program cygnus_daq is not running
[fileCompressor,TALK] software alarm: Program cygnus_daq is not running
[fileCompressor,TALK] software alarm: Program cygnus_daq is not running
[fileCompressor,TALK] software alarm: Program cygnus_daq is not running
[fileCompressor,TALK] software alarm: Program cygnus_daq is not running
[fileCompressor,TALK] software alarm: Program cygnus_daq is not running
[fileCompressor,TALK] software alarm: Program cygnus_daq is not running
[fileCompressor,TALK] software alarm: Program cygnus_daq is not running
[fileCompressor,TALK] software alarm: Program cygnus_daq is not running
[fileCompressor,TALK] software alarm: Program cygnus_daq is not running
[fileCompressor,TALK] software alarm: Program cygnus_daq is not running
[fileCompressor,TALK] software alarm: Program cygnus_daq is not running
[fileCompressor,TALK] software alarm: Program cygnus_daq is not running
[fileCompressor,TALK] software alarm: Program cygnus_daq is not running
[fileCompressor,TALK] software alarm: Program cygnus_daq is not running
[fileCompressor,TALK] software alarm: Program cygnus_daq is not running
[fileCompressor,TALK] software alarm: Program cygnus_daq is not running
[fileCompressor,TALK] software alarm: Program cygnus_daq is not running
[fileCompressor,TALK] software alarm: Program cygnus_daq is not running
[fileCompressor,TALK] software alarm: Program cygnus_daq is not running
[fileCompressor,TALK] software alarm: Program cygnus_daq is not running
[fileCompressor,TALK] software alarm: Program cygnus_daq is not running
[fileCompressor,TALK] software alarm: Program cygnus_daq is not running
[fileCompressor,TALK] software alarm: Program cygnus_daq is not running
[fileCompressor,TALK] software alarm: Program cygnus_daq is not running
[fileCompressor,TALK] software alarm: Program cygnus_daq is not running
[fileCompressor,TALK] software alarm: Program cygnus_daq is not running
[fileCompressor,TALK] software alarm: Program cygnus_daq is not running
[fileCompressor,TALK] software alarm: Program cygnus_daq is not running
[fileCompressor,TALK] software alarm: Program cygnus_daq is not running
[fileCompressor,TALK] software alarm: Program cygnus_daq is not running
[fileCompressor,TALK] software alarm: Program cygnus_daq is not running
[fileCompressor,TALK] software alarm: Program cygnus_daq is not running
[fileCompressor,TALK] software alarm: Program cygnus_daq is not running
[fileCompressor,TALK] software alarm: Program cygnus_daq is not running
[fileCompressor,TALK] software alarm: Program cygnus_daq is not running
[fileCompressor,TALK] software alarm: Program cygnus_daq is not running
[fileCompressor,TALK] software alarm: Program cygnus_daq is not running
[fileCompressor,TALK] software alarm: Program cygnus_daq is not running
[fileCompressor,TALK] software alarm: Program cygnus_daq is not running
[fileCompressor,TALK] software alarm: Program cygnus_daq is not running
[fileCompressor,TALK] software alarm: Program cygnus_daq is not running
[fileCompressor,TALK] software alarm: Program cygnus_daq is not running
[fileCompressor,TALK] software alarm: Program cygnus_daq is not running
[fileCompressor,TALK] software alarm: Program cygnus_daq is not running
[fileCompressor,TALK] software alarm: Program cygnus_daq is not running
[fileCompressor,TALK] software alarm: Program cygnus_daq is not running
[fileCompressor,TALK] software alarm: Program cygnus_daq is not running
[fileCompressor,TALK] software alarm: Program cygnus_daq is not running
[fileCompressor,TALK] software alarm: Program cygnus_daq is not running
[fileCompressor,TALK] software alarm: Program cygnus_daq is not running
[fileCompressor,TALK] software alarm: Program cygnus_daq is not running
[fileCompressor,TALK] software alarm: Program cygnus_daq is not running
[fileCompressor,TALK] software alarm: Program cygnus_daq is not running
[fileCompressor,TALK] software alarm: Program cygnus_daq is not running
[fileCompressor,TALK] software alarm: Program cygnus_daq is not running
[fileCompressor,TALK] software alarm: Program cygnus_daq is not running
[fileCompressor,TALK] software alarm: Program cygnus_daq is not running
[fileCompressor,TALK] software alarm: Program cygnus_daq is not running
[fileCompressor,TALK] software alarm: Program cygnus_daq is not running
[fileCompressor,TALK] software alarm: Program cygnus_daq is not running
[fileCompressor,TALK] software alarm: Program cygnus_daq is not running
[fileCompressor,TALK] software alarm: Program cygnus_daq is not running
[fileCompressor,TALK] software alarm: Program cygnus_daq is not running
[fileCompressor,TALK] software alarm: Program cygnus_daq is not running
[fileCompressor,TALK] software alarm: Program cygnus_daq is not running
[fileCompressor,TALK] software alarm: Program cygnus_daq is not running
[fileCompressor,TALK] software alarm: Program cygnus_daq is not running
[fileCompressor,TALK] software alarm: Program cygnus_daq is not running
[fileCompressor,TALK] software alarm: Program cygnus_daq is not running
[fileCompressor,TALK] software alarm: Program cygnus_daq is not running
[fileCompressor,TALK] software alarm: Program cygnus_daq is not running
[fileCompressor,TALK] software alarm: Program cygnus_daq is not running
[fileCompressor,TALK] software alarm: Program cygnus_daq is not running
[fileCompressor,TALK] software alarm: Program cygnus_daq is not running
[fileCompressor,TALK] software alarm: Program cygnus_daq is not running
[fileCompressor,TALK] software alarm: Program cygnus_daq is not running
[fileCompressor,TALK] software alarm: Program cygnus_daq is not running
[fileCompressor,TALK] software alarm: Program cygnus_daq is not running
[fileCompressor,TALK] software alarm: Program cygnus_daq is not running
[fileCompressor,TALK] software alarm: Program cygnus_daq is not running
[fileCompressor,TALK] software alarm: Program cygnus_daq is not running
[fileCompressor,TALK] software alarm: Program cygnus_daq is not running
[fileCompressor,TALK] software alarm: Program cygnus_daq is not running
[fileCompressor,TALK] software alarm: Program cygnus_daq is not running
[fileCompressor,TALK] software alarm: Program cygnus_daq is not running
[fileCompressor,TALK] software alarm: Program cygnus_daq is not running
[fileCompressor,TALK] software alarm: Program cygnus_daq is not running
[fileCompressor,TALK] software alarm: Program cygnus_daq is not running
[fileCompressor,TALK] software alarm: Program cygnus_daq is not running
[fileCompressor,TALK] software alarm: Program cygnus_daq is not running
[fileCompressor,TALK] software alarm: Program cygnus_daq is not running
[fileCompressor,TALK] software alarm: Program cygnus_daq is not running
[fileCompressor,TALK] software alarm: Program cygnus_daq is not running
[fileCompressor,TALK] software alarm: Program cygnus_daq is not running
[fileCompressor,TALK] software alarm: Program cygnus_daq is not running
[fileCompressor,TALK] software alarm: Program cygnus_daq is not running
[fileCompressor,TALK] software alarm: Program cygnus_daq is not running
[fileCompressor,TALK] software alarm: Program cygnus_daq is not running
[fileCompressor,TALK] software alarm: Program cygnus_daq is not running
[fileCompressor,TALK] software alarm: Program cygnus_daq is not running
[fileCompressor,TALK] software alarm: Program cygnus_daq is not running
[fileCompressor,TALK] software alarm: Program cygnus_daq is not running
[fileCompressor,TALK] software alarm: Program cygnus_daq is not running
[fileCompressor,TALK] software alarm: Program cygnus_daq is not running
[fileCompressor,TALK] software alarm: Program cygnus_daq is not running
[fileCompressor,TALK] software alarm: Program cygnus_daq is not running
[fileCompressor,TALK] software alarm: Program cygnus_daq is not running
[fileCompressor,TALK] software alarm: Program cygnus_daq is not running
[fileCompressor,TALK] software alarm: Program cygnus_daq is not running
[fileCompressor,TALK] software alarm: Program cygnus_daq is not running
[fileCompressor,TALK] software alarm: Program cygnus_daq is not running
[fileCompressor,TALK] software alarm: Program cygnus_daq is not running
[fileCompressor,TALK] software alarm: Program cygnus_daq is not running
[fileCompressor,TALK] software alarm: Program cygnus_daq is not running
[fileCompressor,TALK] software alarm: Program cygnus_daq is not running
[fileCompressor,TALK] software alarm: Program cygnus_daq is not running
[fileCompressor,TALK] software alarm: Program cygnus_daq is not running
[fileCompressor,TALK] software alarm: Program cygnus_daq is not running
[fileCompressor,TALK] software alarm: Program cygnus_daq is not running
[fileCompressor,TALK] software alarm: Program cygnus_daq is not running
[fileCompressor,TALK] software alarm: Program cygnus_daq is not running
[fileCompressor,TALK] software alarm: Program cygnus_daq is not running
[fileCompressor,TALK] software alarm: Program cygnus_daq is not running
[fileCompressor,TALK] software alarm: Program cygnus_daq is not running
[fileCompressor,TALK] software alarm: Program cygnus_daq is not running
[fileCompressor,TALK] software alarm: Program cygnus_daq is not running
[fileCompressor,TALK] software alarm: Program cygnus_daq is not running
[fileCompressor,TALK] software alarm: Program cygnus_daq is not running
[fileCompressor,TALK] software alarm: Program cygnus_daq is not running
[fileCompressor,TALK] software alarm: Program cygnus_daq is not running
[fileCompressor,TALK] software alarm: Program cygnus_daq is not running
[fileCompressor,TALK] software alarm: Program cygnus_daq is not running
[fileCompressor,TALK] software alarm: Program cygnus_daq is not running
[fileCompressor,TALK] software alarm: Program cygnus_daq is not running
[fileCompressor,TALK] software alarm: Program cygnus_daq is not running
[fileCompressor,TALK] software alarm: Program cygnus_daq is not running
[fileCompressor,TALK] software alarm: Program cygnus_daq is not running
[fileCompressor,TALK] software alarm: Program cygnus_daq is not running
[fileCompressor,TALK] software alarm: Program cygnus_daq is not running
[fileCompressor,TALK] software alarm: Program cygnus_daq is not running
[fileCompressor,TALK] software alarm: Program cygnus_daq is not running
[fileCompressor,TALK] software alarm: Program cygnus_daq is not running
[fileCompressor,TALK] software alarm: Program cygnus_daq is not running
[fileCompressor,TALK] software alarm: Program cygnus_daq is not running
[fileCompressor,TALK] software alarm: Program cygnus_daq is not running
[fileCompressor,TALK] software alarm: Program cygnus_daq is not running
[fileCompressor,TALK] software alarm: Program cygnus_daq is not running
[fileCompressor,TALK] software alarm: Program cygnus_daq is not running
[fileCompressor,TALK] software alarm: Program cygnus_daq is not running
[fileCompressor,TALK] software alarm: Program cygnus_daq is not running
[fileCompressor,TALK] software alarm: Program cygnus_daq is not running
[fileCompressor,TALK] software alarm: Program cygnus_daq is not running
[fileCompressor,TALK] software alarm: Program cygnus_daq is not running
[fileCompressor,TALK] software alarm: Program cygnus_daq is not running
[fileCompressor,TALK] software alarm: Program cygnus_daq is not running
[fileCompressor,TALK] software alarm: Program cygnus_daq is not running
[fileCompressor,TALK] software alarm: Program cygnus_daq is not running
[fileCompressor,TALK] software alarm: Program cygnus_daq is not running
[fileCompressor,TALK] software alarm: Program cygnus_daq is not running
[fileCompressor,TALK] software alarm: Program cygnus_daq is not running
[fileCompressor,TALK] software alarm: Program cygnus_daq is not running
[fileCompressor,TALK] software alarm: Program cygnus_daq is not running
[fileCompressor,TALK] software alarm: Program cygnus_daq is not running
[fileCompressor,TALK] software alarm: Program cygnus_daq is not running
[fileCompressor,TALK] software alarm: Program cygnus_daq is not running
[fileCompressor,TALK] software alarm: Program cygnus_daq is not running
[fileCompressor,TALK] software alarm: Program cygnus_daq is not running
[fileCompressor,TALK] software alarm: Program cygnus_daq is not running
[fileCompressor,TALK] software alarm: Program cygnus_daq is not running
[fileCompressor,TALK] software alarm: Program cygnus_daq is not running
[fileCompressor,TALK] software alarm: Program cygnus_daq is not running
[fileCompressor,TALK] software alarm: Program cygnus_daq is not running
[fileCompressor,TALK] software alarm: Program cygnus_daq is not running
[fileCompressor,TALK] software alarm: Program cygnus_daq is not running
[fileCompressor,TALK] software alarm: Program cygnus_daq is not running
[fileCompressor,TALK] software alarm: Program cygnus_daq is not running
[fileCompressor,TALK] software alarm: Program cygnus_daq is not running
[fileCompressor,TALK] software alarm: Program cygnus_daq is not running
[fileCompressor,TALK] software alarm: Program cygnus_daq is not running
[fileCompressor,TALK] software alarm: Program cygnus_daq is not running
[fileCompressor,TALK] software alarm: Program cygnus_daq is not running
[fileCompressor,TALK] software alarm: Program cygnus_daq is not running
[fileCompressor,TALK] software alarm: Program cygnus_daq is not running
[fileCompressor,TALK] software alarm: Program cygnus_daq is not running
[fileCompressor,TALK] software alarm: Program cygnus_daq is not running
[fileCompressor,TALK] software alarm: Program cygnus_daq is not running
[fileCompressor,TALK] software alarm: Program cygnus_daq is not running
[fileCompressor,TALK] software alarm: Program cygnus_daq is not running
[fileCompressor,TALK] software alarm: Program cygnus_daq is not running
[fileCompressor,TALK] software alarm: Program cygnus_daq is not running
[fileCompressor,TALK] software alarm: Program cygnus_daq is not running
[fileCompressor,TALK] software alarm: Program cygnus_daq is not running
[fileCompressor,TALK] software alarm: Program cygnus_daq is not running
[fileCompressor,TALK] software alarm: Program cygnus_daq is not running
[fileCompressor,TALK] software alarm: Program cygnus_daq is not running
[fileCompressor,TALK] software alarm: Program cygnus_daq is not running
[fileCompressor,TALK] software alarm: Program cygnus_daq is not running
[fileCompressor,TALK] software alarm: Program cygnus_daq is not running
[fileCompressor,TALK] software alarm: Program cygnus_daq is not running
[fileCompressor,TALK] software alarm: Program cygnus_daq is not running
[fileCompressor,TALK] software alarm: Program cygnus_daq is not running
[fileCompressor,TALK] software alarm: Program cygnus_daq is not running
[fileCompressor,TALK] software alarm: Program cygnus_daq is not running
[fileCompressor,TALK] software alarm: Program cygnus_daq is not running
[fileCompressor,TALK] software alarm: Program cygnus_daq is not running
[fileCompressor,TALK] software alarm: Program cygnus_daq is not running
[fileCompressor,TALK] software alarm: Program cygnus_daq is not running
[fileCompressor,TALK] software alarm: Program cygnus_daq is not running
[fileCompressor,TALK] software alarm: Program cygnus_daq is not running
[fileCompressor,TALK] software alarm: Program cygnus_daq is not running
[fileCompressor,TALK] software alarm: Program cygnus_daq is not running
[fileCompressor,TALK] software alarm: Program cygnus_daq is not running
[fileCompressor,TALK] software alarm: Program cygnus_daq is not running
[fileCompressor,TALK] software alarm: Program cygnus_daq is not running
[fileCompressor,TALK] software alarm: Program cygnus_daq is not running
[fileCompressor,TALK] software alarm: Program cygnus_daq is not running
[fileCompressor,TALK] software alarm: Program cygnus_daq is not running
[fileCompressor,TALK] software alarm: Program cygnus_daq is not running
[fileCompressor,TALK] software alarm: Program cygnus_daq is not running
[fileCompressor,TALK] software alarm: Program cygnus_daq is not running
[fileCompressor,TALK] software alarm: Program cygnus_daq is not running
[fileCompressor,TALK] software alarm: Program cygnus_daq is not running
[fileCompressor,TALK] software alarm: Program cygnus_daq is not running
[fileCompressor,TALK] software alarm: Program cygnus_daq is not running
[fileCompressor,TALK] software alarm: Program cygnus_daq is not running
[fileCompressor,TALK] software alarm: Program cygnus_daq is not running
[fileCompressor,TALK] software alarm: Program cygnus_daq is not running
[fileCompressor,TALK] software alarm: Program cygnus_daq is not running
[fileCompressor,TALK] software alarm: Program cygnus_daq is not running
[fileCompressor,TALK] software alarm: Program cygnus_daq is not running
[fileCompressor,TALK] software alarm: Program cygnus_daq is not running
[fileCompressor,TALK] software alarm: Program cygnus_daq is not running
[fileCompressor,TALK] software alarm: Program cygnus_daq is not running
[fileCompressor,TALK] software alarm: Program cygnus_daq is not running
[fileCompressor,TALK] software alarm: Program cygnus_daq is not running
[fileCompressor,TALK] software alarm: Program cygnus_daq is not running
[fileCompressor,TALK] software alarm: Program cygnus_daq is not running
[fileCompressor,TALK] software alarm: Program cygnus_daq is not running
[fileCompressor,TALK] software alarm: Program cygnus_daq is not running
[fileCompressor,TALK] software alarm: Program cygnus_daq is not running
[fileCompressor,TALK] software alarm: Program cygnus_daq is not running
[fileCompressor,TALK] software alarm: Program cygnus_daq is not running
[fileCompressor,TALK] software alarm: Program cygnus_daq is not running
[fileCompressor,TALK] software alarm: Program cygnus_daq is not running
[fileCompressor,TALK] software alarm: Program cygnus_daq is not running
[fileCompressor,TALK] software alarm: Program cygnus_daq is not running
[fileCompressor,TALK] software alarm: Program cygnus_daq is not running
[fileCompressor,TALK] software alarm: Program cygnus_daq is not running
[fileCompressor,TALK] software alarm: Program cygnus_daq is not running
[fileCompressor,TALK] software alarm: Program cygnus_daq is not running
[fileCompressor,TALK] software alarm: Program cygnus_daq is not running
[fileCompressor,TALK] software alarm: Program cygnus_daq is not running
[fileCompressor,TALK] software alarm: Program cygnus_daq is not running
[fileCompressor,TALK] software alarm: Program cygnus_daq is not running
[fileCompressor,TALK] software alarm: Program cygnus_daq is not running
[fileCompressor,TALK] software alarm: Program cygnus_daq is not running
[fileCompressor,TALK] software alarm: Program cygnus_daq is not running
[fileCompressor,TALK] software alarm: Program cygnus_daq is not running
[fileCompressor,TALK] software alarm: Program cygnus_daq is not running
[fileCompressor,TALK] software alarm: Program cygnus_daq is not running
[fileCompressor,TALK] software alarm: Program cygnus_daq is not running
[fileCompressor,TALK] software alarm: Program cygnus_daq is not running
[fileCompressor,TALK] software alarm: Program cygnus_daq is not running
[fileCompressor,TALK] software alarm: Program cygnus_daq is not running
[fileCompressor,TALK] software alarm: Program cygnus_daq is not running
[fileCompressor,TALK] software alarm: Program cygnus_daq is not running
[fileCompressor,TALK] software alarm: Program cygnus_daq is not running
[fileCompressor,TALK] software alarm: Program cygnus_daq is not running
[fileCompressor,TALK] software alarm: Program cygnus_daq is not running
[fileCompressor,TALK] software alarm: Program cygnus_daq is not running
[fileCompressor,TALK] software alarm: Program cygnus_daq is not running
[fileCompressor,TALK] software alarm: Program cygnus_daq is not running
[fileCompressor,TALK] software alarm: Program cygnus_daq is not running
[fileCompressor,TALK] software alarm: Program cygnus_daq is not running
[fileCompressor,TALK] software alarm: Program cygnus_daq is not running
[fileCompressor,TALK] software alarm: Program cygnus_daq is not running
[fileCompressor,TALK] software alarm: Program cygnus_daq is not running
[fileCompressor,TALK] software alarm: Program cygnus_daq is not running
[fileCompressor,TALK] software alarm: Program cygnus_daq is not running
[fileCompressor,TALK] software alarm: Program cygnus_daq is not running
[fileCompressor,TALK] software alarm: Program cygnus_daq is not running
[fileCompressor,TALK] software alarm: Program cygnus_daq is not running
[fileCompressor,TALK] software alarm: Program cygnus_daq is not running
[fileCompressor,TALK] software alarm: Program cygnus_daq is not running
[fileCompressor,TALK] software alarm: Program cygnus_daq is not running
[fileCompressor,TALK] software alarm: Program cygnus_daq is not running
[fileCompressor,TALK] software alarm: Program cygnus_daq is not running
[fileCompressor,TALK] software alarm: Program cygnus_daq is not running
[fileCompressor,TALK] software alarm: Program cygnus_daq is not running
[fileCompressor,TALK] software alarm: Program cygnus_daq is not running
[fileCompressor,TALK] software alarm: Program cygnus_daq is not running
[fileCompressor,TALK] software alarm: Program cygnus_daq is not running
[fileCompressor,TALK] software alarm: Program cygnus_daq is not running
[fileCompressor,TALK] software alarm: Program cygnus_daq is not running
[fileCompressor,TALK] software alarm: Program cygnus_daq is not running
[fileCompressor,TALK] software alarm: Program cygnus_daq is not running
[fileCompressor,TALK] software alarm: Program cygnus_daq is not running
[fileCompressor,TALK] software alarm: Program cygnus_daq is not running
[fileCompressor,TALK] software alarm: Program cygnus_daq is not running
[fileCompressor,TALK] software alarm: Program cygnus_daq is not running
[fileCompressor,TALK] software alarm: Program cygnus_daq is not running
[fileCompressor,TALK] software alarm: Program cygnus_daq is not running
[fileCompressor,TALK] software alarm: Program cygnus_daq is not running
[fileCompressor,TALK] software alarm: Program cygnus_daq is not running
[fileCompressor,TALK] software alarm: Program cygnus_daq is not running
[fileCompressor,TALK] software alarm: Program cygnus_daq is not running
[fileCompressor,TALK] software alarm: Program cygnus_daq is not running
[fileCompressor,TALK] software alarm: Program cygnus_daq is not running
[fileCompressor,TALK] software alarm: Program cygnus_daq is not running
[fileCompressor,TALK] software alarm: Program cygnus_daq is not running
[fileCompressor,TALK] software alarm: Program cygnus_daq is not running
[fileCompressor,TALK] software alarm: Program cygnus_daq is not running
[fileCompressor,TALK] software alarm: Program cygnus_daq is not running
[fileCompressor,TALK] software alarm: Program cygnus_daq is not running
[fileCompressor,TALK] software alarm: Program cygnus_daq is not running
[fileCompressor,TALK] software alarm: Program cygnus_daq is not running
[fileCompressor,TALK] software alarm: Program cygnus_daq is not running
[fileCompressor,TALK] software alarm: Program cygnus_daq is not running
[fileCompressor,TALK] software alarm: Program cygnus_daq is not running
[fileCompressor,TALK] software alarm: Program cygnus_daq is not running
[fileCompressor,TALK] software alarm: Program cygnus_daq is not running
[fileCompressor,TALK] software alarm: Program cygnus_daq is not running
[fileCompressor,TALK] software alarm: Program cygnus_daq is not running
[fileCompressor,TALK] software alarm: Program cygnus_daq is not running
[fileCompressor,TALK] software alarm: Program cygnus_daq is not running
[fileCompressor,TALK] software alarm: Program cygnus_daq is not running
[fileCompressor,TALK] software alarm: Program cygnus_daq is not running
[fileCompressor,TALK] software alarm: Program cygnus_daq is not running
[fileCompressor,TALK] software alarm: Program cygnus_daq is not running
[fileCompressor,TALK] software alarm: Program cygnus_daq is not running
[fileCompressor,TALK] software alarm: Program cygnus_daq is not running
[fileCompressor,TALK] software alarm: Program cygnus_daq is not running
[fileCompressor,TALK] software alarm: Program cygnus_daq is not running
[fileCompressor,TALK] software alarm: Program cygnus_daq is not running
[fileCompressor,TALK] software alarm: Program cygnus_daq is not running
[fileCompressor,TALK] software alarm: Program cygnus_daq is not running
[fileCompressor,TALK] software alarm: Program cygnus_daq is not running
[fileCompressor,TALK] software alarm: Program cygnus_daq is not running
[fileCompressor,TALK] software alarm: Program cygnus_daq is not running
[fileCompressor,TALK] software alarm: Program cygnus_daq is not running
[fileCompressor,TALK] software alarm: Program cygnus_daq is not running
[fileCompressor,TALK] software alarm: Program cygnus_daq is not running
[fileCompressor,TALK] software alarm: Program cygnus_daq is not running
[fileCompressor,TALK] software alarm: Program cygnus_daq is not running
[fileCompressor,TALK] software alarm: Program cygnus_daq is not running
[fileCompressor,TALK] software alarm: Program cygnus_daq is not running
[fileCompressor,TALK] software alarm: Program cygnus_daq is not running
[fileCompressor,TALK] software alarm: Program cygnus_daq is not running
[fileCompressor,TALK] software alarm: Program cygnus_daq is not running
[fileCompressor,TALK] software alarm: Program cygnus_daq is not running
[fileCompressor,TALK] software alarm: Program cygnus_daq is not running
[fileCompressor,TALK] software alarm: Program cygnus_daq is not running
[fileCompressor,TALK] software alarm: Program cygnus_daq is not running
[fileCompressor,TALK] software alarm: Program cygnus_daq is not running
[fileCompressor,TALK] software alarm: Program cygnus_daq is not running
[fileCompressor,TALK] software alarm: Program cygnus_daq is not running
[fileCompressor,TALK] software alarm: Program cygnus_daq is not running
[fileCompressor,TALK] software alarm: Program cygnus_daq is not running
[fileCompressor,TALK] software alarm: Program cygnus_daq is not running
[fileCompressor,TALK] software alarm: Program cygnus_daq is not running
[fileCompressor,TALK] software alarm: Program cygnus_daq is not running
[fileCompressor,TALK] software alarm: Program cygnus_daq is not running
[fileCompressor,TALK] software alarm: Program cygnus_daq is not running
[fileCompressor,TALK] software alarm: Program cygnus_daq is not running
[fileCompressor,TALK] software alarm: Program cygnus_daq is not running
[fileCompressor,TALK] software alarm: Program cygnus_daq is not running
[fileCompressor,TALK] software alarm: Program cygnus_daq is not running
[fileCompressor,TALK] software alarm: Program cygnus_daq is not running
[fileCompressor,TALK] software alarm: Program cygnus_daq is not running
[fileCompressor,TALK] software alarm: Program cygnus_daq is not running
[fileCompressor,TALK] software alarm: Program cygnus_daq is not running
[fileCompressor,TALK] software alarm: Program cygnus_daq is not running
[fileCompressor,TALK] software alarm: Program cygnus_daq is not running
[fileCompressor,TALK] software alarm: Program cygnus_daq is not running
[fileCompressor,TALK] software alarm: Program cygnus_daq is not running
[fileCompressor,TALK] software alarm: Program cygnus_daq is not running
[fileCompressor,TALK] software alarm: Program cygnus_daq is not running
[fileCompressor,TALK] software alarm: Program cygnus_daq is not running
[fileCompressor,TALK] software alarm: Program cygnus_daq is not running
[fileCompressor,TALK] software alarm: Program cygnus_daq is not running
[fileCompressor,TALK] software alarm: Program cygnus_daq is not running
[fileCompressor,TALK] software alarm: Program cygnus_daq is not running
[fileCompressor,TALK] software alarm: Program cygnus_daq is not running
[fileCompressor,TALK] software alarm: Program cygnus_daq is not running
[fileCompressor,TALK] software alarm: Program cygnus_daq is not running
[fileCompressor,TALK] software alarm: Program cygnus_daq is not running
[fileCompressor,TALK] software alarm: Program cygnus_daq is not running
[fileCompressor,TALK] software alarm: Program cygnus_daq is not running
[fileCompressor,TALK] software alarm: Program cygnus_daq is not running
[fileCompressor,TALK] software alarm: Program cygnus_daq is not running
[fileCompressor,TALK] software alarm: Program cygnus_daq is not running
[fileCompressor,TALK] software alarm: Program cygnus_daq is not running
[fileCompressor,TALK] software alarm: Program cygnus_daq is not running
[fileCompressor,TALK] software alarm: Program cygnus_daq is not running
[fileCompressor,TALK] software alarm: Program cygnus_daq is not running
[fileCompressor,TALK] software alarm: Program cygnus_daq is not running
[fileCompressor,TALK] software alarm: Program cygnus_daq is not running
[fileCompressor,TALK] software alarm: Program cygnus_daq is not running
[fileCompressor,TALK] software alarm: Program cygnus_daq is not running
[fileCompressor,TALK] software alarm: Program cygnus_daq is not running
[fileCompressor,TALK] software alarm: Program cygnus_daq is not running
[fileCompressor,TALK] software alarm: Program cygnus_daq is not running
[fileCompressor,TALK] software alarm: Program cygnus_daq is not running
[fileCompressor,TALK] software alarm: Program cygnus_daq is not running
[fileCompressor,TALK] software alarm: Program cygnus_daq is not running
[fileCompressor,TALK] software alarm: Program cygnus_daq is not running
[fileCompressor,TALK] software alarm: Program cygnus_daq is not running
[fileCompressor,TALK] software alarm: Program cygnus_daq is not running
[fileCompressor,TALK] software alarm: Program cygnus_daq is not running
[fileCompressor,TALK] software alarm: Program cygnus_daq is not running
[fileCompressor,TALK] software alarm: Program cygnus_daq is not running
[fileCompressor,TALK] software alarm: Program cygnus_daq is not running
[fileCompressor,TALK] software alarm: Program cygnus_daq is not running
[fileCompressor,TALK] software alarm: Program cygnus_daq is not running
[fileCompressor,TALK] software alarm: Program cygnus_daq is not running
[fileCompressor,TALK] software alarm: Program cygnus_daq is not running
[fileCompressor,TALK] software alarm: Program cygnus_daq is not running
[fileCompressor,TALK] software alarm: Program cygnus_daq is not running
[fileCompressor,TALK] software alarm: Program cygnus_daq is not running
[fileCompressor,TALK] software alarm: Program cygnus_daq is not running
[fileCompressor,TALK] software alarm: Program cygnus_daq is not running
[fileCompressor,TALK] software alarm: Program cygnus_daq is not running
[fileCompressor,TALK] software alarm: Program cygnus_daq is not running
[fileCompressor,TALK] software alarm: Program cygnus_daq is not running
[fileCompressor,TALK] software alarm: Program cygnus_daq is not running
[fileCompressor,TALK] software alarm: Program cygnus_daq is not running
[fileCompressor,TALK] software alarm: Program cygnus_daq is not running
[fileCompressor,TALK] software alarm: Program cygnus_daq is not running
[fileCompressor,TALK] software alarm: Program cygnus_daq is not running
[fileCompressor,TALK] software alarm: Program cygnus_daq is not running
[fileCompressor,TALK] software alarm: Program cygnus_daq is not running
[fileCompressor,TALK] software alarm: Program cygnus_daq is not running
[fileCompressor,TALK] software alarm: Program cygnus_daq is not running
[fileCompressor,TALK] software alarm: Program cygnus_daq is not running
[fileCompressor,TALK] software alarm: Program cygnus_daq is not running
[fileCompressor,TALK] software alarm: Program cygnus_daq is not running
[fileCompressor,TALK] software alarm: Program cygnus_daq is not running
[fileCompressor,TALK] software alarm: Program cygnus_daq is not running
[fileCompressor,TALK] software alarm: Program cygnus_daq is not running
[fileCompressor,TALK] software alarm: Program cygnus_daq is not running
[fileCompressor,TALK] software alarm: Program cygnus_daq is not running
[fileCompressor,TALK] software alarm: Program cygnus_daq is not running
[fileCompressor,TALK] software alarm: Program cygnus_daq is not running
[fileCompressor,TALK] software alarm: Program cygnus_daq is not running
[fileCompressor,TALK] software alarm: Program cygnus_daq is not running
[fileCompressor,TALK] software alarm: Program cygnus_daq is not running
[fileCompressor,TALK] software alarm: Program cygnus_daq is not running
[fileCompressor,TALK] software alarm: Program cygnus_daq is not running
[fileCompressor,TALK] software alarm: Program cygnus_daq is not running
[fileCompressor,TALK] software alarm: Program cygnus_daq is not running
[fileCompressor,TALK] software alarm: Program cygnus_daq is not running
[fileCompressor,TALK] software alarm: Program cygnus_daq is not running
[fileCompressor,TALK] software alarm: Program cygnus_daq is not running
[fileCompressor,TALK] software alarm: Program cygnus_daq is not running
[fileCompressor,TALK] software alarm: Program cygnus_daq is not running
[fileCompressor,TALK] software alarm: Program cygnus_daq is not running
[fileCompressor,TALK] software alarm: Program cygnus_daq is not running
[fileCompressor,TALK] software alarm: Program cygnus_daq is not running
[fileCompressor,TALK] software alarm: Program cygnus_daq is not running
[fileCompressor,TALK] software alarm: Program cygnus_daq is not running
[fileCompressor,TALK] software alarm: Program cygnus_daq is not running
[fileCompressor,TALK] software alarm: Program cygnus_daq is not running
[fileCompressor,TALK] software alarm: Program cygnus_daq is not running
[fileCompressor,TALK] software alarm: Program cygnus_daq is not running
[fileCompressor,TALK] software alarm: Program cygnus_daq is not running
[fileCompressor,TALK] software alarm: Program cygnus_daq is not running
[fileCompressor,TALK] software alarm: Program cygnus_daq is not running
[fileCompressor,TALK] software alarm: Program cygnus_daq is not running
[fileCompressor,TALK] software alarm: Program cygnus_daq is not running
[fileCompressor,TALK] software alarm: Program cygnus_daq is not running
[fileCompressor,TALK] software alarm: Program cygnus_daq is not running
[fileCompressor,TALK] software alarm: Program cygnus_daq is not running
[fileCompressor,TALK] software alarm: Program cygnus_daq is not running
[fileCompressor,TALK] software alarm: Program cygnus_daq is not running
[fileCompressor,TALK] software alarm: Program cygnus_daq is not running
[fileCompressor,TALK] software alarm: Program cygnus_daq is not running
[fileCompressor,TALK] software alarm: Program cygnus_daq is not running
[fileCompressor,TALK] software alarm: Program cygnus_daq is not running
[fileCompressor,TALK] software alarm: Program cygnus_daq is not running
[fileCompressor,TALK] software alarm: Program cygnus_daq is not running
[fileCompressor,TALK] software alarm: Program cygnus_daq is not running
[fileCompressor,TALK] software alarm: Program cygnus_daq is not running
[fileCompressor,TALK] software alarm: Program cygnus_daq is not running
[fileCompressor,TALK] software alarm: Program cygnus_daq is not running
[fileCompressor,TALK] software alarm: Program cygnus_daq is not running
[fileCompressor,TALK] software alarm: Program cygnus_daq is not running
[fileCompressor,TALK] software alarm: Program cygnus_daq is not running
[fileCompressor,TALK] software alarm: Program cygnus_daq is not running
[fileCompressor,TALK] software alarm: Program cygnus_daq is not running
[fileCompressor,TALK] software alarm: Program cygnus_daq is not running
[fileCompressor,TALK] software alarm: Program cygnus_daq is not running
[fileCompressor,TALK] software alarm: Program cygnus_daq is not running
[fileCompressor,TALK] software alarm: Program cygnus_daq is not running
[fileCompressor,TALK] software alarm: Program cygnus_daq is not running
[fileCompressor,TALK] software alarm: Program cygnus_daq is not running
[fileCompressor,TALK] software alarm: Program cygnus_daq is not running
[fileCompressor,TALK] software alarm: Program cygnus_daq is not running
[fileCompressor,TALK] software alarm: Program cygnus_daq is not running
[fileCompressor,TALK] software alarm: Program cygnus_daq is not running
[fileCompressor,TALK] software alarm: Program cygnus_daq is not running
[fileCompressor,TALK] software alarm: Program cygnus_daq is not running
[fileCompressor,TALK] software alarm: Program cygnus_daq is not running
[fileCompressor,TALK] software alarm: Program cygnus_daq is not running
[fileCompressor,TALK] software alarm: Program cygnus_daq is not running
[fileCompressor,TALK] software alarm: Program cygnus_daq is not running
[fileCompressor,TALK] software alarm: Program cygnus_daq is not running
[fileCompressor,TALK] software alarm: Program cygnus_daq is not running
[fileCompressor,TALK] software alarm: Program cygnus_daq is not running
[fileCompressor,TALK] software alarm: Program cygnus_daq is not running
[fileCompressor,TALK] software alarm: Program cygnus_daq is not running
[fileCompressor,TALK] software alarm: Program cygnus_daq is not running
[fileCompressor,TALK] software alarm: Program cygnus_daq is not running
[fileCompressor,TALK] software alarm: Program cygnus_daq is not running
[fileCompressor,TALK] software alarm: Program cygnus_daq is not running
[fileCompressor,TALK] software alarm: Program cygnus_daq is not running
[fileCompressor,TALK] software alarm: Program cygnus_daq is not running
[fileCompressor,TALK] software alarm: Program cygnus_daq is not running
[fileCompressor,TALK] software alarm: Program cygnus_daq is not running
[fileCompressor,TALK] software alarm: Program cygnus_daq is not running
[fileCompressor,TALK] software alarm: Program cygnus_daq is not running
[fileCompressor,TALK] software alarm: Program cygnus_daq is not running
[fileCompressor,TALK] software alarm: Program cygnus_daq is not running
[fileCompressor,TALK] software alarm: Program cygnus_daq is not running
[fileCompressor,TALK] software alarm: Program cygnus_daq is not running
[fileCompressor,TALK] software alarm: Program cygnus_daq is not running
[fileCompressor,TALK] software alarm: Program cygnus_daq is not running
[fileCompressor,TALK] software alarm: Program cygnus_daq is not running
[fileCompressor,TALK] software alarm: Program cygnus_daq is not running
[fileCompressor,TALK] software alarm: Program cygnus_daq is not running
[fileCompressor,TALK] software alarm: Program cygnus_daq is not running
[fileCompressor,TALK] software alarm: Program cygnus_daq is not running
[fileCompressor,TALK] software alarm: Program cygnus_daq is not running
[fileCompressor,TALK] software alarm: Program cygnus_daq is not running
[fileCompressor,TALK] software alarm: Program cygnus_daq is not running
[fileCompressor,TALK] software alarm: Program cygnus_daq is not running
[fileCompressor,TALK] software alarm: Program cygnus_daq is not running
[fileCompressor,TALK] software alarm: Program cygnus_daq is not running
[fileCompressor,TALK] software alarm: Program cygnus_daq is not running
[fileCompressor,TALK] software alarm: Program cygnus_daq is not running
[fileCompressor,TALK] software alarm: Program cygnus_daq is not running
[fileCompressor,TALK] software alarm: Program cygnus_daq is not running
[fileCompressor,TALK] software alarm: Program cygnus_daq is not running
[fileCompressor,TALK] software alarm: Program cygnus_daq is not running
[fileCompressor,TALK] software alarm: Program cygnus_daq is not running
[fileCompressor,TALK] software alarm: Program cygnus_daq is not running
[fileCompressor,TALK] software alarm: Program cygnus_daq is not running
[fileCompressor,TALK] software alarm: Program cygnus_daq is not running
[fileCompressor,TALK] software alarm: Program cygnus_daq is not running
[fileCompressor,TALK] software alarm: Program cygnus_daq is not running
[fileCompressor,TALK] software alarm: Program cygnus_daq is not running
[fileCompressor,TALK] software alarm: Program cygnus_daq is not running
[fileCompressor,TALK] software alarm: Program cygnus_daq is not running
[fileCompressor,TALK] software alarm: Program cygnus_daq is not running
[fileCompressor,TALK] software alarm: Program cygnus_daq is not running
[fileCompressor,TALK] software alarm: Program cygnus_daq is not running
[fileCompressor,TALK] software alarm: Program cygnus_daq is not running
[fileCompressor,TALK] software alarm: Program cygnus_daq is not running
[fileCompressor,TALK] software alarm: Program cygnus_daq is not running
[fileCompressor,TALK] software alarm: Program cygnus_daq is not running
[fileCompressor,TALK] software alarm: Program cygnus_daq is not running
[fileCompressor,TALK] software alarm: Program cygnus_daq is not running
[fileCompressor,TALK] software alarm: Program cygnus_daq is not running
[fileCompressor,TALK] software alarm: Program cygnus_daq is not running
[fileCompressor,TALK] software alarm: Program cygnus_daq is not running
[fileCompressor,TALK] software alarm: Program cygnus_daq is not running
[fileCompressor,TALK] software alarm: Program cygnus_daq is not running
[fileCompressor,TALK] software alarm: Program cygnus_daq is not running
[fileCompressor,TALK] software alarm: Program cygnus_daq is not running
[fileCompressor,TALK] software alarm: Program cygnus_daq is not running
[fileCompressor,TALK] software alarm: Program cygnus_daq is not running
[fileCompressor,TALK] software alarm: Program cygnus_daq is not running
[fileCompressor,TALK] software alarm: Program cygnus_daq is not running
[fileCompressor,TALK] software alarm: Program cygnus_daq is not running
[fileCompressor,TALK] software alarm: Program cygnus_daq is not running
[fileCompressor,TALK] software alarm: Program cygnus_daq is not running
[fileCompressor,TALK] software alarm: Program cygnus_daq is not running
[fileCompressor,TALK] software alarm: Program cygnus_daq is not running
[fileCompressor,TALK] software alarm: Program cygnus_daq is not running
[fileCompressor,TALK] software alarm: Program cygnus_daq is not running
[fileCompressor,TALK] software alarm: Program cygnus_daq is not running
[fileCompressor,TALK] software alarm: Program cygnus_daq is not running
[fileCompressor,TALK] software alarm: Program cygnus_daq is not running
[fileCompressor,TALK] software alarm: Program cygnus_daq is not running
[fileCompressor,TALK] software alarm: Program cygnus_daq is not running
[fileCompressor,TALK] software alarm: Program cygnus_daq is not running
[fileCompressor,TALK] software alarm: Program cygnus_daq is not running
[fileCompressor,TALK] software alarm: Program cygnus_daq is not running
[fileCompressor,TALK] software alarm: Program cygnus_daq is not running
[fileCompressor,TALK] software alarm: Program cygnus_daq is not running
[fileCompressor,TALK] software alarm: Program cygnus_daq is not running
[fileCompressor,TALK] software alarm: Program cygnus_daq is not running
[fileCompressor,TALK] software alarm: Program cygnus_daq is not running
[fileCompressor,TALK] software alarm: Program cygnus_daq is not running
[fileCompressor,TALK] software alarm: Program cygnus_daq is not running
[fileCompressor,TALK] software alarm: Program cygnus_daq is not running
[fileCompressor,TALK] software alarm: Program cygnus_daq is not running
[fileCompressor,TALK] software alarm: Program cygnus_daq is not running
[fileCompressor,TALK] software alarm: Program cygnus_daq is not running
[fileCompressor,TALK] software alarm: Program cygnus_daq is not running
[fileCompressor,TALK] software alarm: Program cygnus_daq is not running
[fileCompressor,TALK] software alarm: Program cygnus_daq is not running
[fileCompressor,TALK] software alarm: Program cygnus_daq is not running
[fileCompressor,TALK] software alarm: Program cygnus_daq is not running
[fileCompressor,TALK] software alarm: Program cygnus_daq is not running
[fileCompressor,TALK] software alarm: Program cygnus_daq is not running
[fileCompressor,TALK] software alarm: Program cygnus_daq is not running
[fileCompressor,TALK] software alarm: Program cygnus_daq is not running
[fileCompressor,TALK] software alarm: Program cygnus_daq is not running
[fileCompressor,TALK] software alarm: Program cygnus_daq is not running
[fileCompressor,TALK] software alarm: Program cygnus_daq is not running
[fileCompressor,TALK] software alarm: Program cygnus_daq is not running
[fileCompressor,TALK] software alarm: Program cygnus_daq is not running
[fileCompressor,TALK] software alarm: Program cygnus_daq is not running
[fileCompressor,TALK] software alarm: Program cygnus_daq is not running
[fileCompressor,TALK] software alarm: Program cygnus_daq is not running
[fileCompressor,TALK] software alarm: Program cygnus_daq is not running
[fileCompressor,TALK] software alarm: Program cygnus_daq is not running
[fileCompressor,TALK] software alarm: Program cygnus_daq is not running
[fileCompressor,TALK] software alarm: Program cygnus_daq is not running
[fileCompressor,TALK] software alarm: Program cygnus_daq is not running
[fileCompressor,TALK] software alarm: Program cygnus_daq is not running
[fileCompressor,TALK] software alarm: Program cygnus_daq is not running
[fileCompressor,TALK] software alarm: Program cygnus_daq is not running
[fileCompressor,TALK] software alarm: Program cygnus_daq is not running
[fileCompressor,TALK] software alarm: Program cygnus_daq is not running
[fileCompressor,TALK] software alarm: Program cygnus_daq is not running
[fileCompressor,TALK] software alarm: Program cygnus_daq is not running
[fileCompressor,TALK] software alarm: Program cygnus_daq is not running
[fileCompressor,TALK] software alarm: Program cygnus_daq is not running
[fileCompressor,TALK] software alarm: Program cygnus_daq is not running
[fileCompressor,TALK] software alarm: Program cygnus_daq is not running
[fileCompressor,TALK] software alarm: Program cygnus_daq is not running
[fileCompressor,TALK] software alarm: Program cygnus_daq is not running
[fileCompressor,TALK] software alarm: Program cygnus_daq is not running
[fileCompressor,TALK] software alarm: Program cygnus_daq is not running
[fileCompressor,TALK] software alarm: Program cygnus_daq is not running
[fileCompressor,TALK] software alarm: Program cygnus_daq is not running
[fileCompressor,TALK] software alarm: Program cygnus_daq is not running
[fileCompressor,TALK] software alarm: Program cygnus_daq is not running
[fileCompressor,TALK] software alarm: Program cygnus_daq is not running
[fileCompressor,TALK] software alarm: Program cygnus_daq is not running
[fileCompressor,TALK] software alarm: Program cygnus_daq is not running
[fileCompressor,TALK] software alarm: Program cygnus_daq is not running
[fileCompressor,TALK] software alarm: Program cygnus_daq is not running
[fileCompressor,TALK] software alarm: Program cygnus_daq is not running
[fileCompressor,TALK] software alarm: Program cygnus_daq is not running
[fileCompressor,TALK] software alarm: Program cygnus_daq is not running
[fileCompressor,TALK] software alarm: Program cygnus_daq is not running
[fileCompressor,TALK] software alarm: Program cygnus_daq is not running
[fileCompressor,TALK] software alarm: Program cygnus_daq is not running
[fileCompressor,TALK] software alarm: Program cygnus_daq is not running
[fileCompressor,TALK] software alarm: Program cygnus_daq is not running
[fileCompressor,TALK] software alarm: Program cygnus_daq is not running
[fileCompressor,TALK] software alarm: Program cygnus_daq is not running
[fileCompressor,TALK] software alarm: Program cygnus_daq is not running
[fileCompressor,TALK] software alarm: Program cygnus_daq is not running
[fileCompressor,TALK] software alarm: Program cygnus_daq is not running
[fileCompressor,TALK] software alarm: Program cygnus_daq is not running
[fileCompressor,TALK] software alarm: Program cygnus_daq is not running
[fileCompressor,TALK] software alarm: Program cygnus_daq is not running
[fileCompressor,TALK] software alarm: Program cygnus_daq is not running
[fileCompressor,TALK] software alarm: Program cygnus_daq is not running
[fileCompressor,TALK] software alarm: Program cygnus_daq is not running
[fileCompressor,TALK] software alarm: Program cygnus_daq is not running
[fileCompressor,TALK] software alarm: Program cygnus_daq is not running
[fileCompressor,TALK] software alarm: Program cygnus_daq is not running
[fileCompressor,TALK] software alarm: Program cygnus_daq is not running
[fileCompressor,TALK] software alarm: Program cygnus_daq is not running
[fileCompressor,TALK] software alarm: Program cygnus_daq is not running
[fileCompressor,TALK] software alarm: Program cygnus_daq is not running
[fileCompressor,TALK] software alarm: Program cygnus_daq is not running
[fileCompressor,TALK] software alarm: Program cygnus_daq is not running
[fileCompressor,TALK] software alarm: Program cygnus_daq is not running
[fileCompressor,TALK] software alarm: Program cygnus_daq is not running
[fileCompressor,TALK] software alarm: Program cygnus_daq is not running
[fileCompressor,TALK] software alarm: Program cygnus_daq is not running
[fileCompressor,TALK] software alarm: Program cygnus_daq is not running
[fileCompressor,TALK] software alarm: Program cygnus_daq is not running
[fileCompressor,TALK] software alarm: Program cygnus_daq is not running
[fileCompressor,TALK] software alarm: Program cygnus_daq is not running
[fileCompressor,TALK] software alarm: Program cygnus_daq is not running
[fileCompressor,TALK] software alarm: Program cygnus_daq is not running
[fileCompressor,TALK] software alarm: Program cygnus_daq is not running
[fileCompressor,TALK] software alarm: Program cygnus_daq is not running
[fileCompressor,TALK] software alarm: Program cygnus_daq is not running
[fileCompressor,TALK] software alarm: Program cygnus_daq is not running
[fileCompressor,TALK] software alarm: Program cygnus_daq is not running
[fileCompressor,TALK] software alarm: Program cygnus_daq is not running
[fileCompressor,TALK] software alarm: Program cygnus_daq is not running
[fileCompressor,TALK] software alarm: Program cygnus_daq is not running
[fileCompressor,TALK] software alarm: Program cygnus_daq is not running
[fileCompressor,TALK] software alarm: Program cygnus_daq is not running
[fileCompressor,TALK] software alarm: Program cygnus_daq is not running
[fileCompressor,TALK] software alarm: Program cygnus_daq is not running
[fileCompressor,TALK] software alarm: Program cygnus_daq is not running
[fileCompressor,TALK] software alarm: Program cygnus_daq is not running
[fileCompressor,TALK] software alarm: Program cygnus_daq is not running
[fileCompressor,TALK] software alarm: Program cygnus_daq is not running
[fileCompressor,TALK] software alarm: Program cygnus_daq is not running
[fileCompressor,TALK] software alarm: Program cygnus_daq is not running
[fileCompressor,TALK] software alarm: Program cygnus_daq is not running
[fileCompressor,TALK] software alarm: Program cygnus_daq is not running
[fileCompressor,TALK] software alarm: Program cygnus_daq is not running
[fileCompressor,TALK] software alarm: Program cygnus_daq is not running
[fileCompressor,TALK] software alarm: Program cygnus_daq is not running
[fileCompressor,TALK] software alarm: Program cygnus_daq is not running
[fileCompressor,TALK] software alarm: Program cygnus_daq is not running
[fileCompressor,TALK] software alarm: Program cygnus_daq is not running
[fileCompressor,TALK] software alarm: Program cygnus_daq is not running
[fileCompressor,TALK] software alarm: Program cygnus_daq is not running
[fileCompressor,TALK] software alarm: Program cygnus_daq is not running
[fileCompressor,TALK] software alarm: Program cygnus_daq is not running
[fileCompressor,TALK] software alarm: Program cygnus_daq is not running
[fileCompressor,TALK] software alarm: Program cygnus_daq is not running
[fileCompressor,TALK] software alarm: Program cygnus_daq is not running
[fileCompressor,TALK] software alarm: Program cygnus_daq is not running
[fileCompressor,TALK] software alarm: Program cygnus_daq is not running
[fileCompressor,TALK] software alarm: Program cygnus_daq is not running
[fileCompressor,TALK] software alarm: Program cygnus_daq is not running
[fileCompressor,TALK] software alarm: Program cygnus_daq is not running
[fileCompressor,TALK] software alarm: Program cygnus_daq is not running
[fileCompressor,TALK] software alarm: Program cygnus_daq is not running
[fileCompressor,TALK] software alarm: Program cygnus_daq is not running
[fileCompressor,TALK] software alarm: Program cygnus_daq is not running
[fileCompressor,TALK] software alarm: Program cygnus_daq is not running
[fileCompressor,TALK] software alarm: Program cygnus_daq is not running
[fileCompressor,TALK] software alarm: Program cygnus_daq is not running
[fileCompressor,TALK] software alarm: Program cygnus_daq is not running
[fileCompressor,TALK] software alarm: Program cygnus_daq is not running
[fileCompressor,TALK] software alarm: Program cygnus_daq is not running
[fileCompressor,TALK] software alarm: Program cygnus_daq is not running
[fileCompressor,TALK] software alarm: Program cygnus_daq is not running
[fileCompressor,TALK] software alarm: Program cygnus_daq is not running
[fileCompressor,TALK] software alarm: Program cygnus_daq is not running
[fileCompressor,TALK] software alarm: Program cygnus_daq is not running
[fileCompressor,TALK] software alarm: Program cygnus_daq is not running
[fileCompressor,TALK] software alarm: Program cygnus_daq is not running
[fileCompressor,TALK] software alarm: Program cygnus_daq is not running
[fileCompressor,TALK] software alarm: Program cygnus_daq is not running
[fileCompressor,TALK] software alarm: Program cygnus_daq is not running
[fileCompressor,TALK] software alarm: Program cygnus_daq is not running
[fileCompressor,TALK] software alarm: Program cygnus_daq is not running
[fileCompressor,TALK] software alarm: Program cygnus_daq is not running
[fileCompressor,TALK] software alarm: Program cygnus_daq is not running
[fileCompressor,TALK] software alarm: Program cygnus_daq is not running
[fileCompressor,TALK] software alarm: Program cygnus_daq is not running
[fileCompressor,TALK] software alarm: Program cygnus_daq is not running
[fileCompressor,TALK] software alarm: Program cygnus_daq is not running
[fileCompressor,TALK] software alarm: Program cygnus_daq is not running
[fileCompressor,TALK] software alarm: Program cygnus_daq is not running
[fileCompressor,TALK] software alarm: Program cygnus_daq is not running
[fileCompressor,TALK] software alarm: Program cygnus_daq is not running
[fileCompressor,TALK] software alarm: Program cygnus_daq is not running
[fileCompressor,TALK] software alarm: Program cygnus_daq is not running
[fileCompressor,TALK] software alarm: Program cygnus_daq is not running
[fileCompressor,TALK] software alarm: Program cygnus_daq is not running
[fileCompressor,TALK] software alarm: Program cygnus_daq is not running
[fileCompressor,TALK] software alarm: Program cygnus_daq is not running
[fileCompressor,TALK] software alarm: Program cygnus_daq is not running
[fileCompressor,TALK] software alarm: Program cygnus_daq is not running
[fileCompressor,TALK] software alarm: Program cygnus_daq is not running
[fileCompressor,TALK] software alarm: Program cygnus_daq is not running
[fileCompressor,TALK] software alarm: Program cygnus_daq is not running
[fileCompressor,TALK] software alarm: Program cygnus_daq is not running
[fileCompressor,TALK] software alarm: Program cygnus_daq is not running
[fileCompressor,TALK] software alarm: Program cygnus_daq is not running
[fileCompressor,TALK] software alarm: Program cygnus_daq is not running
[fileCompressor,TALK] software alarm: Program cygnus_daq is not running
[fileCompressor,TALK] software alarm: Program cygnus_daq is not running
[fileCompressor,TALK] software alarm: Program cygnus_daq is not running
[fileCompressor,TALK] software alarm: Program cygnus_daq is not running
[fileCompressor,TALK] software alarm: Program cygnus_daq is not running
[fileCompressor,TALK] software alarm: Program cygnus_daq is not running
[fileCompressor,TALK] software alarm: Program cygnus_daq is not running
[fileCompressor,TALK] software alarm: Program cygnus_daq is not running
[fileCompressor,TALK] software alarm: Program cygnus_daq is not running
[fileCompressor,TALK] software alarm: Program cygnus_daq is not running
[fileCompressor,TALK] software alarm: Program cygnus_daq is not running
[fileCompressor,TALK] software alarm: Program cygnus_daq is not running
[fileCompressor,TALK] software alarm: Program cygnus_daq is not running
[fileCompressor,TALK] software alarm: Program cygnus_daq is not running
[fileCompressor,TALK] software alarm: Program cygnus_daq is not running
[fileCompressor,TALK] software alarm: Program cygnus_daq is not running
[fileCompressor,TALK] software alarm: Program cygnus_daq is not running
[fileCompressor,TALK] software alarm: Program cygnus_daq is not running
[fileCompressor,TALK] software alarm: Program cygnus_daq is not running
[fileCompressor,TALK] software alarm: Program cygnus_daq is not running
[fileCompressor,TALK] software alarm: Program cygnus_daq is not running
[fileCompressor,TALK] software alarm: Program cygnus_daq is not running
[fileCompressor,TALK] software alarm: Program cygnus_daq is not running
[fileCompressor,TALK] software alarm: Program cygnus_daq is not running
[fileCompressor,TALK] software alarm: Program cygnus_daq is not running
[fileCompressor,TALK] software alarm: Program cygnus_daq is not running
[fileCompressor,TALK] software alarm: Program cygnus_daq is not running
[fileCompressor,TALK] software alarm: Program cygnus_daq is not running
[fileCompressor,TALK] software alarm: Program cygnus_daq is not running
[fileCompressor,TALK] software alarm: Program cygnus_daq is not running
[fileCompressor,TALK] software alarm: Program cygnus_daq is not running
[fileCompressor,TALK] software alarm: Program cygnus_daq is not running
[fileCompressor,TALK] software alarm: Program cygnus_daq is not running
[fileCompressor,TALK] software alarm: Program cygnus_daq is not running
[fileCompressor,TALK] software alarm: Program cygnus_daq is not running
[fileCompressor,TALK] software alarm: Program cygnus_daq is not running
[fileCompressor,TALK] software alarm: Program cygnus_daq is not running
[fileCompressor,TALK] software alarm: Program cygnus_daq is not running
[fileCompressor,TALK] software alarm: Program cygnus_daq is not running
[fileCompressor,TALK] software alarm: Program cygnus_daq is not running
[fileCompressor,TALK] software alarm: Program cygnus_daq is not running
[fileCompressor,TALK] software alarm: Program cygnus_daq is not running
[fileCompressor,TALK] software alarm: Program cygnus_daq is not running
[fileCompressor,TALK] software alarm: Program cygnus_daq is not running
[fileCompressor,TALK] software alarm: Program cygnus_daq is not running
[fileCompressor,TALK] software alarm: Program cygnus_daq is not running
[fileCompressor,TALK] software alarm: Program cygnus_daq is not running
[fileCompressor,TALK] software alarm: Program cygnus_daq is not running
[fileCompressor,TALK] software alarm: Program cygnus_daq is not running
[fileCompressor,TALK] software alarm: Program cygnus_daq is not running
[fileCompressor,TALK] software alarm: Program cygnus_daq is not running
[fileCompressor,TALK] software alarm: Program cygnus_daq is not running
[fileCompressor,TALK] software alarm: Program cygnus_daq is not running
[fileCompressor,TALK] software alarm: Program cygnus_daq is not running
[fileCompressor,TALK] software alarm: Program cygnus_daq is not running
[fileCompressor,TALK] software alarm: Program cygnus_daq is not running
[fileCompressor,TALK] software alarm: Program cygnus_daq is not running
[fileCompressor,TALK] software alarm: Program cygnus_daq is not running
[fileCompressor,TALK] software alarm: Program cygnus_daq is not running
[fileCompressor,TALK] software alarm: Program cygnus_daq is not running
[fileCompressor,TALK] software alarm: Program cygnus_daq is not running
[fileCompressor,TALK] software alarm: Program cygnus_daq is not running
[fileCompressor,TALK] software alarm: Program cygnus_daq is not running
[fileCompressor,TALK] software alarm: Program cygnus_daq is not running
[fileCompressor,TALK] software alarm: Program cygnus_daq is not running
[fileCompressor,TALK] software alarm: Program cygnus_daq is not running
[fileCompressor,TALK] software alarm: Program cygnus_daq is not running
[fileCompressor,TALK] software alarm: Program cygnus_daq is not running
[fileCompressor,TALK] software alarm: Program cygnus_daq is not running
[fileCompressor,TALK] software alarm: Program cygnus_daq is not running
[fileCompressor,TALK] software alarm: Program cygnus_daq is not running
[fileCompressor,TALK] software alarm: Program cygnus_daq is not running
[fileCompressor,TALK] software alarm: Program cygnus_daq is not running
[fileCompressor,TALK] software alarm: Program cygnus_daq is not running
[fileCompressor,TALK] software alarm: Program cygnus_daq is not running
[fileCompressor,TALK] software alarm: Program cygnus_daq is not running
[fileCompressor,TALK] software alarm: Program cygnus_daq is not running
[fileCompressor,TALK] software alarm: Program cygnus_daq is not running
[fileCompressor,TALK] software alarm: Program cygnus_daq is not running
[fileCompressor,TALK] software alarm: Program cygnus_daq is not running
[fileCompressor,TALK] software alarm: Program cygnus_daq is not running
[fileCompressor,TALK] software alarm: Program cygnus_daq is not running
[fileCompressor,TALK] software alarm: Program cygnus_daq is not running
[fileCompressor,TALK] software alarm: Program cygnus_daq is not running
[fileCompressor,TALK] software alarm: Program cygnus_daq is not running
[fileCompressor,TALK] software alarm: Program cygnus_daq is not running
[fileCompressor,TALK] software alarm: Program cygnus_daq is not running
[fileCompressor,TALK] software alarm: Program cygnus_daq is not running
[fileCompressor,TALK] software alarm: Program cygnus_daq is not running
[fileCompressor,TALK] software alarm: Program cygnus_daq is not running
[fileCompressor,TALK] software alarm: Program cygnus_daq is not running
[fileCompressor,TALK] software alarm: Program cygnus_daq is not running
[fileCompressor,TALK] software alarm: Program cygnus_daq is not running
[fileCompressor,TALK] software alarm: Program cygnus_daq is not running
[fileCompressor,TALK] software alarm: Program cygnus_daq is not running
[fileCompressor,TALK] software alarm: Program cygnus_daq is not running
[fileCompressor,TALK] software alarm: Program cygnus_daq is not running
[fileCompressor,TALK] software alarm: Program cygnus_daq is not running
[fileCompressor,TALK] software alarm: Program cygnus_daq is not running
[fileCompressor,TALK] software alarm: Program cygnus_daq is not running
[fileCompressor,TALK] software alarm: Program cygnus_daq is not running
[fileCompressor,TALK] software alarm: Program cygnus_daq is not running
[fileCompressor,TALK] software alarm: Program cygnus_daq is not running
[fileCompressor,TALK] software alarm: Program cygnus_daq is not running
[fileCompressor,TALK] software alarm: Program cygnus_daq is not running
[fileCompressor,TALK] software alarm: Program cygnus_daq is not running
[fileCompressor,TALK] software alarm: Program cygnus_daq is not running
[fileCompressor,TALK] software alarm: Program cygnus_daq is not running
[fileCompressor,TALK] software alarm: Program cygnus_daq is not running
[fileCompressor,TALK] software alarm: Program cygnus_daq is not running
[fileCompressor,TALK] software alarm: Program cygnus_daq is not running
[fileCompressor,TALK] software alarm: Program cygnus_daq is not running
[fileCompressor,TALK] software alarm: Program cygnus_daq is not running
[fileCompressor,TALK] software alarm: Program cygnus_daq is not running
[fileCompressor,TALK] software alarm: Program cygnus_daq is not running
[fileCompressor,TALK] software alarm: Program cygnus_daq is not running
[fileCompressor,TALK] software alarm: Program cygnus_daq is not running
[fileCompressor,TALK] software alarm: Program cygnus_daq is not running
[fileCompressor,TALK] software alarm: Program cygnus_daq is not running
[fileCompressor,TALK] software alarm: Program cygnus_daq is not running
[fileCompressor,TALK] software alarm: Program cygnus_daq is not running
[fileCompressor,TALK] software alarm: Program cygnus_daq is not running
[fileCompressor,TALK] software alarm: Program cygnus_daq is not running
[fileCompressor,TALK] software alarm: Program cygnus_daq is not running
[fileCompressor,TALK] software alarm: Program cygnus_daq is not running
[fileCompressor,TALK] software alarm: Program cygnus_daq is not running
[fileCompressor,TALK] software alarm: Program cygnus_daq is not running
[fileCompressor,TALK] software alarm: Program cygnus_daq is not running
[fileCompressor,TALK] software alarm: Program cygnus_daq is not running
[fileCompressor,TALK] software alarm: Program cygnus_daq is not running
[fileCompressor,TALK] software alarm: Program cygnus_daq is not running
[fileCompressor,TALK] software alarm: Program cygnus_daq is not running
[fileCompressor,TALK] software alarm: Program cygnus_daq is not running
[fileCompressor,TALK] software alarm: Program cygnus_daq is not running
[fileCompressor,TALK] software alarm: Program cygnus_daq is not running
[fileCompressor,TALK] software alarm: Program cygnus_daq is not running
[fileCompressor,TALK] software alarm: Program cygnus_daq is not running
[fileCompressor,TALK] software alarm: Program cygnus_daq is not running
[fileCompressor,TALK] software alarm: Program cygnus_daq is not running
[fileCompressor,TALK] software alarm: Program cygnus_daq is not running
[fileCompressor,TALK] software alarm: Program cygnus_daq is not running
[fileCompressor,TALK] software alarm: Program cygnus_daq is not running
[fileCompressor,TALK] software alarm: Program cygnus_daq is not running
[fileCompressor,TALK] software alarm: Program cygnus_daq is not running
[fileCompressor,TALK] software alarm: Program cygnus_daq is not running
[fileCompressor,TALK] software alarm: Program cygnus_daq is not running
[fileCompressor,TALK] software alarm: Program cygnus_daq is not running
[fileCompressor,TALK] software alarm: Program cygnus_daq is not running
[fileCompressor,TALK] software alarm: Program cygnus_daq is not running
[fileCompressor,TALK] software alarm: Program cygnus_daq is not running
[fileCompressor,TALK] software alarm: Program cygnus_daq is not running
[fileCompressor,TALK] software alarm: Program cygnus_daq is not running
[fileCompressor,TALK] software alarm: Program cygnus_daq is not running
[fileCompressor,TALK] software alarm: Program cygnus_daq is not running
[fileCompressor,TALK] software alarm: Program cygnus_daq is not running
[fileCompressor,TALK] software alarm: Program cygnus_daq is not running
[fileCompressor,TALK] software alarm: Program cygnus_daq is not running
[fileCompressor,TALK] software alarm: Program cygnus_daq is not running
[fileCompressor,TALK] software alarm: Program cygnus_daq is not running
[fileCompressor,TALK] software alarm: Program cygnus_daq is not running
[fileCompressor,TALK] software alarm: Program cygnus_daq is not running
[fileCompressor,TALK] software alarm: Program cygnus_daq is not running
[fileCompressor,TALK] software alarm: Program cygnus_daq is not running
[fileCompressor,TALK] software alarm: Program cygnus_daq is not running
[fileCompressor,TALK] software alarm: Program cygnus_daq is not running
[fileCompressor,TALK] software alarm: Program cygnus_daq is not running
[fileCompressor,TALK] software alarm: Program cygnus_daq is not running
[fileCompressor,TALK] software alarm: Program cygnus_daq is not running
[fileCompressor,TALK] software alarm: Program cygnus_daq is not running
[fileCompressor,TALK] software alarm: Program cygnus_daq is not running
[fileCompressor,TALK] software alarm: Program cygnus_daq is not running
[fileCompressor,TALK] software alarm: Program cygnus_daq is not running
[fileCompressor,TALK] software alarm: Program cygnus_daq is not running
[fileCompressor,TALK] software alarm: Program cygnus_daq is not running
[fileCompressor,TALK] software alarm: Program cygnus_daq is not running
[fileCompressor,TALK] software alarm: Program cygnus_daq is not running
[fileCompressor,TALK] software alarm: Program cygnus_daq is not running
[fileCompressor,TALK] software alarm: Program cygnus_daq is not running
[fileCompressor,TALK] software alarm: Program cygnus_daq is not running
[fileCompressor,TALK] software alarm: Program cygnus_daq is not running
[fileCompressor,TALK] software alarm: Program cygnus_daq is not running
[fileCompressor,TALK] software alarm: Program cygnus_daq is not running
[fileCompressor,TALK] software alarm: Program cygnus_daq is not running
[fileCompressor,TALK] software alarm: Program cygnus_daq is not running
[fileCompressor,TALK] software alarm: Program cygnus_daq is not running
[fileCompressor,TALK] software alarm: Program cygnus_daq is not running
[fileCompressor,TALK] software alarm: Program cygnus_daq is not running
[fileCompressor,TALK] software alarm: Program cygnus_daq is not running
[fileCompressor,TALK] software alarm: Program cygnus_daq is not running
[fileCompressor,TALK] software alarm: Program cygnus_daq is not running
[fileCompressor,TALK] software alarm: Program cygnus_daq is not running
[fileCompressor,TALK] software alarm: Program cygnus_daq is not running
[fileCompressor,TALK] software alarm: Program cygnus_daq is not running
[fileCompressor,TALK] software alarm: Program cygnus_daq is not running
[fileCompressor,TALK] software alarm: Program cygnus_daq is not running
[fileCompressor,TALK] software alarm: Program cygnus_daq is not running
[fileCompressor,TALK] software alarm: Program cygnus_daq is not running
[fileCompressor,TALK] software alarm: Program cygnus_daq is not running
[fileCompressor,TALK] software alarm: Program cygnus_daq is not running
[fileCompressor,TALK] software alarm: Program cygnus_daq is not running
[fileCompressor,TALK] software alarm: Program cygnus_daq is not running
[fileCompressor,TALK] software alarm: Program cygnus_daq is not running
[fileCompressor,TALK] software alarm: Program cygnus_daq is not running
[fileCompressor,TALK] software alarm: Program cygnus_daq is not running
[fileCompressor,TALK] software alarm: Program cygnus_daq is not running
[fileCompressor,TALK] software alarm: Program cygnus_daq is not running
[fileCompressor,TALK] software alarm: Program cygnus_daq is not running
[fileCompressor,TALK] software alarm: Program cygnus_daq is not running
[fileCompressor,TALK] software alarm: Program cygnus_daq is not running
[fileCompressor,TALK] software alarm: Program cygnus_daq is not running
[fileCompressor,TALK] software alarm: Program cygnus_daq is not running
[fileCompressor,TALK] software alarm: Program cygnus_daq is not running
[fileCompressor,TALK] software alarm: Program cygnus_daq is not running
[fileCompressor,TALK] software alarm: Program cygnus_daq is not running
[fileCompressor,TALK] software alarm: Program cygnus_daq is not running
[fileCompressor,TALK] software alarm: Program cygnus_daq is not running
[fileCompressor,TALK] software alarm: Program cygnus_daq is not running
[fileCompressor,TALK] software alarm: Program cygnus_daq is not running
[fileCompressor,TALK] software alarm: Program cygnus_daq is not running
[fileCompressor,TALK] software alarm: Program cygnus_daq is not running
[fileCompressor,TALK] software alarm: Program cygnus_daq is not running
[fileCompressor,TALK] software alarm: Program cygnus_daq is not running
[fileCompressor,TALK] software alarm: Program cygnus_daq is not running
[fileCompressor,TALK] software alarm: Program cygnus_daq is not running
[fileCompressor,TALK] software alarm: Program cygnus_daq is not running
[fileCompressor,TALK] software alarm: Program cygnus_daq is not running
[fileCompressor,TALK] software alarm: Program cygnus_daq is not running
[fileCompressor,TALK] software alarm: Program cygnus_daq is not running
[fileCompressor,TALK] software alarm: Program cygnus_daq is not running
[fileCompressor,TALK] software alarm: Program cygnus_daq is not running
[fileCompressor,TALK] software alarm: Program cygnus_daq is not running
[fileCompressor,TALK] software alarm: Program cygnus_daq is not running
[fileCompressor,TALK] software alarm: Program cygnus_daq is not running
[fileCompressor,TALK] software alarm: Program cygnus_daq is not running
[fileCompressor,TALK] software alarm: Program cygnus_daq is not running
[fileCompressor,TALK] software alarm: Program cygnus_daq is not running
[fileCompressor,TALK] software alarm: Program cygnus_daq is not running
[fileCompressor,TALK] software alarm: Program cygnus_daq is not running
[fileCompressor,TALK] software alarm: Program cygnus_daq is not running
[fileCompressor,TALK] software alarm: Program cygnus_daq is not running
[fileCompressor,TALK] software alarm: Program cygnus_daq is not running
[fileCompressor,TALK] software alarm: Program cygnus_daq is not running
[fileCompressor,TALK] software alarm: Program cygnus_daq is not running
[fileCompressor,TALK] software alarm: Program cygnus_daq is not running
[fileCompressor,TALK] software alarm: Program cygnus_daq is not running
[fileCompressor,TALK] software alarm: Program cygnus_daq is not running
[fileCompressor,TALK] software alarm: Program cygnus_daq is not running
[fileCompressor,TALK] software alarm: Program cygnus_daq is not running
[fileCompressor,TALK] software alarm: Program cygnus_daq is not running
[fileCompressor,TALK] software alarm: Program cygnus_daq is not running
[fileCompressor,TALK] software alarm: Program cygnus_daq is not running
[fileCompressor,TALK] software alarm: Program cygnus_daq is not running
[fileCompressor,TALK] software alarm: Program cygnus_daq is not running
[fileCompressor,TALK] software alarm: Program cygnus_daq is not running
[fileCompressor,TALK] software alarm: Program cygnus_daq is not running
[fileCompressor,TALK] software alarm: Program cygnus_daq is not running
[fileCompressor,TALK] software alarm: Program cygnus_daq is not running
[fileCompressor,TALK] software alarm: Program cygnus_daq is not running
[fileCompressor,TALK] software alarm: Program cygnus_daq is not running
[fileCompressor,TALK] software alarm: Program cygnus_daq is not running
[fileCompressor,TALK] software alarm: Program cygnus_daq is not running
[fileCompressor,TALK] software alarm: Program cygnus_daq is not running
[fileCompressor,TALK] software alarm: Program cygnus_daq is not running
[fileCompressor,TALK] software alarm: Program cygnus_daq is not running
[fileCompressor,TALK] software alarm: Program cygnus_daq is not running
[fileCompressor,TALK] software alarm: Program cygnus_daq is not running
[fileCompressor,TALK] software alarm: Program cygnus_daq is not running
[fileCompressor,TALK] software alarm: Program cygnus_daq is not running
[fileCompressor,TALK] software alarm: Program cygnus_daq is not running
[fileCompressor,TALK] software alarm: Program cygnus_daq is not running
[fileCompressor,TALK] software alarm: Program cygnus_daq is not running
[fileCompressor,TALK] software alarm: Program cygnus_daq is not running
[fileCompressor,TALK] software alarm: Program cygnus_daq is not running
[fileCompressor,TALK] software alarm: Program cygnus_daq is not running
[fileCompressor,TALK] software alarm: Program cygnus_daq is not running
[fileCompressor,TALK] software alarm: Program cygnus_daq is not running
[fileCompressor,TALK] software alarm: Program cygnus_daq is not running
[fileCompressor,TALK] software alarm: Program cygnus_daq is not running
[fileCompressor,TALK] software alarm: Program cygnus_daq is not running
[fileCompressor,TALK] software alarm: Program cygnus_daq is not running
[fileCompressor,TALK] software alarm: Program cygnus_daq is not running
[fileCompressor,TALK] software alarm: Program cygnus_daq is not running
[fileCompressor,TALK] software alarm: Program cygnus_daq is not running
[fileCompressor,TALK] software alarm: Program cygnus_daq is not running
[fileCompressor,TALK] software alarm: Program cygnus_daq is not running
[fileCompressor,TALK] software alarm: Program cygnus_daq is not running
[fileCompressor,TALK] software alarm: Program cygnus_daq is not running
[fileCompressor,TALK] software alarm: Program cygnus_daq is not running
[fileCompressor,TALK] software alarm: Program cygnus_daq is not running
[fileCompressor,TALK] software alarm: Program cygnus_daq is not running
[fileCompressor,TALK] software alarm: Program cygnus_daq is not running
[fileCompressor,TALK] software alarm: Program cygnus_daq is not running
[fileCompressor,TALK] software alarm: Program cygnus_daq is not running
[fileCompressor,TALK] software alarm: Program cygnus_daq is not running
[fileCompressor,TALK] software alarm: Program cygnus_daq is not running
[fileCompressor,TALK] software alarm: Program cygnus_daq is not running
[fileCompressor,TALK] software alarm: Program cygnus_daq is not running
[fileCompressor,TALK] software alarm: Program cygnus_daq is not running
[fileCompressor,TALK] software alarm: Program cygnus_daq is not running
[fileCompressor,TALK] software alarm: Program cygnus_daq is not running
[fileCompressor,TALK] software alarm: Program cygnus_daq is not running
[fileCompressor,TALK] software alarm: Program cygnus_daq is not running
[fileCompressor,TALK] software alarm: Program cygnus_daq is not running
[fileCompressor,TALK] software alarm: Program cygnus_daq is not running
[fileCompressor,TALK] software alarm: Program cygnus_daq is not running
[fileCompressor,TALK] software alarm: Program cygnus_daq is not running
[fileCompressor,TALK] software alarm: Program cygnus_daq is not running
[fileCompressor,TALK] software alarm: Program cygnus_daq is not running
[fileCompressor,TALK] software alarm: Program cygnus_daq is not running
[fileCompressor,TALK] software alarm: Program cygnus_daq is not running
[fileCompressor,TALK] software alarm: Program cygnus_daq is not running
[fileCompressor,TALK] software alarm: Program cygnus_daq is not running
[fileCompressor,TALK] software alarm: Program cygnus_daq is not running
[fileCompressor,TALK] software alarm: Program cygnus_daq is not running
[fileCompressor,TALK] software alarm: Program cygnus_daq is not running
[fileCompressor,TALK] software alarm: Program cygnus_daq is not running
[fileCompressor,TALK] software alarm: Program cygnus_daq is not running
[fileCompressor,TALK] software alarm: Program cygnus_daq is not running
[fileCompressor,TALK] software alarm: Program cygnus_daq is not running
[fileCompressor,TALK] software alarm: Program cygnus_daq is not running
[fileCompressor,TALK] software alarm: Program cygnus_daq is not running
[fileCompressor,TALK] software alarm: Program cygnus_daq is not running
[fileCompressor,TALK] software alarm: Program cygnus_daq is not running
[fileCompressor,TALK] software alarm: Program cygnus_daq is not running
[fileCompressor,TALK] software alarm: Program cygnus_daq is not running
[fileCompressor,TALK] software alarm: Program cygnus_daq is not running
[fileCompressor,TALK] software alarm: Program cygnus_daq is not running
[fileCompressor,TALK] software alarm: Program cygnus_daq is not running
[fileCompressor,TALK] software alarm: Program cygnus_daq is not running
[fileCompressor,TALK] software alarm: Program cygnus_daq is not running
[fileCompressor,TALK] software alarm: Program cygnus_daq is not running
[fileCompressor,TALK] software alarm: Program cygnus_daq is not running
[fileCompressor,TALK] software alarm: Program cygnus_daq is not running
[fileCompressor,TALK] software alarm: Program cygnus_daq is not running
[fileCompressor,TALK] software alarm: Program cygnus_daq is not running
[fileCompressor,TALK] software alarm: Program cygnus_daq is not running
[fileCompressor,TALK] software alarm: Program cygnus_daq is not running
[fileCompressor,TALK] software alarm: Program cygnus_daq is not running
[fileCompressor,TALK] software alarm: Program cygnus_daq is not running
[fileCompressor,TALK] software alarm: Program cygnus_daq is not running
[fileCompressor,TALK] software alarm: Program cygnus_daq is not running
[fileCompressor,TALK] software alarm: Program cygnus_daq is not running
[fileCompressor,TALK] software alarm: Program cygnus_daq is not running
[fileCompressor,TALK] software alarm: Program cygnus_daq is not running
[fileCompressor,TALK] software alarm: Program cygnus_daq is not running
[fileCompressor,TALK] software alarm: Program cygnus_daq is not running
[fileCompressor,TALK] software alarm: Program cygnus_daq is not running
[fileCompressor,TALK] software alarm: Program cygnus_daq is not running
[fileCompressor,TALK] software alarm: Program cygnus_daq is not running
[fileCompressor,TALK] software alarm: Program cygnus_daq is not running
[fileCompressor,TALK] software alarm: Program cygnus_daq is not running
[fileCompressor,TALK] software alarm: Program cygnus_daq is not running
[fileCompressor,TALK] software alarm: Program cygnus_daq is not running
[fileCompressor,TALK] software alarm: Program cygnus_daq is not running
[fileCompressor,TALK] software alarm: Program cygnus_daq is not running
[fileCompressor,TALK] software alarm: Program cygnus_daq is not running
[fileCompressor,TALK] software alarm: Program cygnus_daq is not running
[fileCompressor,TALK] software alarm: Program cygnus_daq is not running
[fileCompressor,TALK] software alarm: Program cygnus_daq is not running
[fileCompressor,TALK] software alarm: Program cygnus_daq is not running
[fileCompressor,TALK] software alarm: Program cygnus_daq is not running
[fileCompressor,TALK] software alarm: Program cygnus_daq is not running
[fileCompressor,TALK] software alarm: Program cygnus_daq is not running
[fileCompressor,TALK] software alarm: Program cygnus_daq is not running
[fileCompressor,TALK] software alarm: Program cygnus_daq is not running
[fileCompressor,TALK] software alarm: Program cygnus_daq is not running
[fileCompressor,TALK] software alarm: Program cygnus_daq is not running
[fileCompressor,TALK] software alarm: Program cygnus_daq is not running
[fileCompressor,TALK] software alarm: Program cygnus_daq is not running
[fileCompressor,TALK] software alarm: Program cygnus_daq is not running
[fileCompressor,TALK] software alarm: Program cygnus_daq is not running
[fileCompressor,TALK] software alarm: Program cygnus_daq is not running
[fileCompressor,TALK] software alarm: Program cygnus_daq is not running
[fileCompressor,TALK] software alarm: Program cygnus_daq is not running
[fileCompressor,TALK] software alarm: Program cygnus_daq is not running
[fileCompressor,TALK] software alarm: Program cygnus_daq is not running
[fileCompressor,TALK] software alarm: Program cygnus_daq is not running
[fileCompressor,TALK] software alarm: Program cygnus_daq is not running
[fileCompressor,TALK] software alarm: Program cygnus_daq is not running
[fileCompressor,TALK] software alarm: Program cygnus_daq is not running
[fileCompressor,TALK] software alarm: Program cygnus_daq is not running
[fileCompressor,TALK] software alarm: Program cygnus_daq is not running
[fileCompressor,TALK] software alarm: Program cygnus_daq is not running
[fileCompressor,TALK] software alarm: Program cygnus_daq is not running
[fileCompressor,TALK] software alarm: Program cygnus_daq is not running
[fileCompressor,TALK] software alarm: Program cygnus_daq is not running
[fileCompressor,TALK] software alarm: Program cygnus_daq is not running
[fileCompressor,TALK] software alarm: Program cygnus_daq is not running
[fileCompressor,TALK] software alarm: Program cygnus_daq is not running
[fileCompressor,TALK] software alarm: Program cygnus_daq is not running
[fileCompressor,TALK] software alarm: Program cygnus_daq is not running
[fileCompressor,TALK] software alarm: Program cygnus_daq is not running
[fileCompressor,TALK] software alarm: Program cygnus_daq is not running
[fileCompressor,TALK] software alarm: Program cygnus_daq is not running
[fileCompressor,TALK] software alarm: Program cygnus_daq is not running
[fileCompressor,TALK] software alarm: Program cygnus_daq is not running
[fileCompressor,TALK] software alarm: Program cygnus_daq is not running
[fileCompressor,TALK] software alarm: Program cygnus_daq is not running
[fileCompressor,TALK] software alarm: Program cygnus_daq is not running
[fileCompressor,TALK] software alarm: Program cygnus_daq is not running
[fileCompressor,TALK] software alarm: Program cygnus_daq is not running
[fileCompressor,TALK] software alarm: Program cygnus_daq is not running
[fileCompressor,TALK] software alarm: Program cygnus_daq is not running
[fileCompressor,TALK] software alarm: Program cygnus_daq is not running
[fileCompressor,TALK] software alarm: Program cygnus_daq is not running
[fileCompressor,TALK] software alarm: Program cygnus_daq is not running
[fileCompressor,TALK] software alarm: Program cygnus_daq is not running
[fileCompressor,TALK] software alarm: Program cygnus_daq is not running
[fileCompressor,TALK] software alarm: Program cygnus_daq is not running
[fileCompressor,TALK] software alarm: Program cygnus_daq is not running
[fileCompressor,TALK] software alarm: Program cygnus_daq is not running
[fileCompressor,TALK] software alarm: Program cygnus_daq is not running
[fileCompressor,TALK] software alarm: Program cygnus_daq is not running
[fileCompressor,TALK] software alarm: Program cygnus_daq is not running
[fileCompressor,TALK] software alarm: Program cygnus_daq is not running
[fileCompressor,TALK] software alarm: Program cygnus_daq is not running
[fileCompressor,TALK] software alarm: Program cygnus_daq is not running
[fileCompressor,TALK] software alarm: Program cygnus_daq is not running
[fileCompressor,TALK] software alarm: Program cygnus_daq is not running
[fileCompressor,TALK] software alarm: Program cygnus_daq is not running
[fileCompressor,TALK] software alarm: Program cygnus_daq is not running
[fileCompressor,TALK] software alarm: Program cygnus_daq is not running
[fileCompressor,TALK] software alarm: Program cygnus_daq is not running
[fileCompressor,TALK] software alarm: Program cygnus_daq is not running
[fileCompressor,TALK] software alarm: Program cygnus_daq is not running
[fileCompressor,TALK] software alarm: Program cygnus_daq is not running
[fileCompressor,TALK] software alarm: Program cygnus_daq is not running
[fileCompressor,TALK] software alarm: Program cygnus_daq is not running
[fileCompressor,TALK] software alarm: Program cygnus_daq is not running
[fileCompressor,TALK] software alarm: Program cygnus_daq is not running
[fileCompressor,TALK] software alarm: Program cygnus_daq is not running
[fileCompressor,TALK] software alarm: Program cygnus_daq is not running
[fileCompressor,TALK] software alarm: Program cygnus_daq is not running
[fileCompressor,TALK] software alarm: Program cygnus_daq is not running
[fileCompressor,TALK] software alarm: Program cygnus_daq is not running
[fileCompressor,TALK] software alarm: Program cygnus_daq is not running
[fileCompressor,TALK] software alarm: Program cygnus_daq is not running
[fileCompressor,TALK] software alarm: Program cygnus_daq is not running
[fileCompressor,TALK] software alarm: Program cygnus_daq is not running
[fileCompressor,TALK] software alarm: Program cygnus_daq is not running
[fileCompressor,TALK] software alarm: Program cygnus_daq is not running
[fileCompressor,TALK] software alarm: Program cygnus_daq is not running
[fileCompressor,TALK] software alarm: Program cygnus_daq is not running
[fileCompressor,TALK] software alarm: Program cygnus_daq is not running
[fileCompressor,TALK] software alarm: Program cygnus_daq is not running
[fileCompressor,TALK] software alarm: Program cygnus_daq is not running
[fileCompressor,TALK] software alarm: Program cygnus_daq is not running
[fileCompressor,TALK] software alarm: Program cygnus_daq is not running
[fileCompressor,TALK] software alarm: Program cygnus_daq is not running
[fileCompressor,TALK] software alarm: Program cygnus_daq is not running
[fileCompressor,TALK] software alarm: Program cygnus_daq is not running
[fileCompressor,TALK] software alarm: Program cygnus_daq is not running
[fileCompressor,TALK] software alarm: Program cygnus_daq is not running
[fileCompressor,TALK] software alarm: Program cygnus_daq is not running
[fileCompressor,TALK] software alarm: Program cygnus_daq is not running
[fileCompressor,TALK] software alarm: Program cygnus_daq is not running
[fileCompressor,TALK] software alarm: Program cygnus_daq is not running
[fileCompressor,TALK] software alarm: Program cygnus_daq is not running
[fileCompressor,TALK] software alarm: Program cygnus_daq is not running
[fileCompressor,TALK] software alarm: Program cygnus_daq is not running
[fileCompressor,TALK] software alarm: Program cygnus_daq is not running
[fileCompressor,TALK] software alarm: Program cygnus_daq is not running
[fileCompressor,TALK] software alarm: Program cygnus_daq is not running
[fileCompressor,TALK] software alarm: Program cygnus_daq is not running
[fileCompressor,TALK] software alarm: Program cygnus_daq is not running
[fileCompressor,TALK] software alarm: Program cygnus_daq is not running
[fileCompressor,TALK] software alarm: Program cygnus_daq is not running
[fileCompressor,TALK] software alarm: Program cygnus_daq is not running
[fileCompressor,TALK] software alarm: Program cygnus_daq is not running
[fileCompressor,TALK] software alarm: Program cygnus_daq is not running
[fileCompressor,TALK] software alarm: Program cygnus_daq is not running
[fileCompressor,TALK] software alarm: Program cygnus_daq is not running
[fileCompressor,TALK] software alarm: Program cygnus_daq is not running
[fileCompressor,TALK] software alarm: Program cygnus_daq is not running
[fileCompressor,TALK] software alarm: Program cygnus_daq is not running
[fileCompressor,TALK] software alarm: Program cygnus_daq is not running
[fileCompressor,TALK] software alarm: Program cygnus_daq is not running
[fileCompressor,TALK] software alarm: Program cygnus_daq is not running
[fileCompressor,TALK] software alarm: Program cygnus_daq is not running
[fileCompressor,TALK] software alarm: Program cygnus_daq is not running
[fileCompressor,TALK] software alarm: Program cygnus_daq is not running
[fileCompressor,TALK] software alarm: Program cygnus_daq is not running
[fileCompressor,TALK] software alarm: Program cygnus_daq is not running
[fileCompressor,TALK] software alarm: Program cygnus_daq is not running
[fileCompressor,TALK] software alarm: Program cygnus_daq is not running
[fileCompressor,TALK] software alarm: Program cygnus_daq is not running
[fileCompressor,TALK] software alarm: Program cygnus_daq is not running
[fileCompressor,TALK] software alarm: Program cygnus_daq is not running
[fileCompressor,TALK] software alarm: Program cygnus_daq is not running
[fileCompressor,TALK] software alarm: Program cygnus_daq is not running
[fileCompressor,TALK] software alarm: Program cygnus_daq is not running
[fileCompressor,TALK] software alarm: Program cygnus_daq is not running
[fileCompressor,TALK] software alarm: Program cygnus_daq is not running
[fileCompressor,TALK] software alarm: Program cygnus_daq is not running
[fileCompressor,TALK] software alarm: Program cygnus_daq is not running
[fileCompressor,TALK] software alarm: Program cygnus_daq is not running
[fileCompressor,TALK] software alarm: Program cygnus_daq is not running
[fileCompressor,TALK] software alarm: Program cygnus_daq is not running
[fileCompressor,TALK] software alarm: Program cygnus_daq is not running
[fileCompressor,TALK] software alarm: Program cygnus_daq is not running
[fileCompressor,TALK] software alarm: Program cygnus_daq is not running
[fileCompressor,TALK] software alarm: Program cygnus_daq is not running
[fileCompressor,TALK] software alarm: Program cygnus_daq is not running
[fileCompressor,TALK] software alarm: Program cygnus_daq is not running
[fileCompressor,TALK] software alarm: Program cygnus_daq is not running
[fileCompressor,TALK] software alarm: Program cygnus_daq is not running
[fileCompressor,TALK] software alarm: Program cygnus_daq is not running
[fileCompressor,TALK] software alarm: Program cygnus_daq is not running
[fileCompressor,TALK] software alarm: Program cygnus_daq is not running
[fileCompressor,TALK] software alarm: Program cygnus_daq is not running
[fileCompressor,TALK] software alarm: Program cygnus_daq is not running
[fileCompressor,TALK] software alarm: Program cygnus_daq is not running
[fileCompressor,TALK] software alarm: Program cygnus_daq is not running
[fileCompressor,TALK] software alarm: Program cygnus_daq is not running
[fileCompressor,TALK] software alarm: Program cygnus_daq is not running
[fileCompressor,TALK] software alarm: Program cygnus_daq is not running
[fileCompressor,TALK] software alarm: Program cygnus_daq is not running
[fileCompressor,TALK] software alarm: Program cygnus_daq is not running
[fileCompressor,TALK] software alarm: Program cygnus_daq is not running
[fileCompressor,TALK] software alarm: Program cygnus_daq is not running
[fileCompressor,TALK] software alarm: Program cygnus_daq is not running
[fileCompressor,TALK] software alarm: Program cygnus_daq is not running
[fileCompressor,TALK] software alarm: Program cygnus_daq is not running
[fileCompressor,TALK] software alarm: Program cygnus_daq is not running
[fileCompressor,TALK] software alarm: Program cygnus_daq is not running
[fileCompressor,TALK] software alarm: Program cygnus_daq is not running
[fileCompressor,TALK] software alarm: Program cygnus_daq is not running
[fileCompressor,TALK] software alarm: Program cygnus_daq is not running
[fileCompressor,TALK] software alarm: Program cygnus_daq is not running
[fileCompressor,TALK] software alarm: Program cygnus_daq is not running
[fileCompressor,TALK] software alarm: Program cygnus_daq is not running
[fileCompressor,TALK] software alarm: Program cygnus_daq is not running
[fileCompressor,TALK] software alarm: Program cygnus_daq is not running
[fileCompressor,TALK] software alarm: Program cygnus_daq is not running
[fileCompressor,TALK] software alarm: Program cygnus_daq is not running
[fileCompressor,TALK] software alarm: Program cygnus_daq is not running
[fileCompressor,TALK] software alarm: Program cygnus_daq is not running
[fileCompressor,TALK] software alarm: Program cygnus_daq is not running
[fileCompressor,TALK] software alarm: Program cygnus_daq is not running
[fileCompressor,TALK] software alarm: Program cygnus_daq is not running
[fileCompressor,TALK] software alarm: Program cygnus_daq is not running
[fileCompressor,TALK] software alarm: Program cygnus_daq is not running
[fileCompressor,TALK] software alarm: Program cygnus_daq is not running
[fileCompressor,TALK] software alarm: Program cygnus_daq is not running
[fileCompressor,TALK] software alarm: Program cygnus_daq is not running
[fileCompressor,TALK] software alarm: Program cygnus_daq is not running
[fileCompressor,TALK] software alarm: Program cygnus_daq is not running
[fileCompressor,TALK] software alarm: Program cygnus_daq is not running
[fileCompressor,TALK] software alarm: Program cygnus_daq is not running
[fileCompressor,TALK] software alarm: Program cygnus_daq is not running
[fileCompressor,TALK] software alarm: Program cygnus_daq is not running
[fileCompressor,TALK] software alarm: Program cygnus_daq is not running
[fileCompressor,TALK] software alarm: Program cygnus_daq is not running
[fileCompressor,TALK] software alarm: Program cygnus_daq is not running
[fileCompressor,TALK] software alarm: Program cygnus_daq is not running
[fileCompressor,TALK] software alarm: Program cygnus_daq is not running
[fileCompressor,TALK] software alarm: Program cygnus_daq is not running
[fileCompressor,TALK] software alarm: Program cygnus_daq is not running
[fileCompressor,TALK] software alarm: Program cygnus_daq is not running
[fileCompressor,TALK] software alarm: Program cygnus_daq is not running
[fileCompressor,TALK] software alarm: Program cygnus_daq is not running
[fileCompressor,TALK] software alarm: Program cygnus_daq is not running
[fileCompressor,TALK] software alarm: Program cygnus_daq is not running
[fileCompressor,TALK] software alarm: Program cygnus_daq is not running
[fileCompressor,TALK] software alarm: Program cygnus_daq is not running
[fileCompressor,TALK] software alarm: Program cygnus_daq is not running
[fileCompressor,TALK] software alarm: Program cygnus_daq is not running
[fileCompressor,TALK] software alarm: Program cygnus_daq is not running
[fileCompressor,TALK] software alarm: Program cygnus_daq is not running
[fileCompressor,TALK] software alarm: Program cygnus_daq is not running
[fileCompressor,TALK] software alarm: Program cygnus_daq is not running
[fileCompressor,TALK] software alarm: Program cygnus_daq is not running
[fileCompressor,TALK] software alarm: Program cygnus_daq is not running
[fileCompressor,TALK] software alarm: Program cygnus_daq is not running
[fileCompressor,TALK] software alarm: Program cygnus_daq is not running
[fileCompressor,TALK] software alarm: Program cygnus_daq is not running
[fileCompressor,TALK] software alarm: Program cygnus_daq is not running
[fileCompressor,TALK] software alarm: Program cygnus_daq is not running
[fileCompressor,TALK] software alarm: Program cygnus_daq is not running
[fileCompressor,TALK] software alarm: Program cygnus_daq is not running
[fileCompressor,TALK] software alarm: Program cygnus_daq is not running
[fileCompressor,TALK] software alarm: Program cygnus_daq is not running
[fileCompressor,TALK] software alarm: Program cygnus_daq is not running
[fileCompressor,TALK] software alarm: Program cygnus_daq is not running
[fileCompressor,TALK] software alarm: Program cygnus_daq is not running
[fileCompressor,TALK] software alarm: Program cygnus_daq is not running
[fileCompressor,TALK] software alarm: Program cygnus_daq is not running
[fileCompressor,TALK] software alarm: Program cygnus_daq is not running
[fileCompressor,TALK] software alarm: Program cygnus_daq is not running
[fileCompressor,TALK] software alarm: Program cygnus_daq is not running
[fileCompressor,TALK] software alarm: Program cygnus_daq is not running
[fileCompressor,TALK] software alarm: Program cygnus_daq is not running
[fileCompressor,TALK] software alarm: Program cygnus_daq is not running
[fileCompressor,TALK] software alarm: Program cygnus_daq is not running
[fileCompressor,TALK] software alarm: Program cygnus_daq is not running
[fileCompressor,TALK] software alarm: Program cygnus_daq is not running
[fileCompressor,TALK] software alarm: Program cygnus_daq is not running
[fileCompressor,TALK] software alarm: Program cygnus_daq is not running
[fileCompressor,TALK] software alarm: Program cygnus_daq is not running
[fileCompressor,TALK] software alarm: Program cygnus_daq is not running
[fileCompressor,TALK] software alarm: Program cygnus_daq is not running
[fileCompressor,TALK] software alarm: Program cygnus_daq is not running
[fileCompressor,TALK] software alarm: Program cygnus_daq is not running
[fileCompressor,TALK] software alarm: Program cygnus_daq is not running
[fileCompressor,TALK] software alarm: Program cygnus_daq is not running
[fileCompressor,TALK] software alarm: Program cygnus_daq is not running
[fileCompressor,TALK] software alarm: Program cygnus_daq is not running
[fileCompressor,TALK] software alarm: Program cygnus_daq is not running
[fileCompressor,TALK] software alarm: Program cygnus_daq is not running
[fileCompressor,TALK] software alarm: Program cygnus_daq is not running
[fileCompressor,TALK] software alarm: Program cygnus_daq is not running
[fileCompressor,TALK] software alarm: Program cygnus_daq is not running
[fileCompressor,TALK] software alarm: Program cygnus_daq is not running
[fileCompressor,TALK] software alarm: Program cygnus_daq is not running
[fileCompressor,TALK] software alarm: Program cygnus_daq is not running
[fileCompressor,TALK] software alarm: Program cygnus_daq is not running
[fileCompressor,TALK] software alarm: Program cygnus_daq is not running
[fileCompressor,TALK] software alarm: Program cygnus_daq is not running
[fileCompressor,TALK] software alarm: Program cygnus_daq is not running
[fileCompressor,TALK] software alarm: Program cygnus_daq is not running
[fileCompressor,TALK] software alarm: Program cygnus_daq is not running
[fileCompressor,TALK] software alarm: Program cygnus_daq is not running
[fileCompressor,TALK] software alarm: Program cygnus_daq is not running
[fileCompressor,TALK] software alarm: Program cygnus_daq is not running
[fileCompressor,TALK] software alarm: Program cygnus_daq is not running
[fileCompressor,TALK] software alarm: Program cygnus_daq is not running
[fileCompressor,TALK] software alarm: Program cygnus_daq is not running
[fileCompressor,TALK] software alarm: Program cygnus_daq is not running
[fileCompressor,TALK] software alarm: Program cygnus_daq is not running
[fileCompressor,TALK] software alarm: Program cygnus_daq is not running
[fileCompressor,TALK] software alarm: Program cygnus_daq is not running
[fileCompressor,TALK] software alarm: Program cygnus_daq is not running
[fileCompressor,TALK] software alarm: Program cygnus_daq is not running
[fileCompressor,TALK] software alarm: Program cygnus_daq is not running
[fileCompressor,TALK] software alarm: Program cygnus_daq is not running
[fileCompressor,TALK] software alarm: Program cygnus_daq is not running
[fileCompressor,TALK] software alarm: Program cygnus_daq is not running
[fileCompressor,TALK] software alarm: Program cygnus_daq is not running
[fileCompressor,TALK] software alarm: Program cygnus_daq is not running
[fileCompressor,TALK] software alarm: Program cygnus_daq is not running
[fileCompressor,TALK] software alarm: Program cygnus_daq is not running
[fileCompressor,TALK] software alarm: Program cygnus_daq is not running
[fileCompressor,TALK] software alarm: Program cygnus_daq is not running
[fileCompressor,TALK] software alarm: Program cygnus_daq is not running
[fileCompressor,TALK] software alarm: Program cygnus_daq is not running
[fileCompressor,TALK] software alarm: Program cygnus_daq is not running
[fileCompressor,TALK] software alarm: Program cygnus_daq is not running
[fileCompressor,TALK] software alarm: Program cygnus_daq is not running
[fileCompressor,TALK] software alarm: Program cygnus_daq is not running
[fileCompressor,TALK] software alarm: Program cygnus_daq is not running
[fileCompressor,TALK] software alarm: Program cygnus_daq is not running
[fileCompressor,TALK] software alarm: Program cygnus_daq is not running
[fileCompressor,TALK] software alarm: Program cygnus_daq is not running
[fileCompressor,TALK] software alarm: Program cygnus_daq is not running
[fileCompressor,TALK] software alarm: Program cygnus_daq is not running
[fileCompressor,TALK] software alarm: Program cygnus_daq is not running
[fileCompressor,TALK] software alarm: Program cygnus_daq is not running
[fileCompressor,TALK] software alarm: Program cygnus_daq is not running
[fileCompressor,TALK] software alarm: Program cygnus_daq is not running
[fileCompressor,TALK] software alarm: Program cygnus_daq is not running
[fileCompressor,TALK] software alarm: Program cygnus_daq is not running
[fileCompressor,TALK] software alarm: Program cygnus_daq is not running
[fileCompressor,TALK] software alarm: Program cygnus_daq is not running
[fileCompressor,TALK] software alarm: Program cygnus_daq is not running
[fileCompressor,TALK] software alarm: Program cygnus_daq is not running
[fileCompressor,TALK] software alarm: Program cygnus_daq is not running
[fileCompressor,TALK] software alarm: Program cygnus_daq is not running
[fileCompressor,TALK] software alarm: Program cygnus_daq is not running
[fileCompressor,TALK] software alarm: Program cygnus_daq is not running
[fileCompressor,TALK] software alarm: Program cygnus_daq is not running
[fileCompressor,TALK] software alarm: Program cygnus_daq is not running
[fileCompressor,TALK] software alarm: Program cygnus_daq is not running
[fileCompressor,TALK] software alarm: Program cygnus_daq is not running
[fileCompressor,TALK] software alarm: Program cygnus_daq is not running
[fileCompressor,TALK] software alarm: Program cygnus_daq is not running
[fileCompressor,TALK] software alarm: Program cygnus_daq is not running
[fileCompressor,TALK] software alarm: Program cygnus_daq is not running
[fileCompressor,TALK] software alarm: Program cygnus_daq is not running
[fileCompressor,TALK] software alarm: Program cygnus_daq is not running
[fileCompressor,TALK] software alarm: Program cygnus_daq is not running
[fileCompressor,TALK] software alarm: Program cygnus_daq is not running
[fileCompressor,TALK] software alarm: Program cygnus_daq is not running
[fileCompressor,TALK] software alarm: Program cygnus_daq is not running
[fileCompressor,TALK] software alarm: Program cygnus_daq is not running
[fileCompressor,TALK] software alarm: Program cygnus_daq is not running
[fileCompressor,TALK] software alarm: Program cygnus_daq is not running
[fileCompressor,TALK] software alarm: Program cygnus_daq is not running
[fileCompressor,TALK] software alarm: Program cygnus_daq is not running
[fileCompressor,TALK] software alarm: Program cygnus_daq is not running
[fileCompressor,TALK] software alarm: Program cygnus_daq is not running
[fileCompressor,TALK] software alarm: Program cygnus_daq is not running
[fileCompressor,TALK] software alarm: Program cygnus_daq is not running
[fileCompressor,TALK] software alarm: Program cygnus_daq is not running
[fileCompressor,TALK] software alarm: Program cygnus_daq is not running
[fileCompressor,TALK] software alarm: Program cygnus_daq is not running
[fileCompressor,TALK] software alarm: Program cygnus_daq is not running
[fileCompressor,TALK] software alarm: Program cygnus_daq is not running
[fileCompressor,TALK] software alarm: Program cygnus_daq is not running
[fileCompressor,TALK] software alarm: Program cygnus_daq is not running
[fileCompressor,TALK] software alarm: Program cygnus_daq is not running
[fileCompressor,TALK] software alarm: Program cygnus_daq is not running
[fileCompressor,TALK] software alarm: Program cygnus_daq is not running
[fileCompressor,TALK] software alarm: Program cygnus_daq is not running
[fileCompressor,TALK] software alarm: Program cygnus_daq is not running
[fileCompressor,TALK] software alarm: Program cygnus_daq is not running
[fileCompressor,TALK] software alarm: Program cygnus_daq is not running
[fileCompressor,TALK] software alarm: Program cygnus_daq is not running
[fileCompressor,TALK] software alarm: Program cygnus_daq is not running
[fileCompressor,TALK] software alarm: Program cygnus_daq is not running
[fileCompressor,TALK] software alarm: Program cygnus_daq is not running
[fileCompressor,TALK] software alarm: Program cygnus_daq is not running
[fileCompressor,TALK] software alarm: Program cygnus_daq is not running
[fileCompressor,TALK] software alarm: Program cygnus_daq is not running
[fileCompressor,TALK] software alarm: Program cygnus_daq is not running
[fileCompressor,TALK] software alarm: Program cygnus_daq is not running
[fileCompressor,TALK] software alarm: Program cygnus_daq is not running
[fileCompressor,TALK] software alarm: Program cygnus_daq is not running
[fileCompressor,TALK] software alarm: Program cygnus_daq is not running
[fileCompressor,TALK] software alarm: Program cygnus_daq is not running
[fileCompressor,TALK] software alarm: Program cygnus_daq is not running
[fileCompressor,TALK] software alarm: Program cygnus_daq is not running
[fileCompressor,TALK] software alarm: Program cygnus_daq is not running
[fileCompressor,TALK] software alarm: Program cygnus_daq is not running
[fileCompressor,TALK] software alarm: Program cygnus_daq is not running
[fileCompressor,TALK] software alarm: Program cygnus_daq is not running
[fileCompressor,TALK] software alarm: Program cygnus_daq is not running
[fileCompressor,TALK] software alarm: Program cygnus_daq is not running
[fileCompressor,TALK] software alarm: Program cygnus_daq is not running
[fileCompressor,TALK] software alarm: Program cygnus_daq is not running
[fileCompressor,TALK] software alarm: Program cygnus_daq is not running
[fileCompressor,TALK] software alarm: Program cygnus_daq is not running
[fileCompressor,TALK] software alarm: Program cygnus_daq is not running
[fileCompressor,TALK] software alarm: Program cygnus_daq is not running
[fileCompressor,TALK] software alarm: Program cygnus_daq is not running
[fileCompressor,TALK] software alarm: Program cygnus_daq is not running
[fileCompressor,TALK] software alarm: Program cygnus_daq is not running
[fileCompressor,TALK] software alarm: Program cygnus_daq is not running
[fileCompressor,TALK] software alarm: Program cygnus_daq is not running
[fileCompressor,TALK] software alarm: Program cygnus_daq is not running
[fileCompressor,TALK] software alarm: Program cygnus_daq is not running
[fileCompressor,TALK] software alarm: Program cygnus_daq is not running
[fileCompressor,TALK] software alarm: Program cygnus_daq is not running
[fileCompressor,TALK] software alarm: Program cygnus_daq is not running
[fileCompressor,TALK] software alarm: Program cygnus_daq is not running
[fileCompressor,TALK] software alarm: Program cygnus_daq is not running
[fileCompressor,TALK] software alarm: Program cygnus_daq is not running
[fileCompressor,TALK] software alarm: Program cygnus_daq is not running
[fileCompressor,TALK] software alarm: Program cygnus_daq is not running
[fileCompressor,TALK] software alarm: Program cygnus_daq is not running
[fileCompressor,TALK] software alarm: Program cygnus_daq is not running
[fileCompressor,TALK] software alarm: Program cygnus_daq is not running
[fileCompressor,TALK] software alarm: Program cygnus_daq is not running
[fileCompressor,TALK] software alarm: Program cygnus_daq is not running
[fileCompressor,TALK] software alarm: Program cygnus_daq is not running
[fileCompressor,TALK] software alarm: Program cygnus_daq is not running
[fileCompressor,TALK] software alarm: Program cygnus_daq is not running
[fileCompressor,TALK] software alarm: Program cygnus_daq is not running
[fileCompressor,TALK] software alarm: Program cygnus_daq is not running
[fileCompressor,TALK] software alarm: Program cygnus_daq is not running
[fileCompressor,TALK] software alarm: Program cygnus_daq is not running
[fileCompressor,TALK] software alarm: Program cygnus_daq is not running
[fileCompressor,TALK] software alarm: Program cygnus_daq is not running
[fileCompressor,TALK] software alarm: Program cygnus_daq is not running
[fileCompressor,TALK] software alarm: Program cygnus_daq is not running
[fileCompressor,TALK] software alarm: Program cygnus_daq is not running
[fileCompressor,TALK] software alarm: Program cygnus_daq is not running
[fileCompressor,TALK] software alarm: Program cygnus_daq is not running
[fileCompressor,TALK] software alarm: Program cygnus_daq is not running
[fileCompressor,TALK] software alarm: Program cygnus_daq is not running
[fileCompressor,TALK] software alarm: Program cygnus_daq is not running
[fileCompressor,TALK] software alarm: Program cygnus_daq is not running
[fileCompressor,TALK] software alarm: Program cygnus_daq is not running
[fileCompressor,TALK] software alarm: Program cygnus_daq is not running
[fileCompressor,TALK] software alarm: Program cygnus_daq is not running
[fileCompressor,TALK] software alarm: Program cygnus_daq is not running
[fileCompressor,TALK] software alarm: Program cygnus_daq is not running
[fileCompressor,TALK] software alarm: Program cygnus_daq is not running
[fileCompressor,TALK] software alarm: Program cygnus_daq is not running
[fileCompressor,TALK] software alarm: Program cygnus_daq is not running
[fileCompressor,TALK] software alarm: Program cygnus_daq is not running
[fileCompressor,TALK] software alarm: Program cygnus_daq is not running
[fileCompressor,TALK] software alarm: Program cygnus_daq is not running
[fileCompressor,TALK] software alarm: Program cygnus_daq is not running
[fileCompressor,TALK] software alarm: Program cygnus_daq is not running
[fileCompressor,TALK] software alarm: Program cygnus_daq is not running
[fileCompressor,TALK] software alarm: Program cygnus_daq is not running
[fileCompressor,TALK] software alarm: Program cygnus_daq is not running
[fileCompressor,TALK] software alarm: Program cygnus_daq is not running
[fileCompressor,TALK] software alarm: Program cygnus_daq is not running
[fileCompressor,TALK] software alarm: Program cygnus_daq is not running
[fileCompressor,TALK] software alarm: Program cygnus_daq is not running
[fileCompressor,TALK] software alarm: Program cygnus_daq is not running
[fileCompressor,TALK] software alarm: Program cygnus_daq is not running
[fileCompressor,TALK] software alarm: Program cygnus_daq is not running
[fileCompressor,TALK] software alarm: Program cygnus_daq is not running
[fileCompressor,TALK] software alarm: Program cygnus_daq is not running
[fileCompressor,TALK] software alarm: Program cygnus_daq is not running
[fileCompressor,TALK] software alarm: Program cygnus_daq is not running
[fileCompressor,TALK] software alarm: Program cygnus_daq is not running
[fileCompressor,TALK] software alarm: Program cygnus_daq is not running
[fileCompressor,TALK] software alarm: Program cygnus_daq is not running
[fileCompressor,TALK] software alarm: Program cygnus_daq is not running
[fileCompressor,TALK] software alarm: Program cygnus_daq is not running
[fileCompressor,TALK] software alarm: Program cygnus_daq is not running
[fileCompressor,TALK] software alarm: Program cygnus_daq is not running
[fileCompressor,TALK] software alarm: Program cygnus_daq is not running
[fileCompressor,TALK] software alarm: Program cygnus_daq is not running
[fileCompressor,TALK] software alarm: Program cygnus_daq is not running
[fileCompressor,TALK] software alarm: Program cygnus_daq is not running
[fileCompressor,TALK] software alarm: Program cygnus_daq is not running
[fileCompressor,TALK] software alarm: Program cygnus_daq is not running
[fileCompressor,TALK] software alarm: Program cygnus_daq is not running
[fileCompressor,TALK] software alarm: Program cygnus_daq is not running
[fileCompressor,TALK] software alarm: Program cygnus_daq is not running
[fileCompressor,TALK] software alarm: Program cygnus_daq is not running
[fileCompressor,TALK] software alarm: Program cygnus_daq is not running
[fileCompressor,TALK] software alarm: Program cygnus_daq is not running
[fileCompressor,TALK] software alarm: Program cygnus_daq is not running
[fileCompressor,TALK] software alarm: Program cygnus_daq is not running
[fileCompressor,TALK] software alarm: Program cygnus_daq is not running
[fileCompressor,TALK] software alarm: Program cygnus_daq is not running
[fileCompressor,TALK] software alarm: Program cygnus_daq is not running
[fileCompressor,TALK] software alarm: Program cygnus_daq is not running
[fileCompressor,TALK] software alarm: Program cygnus_daq is not running
[fileCompressor,TALK] software alarm: Program cygnus_daq is not running
[fileCompressor,TALK] software alarm: Program cygnus_daq is not running
[fileCompressor,TALK] software alarm: Program cygnus_daq is not running
[fileCompressor,TALK] software alarm: Program cygnus_daq is not running
[fileCompressor,TALK] software alarm: Program cygnus_daq is not running
[fileCompressor,TALK] software alarm: Program cygnus_daq is not running
[fileCompressor,TALK] software alarm: Program cygnus_daq is not running
[fileCompressor,TALK] software alarm: Program cygnus_daq is not running
[fileCompressor,TALK] software alarm: Program cygnus_daq is not running
[fileCompressor,TALK] software alarm: Program cygnus_daq is not running
[fileCompressor,TALK] software alarm: Program cygnus_daq is not running
[fileCompressor,TALK] software alarm: Program cygnus_daq is not running
[fileCompressor,TALK] software alarm: Program cygnus_daq is not running
[fileCompressor,TALK] software alarm: Program cygnus_daq is not running
[fileCompressor,TALK] software alarm: Program cygnus_daq is not running
[fileCompressor,TALK] software alarm: Program cygnus_daq is not running
[fileCompressor,TALK] software alarm: Program cygnus_daq is not running
[fileCompressor,TALK] software alarm: Program cygnus_daq is not running
[fileCompressor,TALK] software alarm: Program cygnus_daq is not running
[fileCompressor,TALK] software alarm: Program cygnus_daq is not running
[fileCompressor,TALK] software alarm: Program cygnus_daq is not running
[fileCompressor,TALK] software alarm: Program cygnus_daq is not running
[fileCompressor,TALK] software alarm: Program cygnus_daq is not running
[fileCompressor,TALK] software alarm: Program cygnus_daq is not running
[fileCompressor,TALK] software alarm: Program cygnus_daq is not running
[fileCompressor,TALK] software alarm: Program cygnus_daq is not running
[fileCompressor,TALK] software alarm: Program cygnus_daq is not running
[fileCompressor,TALK] software alarm: Program cygnus_daq is not running
[fileCompressor,TALK] software alarm: Program cygnus_daq is not running
[fileCompressor,TALK] software alarm: Program cygnus_daq is not running
[fileCompressor,TALK] software alarm: Program cygnus_daq is not running
[fileCompressor,TALK] software alarm: Program cygnus_daq is not running
[fileCompressor,TALK] software alarm: Program cygnus_daq is not running
[fileCompressor,TALK] software alarm: Program cygnus_daq is not running
[fileCompressor,TALK] software alarm: Program cygnus_daq is not running
[fileCompressor,TALK] software alarm: Program cygnus_daq is not running
[fileCompressor,TALK] software alarm: Program cygnus_daq is not running
[fileCompressor,TALK] software alarm: Program cygnus_daq is not running
[fileCompressor,TALK] software alarm: Program cygnus_daq is not running
[fileCompressor,TALK] software alarm: Program cygnus_daq is not running
[fileCompressor,TALK] software alarm: Program cygnus_daq is not running
[fileCompressor,TALK] software alarm: Program cygnus_daq is not running
[fileCompressor,TALK] software alarm: Program cygnus_daq is not running
[fileCompressor,TALK] software alarm: Program cygnus_daq is not running
[fileCompressor,TALK] software alarm: Program cygnus_daq is not running
[fileCompressor,TALK] software alarm: Program cygnus_daq is not running
[fileCompressor,TALK] software alarm: Program cygnus_daq is not running
[fileCompressor,TALK] software alarm: Program cygnus_daq is not running
[fileCompressor,TALK] software alarm: Program cygnus_daq is not running
[fileCompressor,TALK] software alarm: Program cygnus_daq is not running
[fileCompressor,TALK] software alarm: Program cygnus_daq is not running
[fileCompressor,TALK] software alarm: Program cygnus_daq is not running
[fileCompressor,TALK] software alarm: Program cygnus_daq is not running
[fileCompressor,TALK] software alarm: Program cygnus_daq is not running
[fileCompressor,TALK] software alarm: Program cygnus_daq is not running
[fileCompressor,TALK] software alarm: Program cygnus_daq is not running
[fileCompressor,TALK] software alarm: Program cygnus_daq is not running
[fileCompressor,TALK] software alarm: Program cygnus_daq is not running
[fileCompressor,TALK] software alarm: Program cygnus_daq is not running
[fileCompressor,TALK] software alarm: Program cygnus_daq is not running
[fileCompressor,TALK] software alarm: Program cygnus_daq is not running
[fileCompressor,TALK] software alarm: Program cygnus_daq is not running
[fileCompressor,TALK] software alarm: Program cygnus_daq is not running
[fileCompressor,TALK] software alarm: Program cygnus_daq is not running
[fileCompressor,TALK] software alarm: Program cygnus_daq is not running
[fileCompressor,TALK] software alarm: Program cygnus_daq is not running
[fileCompressor,TALK] software alarm: Program cygnus_daq is not running
[fileCompressor,TALK] software alarm: Program cygnus_daq is not running
[fileCompressor,TALK] software alarm: Program cygnus_daq is not running
[fileCompressor,TALK] software alarm: Program cygnus_daq is not running
[fileCompressor,TALK] software alarm: Program cygnus_daq is not running
[fileCompressor,TALK] software alarm: Program cygnus_daq is not running
[fileCompressor,TALK] software alarm: Program cygnus_daq is not running
[fileCompressor,TALK] software alarm: Program cygnus_daq is not running
[fileCompressor,TALK] software alarm: Program cygnus_daq is not running
[fileCompressor,TALK] software alarm: Program cygnus_daq is not running
[fileCompressor,TALK] software alarm: Program cygnus_daq is not running
[fileCompressor,TALK] software alarm: Program cygnus_daq is not running
[fileCompressor,TALK] software alarm: Program cygnus_daq is not running
[fileCompressor,TALK] software alarm: Program cygnus_daq is not running
[fileCompressor,TALK] software alarm: Program cygnus_daq is not running
[fileCompressor,TALK] software alarm: Program cygnus_daq is not running
[fileCompressor,TALK] software alarm: Program cygnus_daq is not running
[fileCompressor,TALK] software alarm: Program cygnus_daq is not running
[fileCompressor,TALK] software alarm: Program cygnus_daq is not running
[fileCompressor,TALK] software alarm: Program cygnus_daq is not running
[fileCompressor,TALK] software alarm: Program cygnus_daq is not running
[fileCompressor,TALK] software alarm: Program cygnus_daq is not running
[fileCompressor,TALK] software alarm: Program cygnus_daq is not running
[fileCompressor,TALK] software alarm: Program cygnus_daq is not running
[fileCompressor,TALK] software alarm: Program cygnus_daq is not running
[fileCompressor,TALK] software alarm: Program cygnus_daq is not running
[fileCompressor,TALK] software alarm: Program cygnus_daq is not running
[fileCompressor,TALK] software alarm: Program cygnus_daq is not running
[fileCompressor,TALK] software alarm: Program cygnus_daq is not running
[fileCompressor,TALK] software alarm: Program cygnus_daq is not running
[fileCompressor,TALK] software alarm: Program cygnus_daq is not running
[fileCompressor,TALK] software alarm: Program cygnus_daq is not running
[fileCompressor,TALK] software alarm: Program cygnus_daq is not running
[fileCompressor,TALK] software alarm: Program cygnus_daq is not running
[fileCompressor,TALK] software alarm: Program cygnus_daq is not running
[fileCompressor,TALK] software alarm: Program cygnus_daq is not running
[fileCompressor,TALK] software alarm: Program cygnus_daq is not running
[fileCompressor,TALK] software alarm: Program cygnus_daq is not running
[fileCompressor,TALK] software alarm: Program cygnus_daq is not running
[fileCompressor,TALK] software alarm: Program cygnus_daq is not running
[fileCompressor,TALK] software alarm: Program cygnus_daq is not running
[fileCompressor,TALK] software alarm: Program cygnus_daq is not running
[fileCompressor,TALK] software alarm: Program cygnus_daq is not running
[fileCompressor,TALK] software alarm: Program cygnus_daq is not running
[fileCompressor,TALK] software alarm: Program cygnus_daq is not running
[fileCompressor,TALK] software alarm: Program cygnus_daq is not running
[fileCompressor,TALK] software alarm: Program cygnus_daq is not running
[fileCompressor,TALK] software alarm: Program cygnus_daq is not running
[fileCompressor,TALK] software alarm: Program cygnus_daq is not running
[fileCompressor,TALK] software alarm: Program cygnus_daq is not running
[fileCompressor,TALK] software alarm: Program cygnus_daq is not running
[fileCompressor,TALK] software alarm: Program cygnus_daq is not running
[fileCompressor,TALK] software alarm: Program cygnus_daq is not running
[fileCompressor,TALK] software alarm: Program cygnus_daq is not running
[fileCompressor,TALK] software alarm: Program cygnus_daq is not running
[fileCompressor,TALK] software alarm: Program cygnus_daq is not running
[fileCompressor,TALK] software alarm: Program cygnus_daq is not running
[fileCompressor,TALK] software alarm: Program cygnus_daq is not running
[fileCompressor,TALK] software alarm: Program cygnus_daq is not running
[fileCompressor,TALK] software alarm: Program cygnus_daq is not running
[fileCompressor,TALK] software alarm: Program cygnus_daq is not running
[fileCompressor,TALK] software alarm: Program cygnus_daq is not running
[fileCompressor,TALK] software alarm: Program cygnus_daq is not running
[fileCompressor,TALK] software alarm: Program cygnus_daq is not running
[fileCompressor,TALK] software alarm: Program cygnus_daq is not running
[fileCompressor,TALK] software alarm: Program cygnus_daq is not running
[fileCompressor,TALK] software alarm: Program cygnus_daq is not running
[fileCompressor,TALK] software alarm: Program cygnus_daq is not running
[fileCompressor,TALK] software alarm: Program cygnus_daq is not running
[fileCompressor,TALK] software alarm: Program cygnus_daq is not running
[fileCompressor,TALK] software alarm: Program cygnus_daq is not running
[fileCompressor,TALK] software alarm: Program cygnus_daq is not running
[fileCompressor,TALK] software alarm: Program cygnus_daq is not running
[fileCompressor,TALK] software alarm: Program cygnus_daq is not running
[fileCompressor,TALK] software alarm: Program cygnus_daq is not running
[fileCompressor,TALK] software alarm: Program cygnus_daq is not running
[fileCompressor,TALK] software alarm: Program cygnus_daq is not running
[fileCompressor,TALK] software alarm: Program cygnus_daq is not running
[fileCompressor,TALK] software alarm: Program cygnus_daq is not running
[fileCompressor,TALK] software alarm: Program cygnus_daq is not running
[fileCompressor,TALK] software alarm: Program cygnus_daq is not running
[fileCompressor,TALK] software alarm: Program cygnus_daq is not running
[fileCompressor,TALK] software alarm: Program cygnus_daq is not running
[fileCompressor,TALK] software alarm: Program cygnus_daq is not running
[fileCompressor,TALK] software alarm: Program cygnus_daq is not running
[fileCompressor,TALK] software alarm: Program cygnus_daq is not running
[fileCompressor,TALK] software alarm: Program cygnus_daq is not running
[fileCompressor,TALK] software alarm: Program cygnus_daq is not running
[fileCompressor,TALK] software alarm: Program cygnus_daq is not running
[fileCompressor,TALK] software alarm: Program cygnus_daq is not running
[fileCompressor,TALK] software alarm: Program cygnus_daq is not running
[fileCompressor,TALK] software alarm: Program cygnus_daq is not running
[fileCompressor,TALK] software alarm: Program cygnus_daq is not running
[fileCompressor,TALK] software alarm: Program cygnus_daq is not running
[fileCompressor,TALK] software alarm: Program cygnus_daq is not running
[fileCompressor,TALK] software alarm: Program cygnus_daq is not running
[fileCompressor,TALK] software alarm: Program cygnus_daq is not running
[fileCompressor,TALK] software alarm: Program cygnus_daq is not running
[fileCompressor,TALK] software alarm: Program cygnus_daq is not running
[fileCompressor,TALK] software alarm: Program cygnus_daq is not running
[fileCompressor,TALK] software alarm: Program cygnus_daq is not running
[fileCompressor,TALK] software alarm: Program cygnus_daq is not running
[fileCompressor,TALK] software alarm: Program cygnus_daq is not running
[fileCompressor,TALK] software alarm: Program cygnus_daq is not running
[fileCompressor,TALK] software alarm: Program cygnus_daq is not running
[fileCompressor,TALK] software alarm: Program cygnus_daq is not running
[fileCompressor,TALK] software alarm: Program cygnus_daq is not running
[fileCompressor,TALK] software alarm: Program cygnus_daq is not running
[fileCompressor,TALK] software alarm: Program cygnus_daq is not running
[fileCompressor,TALK] software alarm: Program cygnus_daq is not running
[fileCompressor,TALK] software alarm: Program cygnus_daq is not running
[fileCompressor,TALK] software alarm: Program cygnus_daq is not running
[fileCompressor,TALK] software alarm: Program cygnus_daq is not running
[fileCompressor,TALK] software alarm: Program cygnus_daq is not running
[fileCompressor,TALK] software alarm: Program cygnus_daq is not running
[fileCompressor,TALK] software alarm: Program cygnus_daq is not running
[fileCompressor,TALK] software alarm: Program cygnus_daq is not running
[fileCompressor,TALK] software alarm: Program cygnus_daq is not running
[fileCompressor,TALK] software alarm: Program cygnus_daq is not running
[fileCompressor,TALK] software alarm: Program cygnus_daq is not running
[fileCompressor,TALK] software alarm: Program cygnus_daq is not running
[fileCompressor,TALK] software alarm: Program cygnus_daq is not running
[fileCompressor,TALK] software alarm: Program cygnus_daq is not running
[fileCompressor,TALK] software alarm: Program cygnus_daq is not running
[fileCompressor,TALK] software alarm: Program cygnus_daq is not running
[fileCompressor,TALK] software alarm: Program cygnus_daq is not running
[fileCompressor,TALK] software alarm: Program cygnus_daq is not running
[fileCompressor,TALK] software alarm: Program cygnus_daq is not running
[fileCompressor,TALK] software alarm: Program cygnus_daq is not running
[fileCompressor,TALK] software alarm: Program cygnus_daq is not running
[fileCompressor,TALK] software alarm: Program cygnus_daq is not running
[fileCompressor,TALK] software alarm: Program cygnus_daq is not running
[fileCompressor,TALK] software alarm: Program cygnus_daq is not running
[fileCompressor,TALK] software alarm: Program cygnus_daq is not running
[fileCompressor,TALK] software alarm: Program cygnus_daq is not running
[fileCompressor,TALK] software alarm: Program cygnus_daq is not running
[fileCompressor,TALK] software alarm: Program cygnus_daq is not running
[fileCompressor,TALK] software alarm: Program cygnus_daq is not running
[fileCompressor,TALK] software alarm: Program cygnus_daq is not running
[fileCompressor,TALK] software alarm: Program cygnus_daq is not running
[fileCompressor,TALK] software alarm: Program cygnus_daq is not running
[fileCompressor,TALK] software alarm: Program cygnus_daq is not running
[fileCompressor,TALK] software alarm: Program cygnus_daq is not running
[fileCompressor,TALK] software alarm: Program cygnus_daq is not running
[fileCompressor,TALK] software alarm: Program cygnus_daq is not running
[fileCompressor,TALK] software alarm: Program cygnus_daq is not running
[fileCompressor,TALK] software alarm: Program cygnus_daq is not running
[fileCompressor,TALK] software alarm: Program cygnus_daq is not running
[fileCompressor,TALK] software alarm: Program cygnus_daq is not running
[fileCompressor,TALK] software alarm: Program cygnus_daq is not running
[fileCompressor,TALK] software alarm: Program cygnus_daq is not running
[fileCompressor,TALK] software alarm: Program cygnus_daq is not running
[fileCompressor,TALK] software alarm: Program cygnus_daq is not running
[fileCompressor,TALK] software alarm: Program cygnus_daq is not running
[fileCompressor,TALK] software alarm: Program cygnus_daq is not running
[fileCompressor,TALK] software alarm: Program cygnus_daq is not running
[fileCompressor,TALK] software alarm: Program cygnus_daq is not running
[fileCompressor,TALK] software alarm: Program cygnus_daq is not running
[fileCompressor,TALK] software alarm: Program cygnus_daq is not running
[fileCompressor,TALK] software alarm: Program cygnus_daq is not running
[fileCompressor,TALK] software alarm: Program cygnus_daq is not running
[fileCompressor,TALK] software alarm: Program cygnus_daq is not running
[fileCompressor,TALK] software alarm: Program cygnus_daq is not running
[fileCompressor,TALK] software alarm: Program cygnus_daq is not running
[fileCompressor,TALK] software alarm: Program cygnus_daq is not running
[fileCompressor,TALK] software alarm: Program cygnus_daq is not running
[fileCompressor,TALK] software alarm: Program cygnus_daq is not running
[fileCompressor,TALK] software alarm: Program cygnus_daq is not running
[fileCompressor,TALK] software alarm: Program cygnus_daq is not running
[fileCompressor,TALK] software alarm: Program cygnus_daq is not running
[fileCompressor,TALK] software alarm: Program cygnus_daq is not running
[fileCompressor,TALK] software alarm: Program cygnus_daq is not running
[fileCompressor,TALK] software alarm: Program cygnus_daq is not running
[fileCompressor,TALK] software alarm: Program cygnus_daq is not running
[fileCompressor,TALK] software alarm: Program cygnus_daq is not running
[fileCompressor,TALK] software alarm: Program cygnus_daq is not running
[fileCompressor,TALK] software alarm: Program cygnus_daq is not running
[fileCompressor,TALK] software alarm: Program cygnus_daq is not running
[fileCompressor,TALK] software alarm: Program cygnus_daq is not running
[fileCompressor,TALK] software alarm: Program cygnus_daq is not running
[fileCompressor,TALK] software alarm: Program cygnus_daq is not running
[fileCompressor,TALK] software alarm: Program cygnus_daq is not running
[fileCompressor,TALK] software alarm: Program cygnus_daq is not running
[fileCompressor,TALK] software alarm: Program cygnus_daq is not running
[fileCompressor,TALK] software alarm: Program cygnus_daq is not running
[fileCompressor,TALK] software alarm: Program cygnus_daq is not running
[fileCompressor,TALK] software alarm: Program cygnus_daq is not running
[fileCompressor,TALK] software alarm: Program cygnus_daq is not running
[fileCompressor,TALK] software alarm: Program cygnus_daq is not running
[fileCompressor,TALK] software alarm: Program cygnus_daq is not running
[fileCompressor,TALK] software alarm: Program cygnus_daq is not running
[fileCompressor,TALK] software alarm: Program cygnus_daq is not running
[fileCompressor,TALK] software alarm: Program cygnus_daq is not running
[fileCompressor,TALK] software alarm: Program cygnus_daq is not running
[fileCompressor,TALK] software alarm: Program cygnus_daq is not running
[fileCompressor,TALK] software alarm: Program cygnus_daq is not running
[fileCompressor,TALK] software alarm: Program cygnus_daq is not running
[fileCompressor,TALK] software alarm: Program cygnus_daq is not running
[fileCompressor,TALK] software alarm: Program cygnus_daq is not running
[fileCompressor,TALK] software alarm: Program cygnus_daq is not running
[fileCompressor,TALK] software alarm: Program cygnus_daq is not running
[fileCompressor,TALK] software alarm: Program cygnus_daq is not running
[fileCompressor,TALK] software alarm: Program cygnus_daq is not running
[fileCompressor,TALK] software alarm: Program cygnus_daq is not running
[fileCompressor,TALK] software alarm: Program cygnus_daq is not running
[fileCompressor,TALK] software alarm: Program cygnus_daq is not running
[fileCompressor,TALK] software alarm: Program cygnus_daq is not running
[fileCompressor,TALK] software alarm: Program cygnus_daq is not running
[fileCompressor,TALK] software alarm: Program cygnus_daq is not running
[fileCompressor,TALK] software alarm: Program cygnus_daq is not running
[fileCompressor,TALK] software alarm: Program cygnus_daq is not running
[fileCompressor,TALK] software alarm: Program cygnus_daq is not running
[fileCompressor,TALK] software alarm: Program cygnus_daq is not running
[fileCompressor,TALK] software alarm: Program cygnus_daq is not running
[fileCompressor,TALK] software alarm: Program cygnus_daq is not running
[fileCompressor,TALK] software alarm: Program cygnus_daq is not running
[fileCompressor,TALK] software alarm: Program cygnus_daq is not running
[fileCompressor,TALK] software alarm: Program cygnus_daq is not running
[fileCompressor,TALK] software alarm: Program cygnus_daq is not running
[fileCompressor,TALK] software alarm: Program cygnus_daq is not running
[fileCompressor,TALK] software alarm: Program cygnus_daq is not running
[fileCompressor,TALK] software alarm: Program cygnus_daq is not running
[fileCompressor,TALK] software alarm: Program cygnus_daq is not running
[fileCompressor,TALK] software alarm: Program cygnus_daq is not running
[fileCompressor,TALK] software alarm: Program cygnus_daq is not running
[fileCompressor,TALK] software alarm: Program cygnus_daq is not running
[fileCompressor,TALK] software alarm: Program cygnus_daq is not running
[fileCompressor,TALK] software alarm: Program cygnus_daq is not running
[fileCompressor,TALK] software alarm: Program cygnus_daq is not running
[fileCompressor,TALK] software alarm: Program cygnus_daq is not running
[fileCompressor,TALK] software alarm: Program cygnus_daq is not running
[fileCompressor,TALK] software alarm: Program cygnus_daq is not running
[fileCompressor,TALK] software alarm: Program cygnus_daq is not running
[fileCompressor,TALK] software alarm: Program cygnus_daq is not running
[fileCompressor,TALK] software alarm: Program cygnus_daq is not running
[fileCompressor,TALK] software alarm: Program cygnus_daq is not running
[fileCompressor,TALK] software alarm: Program cygnus_daq is not running
[fileCompressor,TALK] software alarm: Program cygnus_daq is not running
[fileCompressor,TALK] software alarm: Program cygnus_daq is not running
[fileCompressor,TALK] software alarm: Program cygnus_daq is not running
[fileCompressor,TALK] software alarm: Program cygnus_daq is not running
[fileCompressor,TALK] software alarm: Program cygnus_daq is not running
[fileCompressor,TALK] software alarm: Program cygnus_daq is not running
[fileCompressor,TALK] software alarm: Program cygnus_daq is not running
[fileCompressor,TALK] software alarm: Program cygnus_daq is not running
[fileCompressor,TALK] software alarm: Program cygnus_daq is not running
[fileCompressor,TALK] software alarm: Program cygnus_daq is not running
[fileCompressor,TALK] software alarm: Program cygnus_daq is not running
[fileCompressor,TALK] software alarm: Program cygnus_daq is not running
[fileCompressor,TALK] software alarm: Program cygnus_daq is not running
[fileCompressor,TALK] software alarm: Program cygnus_daq is not running
[fileCompressor,TALK] software alarm: Program cygnus_daq is not running
[fileCompressor,TALK] software alarm: Program cygnus_daq is not running
[fileCompressor,TALK] software alarm: Program cygnus_daq is not running
[fileCompressor,TALK] software alarm: Program cygnus_daq is not running
[fileCompressor,TALK] software alarm: Program cygnus_daq is not running
[fileCompressor,TALK] software alarm: Program cygnus_daq is not running
[fileCompressor,TALK] software alarm: Program cygnus_daq is not running
[fileCompressor,TALK] software alarm: Program cygnus_daq is not running
[fileCompressor,TALK] software alarm: Program cygnus_daq is not running
[fileCompressor,TALK] software alarm: Program cygnus_daq is not running
[fileCompressor,TALK] software alarm: Program cygnus_daq is not running
[fileCompressor,TALK] software alarm: Program cygnus_daq is not running
[fileCompressor,TALK] software alarm: Program cygnus_daq is not running
[fileCompressor,TALK] software alarm: Program cygnus_daq is not running
[fileCompressor,TALK] software alarm: Program cygnus_daq is not running
[fileCompressor,TALK] software alarm: Program cygnus_daq is not running
[fileCompressor,TALK] software alarm: Program cygnus_daq is not running
[fileCompressor,TALK] software alarm: Program cygnus_daq is not running
[fileCompressor,TALK] software alarm: Program cygnus_daq is not running
[fileCompressor,TALK] software alarm: Program cygnus_daq is not running
[fileCompressor,TALK] software alarm: Program cygnus_daq is not running
[fileCompressor,TALK] software alarm: Program cygnus_daq is not running
[fileCompressor,TALK] software alarm: Program cygnus_daq is not running
[fileCompressor,TALK] software alarm: Program cygnus_daq is not running
[fileCompressor,TALK] software alarm: Program cygnus_daq is not running
[fileCompressor,TALK] software alarm: Program cygnus_daq is not running
[fileCompressor,TALK] software alarm: Program cygnus_daq is not running
[fileCompressor,TALK] software alarm: Program cygnus_daq is not running
[fileCompressor,TALK] software alarm: Program cygnus_daq is not running
[fileCompressor,TALK] software alarm: Program cygnus_daq is not running
[fileCompressor,TALK] software alarm: Program cygnus_daq is not running
[fileCompressor,TALK] software alarm: Program cygnus_daq is not running
[fileCompressor,TALK] software alarm: Program cygnus_daq is not running
[fileCompressor,TALK] software alarm: Program cygnus_daq is not running
[fileCompressor,TALK] software alarm: Program cygnus_daq is not running
[fileCompressor,TALK] software alarm: Program cygnus_daq is not running
[fileCompressor,TALK] software alarm: Program cygnus_daq is not running
[fileCompressor,TALK] software alarm: Program cygnus_daq is not running
[fileCompressor,TALK] software alarm: Program cygnus_daq is not running
[fileCompressor,TALK] software alarm: Program cygnus_daq is not running
[fileCompressor,TALK] software alarm: Program cygnus_daq is not running
[fileCompressor,TALK] software alarm: Program cygnus_daq is not running
[fileCompressor,TALK] software alarm: Program cygnus_daq is not running
[fileCompressor,TALK] software alarm: Program cygnus_daq is not running
[fileCompressor,TALK] software alarm: Program cygnus_daq is not running
[fileCompressor,TALK] software alarm: Program cygnus_daq is not running
[fileCompressor,TALK] software alarm: Program cygnus_daq is not running
[fileCompressor,TALK] software alarm: Program cygnus_daq is not running
[fileCompressor,TALK] software alarm: Program cygnus_daq is not running
[fileCompressor,TALK] software alarm: Program cygnus_daq is not running
[fileCompressor,TALK] software alarm: Program cygnus_daq is not running
[fileCompressor,TALK] software alarm: Program cygnus_daq is not running
[fileCompressor,TALK] software alarm: Program cygnus_daq is not running
[fileCompressor,TALK] software alarm: Program cygnus_daq is not running
[fileCompressor,TALK] software alarm: Program cygnus_daq is not running
[fileCompressor,TALK] software alarm: Program cygnus_daq is not running
[fileCompressor,TALK] software alarm: Program cygnus_daq is not running
[fileCompressor,TALK] software alarm: Program cygnus_daq is not running
[fileCompressor,TALK] software alarm: Program cygnus_daq is not running
[fileCompressor,TALK] software alarm: Program cygnus_daq is not running
[fileCompressor,TALK] software alarm: Program cygnus_daq is not running
[fileCompressor,TALK] software alarm: Program cygnus_daq is not running
[fileCompressor,TALK] software alarm: Program cygnus_daq is not running
[fileCompressor,TALK] software alarm: Program cygnus_daq is not running
[fileCompressor,TALK] software alarm: Program cygnus_daq is not running
[fileCompressor,TALK] software alarm: Program cygnus_daq is not running
[fileCompressor,TALK] software alarm: Program cygnus_daq is not running
[fileCompressor,TALK] software alarm: Program cygnus_daq is not running
[fileCompressor,TALK] software alarm: Program cygnus_daq is not running
[fileCompressor,TALK] software alarm: Program cygnus_daq is not running
[fileCompressor,TALK] software alarm: Program cygnus_daq is not running
[fileCompressor,TALK] software alarm: Program cygnus_daq is not running
[fileCompressor,TALK] software alarm: Program cygnus_daq is not running
[fileCompressor,TALK] software alarm: Program cygnus_daq is not running
[fileCompressor,TALK] software alarm: Program cygnus_daq is not running
[fileCompressor,TALK] software alarm: Program cygnus_daq is not running
[fileCompressor,TALK] software alarm: Program cygnus_daq is not running
[fileCompressor,TALK] software alarm: Program cygnus_daq is not running
[fileCompressor,TALK] software alarm: Program cygnus_daq is not running
[fileCompressor,TALK] software alarm: Program cygnus_daq is not running
[fileCompressor,TALK] software alarm: Program cygnus_daq is not running
[fileCompressor,TALK] software alarm: Program cygnus_daq is not running
[fileCompressor,TALK] software alarm: Program cygnus_daq is not running
[fileCompressor,TALK] software alarm: Program cygnus_daq is not running
[fileCompressor,TALK] software alarm: Program cygnus_daq is not running
[fileCompressor,TALK] software alarm: Program cygnus_daq is not running
[fileCompressor,TALK] software alarm: Program cygnus_daq is not running
[fileCompressor,TALK] software alarm: Program cygnus_daq is not running
[fileCompressor,TALK] software alarm: Program cygnus_daq is not running
[fileCompressor,TALK] software alarm: Program cygnus_daq is not running
[fileCompressor,TALK] software alarm: Program cygnus_daq is not running
[fileCompressor,TALK] software alarm: Program cygnus_daq is not running
[fileCompressor,TALK] software alarm: Program cygnus_daq is not running
[fileCompressor,TALK] software alarm: Program cygnus_daq is not running
[fileCompressor,TALK] software alarm: Program cygnus_daq is not running
[fileCompressor,TALK] software alarm: Program cygnus_daq is not running
[fileCompressor,TALK] software alarm: Program cygnus_daq is not running
[fileCompressor,TALK] software alarm: Program cygnus_daq is not running
[fileCompressor,TALK] software alarm: Program cygnus_daq is not running
[fileCompressor,TALK] software alarm: Program cygnus_daq is not running
[fileCompressor,TALK] software alarm: Program cygnus_daq is not running
[fileCompressor,TALK] software alarm: Program cygnus_daq is not running
[fileCompressor,TALK] software alarm: Program cygnus_daq is not running
[fileCompressor,TALK] software alarm: Program cygnus_daq is not running
[fileCompressor,TALK] software alarm: Program cygnus_daq is not running
[fileCompressor,TALK] software alarm: Program cygnus_daq is not running
[fileCompressor,TALK] software alarm: Program cygnus_daq is not running
[fileCompressor,TALK] software alarm: Program cygnus_daq is not running
[fileCompressor,TALK] software alarm: Program cygnus_daq is not running
[fileCompressor,TALK] software alarm: Program cygnus_daq is not running
[fileCompressor,TALK] software alarm: Program cygnus_daq is not running
[fileCompressor,TALK] software alarm: Program cygnus_daq is not running
[fileCompressor,TALK] software alarm: Program cygnus_daq is not running
[fileCompressor,TALK] software alarm: Program cygnus_daq is not running
[fileCompressor,TALK] software alarm: Program cygnus_daq is not running
[fileCompressor,TALK] software alarm: Program cygnus_daq is not running
[fileCompressor,TALK] software alarm: Program cygnus_daq is not running
[fileCompressor,TALK] software alarm: Program cygnus_daq is not running
[fileCompressor,TALK] software alarm: Program cygnus_daq is not running
[fileCompressor,TALK] software alarm: Program cygnus_daq is not running
[fileCompressor,TALK] software alarm: Program cygnus_daq is not running
[fileCompressor,TALK] software alarm: Program cygnus_daq is not running
[fileCompressor,TALK] software alarm: Program cygnus_daq is not running
[fileCompressor,TALK] software alarm: Program cygnus_daq is not running
[fileCompressor,TALK] software alarm: Program cygnus_daq is not running
[fileCompressor,TALK] software alarm: Program cygnus_daq is not running
[fileCompressor,TALK] software alarm: Program cygnus_daq is not running
[fileCompressor,TALK] software alarm: Program cygnus_daq is not running
[fileCompressor,TALK] software alarm: Program cygnus_daq is not running
[fileCompressor,TALK] software alarm: Program cygnus_daq is not running
[fileCompressor,TALK] software alarm: Program cygnus_daq is not running
[fileCompressor,TALK] software alarm: Program cygnus_daq is not running
[fileCompressor,TALK] software alarm: Program cygnus_daq is not running
[fileCompressor,TALK] software alarm: Program cygnus_daq is not running
[fileCompressor,TALK] software alarm: Program cygnus_daq is not running
[fileCompressor,TALK] software alarm: Program cygnus_daq is not running
[fileCompressor,TALK] software alarm: Program cygnus_daq is not running
[fileCompressor,TALK] software alarm: Program cygnus_daq is not running
[fileCompressor,TALK] software alarm: Program cygnus_daq is not running
[fileCompressor,TALK] software alarm: Program cygnus_daq is not running
[fileCompressor,TALK] software alarm: Program cygnus_daq is not running
[fileCompressor,TALK] software alarm: Program cygnus_daq is not running
[fileCompressor,TALK] software alarm: Program cygnus_daq is not running
[fileCompressor,TALK] software alarm: Program cygnus_daq is not running
[fileCompressor,TALK] software alarm: Program cygnus_daq is not running
[fileCompressor,TALK] software alarm: Program cygnus_daq is not running
[fileCompressor,TALK] software alarm: Program cygnus_daq is not running
[fileCompressor,TALK] software alarm: Program cygnus_daq is not running
[fileCompressor,TALK] software alarm: Program cygnus_daq is not running
[fileCompressor,TALK] software alarm: Program cygnus_daq is not running
[fileCompressor,TALK] software alarm: Program cygnus_daq is not running
[fileCompressor,TALK] software alarm: Program cygnus_daq is not running
[fileCompressor,TALK] software alarm: Program cygnus_daq is not running
[fileCompressor,TALK] software alarm: Program cygnus_daq is not running
[fileCompressor,TALK] software alarm: Program cygnus_daq is not running
[fileCompressor,TALK] software alarm: Program cygnus_daq is not running
[fileCompressor,TALK] software alarm: Program cygnus_daq is not running
[fileCompressor,TALK] software alarm: Program cygnus_daq is not running
[fileCompressor,TALK] software alarm: Program cygnus_daq is not running
[fileCompressor,TALK] software alarm: Program cygnus_daq is not running
[fileCompressor,TALK] software alarm: Program cygnus_daq is not running
[fileCompressor,TALK] software alarm: Program cygnus_daq is not running
[fileCompressor,TALK] software alarm: Program cygnus_daq is not running
[fileCompressor,TALK] software alarm: Program cygnus_daq is not running
[fileCompressor,TALK] software alarm: Program cygnus_daq is not running
[fileCompressor,TALK] software alarm: Program cygnus_daq is not running
[fileCompressor,TALK] software alarm: Program cygnus_daq is not running
[fileCompressor,TALK] software alarm: Program cygnus_daq is not running
[fileCompressor,TALK] software alarm: Program cygnus_daq is not running
[fileCompressor,TALK] software alarm: Program cygnus_daq is not running
[fileCompressor,TALK] software alarm: Program cygnus_daq is not running
[fileCompressor,TALK] software alarm: Program cygnus_daq is not running
[fileCompressor,TALK] software alarm: Program cygnus_daq is not running
[fileCompressor,TALK] software alarm: Program cygnus_daq is not running
[fileCompressor,TALK] software alarm: Program cygnus_daq is not running
[fileCompressor,TALK] software alarm: Program cygnus_daq is not running
[fileCompressor,TALK] software alarm: Program cygnus_daq is not running
[fileCompressor,TALK] software alarm: Program cygnus_daq is not running
[fileCompressor,TALK] software alarm: Program cygnus_daq is not running
[fileCompressor,TALK] software alarm: Program cygnus_daq is not running
[fileCompressor,TALK] software alarm: Program cygnus_daq is not running
[fileCompressor,TALK] software alarm: Program cygnus_daq is not running
[fileCompressor,TALK] software alarm: Program cygnus_daq is not running
[fileCompressor,TALK] software alarm: Program cygnus_daq is not running
[fileCompressor,TALK] software alarm: Program cygnus_daq is not running
[fileCompressor,TALK] software alarm: Program cygnus_daq is not running
[fileCompressor,TALK] software alarm: Program cygnus_daq is not running
[fileCompressor,TALK] software alarm: Program cygnus_daq is not running
[fileCompressor,TALK] software alarm: Program cygnus_daq is not running
[fileCompressor,TALK] software alarm: Program cygnus_daq is not running
[fileCompressor,TALK] software alarm: Program cygnus_daq is not running
[fileCompressor,TALK] software alarm: Program cygnus_daq is not running
[fileCompressor,TALK] software alarm: Program cygnus_daq is not running
[fileCompressor,TALK] software alarm: Program cygnus_daq is not running
[fileCompressor,TALK] software alarm: Program cygnus_daq is not running
[fileCompressor,TALK] software alarm: Program cygnus_daq is not running
[fileCompressor,TALK] software alarm: Program cygnus_daq is not running
[fileCompressor,TALK] software alarm: Program cygnus_daq is not running
[fileCompressor,TALK] software alarm: Program cygnus_daq is not running
[fileCompressor,TALK] software alarm: Program cygnus_daq is not running
[fileCompressor,TALK] software alarm: Program cygnus_daq is not running
[fileCompressor,TALK] software alarm: Program cygnus_daq is not running
[fileCompressor,TALK] software alarm: Program cygnus_daq is not running
[fileCompressor,TALK] software alarm: Program cygnus_daq is not running
[fileCompressor,TALK] software alarm: Program cygnus_daq is not running
[fileCompressor,TALK] software alarm: Program cygnus_daq is not running
[fileCompressor,TALK] software alarm: Program cygnus_daq is not running
[fileCompressor,TALK] software alarm: Program cygnus_daq is not running
[fileCompressor,TALK] software alarm: Program cygnus_daq is not running
[fileCompressor,TALK] software alarm: Program cygnus_daq is not running
[fileCompressor,TALK] software alarm: Program cygnus_daq is not running
[fileCompressor,TALK] software alarm: Program cygnus_daq is not running
[fileCompressor,TALK] software alarm: Program cygnus_daq is not running
[fileCompressor,TALK] software alarm: Program cygnus_daq is not running
[fileCompressor,TALK] software alarm: Program cygnus_daq is not running
[fileCompressor,TALK] software alarm: Program cygnus_daq is not running
[fileCompressor,TALK] software alarm: Program cygnus_daq is not running
[fileCompressor,TALK] software alarm: Program cygnus_daq is not running
[fileCompressor,TALK] software alarm: Program cygnus_daq is not running
[fileCompressor,TALK] software alarm: Program cygnus_daq is not running
[fileCompressor,TALK] software alarm: Program cygnus_daq is not running
[fileCompressor,TALK] software alarm: Program cygnus_daq is not running
[fileCompressor,TALK] software alarm: Program cygnus_daq is not running
[fileCompressor,TALK] software alarm: Program cygnus_daq is not running
[fileCompressor,TALK] software alarm: Program cygnus_daq is not running
[fileCompressor,TALK] software alarm: Program cygnus_daq is not running
[fileCompressor,TALK] software alarm: Program cygnus_daq is not running
[fileCompressor,TALK] software alarm: Program cygnus_daq is not running
[fileCompressor,TALK] software alarm: Program cygnus_daq is not running
[fileCompressor,TALK] software alarm: Program cygnus_daq is not running
[fileCompressor,TALK] software alarm: Program cygnus_daq is not running
[fileCompressor,TALK] software alarm: Program cygnus_daq is not running
[fileCompressor,TALK] software alarm: Program cygnus_daq is not running
[fileCompressor,TALK] software alarm: Program cygnus_daq is not running
[fileCompressor,TALK] software alarm: Program cygnus_daq is not running
[fileCompressor,TALK] software alarm: Program cygnus_daq is not running
[fileCompressor,TALK] software alarm: Program cygnus_daq is not running
[fileCompressor,TALK] software alarm: Program cygnus_daq is not running
[fileCompressor,TALK] software alarm: Program cygnus_daq is not running
[fileCompressor,TALK] software alarm: Program cygnus_daq is not running
[fileCompressor,TALK] software alarm: Program cygnus_daq is not running
[fileCompressor,TALK] software alarm: Program cygnus_daq is not running
[fileCompressor,TALK] software alarm: Program cygnus_daq is not running
[fileCompressor,TALK] software alarm: Program cygnus_daq is not running
[fileCompressor,TALK] software alarm: Program cygnus_daq is not running
[fileCompressor,TALK] software alarm: Program cygnus_daq is not running
[fileCompressor,TALK] software alarm: Program cygnus_daq is not running
[fileCompressor,TALK] software alarm: Program cygnus_daq is not running
[fileCompressor,TALK] software alarm: Program cygnus_daq is not running
[fileCompressor,TALK] software alarm: Program cygnus_daq is not running
[fileCompressor,TALK] software alarm: Program cygnus_daq is not running
[fileCompressor,TALK] software alarm: Program cygnus_daq is not running
[fileCompressor,TALK] software alarm: Program cygnus_daq is not running
[fileCompressor,TALK] software alarm: Program cygnus_daq is not running
[fileCompressor,TALK] software alarm: Program cygnus_daq is not running
[fileCompressor,TALK] software alarm: Program cygnus_daq is not running
[fileCompressor,TALK] software alarm: Program cygnus_daq is not running
[fileCompressor,TALK] software alarm: Program cygnus_daq is not running
[fileCompressor,TALK] software alarm: Program cygnus_daq is not running
[fileCompressor,TALK] software alarm: Program cygnus_daq is not running
[fileCompressor,TALK] software alarm: Program cygnus_daq is not running
[fileCompressor,TALK] software alarm: Program cygnus_daq is not running
[fileCompressor,TALK] software alarm: Program cygnus_daq is not running
[fileCompressor,TALK] software alarm: Program cygnus_daq is not running
[fileCompressor,TALK] software alarm: Program cygnus_daq is not running
[fileCompressor,TALK] software alarm: Program cygnus_daq is not running
[fileCompressor,TALK] software alarm: Program cygnus_daq is not running
[fileCompressor,TALK] software alarm: Program cygnus_daq is not running
[fileCompressor,TALK] software alarm: Program cygnus_daq is not running
[fileCompressor,TALK] software alarm: Program cygnus_daq is not running
[fileCompressor,TALK] software alarm: Program cygnus_daq is not running
[fileCompressor,TALK] software alarm: Program cygnus_daq is not running
[fileCompressor,TALK] software alarm: Program cygnus_daq is not running
[fileCompressor,TALK] software alarm: Program cygnus_daq is not running
[fileCompressor,TALK] software alarm: Program cygnus_daq is not running
[fileCompressor,TALK] software alarm: Program cygnus_daq is not running
[fileCompressor,TALK] software alarm: Program cygnus_daq is not running
[fileCompressor,TALK] software alarm: Program cygnus_daq is not running
[fileCompressor,TALK] software alarm: Program cygnus_daq is not running
[fileCompressor,TALK] software alarm: Program cygnus_daq is not running
[fileCompressor,TALK] software alarm: Program cygnus_daq is not running
[fileCompressor,TALK] software alarm: Program cygnus_daq is not running
[fileCompressor,TALK] software alarm: Program cygnus_daq is not running
[fileCompressor,TALK] software alarm: Program cygnus_daq is not running
[fileCompressor,TALK] software alarm: Program cygnus_daq is not running
[fileCompressor,TALK] software alarm: Program cygnus_daq is not running
[fileCompressor,TALK] software alarm: Program cygnus_daq is not running
[fileCompressor,TALK] software alarm: Program cygnus_daq is not running
[fileCompressor,TALK] software alarm: Program cygnus_daq is not running
[fileCompressor,TALK] software alarm: Program cygnus_daq is not running
[fileCompressor,TALK] software alarm: Program cygnus_daq is not running
[fileCompressor,TALK] software alarm: Program cygnus_daq is not running
[fileCompressor,TALK] software alarm: Program cygnus_daq is not running
[fileCompressor,TALK] software alarm: Program cygnus_daq is not running
[fileCompressor,TALK] software alarm: Program cygnus_daq is not running
[fileCompressor,TALK] software alarm: Program cygnus_daq is not running
[fileCompressor,TALK] software alarm: Program cygnus_daq is not running
[fileCompressor,TALK] software alarm: Program cygnus_daq is not running
[fileCompressor,TALK] software alarm: Program cygnus_daq is not running
[fileCompressor,TALK] software alarm: Program cygnus_daq is not running
[fileCompressor,TALK] software alarm: Program cygnus_daq is not running
[fileCompressor,TALK] software alarm: Program cygnus_daq is not running
[fileCompressor,TALK] software alarm: Program cygnus_daq is not running
[fileCompressor,TALK] software alarm: Program cygnus_daq is not running
[fileCompressor,TALK] software alarm: Program cygnus_daq is not running
[fileCompressor,TALK] software alarm: Program cygnus_daq is not running
[fileCompressor,TALK] software alarm: Program cygnus_daq is not running
[fileCompressor,TALK] software alarm: Program cygnus_daq is not running
[fileCompressor,TALK] software alarm: Program cygnus_daq is not running
[fileCompressor,TALK] software alarm: Program cygnus_daq is not running
[fileCompressor,TALK] software alarm: Program cygnus_daq is not running
[fileCompressor,TALK] software alarm: Program cygnus_daq is not running
[fileCompressor,TALK] software alarm: Program cygnus_daq is not running
[fileCompressor,TALK] software alarm: Program cygnus_daq is not running
[fileCompressor,TALK] software alarm: Program cygnus_daq is not running
[fileCompressor,TALK] software alarm: Program cygnus_daq is not running
[fileCompressor,TALK] software alarm: Program cygnus_daq is not running
[fileCompressor,TALK] software alarm: Program cygnus_daq is not running
[fileCompressor,TALK] software alarm: Program cygnus_daq is not running
[fileCompressor,TALK] software alarm: Program cygnus_daq is not running
[fileCompressor,TALK] software alarm: Program cygnus_daq is not running
[fileCompressor,TALK] software alarm: Program cygnus_daq is not running
[fileCompressor,TALK] software alarm: Program cygnus_daq is not running
[fileCompressor,TALK] software alarm: Program cygnus_daq is not running
[fileCompressor,TALK] software alarm: Program cygnus_daq is not running
[fileCompressor,TALK] software alarm: Program cygnus_daq is not running
[fileCompressor,TALK] software alarm: Program cygnus_daq is not running
[fileCompressor,TALK] software alarm: Program cygnus_daq is not running
[fileCompressor,TALK] software alarm: Program cygnus_daq is not running
[fileCompressor,TALK] software alarm: Program cygnus_daq is not running
[fileCompressor,TALK] software alarm: Program cygnus_daq is not running
[fileCompressor,TALK] software alarm: Program cygnus_daq is not running
[fileCompressor,TALK] software alarm: Program cygnus_daq is not running
[fileCompressor,TALK] software alarm: Program cygnus_daq is not running
[fileCompressor,TALK] software alarm: Program cygnus_daq is not running
[fileCompressor,TALK] software alarm: Program cygnus_daq is not running
[fileCompressor,TALK] software alarm: Program cygnus_daq is not running
[fileCompressor,TALK] software alarm: Program cygnus_daq is not running
[fileCompressor,TALK] software alarm: Program cygnus_daq is not running
[fileCompressor,TALK] software alarm: Program cygnus_daq is not running
[fileCompressor,TALK] software alarm: Program cygnus_daq is not running
[fileCompressor,TALK] software alarm: Program cygnus_daq is not running
[fileCompressor,TALK] software alarm: Program cygnus_daq is not running
[fileCompressor,TALK] software alarm: Program cygnus_daq is not running
[fileCompressor,TALK] software alarm: Program cygnus_daq is not running
[fileCompressor,TALK] software alarm: Program cygnus_daq is not running
[fileCompressor,TALK] software alarm: Program cygnus_daq is not running
[fileCompressor,TALK] software alarm: Program cygnus_daq is not running
[fileCompressor,TALK] software alarm: Program cygnus_daq is not running
[fileCompressor,TALK] software alarm: Program cygnus_daq is not running
[fileCompressor,TALK] software alarm: Program cygnus_daq is not running
[fileCompressor,TALK] software alarm: Program cygnus_daq is not running
[fileCompressor,TALK] software alarm: Program cygnus_daq is not running
[fileCompressor,TALK] software alarm: Program cygnus_daq is not running
[fileCompressor,TALK] software alarm: Program cygnus_daq is not running
[fileCompressor,TALK] software alarm: Program cygnus_daq is not running
[fileCompressor,TALK] software alarm: Program cygnus_daq is not running
[fileCompressor,TALK] software alarm: Program cygnus_daq is not running
[fileCompressor,TALK] software alarm: Program cygnus_daq is not running
[fileCompressor,TALK] software alarm: Program cygnus_daq is not running
[fileCompressor,TALK] software alarm: Program cygnus_daq is not running
[fileCompressor,TALK] software alarm: Program cygnus_daq is not running
[fileCompressor,TALK] software alarm: Program cygnus_daq is not running
[fileCompressor,TALK] software alarm: Program cygnus_daq is not running
[fileCompressor,TALK] software alarm: Program cygnus_daq is not running
[fileCompressor,TALK] software alarm: Program cygnus_daq is not running
[fileCompressor,TALK] software alarm: Program cygnus_daq is not running
[fileCompressor,TALK] software alarm: Program cygnus_daq is not running
[fileCompressor,TALK] software alarm: Program cygnus_daq is not running
[fileCompressor,TALK] software alarm: Program cygnus_daq is not running
[fileCompressor,TALK] software alarm: Program cygnus_daq is not running
[fileCompressor,TALK] software alarm: Program cygnus_daq is not running
[fileCompressor,TALK] software alarm: Program cygnus_daq is not running
[fileCompressor,TALK] software alarm: Program cygnus_daq is not running
[fileCompressor,TALK] software alarm: Program cygnus_daq is not running
[fileCompressor,TALK] software alarm: Program cygnus_daq is not running
[fileCompressor,TALK] software alarm: Program cygnus_daq is not running
[fileCompressor,TALK] software alarm: Program cygnus_daq is not running
[fileCompressor,TALK] software alarm: Program cygnus_daq is not running
[fileCompressor,TALK] software alarm: Program cygnus_daq is not running
[fileCompressor,TALK] software alarm: Program cygnus_daq is not running
[fileCompressor,TALK] software alarm: Program cygnus_daq is not running
[fileCompressor,TALK] software alarm: Program cygnus_daq is not running
[fileCompressor,TALK] software alarm: Program cygnus_daq is not running
[fileCompressor,TALK] software alarm: Program cygnus_daq is not running
[fileCompressor,TALK] software alarm: Program cygnus_daq is not running
[fileCompressor,TALK] software alarm: Program cygnus_daq is not running
[fileCompressor,TALK] software alarm: Program cygnus_daq is not running
[fileCompressor,TALK] software alarm: Program cygnus_daq is not running
[fileCompressor,TALK] software alarm: Program cygnus_daq is not running
[fileCompressor,TALK] software alarm: Program cygnus_daq is not running
[fileCompressor,TALK] software alarm: Program cygnus_daq is not running
[fileCompressor,TALK] software alarm: Program cygnus_daq is not running
[fileCompressor,TALK] software alarm: Program cygnus_daq is not running
[fileCompressor,TALK] software alarm: Program cygnus_daq is not running
[fileCompressor,TALK] software alarm: Program cygnus_daq is not running
[fileCompressor,TALK] software alarm: Program cygnus_daq is not running
[fileCompressor,TALK] software alarm: Program cygnus_daq is not running
[fileCompressor,TALK] software alarm: Program cygnus_daq is not running
[fileCompressor,TALK] software alarm: Program cygnus_daq is not running
[fileCompressor,TALK] software alarm: Program cygnus_daq is not running
[fileCompressor,TALK] software alarm: Program cygnus_daq is not running
[fileCompressor,TALK] software alarm: Program cygnus_daq is not running
[fileCompressor,TALK] software alarm: Program cygnus_daq is not running
[fileCompressor,TALK] software alarm: Program cygnus_daq is not running
[fileCompressor,TALK] software alarm: Program cygnus_daq is not running
[fileCompressor,TALK] software alarm: Program cygnus_daq is not running
[fileCompressor,TALK] software alarm: Program cygnus_daq is not running
[fileCompressor,TALK] software alarm: Program cygnus_daq is not running
[fileCompressor,TALK] software alarm: Program cygnus_daq is not running
[fileCompressor,TALK] software alarm: Program cygnus_daq is not running
[fileCompressor,TALK] software alarm: Program cygnus_daq is not running
[fileCompressor,TALK] software alarm: Program cygnus_daq is not running
[fileCompressor,TALK] software alarm: Program cygnus_daq is not running
[fileCompressor,TALK] software alarm: Program cygnus_daq is not running
[fileCompressor,TALK] software alarm: Program cygnus_daq is not running
[fileCompressor,TALK] software alarm: Program cygnus_daq is not running
[fileCompressor,TALK] software alarm: Program cygnus_daq is not running
[fileCompressor,TALK] software alarm: Program cygnus_daq is not running
[fileCompressor,TALK] software alarm: Program cygnus_daq is not running
[fileCompressor,TALK] software alarm: Program cygnus_daq is not running
[fileCompressor,TALK] software alarm: Program cygnus_daq is not running
[fileCompressor,TALK] software alarm: Program cygnus_daq is not running
[fileCompressor,TALK] software alarm: Program cygnus_daq is not running
[fileCompressor,TALK] software alarm: Program cygnus_daq is not running
[fileCompressor,TALK] software alarm: Program cygnus_daq is not running
[fileCompressor,TALK] software alarm: Program cygnus_daq is not running
[fileCompressor,TALK] software alarm: Program cygnus_daq is not running
[fileCompressor,TALK] software alarm: Program cygnus_daq is not running
[fileCompressor,TALK] software alarm: Program cygnus_daq is not running
[fileCompressor,TALK] software alarm: Program cygnus_daq is not running
[fileCompressor,TALK] software alarm: Program cygnus_daq is not running
[fileCompressor,TALK] software alarm: Program cygnus_daq is not running
[fileCompressor,TALK] software alarm: Program cygnus_daq is not running
[fileCompressor,TALK] software alarm: Program cygnus_daq is not running
[fileCompressor,TALK] software alarm: Program cygnus_daq is not running
[fileCompressor,TALK] software alarm: Program cygnus_daq is not running
[fileCompressor,TALK] software alarm: Program cygnus_daq is not running
[fileCompressor,TALK] software alarm: Program cygnus_daq is not running
[fileCompressor,TALK] software alarm: Program cygnus_daq is not running
[fileCompressor,TALK] software alarm: Program cygnus_daq is not running
[fileCompressor,TALK] software alarm: Program cygnus_daq is not running
[fileCompressor,TALK] software alarm: Program cygnus_daq is not running
[fileCompressor,TALK] software alarm: Program cygnus_daq is not running
[fileCompressor,TALK] software alarm: Program cygnus_daq is not running
[fileCompressor,TALK] software alarm: Program cygnus_daq is not running
[fileCompressor,TALK] software alarm: Program cygnus_daq is not running
[fileCompressor,TALK] software alarm: Program cygnus_daq is not running
[fileCompressor,TALK] software alarm: Program cygnus_daq is not running
[fileCompressor,TALK] software alarm: Program cygnus_daq is not running
[fileCompressor,TALK] software alarm: Program cygnus_daq is not running
[fileCompressor,TALK] software alarm: Program cygnus_daq is not running
[fileCompressor,TALK] software alarm: Program cygnus_daq is not running
[fileCompressor,TALK] software alarm: Program cygnus_daq is not running
[fileCompressor,TALK] software alarm: Program cygnus_daq is not running
[fileCompressor,TALK] software alarm: Program cygnus_daq is not running
[fileCompressor,TALK] software alarm: Program cygnus_daq is not running
[fileCompressor,TALK] software alarm: Program cygnus_daq is not running
[fileCompressor,TALK] software alarm: Program cygnus_daq is not running
[fileCompressor,TALK] software alarm: Program cygnus_daq is not running
[fileCompressor,TALK] software alarm: Program cygnus_daq is not running
[fileCompressor,TALK] software alarm: Program cygnus_daq is not running
[fileCompressor,TALK] software alarm: Program cygnus_daq is not running
[fileCompressor,TALK] software alarm: Program cygnus_daq is not running
[fileCompressor,TALK] software alarm: Program cygnus_daq is not running
[fileCompressor,TALK] software alarm: Program cygnus_daq is not running
[fileCompressor,TALK] software alarm: Program cygnus_daq is not running
[fileCompressor,TALK] software alarm: Program cygnus_daq is not running
[fileCompressor,TALK] software alarm: Program cygnus_daq is not running
[fileCompressor,TALK] software alarm: Program cygnus_daq is not running
[fileCompressor,TALK] software alarm: Program cygnus_daq is not running
[fileCompressor,TALK] software alarm: Program cygnus_daq is not running
[fileCompressor,TALK] software alarm: Program cygnus_daq is not running
[fileCompressor,TALK] software alarm: Program cygnus_daq is not running
[fileCompressor,TALK] software alarm: Program cygnus_daq is not running
[fileCompressor,TALK] software alarm: Program cygnus_daq is not running
[fileCompressor,TALK] software alarm: Program cygnus_daq is not running
[fileCompressor,TALK] software alarm: Program cygnus_daq is not running
[fileCompressor,TALK] software alarm: Program cygnus_daq is not running
[fileCompressor,TALK] software alarm: Program cygnus_daq is not running
[fileCompressor,TALK] software alarm: Program cygnus_daq is not running
[fileCompressor,TALK] software alarm: Program cygnus_daq is not running
[fileCompressor,TALK] software alarm: Program cygnus_daq is not running
[fileCompressor,TALK] software alarm: Program cygnus_daq is not running
[fileCompressor,TALK] software alarm: Program cygnus_daq is not running
[fileCompressor,TALK] software alarm: Program cygnus_daq is not running
[fileCompressor,TALK] software alarm: Program cygnus_daq is not running
[fileCompressor,TALK] software alarm: Program cygnus_daq is not running
[fileCompressor,TALK] software alarm: Program cygnus_daq is not running
[fileCompressor,TALK] software alarm: Program cygnus_daq is not running
[fileCompressor,TALK] software alarm: Program cygnus_daq is not running
[fileCompressor,TALK] software alarm: Program cygnus_daq is not running
[fileCompressor,TALK] software alarm: Program cygnus_daq is not running
[fileCompressor,TALK] software alarm: Program cygnus_daq is not running
[fileCompressor,TALK] software alarm: Program cygnus_daq is not running
[fileCompressor,TALK] software alarm: Program cygnus_daq is not running
[fileCompressor,TALK] software alarm: Program cygnus_daq is not running
[fileCompressor,TALK] software alarm: Program cygnus_daq is not running
[fileCompressor,TALK] software alarm: Program cygnus_daq is not running
[fileCompressor,TALK] software alarm: Program cygnus_daq is not running
[fileCompressor,TALK] software alarm: Program cygnus_daq is not running
[fileCompressor,TALK] software alarm: Program cygnus_daq is not running
[fileCompressor,TALK] software alarm: Program cygnus_daq is not running
[fileCompressor,TALK] software alarm: Program cygnus_daq is not running
[fileCompressor,TALK] software alarm: Program cygnus_daq is not running
[fileCompressor,TALK] software alarm: Program cygnus_daq is not running
[fileCompressor,TALK] software alarm: Program cygnus_daq is not running
[fileCompressor,TALK] software alarm: Program cygnus_daq is not running
[fileCompressor,TALK] software alarm: Program cygnus_daq is not running
[fileCompressor,TALK] software alarm: Program cygnus_daq is not running
[fileCompressor,TALK] software alarm: Program cygnus_daq is not running
[fileCompressor,TALK] software alarm: Program cygnus_daq is not running
[fileCompressor,TALK] software alarm: Program cygnus_daq is not running
[fileCompressor,TALK] software alarm: Program cygnus_daq is not running
[fileCompressor,TALK] software alarm: Program cygnus_daq is not running
[fileCompressor,TALK] software alarm: Program cygnus_daq is not running
[fileCompressor,TALK] software alarm: Program cygnus_daq is not running
[fileCompressor,TALK] software alarm: Program cygnus_daq is not running
[fileCompressor,TALK] software alarm: Program cygnus_daq is not running
[fileCompressor,TALK] software alarm: Program cygnus_daq is not running
[fileCompressor,TALK] software alarm: Program cygnus_daq is not running
[fileCompressor,TALK] software alarm: Program cygnus_daq is not running
[fileCompressor,TALK] software alarm: Program cygnus_daq is not running
[fileCompressor,TALK] software alarm: Program cygnus_daq is not running
[fileCompressor,TALK] software alarm: Program cygnus_daq is not running
[fileCompressor,TALK] software alarm: Program cygnus_daq is not running
[fileCompressor,TALK] software alarm: Program cygnus_daq is not running
[fileCompressor,TALK] software alarm: Program cygnus_daq is not running
[fileCompressor,TALK] software alarm: Program cygnus_daq is not running
[fileCompressor,TALK] software alarm: Program cygnus_daq is not running
[fileCompressor,TALK] software alarm: Program cygnus_daq is not running
[fileCompressor,TALK] software alarm: Program cygnus_daq is not running
[fileCompressor,TALK] software alarm: Program cygnus_daq is not running
[fileCompressor,TALK] software alarm: Program cygnus_daq is not running
[fileCompressor,TALK] software alarm: Program cygnus_daq is not running
[fileCompressor,TALK] software alarm: Program cygnus_daq is not running
[fileCompressor,TALK] software alarm: Program cygnus_daq is not running
[fileCompressor,TALK] software alarm: Program cygnus_daq is not running
[fileCompressor,TALK] software alarm: Program cygnus_daq is not running
[fileCompressor,TALK] software alarm: Program cygnus_daq is not running
[fileCompressor,TALK] software alarm: Program cygnus_daq is not running
[fileCompressor,TALK] software alarm: Program cygnus_daq is not running
[fileCompressor,TALK] software alarm: Program cygnus_daq is not running
[fileCompressor,TALK] software alarm: Program cygnus_daq is not running
[fileCompressor,TALK] software alarm: Program cygnus_daq is not running
[fileCompressor,TALK] software alarm: Program cygnus_daq is not running
[fileCompressor,TALK] software alarm: Program cygnus_daq is not running
[fileCompressor,TALK] software alarm: Program cygnus_daq is not running
[fileCompressor,TALK] software alarm: Program cygnus_daq is not running
[fileCompressor,TALK] software alarm: Program cygnus_daq is not running
[fileCompressor,TALK] software alarm: Program cygnus_daq is not running
[fileCompressor,TALK] software alarm: Program cygnus_daq is not running
[fileCompressor,TALK] software alarm: Program cygnus_daq is not running
[fileCompressor,TALK] software alarm: Program cygnus_daq is not running
[fileCompressor,TALK] software alarm: Program cygnus_daq is not running
[fileCompressor,TALK] software alarm: Program cygnus_daq is not running
[fileCompressor,TALK] software alarm: Program cygnus_daq is not running
[fileCompressor,TALK] software alarm: Program cygnus_daq is not running
[fileCompressor,TALK] software alarm: Program cygnus_daq is not running
[fileCompressor,TALK] software alarm: Program cygnus_daq is not running
[fileCompressor,TALK] software alarm: Program cygnus_daq is not running
[fileCompressor,TALK] software alarm: Program cygnus_daq is not running
[fileCompressor,TALK] software alarm: Program cygnus_daq is not running
[fileCompressor,TALK] software alarm: Program cygnus_daq is not running
[fileCompressor,TALK] software alarm: Program cygnus_daq is not running
[fileCompressor,TALK] software alarm: Program cygnus_daq is not running
[fileCompressor,TALK] software alarm: Program cygnus_daq is not running
[fileCompressor,TALK] software alarm: Program cygnus_daq is not running
[fileCompressor,TALK] software alarm: Program cygnus_daq is not running
[fileCompressor,TALK] software alarm: Program cygnus_daq is not running
[fileCompressor,TALK] software alarm: Program cygnus_daq is not running
[fileCompressor,TALK] software alarm: Program cygnus_daq is not running
[fileCompressor,TALK] software alarm: Program cygnus_daq is not running
[fileCompressor,TALK] software alarm: Program cygnus_daq is not running
[fileCompressor,TALK] software alarm: Program cygnus_daq is not running
[fileCompressor,TALK] software alarm: Program cygnus_daq is not running
[fileCompressor,TALK] software alarm: Program cygnus_daq is not running
[fileCompressor,TALK] software alarm: Program cygnus_daq is not running
[fileCompressor,TALK] software alarm: Program cygnus_daq is not running
[fileCompressor,TALK] software alarm: Program cygnus_daq is not running
[fileCompressor,TALK] software alarm: Program cygnus_daq is not running
[fileCompressor,TALK] software alarm: Program cygnus_daq is not running
[fileCompressor,TALK] software alarm: Program cygnus_daq is not running
[fileCompressor,TALK] software alarm: Program cygnus_daq is not running
[fileCompressor,TALK] software alarm: Program cygnus_daq is not running
[fileCompressor,TALK] software alarm: Program cygnus_daq is not running
[fileCompressor,TALK] software alarm: Program cygnus_daq is not running
[fileCompressor,TALK] software alarm: Program cygnus_daq is not running
[fileCompressor,TALK] software alarm: Program cygnus_daq is not running
[fileCompressor,TALK] software alarm: Program cygnus_daq is not running
[fileCompressor,TALK] software alarm: Program cygnus_daq is not running
[fileCompressor,TALK] software alarm: Program cygnus_daq is not running
[fileCompressor,TALK] software alarm: Program cygnus_daq is not running
[fileCompressor,TALK] software alarm: Program cygnus_daq is not running
[fileCompressor,TALK] software alarm: Program cygnus_daq is not running
[fileCompressor,TALK] software alarm: Program cygnus_daq is not running
[fileCompressor,TALK] software alarm: Program cygnus_daq is not running
[fileCompressor,TALK] software alarm: Program cygnus_daq is not running
[fileCompressor,TALK] software alarm: Program cygnus_daq is not running
[fileCompressor,TALK] software alarm: Program cygnus_daq is not running
[fileCompressor,TALK] software alarm: Program cygnus_daq is not running
[fileCompressor,TALK] software alarm: Program cygnus_daq is not running
[fileCompressor,TALK] software alarm: Program cygnus_daq is not running
[fileCompressor,TALK] software alarm: Program cygnus_daq is not running
[fileCompressor,TALK] software alarm: Program cygnus_daq is not running
[fileCompressor,TALK] software alarm: Program cygnus_daq is not running
[fileCompressor,TALK] software alarm: Program cygnus_daq is not running
[fileCompressor,TALK] software alarm: Program cygnus_daq is not running
[fileCompressor,TALK] software alarm: Program cygnus_daq is not running
[fileCompressor,TALK] software alarm: Program cygnus_daq is not running
[fileCompressor,TALK] software alarm: Program cygnus_daq is not running
[fileCompressor,TALK] software alarm: Program cygnus_daq is not running
[fileCompressor,TALK] software alarm: Program cygnus_daq is not running
[fileCompressor,TALK] software alarm: Program cygnus_daq is not running
[fileCompressor,TALK] software alarm: Program cygnus_daq is not running
[fileCompressor,TALK] software alarm: Program cygnus_daq is not running
[fileCompressor,TALK] software alarm: Program cygnus_daq is not running
[fileCompressor,TALK] software alarm: Program cygnus_daq is not running
[fileCompressor,TALK] software alarm: Program cygnus_daq is not running
[fileCompressor,TALK] software alarm: Program cygnus_daq is not running
[fileCompressor,TALK] software alarm: Program cygnus_daq is not running
[fileCompressor,TALK] software alarm: Program cygnus_daq is not running
[fileCompressor,TALK] software alarm: Program cygnus_daq is not running
[fileCompressor,TALK] software alarm: Program cygnus_daq is not running
[fileCompressor,TALK] software alarm: Program cygnus_daq is not running
[fileCompressor,TALK] software alarm: Program cygnus_daq is not running
[fileCompressor,TALK] software alarm: Program cygnus_daq is not running
[fileCompressor,TALK] software alarm: Program cygnus_daq is not running
[fileCompressor,TALK] software alarm: Program cygnus_daq is not running
[fileCompressor,TALK] software alarm: Program cygnus_daq is not running
[fileCompressor,TALK] software alarm: Program cygnus_daq is not running
[fileCompressor,TALK] software alarm: Program cygnus_daq is not running
[fileCompressor,TALK] software alarm: Program cygnus_daq is not running
[fileCompressor,TALK] software alarm: Program cygnus_daq is not running
[fileCompressor,TALK] software alarm: Program cygnus_daq is not running
[fileCompressor,TALK] software alarm: Program cygnus_daq is not running
[fileCompressor,TALK] software alarm: Program cygnus_daq is not running
[fileCompressor,TALK] software alarm: Program cygnus_daq is not running
[fileCompressor,TALK] software alarm: Program cygnus_daq is not running
[fileCompressor,TALK] software alarm: Program cygnus_daq is not running
[fileCompressor,TALK] software alarm: Program cygnus_daq is not running
[fileCompressor,TALK] software alarm: Program cygnus_daq is not running
[fileCompressor,TALK] software alarm: Program cygnus_daq is not running
[fileCompressor,TALK] software alarm: Program cygnus_daq is not running
[fileCompressor,TALK] software alarm: Program cygnus_daq is not running
[fileCompressor,TALK] software alarm: Program cygnus_daq is not running
[fileCompressor,TALK] software alarm: Program cygnus_daq is not running
[fileCompressor,TALK] software alarm: Program cygnus_daq is not running
[fileCompressor,TALK] software alarm: Program cygnus_daq is not running
[fileCompressor,TALK] software alarm: Program cygnus_daq is not running
[fileCompressor,TALK] software alarm: Program cygnus_daq is not running
[fileCompressor,TALK] software alarm: Program cygnus_daq is not running
[fileCompressor,TALK] software alarm: Program cygnus_daq is not running
[fileCompressor,TALK] software alarm: Program cygnus_daq is not running
[fileCompressor,TALK] software alarm: Program cygnus_daq is not running
[fileCompressor,TALK] software alarm: Program cygnus_daq is not running
[fileCompressor,TALK] software alarm: Program cygnus_daq is not running
[fileCompressor,TALK] software alarm: Program cygnus_daq is not running
[fileCompressor,TALK] software alarm: Program cygnus_daq is not running
[fileCompressor,TALK] software alarm: Program cygnus_daq is not running
[fileCompressor,TALK] software alarm: Program cygnus_daq is not running
[fileCompressor,TALK] software alarm: Program cygnus_daq is not running
[fileCompressor,TALK] software alarm: Program cygnus_daq is not running
[fileCompressor,TALK] software alarm: Program cygnus_daq is not running
[fileCompressor,TALK] software alarm: Program cygnus_daq is not running
[fileCompressor,TALK] software alarm: Program cygnus_daq is not running
[fileCompressor,TALK] software alarm: Program cygnus_daq is not running
[fileCompressor,TALK] software alarm: Program cygnus_daq is not running
[fileCompressor,TALK] software alarm: Program cygnus_daq is not running
[fileCompressor,TALK] software alarm: Program cygnus_daq is not running
[fileCompressor,TALK] software alarm: Program cygnus_daq is not running
[fileCompressor,TALK] software alarm: Program cygnus_daq is not running
[fileCompressor,TALK] software alarm: Program cygnus_daq is not running
[fileCompressor,TALK] software alarm: Program cygnus_daq is not running
[fileCompressor,TALK] software alarm: Program cygnus_daq is not running
[fileCompressor,TALK] software alarm: Program cygnus_daq is not running
[fileCompressor,TALK] software alarm: Program cygnus_daq is not running
[fileCompressor,TALK] software alarm: Program cygnus_daq is not running
[fileCompressor,TALK] software alarm: Program cygnus_daq is not running
[fileCompressor,TALK] software alarm: Program cygnus_daq is not running
[fileCompressor,TALK] software alarm: Program cygnus_daq is not running
[fileCompressor,TALK] software alarm: Program cygnus_daq is not running
[fileCompressor,TALK] software alarm: Program cygnus_daq is not running
[fileCompressor,TALK] software alarm: Program cygnus_daq is not running
[fileCompressor,TALK] software alarm: Program cygnus_daq is not running
[fileCompressor,TALK] software alarm: Program cygnus_daq is not running
[fileCompressor,TALK] software alarm: Program cygnus_daq is not running
[fileCompressor,TALK] software alarm: Program cygnus_daq is not running
[fileCompressor,TALK] software alarm: Program cygnus_daq is not running
[fileCompressor,TALK] software alarm: Program cygnus_daq is not running
[fileCompressor,TALK] software alarm: Program cygnus_daq is not running
[fileCompressor,TALK] software alarm: Program cygnus_daq is not running
[fileCompressor,TALK] software alarm: Program cygnus_daq is not running
[fileCompressor,TALK] software alarm: Program cygnus_daq is not running
[fileCompressor,TALK] software alarm: Program cygnus_daq is not running
[fileCompressor,TALK] software alarm: Program cygnus_daq is not running
[fileCompressor,TALK] software alarm: Program cygnus_daq is not running
[fileCompressor,TALK] software alarm: Program cygnus_daq is not running
[fileCompressor,TALK] software alarm: Program cygnus_daq is not running
[fileCompressor,TALK] software alarm: Program cygnus_daq is not running
[fileCompressor,TALK] software alarm: Program cygnus_daq is not running
[fileCompressor,TALK] software alarm: Program cygnus_daq is not running
[fileCompressor,TALK] software alarm: Program cygnus_daq is not running
[fileCompressor,TALK] software alarm: Program cygnus_daq is not running
[fileCompressor,TALK] software alarm: Program cygnus_daq is not running
[fileCompressor,TALK] software alarm: Program cygnus_daq is not running
[fileCompressor,TALK] software alarm: Program cygnus_daq is not running
[fileCompressor,TALK] software alarm: Program cygnus_daq is not running
[fileCompressor,TALK] software alarm: Program cygnus_daq is not running
[fileCompressor,TALK] software alarm: Program cygnus_daq is not running
[fileCompressor,TALK] software alarm: Program cygnus_daq is not running
[fileCompressor,TALK] software alarm: Program cygnus_daq is not running
[fileCompressor,TALK] software alarm: Program cygnus_daq is not running
[fileCompressor,TALK] software alarm: Program cygnus_daq is not running
[fileCompressor,TALK] software alarm: Program cygnus_daq is not running
[fileCompressor,TALK] software alarm: Program cygnus_daq is not running
[fileCompressor,TALK] software alarm: Program cygnus_daq is not running
[fileCompressor,TALK] software alarm: Program cygnus_daq is not running
[fileCompressor,TALK] software alarm: Program cygnus_daq is not running
[fileCompressor,TALK] software alarm: Program cygnus_daq is not running
[fileCompressor,TALK] software alarm: Program cygnus_daq is not running
[fileCompressor,TALK] software alarm: Program cygnus_daq is not running
[fileCompressor,TALK] software alarm: Program cygnus_daq is not running
[fileCompressor,TALK] software alarm: Program cygnus_daq is not running
[fileCompressor,TALK] software alarm: Program cygnus_daq is not running
[fileCompressor,TALK] software alarm: Program cygnus_daq is not running
[fileCompressor,TALK] software alarm: Program cygnus_daq is not running
[fileCompressor,TALK] software alarm: Program cygnus_daq is not running
[fileCompressor,TALK] software alarm: Program cygnus_daq is not running
[fileCompressor,TALK] software alarm: Program cygnus_daq is not running
[fileCompressor,TALK] software alarm: Program cygnus_daq is not running
[fileCompressor,TALK] software alarm: Program cygnus_daq is not running
[fileCompressor,TALK] software alarm: Program cygnus_daq is not running
[fileCompressor,TALK] software alarm: Program cygnus_daq is not running
[fileCompressor,TALK] software alarm: Program cygnus_daq is not running
[fileCompressor,TALK] software alarm: Program cygnus_daq is not running
[fileCompressor,TALK] software alarm: Program cygnus_daq is not running
[fileCompressor,TALK] software alarm: Program cygnus_daq is not running
[fileCompressor,TALK] software alarm: Program cygnus_daq is not running
[fileCompressor,TALK] software alarm: Program cygnus_daq is not running
[fileCompressor,TALK] software alarm: Program cygnus_daq is not running
[fileCompressor,TALK] software alarm: Program cygnus_daq is not running
[fileCompressor,TALK] software alarm: Program cygnus_daq is not running
[fileCompressor,TALK] software alarm: Program cygnus_daq is not running
[fileCompressor,TALK] software alarm: Program cygnus_daq is not running
[fileCompressor,TALK] software alarm: Program cygnus_daq is not running
[fileCompressor,TALK] software alarm: Program cygnus_daq is not running
[fileCompressor,TALK] software alarm: Program cygnus_daq is not running
[fileCompressor,TALK] software alarm: Program cygnus_daq is not running
[fileCompressor,TALK] software alarm: Program cygnus_daq is not running
[fileCompressor,TALK] software alarm: Program cygnus_daq is not running
[fileCompressor,TALK] software alarm: Program cygnus_daq is not running
[fileCompressor,TALK] software alarm: Program cygnus_daq is not running
[fileCompressor,TALK] software alarm: Program cygnus_daq is not running
[fileCompressor,TALK] software alarm: Program cygnus_daq is not running
[fileCompressor,TALK] software alarm: Program cygnus_daq is not running
[fileCompressor,TALK] software alarm: Program cygnus_daq is not running
[fileCompressor,TALK] software alarm: Program cygnus_daq is not running
[fileCompressor,TALK] software alarm: Program cygnus_daq is not running
[fileCompressor,TALK] software alarm: Program cygnus_daq is not running
[fileCompressor,TALK] software alarm: Program cygnus_daq is not running
[fileCompressor,TALK] software alarm: Program cygnus_daq is not running
[fileCompressor,TALK] software alarm: Program cygnus_daq is not running
[fileCompressor,TALK] software alarm: Program cygnus_daq is not running
[fileCompressor,TALK] software alarm: Program cygnus_daq is not running
[fileCompressor,TALK] software alarm: Program cygnus_daq is not running
[fileCompressor,TALK] software alarm: Program cygnus_daq is not running
[fileCompressor,TALK] software alarm: Program cygnus_daq is not running
[fileCompressor,TALK] software alarm: Program cygnus_daq is not running
[fileCompressor,TALK] software alarm: Program cygnus_daq is not running
[fileCompressor,TALK] software alarm: Program cygnus_daq is not running
[fileCompressor,TALK] software alarm: Program cygnus_daq is not running
[fileCompressor,TALK] software alarm: Program cygnus_daq is not running
[fileCompressor,TALK] software alarm: Program cygnus_daq is not running
[fileCompressor,TALK] software alarm: Program cygnus_daq is not running
[fileCompressor,TALK] software alarm: Program cygnus_daq is not running
[fileCompressor,TALK] software alarm: Program cygnus_daq is not running
[fileCompressor,TALK] software alarm: Program cygnus_daq is not running
[fileCompressor,TALK] software alarm: Program cygnus_daq is not running
[fileCompressor,TALK] software alarm: Program cygnus_daq is not running
[fileCompressor,TALK] software alarm: Program cygnus_daq is not running
[fileCompressor,TALK] software alarm: Program cygnus_daq is not running
[fileCompressor,TALK] software alarm: Program cygnus_daq is not running
[fileCompressor,TALK] software alarm: Program cygnus_daq is not running
[fileCompressor,TALK] software alarm: Program cygnus_daq is not running
[fileCompressor,TALK] software alarm: Program cygnus_daq is not running
[fileCompressor,TALK] software alarm: Program cygnus_daq is not running
[fileCompressor,TALK] software alarm: Program cygnus_daq is not running
[fileCompressor,TALK] software alarm: Program cygnus_daq is not running
[fileCompressor,TALK] software alarm: Program cygnus_daq is not running
[fileCompressor,TALK] software alarm: Program cygnus_daq is not running
[fileCompressor,TALK] software alarm: Program cygnus_daq is not running
[fileCompressor,TALK] software alarm: Program cygnus_daq is not running
[fileCompressor,TALK] software alarm: Program cygnus_daq is not running
[fileCompressor,TALK] software alarm: Program cygnus_daq is not running
[fileCompressor,TALK] software alarm: Program cygnus_daq is not running
[fileCompressor,TALK] software alarm: Program cygnus_daq is not running
[fileCompressor,TALK] software alarm: Program cygnus_daq is not running
[fileCompressor,TALK] software alarm: Program cygnus_daq is not running
[fileCompressor,TALK] software alarm: Program cygnus_daq is not running
[fileCompressor,TALK] software alarm: Program cygnus_daq is not running
[fileCompressor,TALK] software alarm: Program cygnus_daq is not running
[fileCompressor,TALK] software alarm: Program cygnus_daq is not running
[fileCompressor,TALK] software alarm: Program cygnus_daq is not running
[fileCompressor,TALK] software alarm: Program cygnus_daq is not running
[fileCompressor,TALK] software alarm: Program cygnus_daq is not running
[fileCompressor,TALK] software alarm: Program cygnus_daq is not running
[fileCompressor,TALK] software alarm: Program cygnus_daq is not running
[fileCompressor,TALK] software alarm: Program cygnus_daq is not running
[fileCompressor,TALK] software alarm: Program cygnus_daq is not running
[fileCompressor,TALK] software alarm: Program cygnus_daq is not running
[fileCompressor,TALK] software alarm: Program cygnus_daq is not running
[fileCompressor,TALK] software alarm: Program cygnus_daq is not running
[fileCompressor,TALK] software alarm: Program cygnus_daq is not running
[fileCompressor,TALK] software alarm: Program cygnus_daq is not running
[fileCompressor,TALK] software alarm: Program cygnus_daq is not running
[fileCompressor,TALK] software alarm: Program cygnus_daq is not running
[fileCompressor,TALK] software alarm: Program cygnus_daq is not running
[fileCompressor,TALK] software alarm: Program cygnus_daq is not running
[fileCompressor,TALK] software alarm: Program cygnus_daq is not running
[fileCompressor,TALK] software alarm: Program cygnus_daq is not running
[fileCompressor,TALK] software alarm: Program cygnus_daq is not running
[fileCompressor,TALK] software alarm: Program cygnus_daq is not running
[fileCompressor,TALK] software alarm: Program cygnus_daq is not running
[fileCompressor,TALK] software alarm: Program cygnus_daq is not running
[fileCompressor,TALK] software alarm: Program cygnus_daq is not running
[fileCompressor,TALK] software alarm: Program cygnus_daq is not running
[fileCompressor,TALK] software alarm: Program cygnus_daq is not running
[fileCompressor,TALK] software alarm: Program cygnus_daq is not running
[fileCompressor,TALK] software alarm: Program cygnus_daq is not running
[fileCompressor,TALK] software alarm: Program cygnus_daq is not running
[fileCompressor,TALK] software alarm: Program cygnus_daq is not running
[fileCompressor,TALK] software alarm: Program cygnus_daq is not running
[fileCompressor,TALK] software alarm: Program cygnus_daq is not running
[fileCompressor,TALK] software alarm: Program cygnus_daq is not running
[fileCompressor,TALK] software alarm: Program cygnus_daq is not running
[fileCompressor,TALK] software alarm: Program cygnus_daq is not running
[fileCompressor,TALK] software alarm: Program cygnus_daq is not running
[fileCompressor,TALK] software alarm: Program cygnus_daq is not running
[fileCompressor,TALK] software alarm: Program cygnus_daq is not running
[fileCompressor,TALK] software alarm: Program cygnus_daq is not running
[fileCompressor,TALK] software alarm: Program cygnus_daq is not running
[fileCompressor,TALK] software alarm: Program cygnus_daq is not running
[fileCompressor,TALK] software alarm: Program cygnus_daq is not running
[fileCompressor,TALK] software alarm: Program cygnus_daq is not running
[fileCompressor,TALK] software alarm: Program cygnus_daq is not running
[fileCompressor,TALK] software alarm: Program cygnus_daq is not running
[fileCompressor,TALK] software alarm: Program cygnus_daq is not running
[fileCompressor,TALK] software alarm: Program cygnus_daq is not running
[fileCompressor,TALK] software alarm: Program cygnus_daq is not running
[fileCompressor,TALK] software alarm: Program cygnus_daq is not running
[fileCompressor,TALK] software alarm: Program cygnus_daq is not running
[fileCompressor,TALK] software alarm: Program cygnus_daq is not running
[fileCompressor,TALK] software alarm: Program cygnus_daq is not running
[fileCompressor,TALK] software alarm: Program cygnus_daq is not running
[fileCompressor,TALK] software alarm: Program cygnus_daq is not running
[fileCompressor,TALK] software alarm: Program cygnus_daq is not running
[fileCompressor,TALK] software alarm: Program cygnus_daq is not running
[fileCompressor,TALK] software alarm: Program cygnus_daq is not running
[fileCompressor,TALK] software alarm: Program cygnus_daq is not running
[fileCompressor,TALK] software alarm: Program cygnus_daq is not running
[fileCompressor,TALK] software alarm: Program cygnus_daq is not running
[fileCompressor,TALK] software alarm: Program cygnus_daq is not running
[fileCompressor,TALK] software alarm: Program cygnus_daq is not running
[fileCompressor,TALK] software alarm: Program cygnus_daq is not running
[fileCompressor,TALK] software alarm: Program cygnus_daq is not running
[fileCompressor,TALK] software alarm: Program cygnus_daq is not running
[fileCompressor,TALK] software alarm: Program cygnus_daq is not running
[fileCompressor,TALK] software alarm: Program cygnus_daq is not running
[fileCompressor,TALK] software alarm: Program cygnus_daq is not running
[fileCompressor,TALK] software alarm: Program cygnus_daq is not running
[fileCompressor,TALK] software alarm: Program cygnus_daq is not running
[fileCompressor,TALK] software alarm: Program cygnus_daq is not running
[fileCompressor,TALK] software alarm: Program cygnus_daq is not running
[fileCompressor,TALK] software alarm: Program cygnus_daq is not running
[fileCompressor,TALK] software alarm: Program cygnus_daq is not running
[fileCompressor,TALK] software alarm: Program cygnus_daq is not running
[fileCompressor,TALK] software alarm: Program cygnus_daq is not running
[fileCompressor,TALK] software alarm: Program cygnus_daq is not running
[fileCompressor,TALK] software alarm: Program cygnus_daq is not running
[fileCompressor,TALK] software alarm: Program cygnus_daq is not running
[fileCompressor,TALK] software alarm: Program cygnus_daq is not running
[fileCompressor,TALK] software alarm: Program cygnus_daq is not running
[fileCompressor,TALK] software alarm: Program cygnus_daq is not running
[fileCompressor,TALK] software alarm: Program cygnus_daq is not running
[fileCompressor,TALK] software alarm: Program cygnus_daq is not running
[fileCompressor,TALK] software alarm: Program cygnus_daq is not running
[fileCompressor,TALK] software alarm: Program cygnus_daq is not running
[fileCompressor,TALK] software alarm: Program cygnus_daq is not running
[fileCompressor,TALK] software alarm: Program cygnus_daq is not running
[fileCompressor,TALK] software alarm: Program cygnus_daq is not running
[fileCompressor,TALK] software alarm: Program cygnus_daq is not running
[fileCompressor,TALK] software alarm: Program cygnus_daq is not running
[fileCompressor,TALK] software alarm: Program cygnus_daq is not running
[fileCompressor,TALK] software alarm: Program cygnus_daq is not running
[fileCompressor,TALK] software alarm: Program cygnus_daq is not running
[fileCompressor,TALK] software alarm: Program cygnus_daq is not running
[fileCompressor,TALK] software alarm: Program cygnus_daq is not running
[fileCompressor,TALK] software alarm: Program cygnus_daq is not running
[fileCompressor,TALK] software alarm: Program cygnus_daq is not running
[fileCompressor,TALK] software alarm: Program cygnus_daq is not running
[fileCompressor,TALK] software alarm: Program cygnus_daq is not running
[fileCompressor,TALK] software alarm: Program cygnus_daq is not running
[fileCompressor,TALK] software alarm: Program cygnus_daq is not running
[fileCompressor,TALK] software alarm: Program cygnus_daq is not running
[fileCompressor,TALK] software alarm: Program cygnus_daq is not running
[fileCompressor,TALK] software alarm: Program cygnus_daq is not running
[fileCompressor,TALK] software alarm: Program cygnus_daq is not running
[fileCompressor,TALK] software alarm: Program cygnus_daq is not running
[fileCompressor,TALK] software alarm: Program cygnus_daq is not running
[fileCompressor,TALK] software alarm: Program cygnus_daq is not running
[fileCompressor,TALK] software alarm: Program cygnus_daq is not running
[fileCompressor,TALK] software alarm: Program cygnus_daq is not running
[fileCompressor,TALK] software alarm: Program cygnus_daq is not running
[fileCompressor,TALK] software alarm: Program cygnus_daq is not running
[fileCompressor,TALK] software alarm: Program cygnus_daq is not running
[fileCompressor,TALK] software alarm: Program cygnus_daq is not running
[fileCompressor,TALK] software alarm: Program cygnus_daq is not running
[fileCompressor,TALK] software alarm: Program cygnus_daq is not running
[fileCompressor,TALK] software alarm: Program cygnus_daq is not running
[fileCompressor,TALK] software alarm: Program cygnus_daq is not running
[fileCompressor,TALK] software alarm: Program cygnus_daq is not running
[fileCompressor,TALK] software alarm: Program cygnus_daq is not running
[fileCompressor,TALK] software alarm: Program cygnus_daq is not running
[fileCompressor,TALK] software alarm: Program cygnus_daq is not running
[fileCompressor,TALK] software alarm: Program cygnus_daq is not running
[fileCompressor,TALK] software alarm: Program cygnus_daq is not running
[fileCompressor,TALK] software alarm: Program cygnus_daq is not running
[fileCompressor,TALK] software alarm: Program cygnus_daq is not running
[fileCompressor,TALK] software alarm: Program cygnus_daq is not running
[fileCompressor,TALK] software alarm: Program cygnus_daq is not running
[fileCompressor,TALK] software alarm: Program cygnus_daq is not running
[fileCompressor,TALK] software alarm: Program cygnus_daq is not running
[fileCompressor,TALK] software alarm: Program cygnus_daq is not running
[fileCompressor,TALK] software alarm: Program cygnus_daq is not running
[fileCompressor,TALK] software alarm: Program cygnus_daq is not running
[fileCompressor,TALK] software alarm: Program cygnus_daq is not running
[fileCompressor,TALK] software alarm: Program cygnus_daq is not running
[fileCompressor,TALK] software alarm: Program cygnus_daq is not running
[fileCompressor,TALK] software alarm: Program cygnus_daq is not running
[fileCompressor,TALK] software alarm: Program cygnus_daq is not running
[fileCompressor,TALK] software alarm: Program cygnus_daq is not running
[fileCompressor,TALK] software alarm: Program cygnus_daq is not running
[fileCompressor,TALK] software alarm: Program cygnus_daq is not running
[fileCompressor,TALK] software alarm: Program cygnus_daq is not running
[fileCompressor,TALK] software alarm: Program cygnus_daq is not running
[fileCompressor,TALK] software alarm: Program cygnus_daq is not running
[fileCompressor,TALK] software alarm: Program cygnus_daq is not running
[fileCompressor,TALK] software alarm: Program cygnus_daq is not running
[fileCompressor,TALK] software alarm: Program cygnus_daq is not running
[fileCompressor,TALK] software alarm: Program cygnus_daq is not running
[fileCompressor,TALK] software alarm: Program cygnus_daq is not running
[fileCompressor,TALK] software alarm: Program cygnus_daq is not running
[fileCompressor,TALK] software alarm: Program cygnus_daq is not running
[fileCompressor,TALK] software alarm: Program cygnus_daq is not running
[fileCompressor,TALK] software alarm: Program cygnus_daq is not running
[fileCompressor,TALK] software alarm: Program cygnus_daq is not running
[fileCompressor,TALK] software alarm: Program cygnus_daq is not running
[fileCompressor,TALK] software alarm: Program cygnus_daq is not running
[fileCompressor,TALK] software alarm: Program cygnus_daq is not running
[fileCompressor,TALK] software alarm: Program cygnus_daq is not running
[fileCompressor,TALK] software alarm: Program cygnus_daq is not running
[fileCompressor,TALK] software alarm: Program cygnus_daq is not running
[fileCompressor,TALK] software alarm: Program cygnus_daq is not running
[fileCompressor,TALK] software alarm: Program cygnus_daq is not running
[fileCompressor,TALK] software alarm: Program cygnus_daq is not running
[fileCompressor,TALK] software alarm: Program cygnus_daq is not running
[fileCompressor,TALK] software alarm: Program cygnus_daq is not running
[fileCompressor,TALK] software alarm: Program cygnus_daq is not running
[fileCompressor,TALK] software alarm: Program cygnus_daq is not running
[fileCompressor,TALK] software alarm: Program cygnus_daq is not running
[fileCompressor,TALK] software alarm: Program cygnus_daq is not running
[fileCompressor,TALK] software alarm: Program cygnus_daq is not running
[fileCompressor,TALK] software alarm: Program cygnus_daq is not running
[fileCompressor,TALK] software alarm: Program cygnus_daq is not running
[fileCompressor,TALK] software alarm: Program cygnus_daq is not running
[fileCompressor,TALK] software alarm: Program cygnus_daq is not running
[fileCompressor,TALK] software alarm: Program cygnus_daq is not running
[fileCompressor,TALK] software alarm: Program cygnus_daq is not running
[fileCompressor,TALK] software alarm: Program cygnus_daq is not running
[fileCompressor,TALK] software alarm: Program cygnus_daq is not running
[fileCompressor,TALK] software alarm: Program cygnus_daq is not running
[fileCompressor,TALK] software alarm: Program cygnus_daq is not running
[fileCompressor,TALK] software alarm: Program cygnus_daq is not running
[fileCompressor,TALK] software alarm: Program cygnus_daq is not running
[fileCompressor,TALK] software alarm: Program cygnus_daq is not running
[fileCompressor,TALK] software alarm: Program cygnus_daq is not running
[fileCompressor,TALK] software alarm: Program cygnus_daq is not running
[fileCompressor,TALK] software alarm: Program cygnus_daq is not running
[fileCompressor,TALK] software alarm: Program cygnus_daq is not running
[fileCompressor,TALK] software alarm: Program cygnus_daq is not running
[fileCompressor,TALK] software alarm: Program cygnus_daq is not running
[fileCompressor,TALK] software alarm: Program cygnus_daq is not running
[fileCompressor,TALK] software alarm: Program cygnus_daq is not running
[fileCompressor,TALK] software alarm: Program cygnus_daq is not running
[fileCompressor,TALK] software alarm: Program cygnus_daq is not running
[fileCompressor,TALK] software alarm: Program cygnus_daq is not running
[fileCompressor,TALK] software alarm: Program cygnus_daq is not running
[fileCompressor,TALK] software alarm: Program cygnus_daq is not running
[fileCompressor,TALK] software alarm: Program cygnus_daq is not running
[fileCompressor,TALK] software alarm: Program cygnus_daq is not running
[fileCompressor,TALK] software alarm: Program cygnus_daq is not running
[fileCompressor,TALK] software alarm: Program cygnus_daq is not running
[fileCompressor,TALK] software alarm: Program cygnus_daq is not running
[fileCompressor,TALK] software alarm: Program cygnus_daq is not running
[fileCompressor,TALK] software alarm: Program cygnus_daq is not running
[fileCompressor,TALK] software alarm: Program cygnus_daq is not running
[fileCompressor,TALK] software alarm: Program cygnus_daq is not running
[fileCompressor,TALK] software alarm: Program cygnus_daq is not running
[fileCompressor,TALK] software alarm: Program cygnus_daq is not running
[fileCompressor,TALK] software alarm: Program cygnus_daq is not running
[fileCompressor,TALK] software alarm: Program cygnus_daq is not running
[fileCompressor,TALK] software alarm: Program cygnus_daq is not running
[fileCompressor,TALK] software alarm: Program cygnus_daq is not running
[fileCompressor,TALK] software alarm: Program cygnus_daq is not running
[fileCompressor,TALK] software alarm: Program cygnus_daq is not running
[fileCompressor,TALK] software alarm: Program cygnus_daq is not running
[fileCompressor,TALK] software alarm: Program cygnus_daq is not running
[fileCompressor,TALK] software alarm: Program cygnus_daq is not running
[fileCompressor,TALK] software alarm: Program cygnus_daq is not running
[fileCompressor,TALK] software alarm: Program cygnus_daq is not running
[fileCompressor,TALK] software alarm: Program cygnus_daq is not running
[fileCompressor,TALK] software alarm: Program cygnus_daq is not running
[fileCompressor,TALK] software alarm: Program cygnus_daq is not running
[fileCompressor,TALK] software alarm: Program cygnus_daq is not running
[fileCompressor,TALK] software alarm: Program cygnus_daq is not running
[fileCompressor,TALK] software alarm: Program cygnus_daq is not running
[fileCompressor,TALK] software alarm: Program cygnus_daq is not running
[fileCompressor,TALK] software alarm: Program cygnus_daq is not running
[fileCompressor,TALK] software alarm: Program cygnus_daq is not running
[fileCompressor,TALK] software alarm: Program cygnus_daq is not running
[fileCompressor,TALK] software alarm: Program cygnus_daq is not running
[fileCompressor,TALK] software alarm: Program cygnus_daq is not running
[fileCompressor,TALK] software alarm: Program cygnus_daq is not running
[fileCompressor,TALK] software alarm: Program cygnus_daq is not running
[fileCompressor,TALK] software alarm: Program cygnus_daq is not running
[fileCompressor,TALK] software alarm: Program cygnus_daq is not running
[fileCompressor,TALK] software alarm: Program cygnus_daq is not running
[fileCompressor,TALK] software alarm: Program cygnus_daq is not running
[fileCompressor,TALK] software alarm: Program cygnus_daq is not running
[fileCompressor,TALK] software alarm: Program cygnus_daq is not running
[fileCompressor,TALK] software alarm: Program cygnus_daq is not running
[fileCompressor,TALK] software alarm: Program cygnus_daq is not running
[fileCompressor,TALK] software alarm: Program cygnus_daq is not running
[fileCompressor,TALK] software alarm: Program cygnus_daq is not running
[fileCompressor,TALK] software alarm: Program cygnus_daq is not running
[fileCompressor,TALK] software alarm: Program cygnus_daq is not running
[fileCompressor,TALK] software alarm: Program cygnus_daq is not running
[fileCompressor,TALK] software alarm: Program cygnus_daq is not running
[fileCompressor,TALK] software alarm: Program cygnus_daq is not running
[fileCompressor,TALK] software alarm: Program cygnus_daq is not running
[fileCompressor,TALK] software alarm: Program cygnus_daq is not running
[fileCompressor,TALK] software alarm: Program cygnus_daq is not running
[fileCompressor,TALK] software alarm: Program cygnus_daq is not running
[fileCompressor,TALK] software alarm: Program cygnus_daq is not running
[fileCompressor,TALK] software alarm: Program cygnus_daq is not running
[fileCompressor,TALK] software alarm: Program cygnus_daq is not running
[fileCompressor,TALK] software alarm: Program cygnus_daq is not running
[fileCompressor,TALK] software alarm: Program cygnus_daq is not running
[fileCompressor,TALK] software alarm: Program cygnus_daq is not running
[fileCompressor,TALK] software alarm: Program cygnus_daq is not running
[fileCompressor,TALK] software alarm: Program cygnus_daq is not running
[fileCompressor,TALK] software alarm: Program cygnus_daq is not Killed
