cm_msg_log: Message "[midas2cloud,ERROR] [odb.cxx:1225:db_validate_key,ERROR] hkey 245000, path "/Sequencer/State/Last msg", string value is not valid UTF-8" not written to midas.log because open(/media/cygno01/PortableSSD/Data/midas.log) failed with errno 2 (No such file or directory)
cm_msg_log: Message "[midas2cloud,LOG] Program midas2cloud on host localhost started" not written to midas.log because open(/media/cygno01/PortableSSD/Data/midas.log) failed with errno 2 (No such file or directory)
2024-05-01 07:52:26 midas2cloud started
[midas2cloud,ERROR] [odb.cxx:1225:db_validate_key,ERROR] hkey 245000, path "/Sequencer/State/Last msg", string value is not valid UTF-8
Traceback (most recent call last):
  File "/home/cygno01/daq/middleware/dev/midas2cloud_v0.1.py", line 266, in <module>
    main()
  File "/home/cygno01/daq/middleware/dev/midas2cloud_v0.1.py", line 148, in main
    file_in_dir=sorted(os.listdir(INAPATH))
FileNotFoundError: [Errno 2] No such file or directory: '/media/cygno01/PortableSSD/Data/'
cm_msg_log: Message "[midas2cloud,LOG] Program midas2cloud on host localhost stopped" not written to midas.log because open(/media/cygno01/PortableSSD/Data/midas.log) failed with errno 2 (No such file or directory)
cm_msg_log: Message "[midas2cloud,ERROR] [odb.cxx:1225:db_validate_key,ERROR] hkey 245000, path "/Sequencer/State/Last msg", string value is not valid UTF-8" not written to midas.log because open(/media/cygno01/PortableSSD/Data/midas.log) failed with errno 2 (No such file or directory)
cm_msg_log: Message "[midas2cloud,LOG] Program midas2cloud on host localhost started" not written to midas.log because open(/media/cygno01/PortableSSD/Data/midas.log) failed with errno 2 (No such file or directory)
2024-05-01 17:10:46 midas2cloud started
[midas2cloud,ERROR] [odb.cxx:1225:db_validate_key,ERROR] hkey 245000, path "/Sequencer/State/Last msg", string value is not valid UTF-8
Traceback (most recent call last):
  File "/home/cygno01/daq/middleware/dev/midas2cloud_v0.1.py", line 266, in <module>
    main()
  File "/home/cygno01/daq/middleware/dev/midas2cloud_v0.1.py", line 148, in main
    file_in_dir=sorted(os.listdir(INAPATH))
FileNotFoundError: [Errno 2] No such file or directory: '/media/cygno01/PortableSSD/Data/'
cm_msg_log: Message "[midas2cloud,LOG] Program midas2cloud on host localhost stopped" not written to midas.log because open(/media/cygno01/PortableSSD/Data/midas.log) failed with errno 2 (No such file or directory)
cm_msg_log: Message "[midas2cloud,ERROR] [odb.cxx:1225:db_validate_key,ERROR] hkey 245000, path "/Sequencer/State/Last msg", string value is not valid UTF-8" not written to midas.log because open(/media/cygno01/PortableSSD/Data/midas.log) failed with errno 2 (No such file or directory)
cm_msg_log: Message "[midas2cloud,LOG] Program midas2cloud on host localhost started" not written to midas.log because open(/media/cygno01/PortableSSD/Data/midas.log) failed with errno 2 (No such file or directory)
2024-05-01 17:13:13 midas2cloud started
[midas2cloud,ERROR] [odb.cxx:1225:db_validate_key,ERROR] hkey 245000, path "/Sequencer/State/Last msg", string value is not valid UTF-8
Traceback (most recent call last):
  File "/home/cygno01/daq/middleware/dev/midas2cloud_v0.1.py", line 266, in <module>
    main()
  File "/home/cygno01/daq/middleware/dev/midas2cloud_v0.1.py", line 148, in main
    file_in_dir=sorted(os.listdir(INAPATH))
FileNotFoundError: [Errno 2] No such file or directory: '/media/cygno01/PortableSSD/Data/'
cm_msg_log: Message "[midas2cloud,LOG] Program midas2cloud on host localhost stopped" not written to midas.log because open(/media/cygno01/PortableSSD/Data/midas.log) failed with errno 2 (No such file or directory)
cm_msg_log: Message "[midas2cloud,LOG] Program midas2cloud on host localhost started" not written to midas.log because open(/media/cygno01/PortableSSD/Data/midas.log) failed with errno 2 (No such file or directory)
2024-05-02 10:41:56 midas2cloud started
Traceback (most recent call last):
  File "/home/cygno01/daq/middleware/dev/midas2cloud_v0.1.py", line 266, in <module>
    main()
  File "/home/cygno01/daq/middleware/dev/midas2cloud_v0.1.py", line 148, in main
    file_in_dir=sorted(os.listdir(INAPATH))
FileNotFoundError: [Errno 2] No such file or directory: '/media/cygno01/PortableSSD/Data/'
cm_msg_log: Message "[midas2cloud,LOG] Program midas2cloud on host localhost stopped" not written to midas.log because open(/media/cygno01/PortableSSD/Data/midas.log) failed with errno 2 (No such file or directory)
cm_msg_log: Message "[midas2cloud,LOG] Program midas2cloud on host localhost started" not written to midas.log because open(/media/cygno01/PortableSSD/Data/midas.log) failed with errno 2 (No such file or directory)
2024-05-07 10:26:17 midas2cloud started
Traceback (most recent call last):
  File "/home/cygno01/daq/middleware/dev/midas2cloud_v0.1.py", line 266, in <module>
    main()
  File "/home/cygno01/daq/middleware/dev/midas2cloud_v0.1.py", line 148, in main
    file_in_dir=sorted(os.listdir(INAPATH))
FileNotFoundError: [Errno 2] No such file or directory: '/media/cygno01/PortableSSD/Data/'
cm_msg_log: Message "[midas2cloud,LOG] Program midas2cloud on host localhost stopped" not written to midas.log because open(/media/cygno01/PortableSSD/Data/midas.log) failed with errno 2 (No such file or directory)
2024-05-07 10:28:35 midas2cloud started
2024-05-07 10:28:39 WARNING: No new file uploaded
2024-05-07 10:28:51 WARNING: No new file uploaded
2024-05-07 10:29:04 WARNING: No new file uploaded
2024-05-07 10:29:16 WARNING: No new file uploaded
2024-05-07 10:29:29 WARNING: No new file uploaded
2024-05-07 10:29:41 WARNING: No new file uploaded
2024-05-07 10:29:53 WARNING: No new file uploaded
2024-05-07 10:30:06 WARNING: No new file uploaded
2024-05-07 10:30:18 WARNING: No new file uploaded
2024-05-07 10:30:30 WARNING: No new file uploaded
2024-05-07 10:30:43 WARNING: No new file uploaded
2024-05-07 10:30:55 WARNING: No new file uploaded
2024-05-07 10:31:08 WARNING: No new file uploaded
2024-05-07 10:31:20 WARNING: No new file uploaded
2024-05-07 10:31:32 WARNING: No new file uploaded
2024-05-07 10:31:45 WARNING: No new file uploaded
2024-05-07 10:31:57 WARNING: No new file uploaded
2024-05-07 10:32:10 Udatentig matadata for filer file: run15571.mid.gz
2024-05-07 10:32:11 Transferring file: run15571.mid.gz
2024-05-07 10:32:11 Uploading file: run15571.mid.gz
2024-05-07 10:32:11 Upload done: run15571.mid.gz
2024-05-07 13:53:32 Udatentig matadata for filer file: run15577.mid.gz
2024-05-07 13:53:40 Transferring file: run15577.mid.gz
2024-05-07 13:53:40 Uploading file: run15577.mid.gz
2024-05-07 13:53:40 Upload done: run15577.mid.gz
2024-05-07 13:55:01 Udatentig matadata for filer file: run15578.mid.gz
2024-05-07 13:55:01 Transferring file: run15578.mid.gz
2024-05-07 13:55:01 Uploading file: run15578.mid.gz
2024-05-07 13:55:01 Upload done: run15578.mid.gz
2024-05-07 14:04:09 Udatentig matadata for filer file: run15579.mid.gz
2024-05-07 14:04:28 Transferring file: run15579.mid.gz
2024-05-07 14:04:28 Uploading file: run15579.mid.gz
2024-05-07 14:04:28 Upload done: run15579.mid.gz
2024-05-07 14:08:36 Udatentig matadata for filer file: run15580.mid.gz
2024-05-07 14:09:05 Transferring file: run15580.mid.gz
2024-05-07 14:09:05 Uploading file: run15580.mid.gz
2024-05-07 14:09:05 Upload done: run15580.mid.gz
2024-05-07 14:12:12 Udatentig matadata for filer file: run15581.mid.gz
2024-05-07 14:12:48 Transferring file: run15581.mid.gz
2024-05-07 14:12:48 Uploading file: run15581.mid.gz
2024-05-07 14:12:48 Upload done: run15581.mid.gz
2024-05-07 14:15:40 Udatentig matadata for filer file: run15582.mid.gz
2024-05-07 14:16:15 Transferring file: run15582.mid.gz
2024-05-07 14:16:15 Uploading file: run15582.mid.gz
2024-05-07 14:16:15 Upload done: run15582.mid.gz
2024-05-07 14:19:09 Udatentig matadata for filer file: run15583.mid.gz
2024-05-07 14:19:42 Transferring file: run15583.mid.gz
2024-05-07 14:19:42 Uploading file: run15583.mid.gz
2024-05-07 14:19:42 Upload done: run15583.mid.gz
2024-05-07 14:22:36 Udatentig matadata for filer file: run15584.mid.gz
2024-05-07 14:23:08 Transferring file: run15584.mid.gz
2024-05-07 14:23:08 Uploading file: run15584.mid.gz
2024-05-07 14:23:08 Upload done: run15584.mid.gz
2024-05-07 14:26:15 Udatentig matadata for filer file: run15585.mid.gz
2024-05-07 14:26:49 Transferring file: run15585.mid.gz
2024-05-07 14:26:49 Uploading file: run15585.mid.gz
2024-05-07 14:26:49 Upload done: run15585.mid.gz
2024-05-07 14:29:42 Udatentig matadata for filer file: run15586.mid.gz
2024-05-07 14:30:15 Transferring file: run15586.mid.gz
2024-05-07 14:30:15 Uploading file: run15586.mid.gz
2024-05-07 14:30:15 Upload done: run15586.mid.gz
2024-05-07 14:33:08 Udatentig matadata for filer file: run15587.mid.gz
2024-05-07 14:33:41 Transferring file: run15587.mid.gz
2024-05-07 14:33:41 Uploading file: run15587.mid.gz
2024-05-07 14:33:41 Upload done: run15587.mid.gz
2024-05-07 14:36:36 Udatentig matadata for filer file: run15588.mid.gz
2024-05-07 14:37:06 Transferring file: run15588.mid.gz
2024-05-07 14:37:06 Uploading file: run15588.mid.gz
2024-05-07 14:37:06 Upload done: run15588.mid.gz
2024-05-07 14:40:14 Udatentig matadata for filer file: run15589.mid.gz
2024-05-07 14:40:51 Transferring file: run15589.mid.gz
2024-05-07 14:40:51 Uploading file: run15589.mid.gz
2024-05-07 14:40:51 Upload done: run15589.mid.gz
2024-05-07 14:43:46 Udatentig matadata for filer file: run15590.mid.gz
2024-05-07 14:44:21 Transferring file: run15590.mid.gz
2024-05-07 14:44:21 Uploading file: run15590.mid.gz
2024-05-07 14:44:21 Upload done: run15590.mid.gz
2024-05-07 14:47:14 Udatentig matadata for filer file: run15591.mid.gz
2024-05-07 14:47:47 Transferring file: run15591.mid.gz
2024-05-07 14:47:47 Uploading file: run15591.mid.gz
2024-05-07 14:47:47 Upload done: run15591.mid.gz
2024-05-07 14:50:42 Udatentig matadata for filer file: run15592.mid.gz
2024-05-07 14:51:14 Transferring file: run15592.mid.gz
2024-05-07 14:51:14 Uploading file: run15592.mid.gz
2024-05-07 14:51:14 Upload done: run15592.mid.gz
2024-05-07 14:54:22 Udatentig matadata for filer file: run15593.mid.gz
2024-05-07 14:54:55 Transferring file: run15593.mid.gz
2024-05-07 14:54:55 Uploading file: run15593.mid.gz
2024-05-07 14:54:55 Upload done: run15593.mid.gz
2024-05-07 14:57:49 Udatentig matadata for filer file: run15594.mid.gz
2024-05-07 14:58:22 Transferring file: run15594.mid.gz
2024-05-07 14:58:22 Uploading file: run15594.mid.gz
2024-05-07 14:58:22 Upload done: run15594.mid.gz
2024-05-07 15:01:17 Udatentig matadata for filer file: run15595.mid.gz
2024-05-07 15:01:50 Transferring file: run15595.mid.gz
2024-05-07 15:01:50 Uploading file: run15595.mid.gz
2024-05-07 15:01:50 Upload done: run15595.mid.gz
2024-05-07 15:04:44 Udatentig matadata for filer file: run15596.mid.gz
2024-05-07 15:05:18 Transferring file: run15596.mid.gz
2024-05-07 15:05:18 Uploading file: run15596.mid.gz
2024-05-07 15:05:18 Upload done: run15596.mid.gz
2024-05-07 15:08:13 Udatentig matadata for filer file: run15597.mid.gz
2024-05-07 15:08:46 Transferring file: run15597.mid.gz
2024-05-07 15:08:46 Uploading file: run15597.mid.gz
2024-05-07 15:08:46 Upload done: run15597.mid.gz
2024-05-07 15:11:42 Udatentig matadata for filer file: run15598.mid.gz
2024-05-07 15:12:13 Transferring file: run15598.mid.gz
2024-05-07 15:12:13 Uploading file: run15598.mid.gz
2024-05-07 15:12:13 Upload done: run15598.mid.gz
2024-05-07 15:15:22 Udatentig matadata for filer file: run15599.mid.gz
2024-05-07 15:15:56 Transferring file: run15599.mid.gz
2024-05-07 15:15:56 Uploading file: run15599.mid.gz
2024-05-07 15:15:56 Upload done: run15599.mid.gz
2024-05-07 15:18:52 Udatentig matadata for filer file: run15600.mid.gz
2024-05-07 15:19:25 Transferring file: run15600.mid.gz
2024-05-07 15:19:25 Uploading file: run15600.mid.gz
2024-05-07 15:19:25 Upload done: run15600.mid.gz
2024-05-07 15:22:21 Udatentig matadata for filer file: run15601.mid.gz
2024-05-07 15:22:59 Transferring file: run15601.mid.gz
2024-05-07 15:22:59 Uploading file: run15601.mid.gz
2024-05-07 15:22:59 Upload done: run15601.mid.gz
2024-05-07 15:25:54 Udatentig matadata for filer file: run15602.mid.gz
2024-05-07 15:26:25 Transferring file: run15602.mid.gz
2024-05-07 15:26:25 Uploading file: run15602.mid.gz
2024-05-07 15:26:25 Upload done: run15602.mid.gz
2024-05-07 15:29:22 Udatentig matadata for filer file: run15603.mid.gz
2024-05-07 15:29:55 Transferring file: run15603.mid.gz
2024-05-07 15:29:55 Uploading file: run15603.mid.gz
2024-05-07 15:29:55 Upload done: run15603.mid.gz
2024-05-07 15:32:51 Udatentig matadata for filer file: run15604.mid.gz
2024-05-07 15:33:20 Transferring file: run15604.mid.gz
2024-05-07 15:33:20 Uploading file: run15604.mid.gz
2024-05-07 15:33:20 Upload done: run15604.mid.gz
2024-05-07 15:34:56 Udatentig matadata for filer file: run15605.mid.gz
2024-05-07 15:35:07 Transferring file: run15605.mid.gz
2024-05-07 15:35:07 Uploading file: run15605.mid.gz
2024-05-07 15:35:07 Upload done: run15605.mid.gz
2024-05-07 15:39:49 Udatentig matadata for filer file: run15606.mid.gz
2024-05-07 15:40:17 Transferring file: run15606.mid.gz
2024-05-07 15:40:17 Uploading file: run15606.mid.gz
2024-05-07 15:40:17 Upload done: run15606.mid.gz
2024-05-07 15:43:27 Udatentig matadata for filer file: run15607.mid.gz
2024-05-07 15:44:01 Transferring file: run15607.mid.gz
2024-05-07 15:44:01 Uploading file: run15607.mid.gz
2024-05-07 15:44:01 Upload done: run15607.mid.gz
2024-05-07 15:46:31 Udatentig matadata for filer file: run15608.mid.gz
2024-05-07 15:47:07 Transferring file: run15608.mid.gz
2024-05-07 15:47:07 Uploading file: run15608.mid.gz
2024-05-07 15:47:07 Upload done: run15608.mid.gz
2024-05-07 15:49:49 Udatentig matadata for filer file: run15609.mid.gz
2024-05-07 15:50:22 Transferring file: run15609.mid.gz
2024-05-07 15:50:22 Uploading file: run15609.mid.gz
2024-05-07 15:50:22 Upload done: run15609.mid.gz
2024-05-07 15:53:32 Udatentig matadata for filer file: run15610.mid.gz
2024-05-07 15:54:09 Transferring file: run15610.mid.gz
2024-05-07 15:54:09 Uploading file: run15610.mid.gz
2024-05-07 15:54:09 Upload done: run15610.mid.gz
2024-05-07 15:57:32 Udatentig matadata for filer file: run15611.mid.gz
2024-05-07 15:58:05 Transferring file: run15611.mid.gz
2024-05-07 15:58:05 Uploading file: run15611.mid.gz
2024-05-07 15:58:05 Upload done: run15611.mid.gz
2024-05-07 16:01:01 Udatentig matadata for filer file: run15612.mid.gz
2024-05-07 16:01:36 Transferring file: run15612.mid.gz
2024-05-07 16:01:36 Uploading file: run15612.mid.gz
2024-05-07 16:01:36 Upload done: run15612.mid.gz
2024-05-07 16:04:31 Udatentig matadata for filer file: run15613.mid.gz
2024-05-07 16:05:05 Transferring file: run15613.mid.gz
2024-05-07 16:05:05 Uploading file: run15613.mid.gz
2024-05-07 16:05:05 Upload done: run15613.mid.gz
2024-05-07 16:07:35 Udatentig matadata for filer file: run15614.mid.gz
2024-05-07 16:08:12 Transferring file: run15614.mid.gz
2024-05-07 16:08:12 Uploading file: run15614.mid.gz
2024-05-07 16:08:12 Upload done: run15614.mid.gz
2024-05-07 16:10:56 Udatentig matadata for filer file: run15615.mid.gz
2024-05-07 16:11:27 Transferring file: run15615.mid.gz
2024-05-07 16:11:27 Uploading file: run15615.mid.gz
2024-05-07 16:11:27 Upload done: run15615.mid.gz
2024-05-07 16:15:06 Udatentig matadata for filer file: run15616.mid.gz
2024-05-07 16:15:46 Transferring file: run15616.mid.gz
2024-05-07 16:15:46 Uploading file: run15616.mid.gz
2024-05-07 16:15:46 Upload done: run15616.mid.gz
2024-05-07 16:18:28 Udatentig matadata for filer file: run15617.mid.gz
2024-05-07 16:19:02 Transferring file: run15617.mid.gz
2024-05-07 16:19:02 Uploading file: run15617.mid.gz
2024-05-07 16:19:02 Upload done: run15617.mid.gz
2024-05-07 16:21:58 Udatentig matadata for filer file: run15618.mid.gz
2024-05-07 16:22:33 Transferring file: run15618.mid.gz
2024-05-07 16:22:33 Uploading file: run15618.mid.gz
2024-05-07 16:22:33 Upload done: run15618.mid.gz
2024-05-07 16:25:29 Udatentig matadata for filer file: run15619.mid.gz
2024-05-07 16:26:09 Transferring file: run15619.mid.gz
2024-05-07 16:26:09 Uploading file: run15619.mid.gz
2024-05-07 16:26:09 Upload done: run15619.mid.gz
2024-05-07 16:28:26 Udatentig matadata for filer file: run15620.mid.gz
2024-05-07 16:28:59 Transferring file: run15620.mid.gz
2024-05-07 16:28:59 Uploading file: run15620.mid.gz
2024-05-07 16:28:59 Upload done: run15620.mid.gz
2024-05-07 16:32:24 Udatentig matadata for filer file: run15621.mid.gz
2024-05-07 16:32:57 Transferring file: run15621.mid.gz
2024-05-07 16:32:57 Uploading file: run15621.mid.gz
2024-05-07 16:32:57 Upload done: run15621.mid.gz
2024-05-07 16:36:07 Udatentig matadata for filer file: run15622.mid.gz
2024-05-07 16:36:38 Transferring file: run15622.mid.gz
2024-05-07 16:36:38 Uploading file: run15622.mid.gz
2024-05-07 16:36:38 Upload done: run15622.mid.gz
2024-05-07 16:39:35 Udatentig matadata for filer file: run15623.mid.gz
2024-05-07 16:40:08 Transferring file: run15623.mid.gz
2024-05-07 16:40:08 Uploading file: run15623.mid.gz
2024-05-07 16:40:08 Upload done: run15623.mid.gz
2024-05-07 16:43:06 Udatentig matadata for filer file: run15624.mid.gz
2024-05-07 16:43:42 Transferring file: run15624.mid.gz
2024-05-07 16:43:42 Uploading file: run15624.mid.gz
2024-05-07 16:43:42 Upload done: run15624.mid.gz
2024-05-07 16:45:58 Udatentig matadata for filer file: run15625.mid.gz
2024-05-07 16:46:32 Transferring file: run15625.mid.gz
2024-05-07 16:46:32 Uploading file: run15625.mid.gz
2024-05-07 16:46:32 Upload done: run15625.mid.gz
2024-05-07 16:49:58 Udatentig matadata for filer file: run15626.mid.gz
2024-05-07 16:50:31 Transferring file: run15626.mid.gz
2024-05-07 16:50:31 Uploading file: run15626.mid.gz
2024-05-07 16:50:31 Upload done: run15626.mid.gz
2024-05-07 16:53:40 Udatentig matadata for filer file: run15627.mid.gz
2024-05-07 16:54:12 Transferring file: run15627.mid.gz
2024-05-07 16:54:12 Uploading file: run15627.mid.gz
2024-05-07 16:54:12 Upload done: run15627.mid.gz
2024-05-07 16:57:09 Udatentig matadata for filer file: run15628.mid.gz
2024-05-07 16:57:44 Transferring file: run15628.mid.gz
2024-05-07 16:57:44 Uploading file: run15628.mid.gz
2024-05-07 16:57:44 Upload done: run15628.mid.gz
2024-05-07 17:00:28 Udatentig matadata for filer file: run15629.mid.gz
2024-05-07 17:01:02 Transferring file: run15629.mid.gz
2024-05-07 17:01:02 Uploading file: run15629.mid.gz
2024-05-07 17:01:02 Upload done: run15629.mid.gz
2024-05-07 17:04:00 Udatentig matadata for filer file: run15630.mid.gz
2024-05-07 17:04:34 Transferring file: run15630.mid.gz
2024-05-07 17:04:34 Uploading file: run15630.mid.gz
2024-05-07 17:04:34 Upload done: run15630.mid.gz
2024-05-07 17:06:09 Udatentig matadata for filer file: run15631.mid.gz
2024-05-07 17:06:24 Transferring file: run15631.mid.gz
2024-05-07 17:06:24 Uploading file: run15631.mid.gz
2024-05-07 17:06:24 Upload done: run15631.mid.gz
2024-05-07 17:10:28 Udatentig matadata for filer file: run15632.mid.gz
2024-05-07 17:11:02 Transferring file: run15632.mid.gz
2024-05-07 17:11:02 Uploading file: run15632.mid.gz
2024-05-07 17:11:02 Upload done: run15632.mid.gz
2024-05-07 17:14:14 Udatentig matadata for filer file: run15633.mid.gz
2024-05-07 17:14:46 Transferring file: run15633.mid.gz
2024-05-07 17:14:46 Uploading file: run15633.mid.gz
2024-05-07 17:14:46 Upload done: run15633.mid.gz
2024-05-07 17:17:44 Udatentig matadata for filer file: run15634.mid.gz
2024-05-07 17:18:19 Transferring file: run15634.mid.gz
2024-05-07 17:18:19 Uploading file: run15634.mid.gz
2024-05-07 17:18:19 Upload done: run15634.mid.gz
2024-05-07 17:21:04 Udatentig matadata for filer file: run15635.mid.gz
2024-05-07 17:21:44 Transferring file: run15635.mid.gz
2024-05-07 17:21:44 Uploading file: run15635.mid.gz
2024-05-07 17:21:44 Upload done: run15635.mid.gz
2024-05-07 17:24:41 Udatentig matadata for filer file: run15636.mid.gz
2024-05-07 17:25:17 Transferring file: run15636.mid.gz
2024-05-07 17:25:17 Uploading file: run15636.mid.gz
2024-05-07 17:25:17 Upload done: run15636.mid.gz
2024-05-07 17:28:16 Udatentig matadata for filer file: run15637.mid.gz
2024-05-07 17:28:53 Transferring file: run15637.mid.gz
2024-05-07 17:28:53 Uploading file: run15637.mid.gz
2024-05-07 17:28:53 Upload done: run15637.mid.gz
2024-05-07 17:31:37 Udatentig matadata for filer file: run15638.mid.gz
2024-05-07 17:32:00 Transferring file: run15638.mid.gz
2024-05-07 17:32:00 Uploading file: run15638.mid.gz
2024-05-07 17:32:00 Upload done: run15638.mid.gz
2024-05-07 17:35:13 Udatentig matadata for filer file: run15639.mid.gz
2024-05-07 17:35:47 Transferring file: run15639.mid.gz
2024-05-07 17:35:47 Uploading file: run15639.mid.gz
2024-05-07 17:35:47 Upload done: run15639.mid.gz
2024-05-07 17:38:46 Udatentig matadata for filer file: run15640.mid.gz
2024-05-07 17:39:22 Transferring file: run15640.mid.gz
2024-05-07 17:39:22 Uploading file: run15640.mid.gz
2024-05-07 17:39:22 Upload done: run15640.mid.gz
2024-05-07 17:42:20 Udatentig matadata for filer file: run15641.mid.gz
2024-05-07 17:42:56 Transferring file: run15641.mid.gz
2024-05-07 17:42:56 Uploading file: run15641.mid.gz
2024-05-07 17:42:56 Upload done: run15641.mid.gz
2024-05-07 17:45:41 Udatentig matadata for filer file: run15642.mid.gz
2024-05-07 17:46:21 Transferring file: run15642.mid.gz
2024-05-07 17:46:21 Uploading file: run15642.mid.gz
2024-05-07 17:46:21 Upload done: run15642.mid.gz
2024-05-07 17:49:04 Udatentig matadata for filer file: run15643.mid.gz
2024-05-07 17:49:45 Transferring file: run15643.mid.gz
2024-05-07 17:49:45 Uploading file: run15643.mid.gz
2024-05-07 17:49:45 Upload done: run15643.mid.gz
2024-05-07 17:52:43 Udatentig matadata for filer file: run15644.mid.gz
2024-05-07 17:53:18 Transferring file: run15644.mid.gz
2024-05-07 17:53:18 Uploading file: run15644.mid.gz
2024-05-07 17:53:18 Upload done: run15644.mid.gz
2024-05-07 17:56:16 Udatentig matadata for filer file: run15645.mid.gz
2024-05-07 17:56:53 Transferring file: run15645.mid.gz
2024-05-07 17:56:53 Uploading file: run15645.mid.gz
2024-05-07 17:56:53 Upload done: run15645.mid.gz
2024-05-07 17:59:37 Udatentig matadata for filer file: run15646.mid.gz
2024-05-07 18:00:10 Transferring file: run15646.mid.gz
2024-05-07 18:00:10 Uploading file: run15646.mid.gz
2024-05-07 18:00:10 Upload done: run15646.mid.gz
2024-05-07 18:03:08 Udatentig matadata for filer file: run15647.mid.gz
2024-05-07 18:03:41 Transferring file: run15647.mid.gz
2024-05-07 18:03:41 Uploading file: run15647.mid.gz
2024-05-07 18:03:41 Upload done: run15647.mid.gz
2024-05-07 18:06:38 Udatentig matadata for filer file: run15648.mid.gz
2024-05-07 18:07:14 Transferring file: run15648.mid.gz
2024-05-07 18:07:14 Uploading file: run15648.mid.gz
2024-05-07 18:07:14 Upload done: run15648.mid.gz
2024-05-07 18:10:13 Udatentig matadata for filer file: run15649.mid.gz
2024-05-07 18:10:52 Transferring file: run15649.mid.gz
2024-05-07 18:10:52 Uploading file: run15649.mid.gz
2024-05-07 18:10:52 Upload done: run15649.mid.gz
2024-05-07 18:13:50 Udatentig matadata for filer file: run15650.mid.gz
2024-05-07 18:14:31 Transferring file: run15650.mid.gz
2024-05-07 18:14:31 Uploading file: run15650.mid.gz
2024-05-07 18:14:31 Upload done: run15650.mid.gz
2024-05-07 18:17:15 Udatentig matadata for filer file: run15651.mid.gz
2024-05-07 18:17:55 Transferring file: run15651.mid.gz
2024-05-07 18:17:55 Uploading file: run15651.mid.gz
2024-05-07 18:17:55 Upload done: run15651.mid.gz
2024-05-07 18:20:40 Udatentig matadata for filer file: run15652.mid.gz
2024-05-07 18:21:18 Transferring file: run15652.mid.gz
2024-05-07 18:21:18 Uploading file: run15652.mid.gz
2024-05-07 18:21:18 Upload done: run15652.mid.gz
2024-05-07 18:24:16 Udatentig matadata for filer file: run15653.mid.gz
2024-05-07 18:24:53 Transferring file: run15653.mid.gz
2024-05-07 18:24:53 Uploading file: run15653.mid.gz
2024-05-07 18:24:53 Upload done: run15653.mid.gz
2024-05-07 18:27:51 Udatentig matadata for filer file: run15654.mid.gz
2024-05-07 18:28:33 Transferring file: run15654.mid.gz
2024-05-07 18:28:33 Uploading file: run15654.mid.gz
2024-05-07 18:28:33 Upload done: run15654.mid.gz
2024-05-07 18:31:20 Udatentig matadata for filer file: run15655.mid.gz
2024-05-07 18:32:01 Transferring file: run15655.mid.gz
2024-05-07 18:32:01 Uploading file: run15655.mid.gz
2024-05-07 18:32:01 Upload done: run15655.mid.gz
2024-05-07 18:34:48 Udatentig matadata for filer file: run15656.mid.gz
2024-05-07 18:35:32 Transferring file: run15656.mid.gz
2024-05-07 18:35:32 Uploading file: run15656.mid.gz
2024-05-07 18:35:32 Upload done: run15656.mid.gz
2024-05-07 18:37:50 Udatentig matadata for filer file: run15657.mid.gz
2024-05-07 18:38:28 Transferring file: run15657.mid.gz
2024-05-07 18:38:28 Uploading file: run15657.mid.gz
2024-05-07 18:38:28 Upload done: run15657.mid.gz
2024-05-07 18:41:49 Udatentig matadata for filer file: run15658.mid.gz
2024-05-07 18:42:23 Transferring file: run15658.mid.gz
2024-05-07 18:42:23 Uploading file: run15658.mid.gz
2024-05-07 18:42:23 Upload done: run15658.mid.gz
2024-05-07 18:45:22 Udatentig matadata for filer file: run15659.mid.gz
2024-05-07 18:46:15 Transferring file: run15659.mid.gz
2024-05-07 18:46:15 Uploading file: run15659.mid.gz
2024-05-07 18:46:15 Upload done: run15659.mid.gz
2024-05-07 18:49:01 Udatentig matadata for filer file: run15660.mid.gz
2024-05-07 18:49:46 Transferring file: run15660.mid.gz
2024-05-07 18:49:46 Uploading file: run15660.mid.gz
2024-05-07 18:49:46 Upload done: run15660.mid.gz
2024-05-07 18:52:45 Udatentig matadata for filer file: run15661.mid.gz
2024-05-07 18:53:34 Transferring file: run15661.mid.gz
2024-05-07 18:53:34 Uploading file: run15661.mid.gz
2024-05-07 18:53:34 Upload done: run15661.mid.gz
2024-05-07 18:55:51 Udatentig matadata for filer file: run15662.mid.gz
2024-05-07 18:56:36 Transferring file: run15662.mid.gz
2024-05-07 18:56:36 Uploading file: run15662.mid.gz
2024-05-07 18:56:36 Upload done: run15662.mid.gz
2024-05-07 18:59:21 Udatentig matadata for filer file: run15663.mid.gz
2024-05-07 19:00:02 Transferring file: run15663.mid.gz
2024-05-07 19:00:02 Uploading file: run15663.mid.gz
2024-05-07 19:00:02 Upload done: run15663.mid.gz
2024-05-07 19:03:01 Udatentig matadata for filer file: run15664.mid.gz
2024-05-07 19:03:44 Transferring file: run15664.mid.gz
2024-05-07 19:03:44 Uploading file: run15664.mid.gz
2024-05-07 19:03:44 Upload done: run15664.mid.gz
2024-05-07 19:06:29 Udatentig matadata for filer file: run15665.mid.gz
2024-05-07 19:07:16 Transferring file: run15665.mid.gz
2024-05-07 19:07:16 Uploading file: run15665.mid.gz
2024-05-07 19:07:16 Upload done: run15665.mid.gz
2024-05-07 19:10:02 Udatentig matadata for filer file: run15666.mid.gz
2024-05-07 19:10:47 Transferring file: run15666.mid.gz
2024-05-07 19:10:47 Uploading file: run15666.mid.gz
2024-05-07 19:10:47 Upload done: run15666.mid.gz
2024-05-07 19:13:33 Udatentig matadata for filer file: run15667.mid.gz
2024-05-07 19:14:09 Transferring file: run15667.mid.gz
2024-05-07 19:14:09 Uploading file: run15667.mid.gz
2024-05-07 19:14:09 Upload done: run15667.mid.gz
2024-05-07 19:17:10 Udatentig matadata for filer file: run15668.mid.gz
2024-05-07 19:17:50 Transferring file: run15668.mid.gz
2024-05-07 19:17:50 Uploading file: run15668.mid.gz
2024-05-07 19:17:50 Upload done: run15668.mid.gz
2024-05-07 19:20:34 Udatentig matadata for filer file: run15669.mid.gz
2024-05-07 19:21:15 Transferring file: run15669.mid.gz
2024-05-07 19:21:15 Uploading file: run15669.mid.gz
2024-05-07 19:21:15 Upload done: run15669.mid.gz
2024-05-07 19:24:02 Udatentig matadata for filer file: run15670.mid.gz
2024-05-07 19:24:46 Transferring file: run15670.mid.gz
2024-05-07 19:24:46 Uploading file: run15670.mid.gz
2024-05-07 19:24:46 Upload done: run15670.mid.gz
2024-05-07 19:27:35 Udatentig matadata for filer file: run15671.mid.gz
2024-05-07 19:28:22 Transferring file: run15671.mid.gz
2024-05-07 19:28:22 Uploading file: run15671.mid.gz
2024-05-07 19:28:22 Upload done: run15671.mid.gz
2024-05-07 19:31:11 Udatentig matadata for filer file: run15672.mid.gz
2024-05-07 19:32:02 Transferring file: run15672.mid.gz
2024-05-07 19:32:02 Uploading file: run15672.mid.gz
2024-05-07 19:32:02 Upload done: run15672.mid.gz
2024-05-07 19:35:18 Udatentig matadata for filer file: run15673.mid.gz
2024-05-07 19:35:59 Transferring file: run15673.mid.gz
2024-05-07 19:35:59 Uploading file: run15673.mid.gz
2024-05-07 19:35:59 Upload done: run15673.mid.gz
2024-05-07 19:38:44 Udatentig matadata for filer file: run15674.mid.gz
2024-05-07 19:39:28 Transferring file: run15674.mid.gz
2024-05-07 19:39:28 Uploading file: run15674.mid.gz
2024-05-07 19:39:28 Upload done: run15674.mid.gz
2024-05-07 19:42:00 Udatentig matadata for filer file: run15675.mid.gz
2024-05-07 19:42:39 Transferring file: run15675.mid.gz
2024-05-07 19:42:39 Uploading file: run15675.mid.gz
2024-05-07 19:42:39 Upload done: run15675.mid.gz
2024-05-07 19:45:38 Udatentig matadata for filer file: run15676.mid.gz
2024-05-07 19:46:21 Transferring file: run15676.mid.gz
2024-05-07 19:46:21 Uploading file: run15676.mid.gz
2024-05-07 19:46:21 Upload done: run15676.mid.gz
2024-05-07 19:49:07 Udatentig matadata for filer file: run15677.mid.gz
2024-05-07 19:49:48 Transferring file: run15677.mid.gz
2024-05-07 19:49:48 Uploading file: run15677.mid.gz
2024-05-07 19:49:48 Upload done: run15677.mid.gz
2024-05-07 19:52:34 Udatentig matadata for filer file: run15678.mid.gz
2024-05-07 19:53:14 Transferring file: run15678.mid.gz
2024-05-07 19:53:14 Uploading file: run15678.mid.gz
2024-05-07 19:53:14 Upload done: run15678.mid.gz
2024-05-07 19:56:00 Udatentig matadata for filer file: run15679.mid.gz
2024-05-07 19:56:46 Transferring file: run15679.mid.gz
2024-05-07 19:56:46 Uploading file: run15679.mid.gz
2024-05-07 19:56:46 Upload done: run15679.mid.gz
2024-05-07 19:59:46 Udatentig matadata for filer file: run15680.mid.gz
2024-05-07 20:00:26 Transferring file: run15680.mid.gz
2024-05-07 20:00:26 Uploading file: run15680.mid.gz
2024-05-07 20:00:26 Upload done: run15680.mid.gz
2024-05-07 20:03:01 Udatentig matadata for filer file: run15681.mid.gz
2024-05-07 20:03:51 Transferring file: run15681.mid.gz
2024-05-07 20:03:51 Uploading file: run15681.mid.gz
2024-05-07 20:03:51 Upload done: run15681.mid.gz
2024-05-07 20:06:37 Udatentig matadata for filer file: run15682.mid.gz
2024-05-07 20:07:23 Transferring file: run15682.mid.gz
2024-05-07 20:07:23 Uploading file: run15682.mid.gz
2024-05-07 20:07:23 Upload done: run15682.mid.gz
2024-05-07 20:09:00 Udatentig matadata for filer file: run15683.mid.gz
2024-05-07 20:09:39 Transferring file: run15683.mid.gz
2024-05-07 20:09:39 Uploading file: run15683.mid.gz
2024-05-07 20:09:39 Upload done: run15683.mid.gz
2024-05-07 20:13:34 Udatentig matadata for filer file: run15684.mid.gz
2024-05-07 20:14:17 Transferring file: run15684.mid.gz
2024-05-07 20:14:17 Uploading file: run15684.mid.gz
2024-05-07 20:14:17 Upload done: run15684.mid.gz
2024-05-07 20:16:48 Udatentig matadata for filer file: run15685.mid.gz
2024-05-07 20:17:30 Transferring file: run15685.mid.gz
2024-05-07 20:17:30 Uploading file: run15685.mid.gz
2024-05-07 20:17:30 Upload done: run15685.mid.gz
2024-05-07 20:20:17 Udatentig matadata for filer file: run15686.mid.gz
2024-05-07 20:20:58 Transferring file: run15686.mid.gz
2024-05-07 20:20:58 Uploading file: run15686.mid.gz
2024-05-07 20:20:58 Upload done: run15686.mid.gz
2024-05-07 20:23:31 Udatentig matadata for filer file: run15687.mid.gz
2024-05-07 20:24:21 Transferring file: run15687.mid.gz
2024-05-07 20:24:21 Uploading file: run15687.mid.gz
2024-05-07 20:24:21 Upload done: run15687.mid.gz
2024-05-07 20:27:08 Udatentig matadata for filer file: run15688.mid.gz
2024-05-07 20:27:49 Transferring file: run15688.mid.gz
2024-05-07 20:27:49 Uploading file: run15688.mid.gz
2024-05-07 20:27:49 Upload done: run15688.mid.gz
2024-05-07 20:31:17 Udatentig matadata for filer file: run15689.mid.gz
2024-05-07 20:31:58 Transferring file: run15689.mid.gz
2024-05-07 20:31:58 Uploading file: run15689.mid.gz
2024-05-07 20:31:58 Upload done: run15689.mid.gz
2024-05-07 20:34:43 Udatentig matadata for filer file: run15690.mid.gz
2024-05-07 20:35:26 Transferring file: run15690.mid.gz
2024-05-07 20:35:26 Uploading file: run15690.mid.gz
2024-05-07 20:35:26 Upload done: run15690.mid.gz
2024-05-07 20:37:45 Udatentig matadata for filer file: run15691.mid.gz
2024-05-07 20:38:28 Transferring file: run15691.mid.gz
2024-05-07 20:38:28 Uploading file: run15691.mid.gz
2024-05-07 20:38:28 Upload done: run15691.mid.gz
2024-05-07 20:41:15 Udatentig matadata for filer file: run15692.mid.gz
2024-05-07 20:41:56 Transferring file: run15692.mid.gz
2024-05-07 20:41:56 Uploading file: run15692.mid.gz
2024-05-07 20:41:56 Upload done: run15692.mid.gz
2024-05-07 20:44:43 Udatentig matadata for filer file: run15693.mid.gz
2024-05-07 20:45:23 Transferring file: run15693.mid.gz
2024-05-07 20:45:23 Uploading file: run15693.mid.gz
2024-05-07 20:45:23 Upload done: run15693.mid.gz
2024-05-07 20:48:53 Udatentig matadata for filer file: run15694.mid.gz
2024-05-07 20:49:29 Transferring file: run15694.mid.gz
2024-05-07 20:49:29 Uploading file: run15694.mid.gz
2024-05-07 20:49:29 Upload done: run15694.mid.gz
2024-05-07 20:52:16 Udatentig matadata for filer file: run15695.mid.gz
2024-05-07 20:53:04 Transferring file: run15695.mid.gz
2024-05-07 20:53:04 Uploading file: run15695.mid.gz
2024-05-07 20:53:04 Upload done: run15695.mid.gz
2024-05-07 20:55:22 Udatentig matadata for filer file: run15696.mid.gz
2024-05-07 20:56:11 Transferring file: run15696.mid.gz
2024-05-07 20:56:11 Uploading file: run15696.mid.gz
2024-05-07 20:56:11 Upload done: run15696.mid.gz
2024-05-07 20:58:44 Udatentig matadata for filer file: run15697.mid.gz
2024-05-07 20:59:26 Transferring file: run15697.mid.gz
2024-05-07 20:59:26 Uploading file: run15697.mid.gz
2024-05-07 20:59:26 Upload done: run15697.mid.gz
2024-05-07 21:02:42 Udatentig matadata for filer file: run15698.mid.gz
2024-05-07 21:03:25 Transferring file: run15698.mid.gz
2024-05-07 21:03:25 Uploading file: run15698.mid.gz
2024-05-07 21:03:25 Upload done: run15698.mid.gz
2024-05-07 21:06:27 Udatentig matadata for filer file: run15699.mid.gz
2024-05-07 21:07:12 Transferring file: run15699.mid.gz
2024-05-07 21:07:12 Uploading file: run15699.mid.gz
2024-05-07 21:07:12 Upload done: run15699.mid.gz
2024-05-07 21:09:44 Udatentig matadata for filer file: run15700.mid.gz
2024-05-07 21:10:33 Transferring file: run15700.mid.gz
2024-05-07 21:10:33 Uploading file: run15700.mid.gz
2024-05-07 21:10:33 Upload done: run15700.mid.gz
2024-05-07 21:13:20 Udatentig matadata for filer file: run15701.mid.gz
2024-05-07 21:14:03 Transferring file: run15701.mid.gz
2024-05-07 21:14:03 Uploading file: run15701.mid.gz
2024-05-07 21:14:03 Upload done: run15701.mid.gz
2024-05-07 21:16:49 Udatentig matadata for filer file: run15702.mid.gz
2024-05-07 21:17:29 Transferring file: run15702.mid.gz
2024-05-07 21:17:29 Uploading file: run15702.mid.gz
2024-05-07 21:17:29 Upload done: run15702.mid.gz
2024-05-07 21:20:17 Udatentig matadata for filer file: run15703.mid.gz
2024-05-07 21:21:05 Transferring file: run15703.mid.gz
2024-05-07 21:21:05 Uploading file: run15703.mid.gz
2024-05-07 21:21:05 Upload done: run15703.mid.gz
2024-05-07 21:23:52 Udatentig matadata for filer file: run15704.mid.gz
2024-05-07 21:24:39 Transferring file: run15704.mid.gz
2024-05-07 21:24:39 Uploading file: run15704.mid.gz
2024-05-07 21:24:39 Upload done: run15704.mid.gz
2024-05-07 21:27:26 Udatentig matadata for filer file: run15705.mid.gz
2024-05-07 21:28:06 Transferring file: run15705.mid.gz
2024-05-07 21:28:06 Uploading file: run15705.mid.gz
2024-05-07 21:28:06 Upload done: run15705.mid.gz
2024-05-07 21:31:08 Udatentig matadata for filer file: run15706.mid.gz
2024-05-07 21:31:46 Transferring file: run15706.mid.gz
2024-05-07 21:31:46 Uploading file: run15706.mid.gz
2024-05-07 21:31:46 Upload done: run15706.mid.gz
2024-05-07 21:34:21 Udatentig matadata for filer file: run15707.mid.gz
2024-05-07 21:35:09 Transferring file: run15707.mid.gz
2024-05-07 21:35:09 Uploading file: run15707.mid.gz
2024-05-07 21:35:09 Upload done: run15707.mid.gz
2024-05-07 21:37:57 Udatentig matadata for filer file: run15708.mid.gz
2024-05-07 21:38:35 Transferring file: run15708.mid.gz
2024-05-07 21:38:35 Uploading file: run15708.mid.gz
2024-05-07 21:38:35 Upload done: run15708.mid.gz
2024-05-07 21:40:12 Udatentig matadata for filer file: run15709.mid.gz
2024-05-07 21:40:34 Transferring file: run15709.mid.gz
2024-05-07 21:40:34 Uploading file: run15709.mid.gz
2024-05-07 21:40:34 Upload done: run15709.mid.gz
2024-05-07 21:44:47 Udatentig matadata for filer file: run15710.mid.gz
2024-05-07 21:45:26 Transferring file: run15710.mid.gz
2024-05-07 21:45:26 Uploading file: run15710.mid.gz
2024-05-07 21:45:26 Upload done: run15710.mid.gz
2024-05-07 21:48:28 Udatentig matadata for filer file: run15711.mid.gz
2024-05-07 21:49:12 Transferring file: run15711.mid.gz
2024-05-07 21:49:12 Uploading file: run15711.mid.gz
2024-05-07 21:49:12 Upload done: run15711.mid.gz
2024-05-07 21:52:00 Udatentig matadata for filer file: run15712.mid.gz
2024-05-07 21:52:46 Transferring file: run15712.mid.gz
2024-05-07 21:52:46 Uploading file: run15712.mid.gz
2024-05-07 21:52:46 Upload done: run15712.mid.gz
2024-05-07 21:55:34 Udatentig matadata for filer file: run15713.mid.gz
2024-05-07 21:56:20 Transferring file: run15713.mid.gz
2024-05-07 21:56:20 Uploading file: run15713.mid.gz
2024-05-07 21:56:20 Upload done: run15713.mid.gz
2024-05-07 21:58:53 Udatentig matadata for filer file: run15714.mid.gz
2024-05-07 21:59:31 Transferring file: run15714.mid.gz
2024-05-07 21:59:31 Uploading file: run15714.mid.gz
2024-05-07 21:59:31 Upload done: run15714.mid.gz
2024-05-07 22:02:20 Udatentig matadata for filer file: run15715.mid.gz
2024-05-07 22:03:06 Transferring file: run15715.mid.gz
2024-05-07 22:03:06 Uploading file: run15715.mid.gz
2024-05-07 22:03:06 Upload done: run15715.mid.gz
2024-05-08 12:24:56 midas2cloud started
2024-05-08 12:25:01 WARNING: No new file uploaded
2024-05-08 12:25:15 WARNING: No new file uploaded
2024-05-08 12:25:29 WARNING: No new file uploaded
2024-05-08 12:25:42 WARNING: No new file uploaded
2024-05-08 12:25:56 WARNING: No new file uploaded
2024-05-08 12:26:10 WARNING: No new file uploaded
2024-05-08 12:26:23 WARNING: No new file uploaded
2024-05-08 12:26:37 WARNING: No new file uploaded
2024-05-08 12:26:50 WARNING: No new file uploaded
2024-05-08 12:27:04 WARNING: No new file uploaded
2024-05-08 12:27:17 WARNING: No new file uploaded
2024-05-08 12:27:30 WARNING: No new file uploaded
2024-05-08 12:27:44 WARNING: No new file uploaded
2024-05-08 12:27:57 WARNING: No new file uploaded
2024-05-08 12:28:11 WARNING: No new file uploaded
2024-05-08 12:28:24 WARNING: No new file uploaded
2024-05-08 12:28:38 WARNING: No new file uploaded
2024-05-08 12:28:51 WARNING: No new file uploaded
2024-05-08 12:29:05 WARNING: No new file uploaded
2024-05-08 12:29:19 WARNING: No new file uploaded
2024-05-08 12:29:32 WARNING: No new file uploaded
2024-05-08 12:29:46 WARNING: No new file uploaded
2024-05-08 12:29:59 WARNING: No new file uploaded
2024-05-08 12:30:13 WARNING: No new file uploaded
2024-05-08 12:30:26 WARNING: No new file uploaded
2024-05-08 12:30:40 WARNING: No new file uploaded
2024-05-08 12:30:53 WARNING: No new file uploaded
2024-05-08 12:31:07 WARNING: No new file uploaded
2024-05-08 12:31:20 WARNING: No new file uploaded
2024-05-08 12:31:34 WARNING: No new file uploaded
2024-05-08 12:31:47 WARNING: No new file uploaded
2024-05-08 12:32:00 WARNING: No new file uploaded
2024-05-08 12:32:14 WARNING: No new file uploaded
2024-05-08 12:32:27 WARNING: No new file uploaded
2024-05-08 12:32:41 WARNING: No new file uploaded
2024-05-08 12:32:54 WARNING: No new file uploaded
2024-05-08 12:33:07 WARNING: No new file uploaded
2024-05-08 12:33:20 WARNING: No new file uploaded
2024-05-08 12:33:34 WARNING: No new file uploaded
2024-05-08 12:33:47 WARNING: No new file uploaded
2024-05-08 12:34:00 WARNING: No new file uploaded
2024-05-08 12:34:13 WARNING: No new file uploaded
2024-05-08 12:34:26 WARNING: No new file uploaded
2024-05-08 12:34:40 WARNING: No new file uploaded
2024-05-08 12:34:53 WARNING: No new file uploaded
2024-05-08 12:35:06 WARNING: No new file uploaded
2024-05-08 12:35:19 WARNING: No new file uploaded
2024-05-08 12:35:33 WARNING: No new file uploaded
2024-05-08 12:35:46 WARNING: No new file uploaded
2024-05-08 12:35:59 WARNING: No new file uploaded
2024-05-08 12:36:13 WARNING: No new file uploaded
2024-05-08 12:36:26 WARNING: No new file uploaded
2024-05-08 12:36:40 Udatentig matadata for filer file: run15735.mid.gz
2024-05-08 12:36:41 Transferring file: run15735.mid.gz
2024-05-08 12:36:41 Uploading file: run15735.mid.gz
2024-05-08 12:36:41 Upload done: run15735.mid.gz
2024-05-08 12:45:06 Udatentig matadata for filer file: run15736.mid.gz
2024-05-08 12:45:41 Transferring file: run15736.mid.gz
2024-05-08 12:45:41 Uploading file: run15736.mid.gz
2024-05-08 12:45:41 Upload done: run15736.mid.gz
2024-05-08 12:48:28 Udatentig matadata for filer file: run15737.mid.gz
md5sum error /media/cygno01/PortableSSD/Data/run15737.mid.gz
2024-05-08 12:50:39 Transferring file: run15737.mid.gz
2024-05-08 12:50:39 Uploading file: run15737.mid.gz
2024-05-08 12:50:39 ERROR: Uploading file: run15737.mid.gz
2024-05-08 12:50:54 Uploading file: run15737.mid.gz
2024-05-08 12:50:54 ERROR: Uploading file: run15737.mid.gz
2024-05-08 12:50:54 Uploading file: run15737.mid.gz
2024-05-08 12:50:54 ERROR: Uploading file: run15737.mid.gz
2024-05-08 12:50:54 Uploading file: run15737.mid.gz
2024-05-08 12:50:54 ERROR: Uploading file: run15737.mid.gz
2024-05-08 12:50:54 Uploading file: run15737.mid.gz
2024-05-08 12:50:54 ERROR: Uploading file: run15737.mid.gz
ERROR: Max try number reached: 5
Traceback (most recent call last):
  File "/home/cygno01/daq/middleware/dev/midas2cloud_v0.1.py", line 266, in <module>
    main()
  File "/home/cygno01/daq/middleware/dev/midas2cloud_v0.1.py", line 148, in main
    file_in_dir=sorted(os.listdir(INAPATH))
FileNotFoundError: [Errno 2] No such file or directory: '/media/cygno01/PortableSSD/Data/'
cm_msg_log: Message "[midas2cloud,LOG] Program midas2cloud on host localhost stopped" not written to midas.log because open(/media/cygno01/PortableSSD/Data/midas.log) failed with errno 2 (No such file or directory)
2024-05-09 09:37:25 midas2cloud started
2024-05-09 09:37:30 Udatentig matadata for filer file: run15737.mid.gz
2024-05-09 09:37:53 Transferring file: run15737.mid.gz
2024-05-09 09:37:53 Uploading file: run15737.mid.gz
2024-05-09 09:37:53 Upload done: run15737.mid.gz
[midas2cloud,ERROR] [odb.cxx:1225:db_validate_key,ERROR] hkey 245000, path "/Sequencer/State/Last msg", string value is not valid UTF-8
Traceback (most recent call last):
  File "/home/cygno01/daq/middleware/dev/midas2cloud_v0.1.py", line 266, in <module>
    main()
  File "/home/cygno01/daq/middleware/dev/midas2cloud_v0.1.py", line 148, in main
    file_in_dir=sorted(os.listdir(INAPATH))
FileNotFoundError: [Errno 2] No such file or directory: '/media/cygno01/PortableSSD/Data/'
cm_msg_log: Message "[midas2cloud,LOG] Program midas2cloud on host localhost stopped" not written to midas.log because open(/media/cygno01/PortableSSD/Data/midas.log) failed with errno 2 (No such file or directory)
cm_msg_log: Message "[midas2cloud,ERROR] [odb.cxx:1225:db_validate_key,ERROR] hkey 245000, path "/Sequencer/State/Last msg", string value is not valid UTF-8" not written to midas.log because open(/media/cygno01/PortableSSD/Data/midas.log) failed with errno 2 (No such file or directory)
cm_msg_log: Message "[midas2cloud,LOG] Program midas2cloud on host localhost started" not written to midas.log because open(/media/cygno01/PortableSSD/Data/midas.log) failed with errno 2 (No such file or directory)
2024-05-09 11:33:20 midas2cloud started
[midas2cloud,ERROR] [odb.cxx:1225:db_validate_key,ERROR] hkey 245000, path "/Sequencer/State/Last msg", string value is not valid UTF-8
Traceback (most recent call last):
  File "/home/cygno01/daq/middleware/dev/midas2cloud_v0.1.py", line 266, in <module>
    main()
  File "/home/cygno01/daq/middleware/dev/midas2cloud_v0.1.py", line 148, in main
    file_in_dir=sorted(os.listdir(INAPATH))
FileNotFoundError: [Errno 2] No such file or directory: '/media/cygno01/PortableSSD/Data/'
cm_msg_log: Message "[midas2cloud,LOG] Program midas2cloud on host localhost stopped" not written to midas.log because open(/media/cygno01/PortableSSD/Data/midas.log) failed with errno 2 (No such file or directory)
2024-05-09 12:06:53 midas2cloud started
2024-05-09 12:06:58 WARNING: No new file uploaded
2024-05-09 12:07:12 WARNING: No new file uploaded
2024-05-09 12:07:26 WARNING: No new file uploaded
2024-05-09 12:07:39 WARNING: No new file uploaded
2024-05-09 12:07:53 WARNING: No new file uploaded
2024-05-09 12:08:07 WARNING: No new file uploaded
2024-05-09 12:08:20 WARNING: No new file uploaded
2024-05-09 12:08:34 WARNING: No new file uploaded
2024-05-09 12:08:48 WARNING: No new file uploaded
2024-05-09 12:09:02 WARNING: No new file uploaded
2024-05-09 12:09:15 WARNING: No new file uploaded
2024-05-09 12:09:29 WARNING: No new file uploaded
2024-05-09 12:09:43 WARNING: No new file uploaded
2024-05-09 12:09:56 WARNING: No new file uploaded
2024-05-09 12:10:10 WARNING: No new file uploaded
2024-05-09 12:10:24 WARNING: No new file uploaded
2024-05-09 12:10:38 WARNING: No new file uploaded
2024-05-09 12:10:51 WARNING: No new file uploaded
2024-05-09 12:11:05 WARNING: No new file uploaded
2024-05-09 12:11:19 WARNING: No new file uploaded
2024-05-09 12:11:33 WARNING: No new file uploaded
2024-05-09 12:11:46 WARNING: No new file uploaded
2024-05-09 12:12:00 WARNING: No new file uploaded
2024-05-09 12:12:14 WARNING: No new file uploaded
2024-05-09 12:12:28 WARNING: No new file uploaded
2024-05-09 12:12:41 WARNING: No new file uploaded
2024-05-09 12:12:55 WARNING: No new file uploaded
2024-05-09 12:13:09 WARNING: No new file uploaded
2024-05-09 12:13:23 WARNING: No new file uploaded
2024-05-09 12:13:37 WARNING: No new file uploaded
2024-05-09 12:13:50 WARNING: No new file uploaded
2024-05-09 12:14:04 WARNING: No new file uploaded
2024-05-09 12:14:18 WARNING: No new file uploaded
2024-05-09 12:14:32 WARNING: No new file uploaded
2024-05-09 12:14:45 WARNING: No new file uploaded
2024-05-09 12:14:59 WARNING: No new file uploaded
2024-05-09 12:15:13 WARNING: No new file uploaded
2024-05-09 12:15:26 WARNING: No new file uploaded
2024-05-09 12:15:40 WARNING: No new file uploaded
2024-05-09 12:15:54 WARNING: No new file uploaded
2024-05-09 12:16:04 WARNING: No new file uploaded
2024-05-09 12:16:14 WARNING: No new file uploaded
2024-05-09 12:16:24 WARNING: No new file uploaded
Midas shutdown
[midas2cloud,ERROR] [odb.cxx:1225:db_validate_key,ERROR] hkey 245000, path "/Sequencer/State/Last msg", string value is not valid UTF-8
2024-05-09 12:17:29 midas2cloud started
2024-05-09 12:17:30 WARNING: No new file uploaded
2024-05-09 12:17:40 WARNING: No new file uploaded
2024-05-09 12:17:50 WARNING: No new file uploaded
2024-05-09 12:18:00 WARNING: No new file uploaded
2024-05-09 12:18:10 WARNING: No new file uploaded
2024-05-09 12:18:20 WARNING: No new file uploaded
2024-05-09 12:18:30 WARNING: No new file uploaded
2024-05-09 12:18:40 WARNING: No new file uploaded
2024-05-09 12:18:50 WARNING: No new file uploaded
2024-05-09 12:19:00 WARNING: No new file uploaded
2024-05-09 12:19:10 WARNING: No new file uploaded
2024-05-09 12:19:20 WARNING: No new file uploaded
2024-05-09 12:19:30 WARNING: No new file uploaded
2024-05-09 12:19:41 WARNING: No new file uploaded
2024-05-09 12:19:51 WARNING: No new file uploaded
2024-05-09 12:20:01 WARNING: No new file uploaded
2024-05-09 12:20:11 WARNING: No new file uploaded
2024-05-09 12:20:21 WARNING: No new file uploaded
2024-05-09 12:20:31 WARNING: No new file uploaded
2024-05-09 12:20:41 WARNING: No new file uploaded
2024-05-09 12:20:51 WARNING: No new file uploaded
2024-05-09 12:21:01 WARNING: No new file uploaded
2024-05-09 12:21:11 WARNING: No new file uploaded
2024-05-09 12:21:21 WARNING: No new file uploaded
2024-05-09 12:21:31 WARNING: No new file uploaded
2024-05-09 12:21:41 WARNING: No new file uploaded
2024-05-09 12:21:51 WARNING: No new file uploaded
2024-05-09 12:22:01 WARNING: No new file uploaded
2024-05-09 12:22:11 WARNING: No new file uploaded
2024-05-09 12:22:21 WARNING: No new file uploaded
2024-05-09 12:22:31 WARNING: No new file uploaded
2024-05-09 12:22:41 WARNING: No new file uploaded
2024-05-09 12:22:51 WARNING: No new file uploaded
2024-05-09 12:23:01 WARNING: No new file uploaded
2024-05-09 12:23:11 WARNING: No new file uploaded
2024-05-09 12:23:21 WARNING: No new file uploaded
2024-05-09 12:23:31 WARNING: No new file uploaded
2024-05-09 12:23:41 WARNING: No new file uploaded
2024-05-09 12:23:51 WARNING: No new file uploaded
2024-05-09 12:24:01 WARNING: No new file uploaded
2024-05-09 12:24:11 WARNING: No new file uploaded
2024-05-09 12:24:21 WARNING: No new file uploaded
2024-05-09 12:24:31 WARNING: No new file uploaded
2024-05-09 12:24:41 WARNING: No new file uploaded
2024-05-09 12:24:51 WARNING: No new file uploaded
2024-05-09 12:25:01 WARNING: No new file uploaded
2024-05-09 12:25:11 WARNING: No new file uploaded
2024-05-09 12:25:21 WARNING: No new file uploaded
2024-05-09 12:25:31 WARNING: No new file uploaded
2024-05-09 12:25:41 WARNING: No new file uploaded
2024-05-09 12:25:51 WARNING: No new file uploaded
2024-05-09 12:26:01 WARNING: No new file uploaded
2024-05-09 12:26:11 WARNING: No new file uploaded
2024-05-09 12:26:21 WARNING: No new file uploaded
2024-05-09 12:26:31 WARNING: No new file uploaded
2024-05-09 12:26:41 WARNING: No new file uploaded
2024-05-09 12:26:51 WARNING: No new file uploaded
2024-05-09 12:27:01 WARNING: No new file uploaded
2024-05-09 12:27:11 WARNING: No new file uploaded
2024-05-09 12:27:21 WARNING: No new file uploaded
2024-05-09 12:27:31 WARNING: No new file uploaded
2024-05-09 12:27:42 WARNING: No new file uploaded
2024-05-09 12:27:52 WARNING: No new file uploaded
2024-05-09 12:28:02 WARNING: No new file uploaded
2024-05-09 12:28:12 WARNING: No new file uploaded
2024-05-09 12:28:22 WARNING: No new file uploaded
2024-05-09 12:28:32 WARNING: No new file uploaded
2024-05-09 12:28:42 WARNING: No new file uploaded
2024-05-09 12:28:52 WARNING: No new file uploaded
2024-05-09 12:29:02 WARNING: No new file uploaded
2024-05-09 12:29:12 WARNING: No new file uploaded
2024-05-09 12:29:22 WARNING: No new file uploaded
2024-05-09 12:29:32 WARNING: No new file uploaded
2024-05-09 12:29:42 WARNING: No new file uploaded
2024-05-09 12:29:52 WARNING: No new file uploaded
2024-05-09 12:30:02 WARNING: No new file uploaded
2024-05-09 12:30:12 WARNING: No new file uploaded
2024-05-09 12:30:22 WARNING: No new file uploaded
2024-05-09 12:30:32 WARNING: No new file uploaded
2024-05-09 12:30:42 WARNING: No new file uploaded
2024-05-09 12:30:52 WARNING: No new file uploaded
2024-05-09 12:31:02 WARNING: No new file uploaded
2024-05-09 12:31:12 WARNING: No new file uploaded
2024-05-09 12:31:22 WARNING: No new file uploaded
2024-05-09 12:31:32 WARNING: No new file uploaded
2024-05-09 12:31:42 WARNING: No new file uploaded
2024-05-09 12:31:52 WARNING: No new file uploaded
2024-05-09 12:32:02 WARNING: No new file uploaded
2024-05-09 12:32:12 WARNING: No new file uploaded
2024-05-09 12:32:22 WARNING: No new file uploaded
2024-05-09 12:32:32 WARNING: No new file uploaded
2024-05-09 12:32:42 WARNING: No new file uploaded
2024-05-09 12:32:52 WARNING: No new file uploaded
2024-05-09 12:33:02 WARNING: No new file uploaded
2024-05-09 12:33:12 WARNING: No new file uploaded
2024-05-09 12:33:22 WARNING: No new file uploaded
2024-05-09 12:33:32 WARNING: No new file uploaded
2024-05-09 12:33:42 WARNING: No new file uploaded
2024-05-09 12:33:52 WARNING: No new file uploaded
2024-05-09 12:34:02 WARNING: No new file uploaded
2024-05-09 12:34:12 WARNING: No new file uploaded
2024-05-09 12:34:22 WARNING: No new file uploaded
2024-05-09 12:34:32 WARNING: No new file uploaded
2024-05-09 12:34:42 WARNING: No new file uploaded
2024-05-09 12:34:52 WARNING: No new file uploaded
2024-05-09 12:35:02 WARNING: No new file uploaded
2024-05-09 12:35:12 WARNING: No new file uploaded
2024-05-09 12:35:22 WARNING: No new file uploaded
2024-05-09 12:35:32 WARNING: No new file uploaded
2024-05-09 12:35:43 WARNING: No new file uploaded
2024-05-09 12:35:53 WARNING: No new file uploaded
2024-05-09 12:36:03 WARNING: No new file uploaded
2024-05-09 12:36:13 WARNING: No new file uploaded
2024-05-09 12:36:23 WARNING: No new file uploaded
2024-05-09 12:36:33 WARNING: No new file uploaded
2024-05-09 12:36:43 WARNING: No new file uploaded
2024-05-09 12:36:53 WARNING: No new file uploaded
2024-05-09 12:37:03 WARNING: No new file uploaded
2024-05-09 12:37:13 WARNING: No new file uploaded
2024-05-09 12:37:23 WARNING: No new file uploaded
2024-05-09 12:37:33 WARNING: No new file uploaded
2024-05-09 12:37:43 WARNING: No new file uploaded
2024-05-09 12:37:53 WARNING: No new file uploaded
2024-05-09 12:38:03 WARNING: No new file uploaded
2024-05-09 12:38:13 WARNING: No new file uploaded
2024-05-09 12:38:23 WARNING: No new file uploaded
2024-05-09 12:38:33 WARNING: No new file uploaded
2024-05-09 12:38:43 WARNING: No new file uploaded
2024-05-09 12:38:53 WARNING: No new file uploaded
2024-05-09 12:39:03 WARNING: No new file uploaded
2024-05-09 12:39:13 WARNING: No new file uploaded
2024-05-09 12:39:23 WARNING: No new file uploaded
2024-05-09 12:39:33 WARNING: No new file uploaded
2024-05-09 12:39:43 WARNING: No new file uploaded
2024-05-09 12:39:53 WARNING: No new file uploaded
2024-05-09 12:40:03 WARNING: No new file uploaded
2024-05-09 12:40:13 WARNING: No new file uploaded
2024-05-09 12:40:23 WARNING: No new file uploaded
2024-05-09 12:40:33 WARNING: No new file uploaded
2024-05-09 12:40:43 WARNING: No new file uploaded
2024-05-09 12:40:53 WARNING: No new file uploaded
2024-05-09 12:41:03 WARNING: No new file uploaded
2024-05-09 12:41:13 WARNING: No new file uploaded
2024-05-09 12:41:23 WARNING: No new file uploaded
2024-05-09 12:41:33 WARNING: No new file uploaded
2024-05-09 12:41:43 WARNING: No new file uploaded
2024-05-09 12:41:53 WARNING: No new file uploaded
2024-05-09 12:42:03 WARNING: No new file uploaded
2024-05-09 12:42:13 WARNING: No new file uploaded
2024-05-09 12:42:23 WARNING: No new file uploaded
2024-05-09 12:42:33 WARNING: No new file uploaded
2024-05-09 12:42:43 WARNING: No new file uploaded
2024-05-09 12:42:53 WARNING: No new file uploaded
2024-05-09 12:43:03 WARNING: No new file uploaded
2024-05-09 12:43:13 WARNING: No new file uploaded
2024-05-09 12:43:23 WARNING: No new file uploaded
2024-05-09 12:43:34 WARNING: No new file uploaded
2024-05-09 12:43:44 WARNING: No new file uploaded
2024-05-09 12:43:54 WARNING: No new file uploaded
2024-05-09 12:44:04 WARNING: No new file uploaded
2024-05-09 12:44:14 WARNING: No new file uploaded
2024-05-09 12:44:24 WARNING: No new file uploaded
2024-05-09 12:44:34 WARNING: No new file uploaded
2024-05-09 12:44:44 WARNING: No new file uploaded
2024-05-09 12:44:54 WARNING: No new file uploaded
2024-05-09 12:45:04 WARNING: No new file uploaded
2024-05-09 12:45:14 WARNING: No new file uploaded
2024-05-09 12:45:24 WARNING: No new file uploaded
2024-05-09 12:45:34 WARNING: No new file uploaded
2024-05-09 12:45:44 WARNING: No new file uploaded
2024-05-09 12:45:54 WARNING: No new file uploaded
2024-05-09 12:46:04 WARNING: No new file uploaded
2024-05-09 12:46:14 WARNING: No new file uploaded
2024-05-09 12:46:24 WARNING: No new file uploaded
2024-05-09 12:46:34 WARNING: No new file uploaded
2024-05-09 12:46:44 WARNING: No new file uploaded
2024-05-09 12:46:54 WARNING: No new file uploaded
2024-05-09 12:47:04 WARNING: No new file uploaded
2024-05-09 12:47:14 WARNING: No new file uploaded
2024-05-09 12:47:24 WARNING: No new file uploaded
2024-05-09 12:47:34 WARNING: No new file uploaded
2024-05-09 12:47:44 WARNING: No new file uploaded
2024-05-09 12:47:54 WARNING: No new file uploaded
2024-05-09 12:48:04 WARNING: No new file uploaded
2024-05-09 12:48:14 WARNING: No new file uploaded
2024-05-09 12:48:24 WARNING: No new file uploaded
2024-05-09 12:48:34 WARNING: No new file uploaded
2024-05-09 12:48:44 WARNING: No new file uploaded
2024-05-09 12:48:54 WARNING: No new file uploaded
2024-05-09 12:49:04 WARNING: No new file uploaded
2024-05-09 12:49:14 WARNING: No new file uploaded
2024-05-09 12:49:24 WARNING: No new file uploaded
2024-05-09 12:49:34 WARNING: No new file uploaded
2024-05-09 12:49:44 WARNING: No new file uploaded
2024-05-09 12:49:54 WARNING: No new file uploaded
2024-05-09 12:50:04 WARNING: No new file uploaded
2024-05-09 12:50:14 WARNING: No new file uploaded
2024-05-09 12:50:24 WARNING: No new file uploaded
2024-05-09 12:50:34 WARNING: No new file uploaded
2024-05-09 12:50:44 WARNING: No new file uploaded
2024-05-09 12:50:54 WARNING: No new file uploaded
2024-05-09 12:51:04 WARNING: No new file uploaded
2024-05-09 12:51:14 WARNING: No new file uploaded
2024-05-09 12:51:25 WARNING: No new file uploaded
2024-05-09 12:51:35 WARNING: No new file uploaded
2024-05-09 12:51:45 WARNING: No new file uploaded
2024-05-09 12:51:55 WARNING: No new file uploaded
2024-05-09 12:52:05 WARNING: No new file uploaded
2024-05-09 12:52:15 WARNING: No new file uploaded
2024-05-09 12:52:25 WARNING: No new file uploaded
2024-05-09 12:52:35 WARNING: No new file uploaded
2024-05-09 12:52:45 WARNING: No new file uploaded
2024-05-09 12:52:55 WARNING: No new file uploaded
2024-05-09 12:53:05 WARNING: No new file uploaded
2024-05-09 12:53:15 WARNING: No new file uploaded
2024-05-09 12:53:25 WARNING: No new file uploaded
2024-05-09 12:53:35 WARNING: No new file uploaded
2024-05-09 12:53:45 WARNING: No new file uploaded
2024-05-09 12:53:55 WARNING: No new file uploaded
2024-05-09 12:54:05 WARNING: No new file uploaded
2024-05-09 12:54:15 WARNING: No new file uploaded
2024-05-09 12:54:25 WARNING: No new file uploaded
2024-05-09 12:54:35 WARNING: No new file uploaded
2024-05-09 12:54:45 WARNING: No new file uploaded
2024-05-09 12:54:55 WARNING: No new file uploaded
2024-05-09 12:55:05 WARNING: No new file uploaded
2024-05-09 12:55:15 WARNING: No new file uploaded
2024-05-09 12:55:25 WARNING: No new file uploaded
2024-05-09 12:55:35 WARNING: No new file uploaded
2024-05-09 12:55:45 WARNING: No new file uploaded
2024-05-09 12:55:55 WARNING: No new file uploaded
2024-05-09 12:56:05 WARNING: No new file uploaded
2024-05-09 12:56:15 WARNING: No new file uploaded
2024-05-09 12:56:25 WARNING: No new file uploaded
2024-05-09 12:56:35 WARNING: No new file uploaded
2024-05-09 12:56:45 WARNING: No new file uploaded
2024-05-09 12:56:55 WARNING: No new file uploaded
2024-05-09 12:57:05 WARNING: No new file uploaded
2024-05-09 12:57:15 WARNING: No new file uploaded
2024-05-09 12:57:25 WARNING: No new file uploaded
2024-05-09 12:57:35 WARNING: No new file uploaded
2024-05-09 12:57:45 WARNING: No new file uploaded
2024-05-09 12:57:55 WARNING: No new file uploaded
2024-05-09 12:58:05 WARNING: No new file uploaded
2024-05-09 12:58:15 WARNING: No new file uploaded
2024-05-09 12:58:25 WARNING: No new file uploaded
2024-05-09 12:58:35 WARNING: No new file uploaded
2024-05-09 12:58:45 WARNING: No new file uploaded
2024-05-09 12:58:55 WARNING: No new file uploaded
2024-05-09 12:59:05 WARNING: No new file uploaded
2024-05-09 12:59:15 WARNING: No new file uploaded
2024-05-09 12:59:26 WARNING: No new file uploaded
2024-05-09 12:59:36 WARNING: No new file uploaded
2024-05-09 12:59:46 WARNING: No new file uploaded
2024-05-09 12:59:56 WARNING: No new file uploaded
2024-05-09 13:00:06 WARNING: No new file uploaded
2024-05-09 13:00:16 WARNING: No new file uploaded
2024-05-09 13:00:26 WARNING: No new file uploaded
2024-05-09 13:00:36 WARNING: No new file uploaded
2024-05-09 13:00:46 WARNING: No new file uploaded
2024-05-09 13:00:56 WARNING: No new file uploaded
2024-05-09 13:01:06 WARNING: No new file uploaded
2024-05-09 13:01:16 WARNING: No new file uploaded
2024-05-09 13:01:26 WARNING: No new file uploaded
2024-05-09 13:01:36 WARNING: No new file uploaded
2024-05-09 13:01:46 WARNING: No new file uploaded
2024-05-09 13:01:56 WARNING: No new file uploaded
2024-05-09 13:02:06 WARNING: No new file uploaded
2024-05-09 13:02:16 WARNING: No new file uploaded
2024-05-09 13:02:26 WARNING: No new file uploaded
2024-05-09 13:02:36 WARNING: No new file uploaded
2024-05-09 13:02:46 WARNING: No new file uploaded
2024-05-09 13:02:56 WARNING: No new file uploaded
2024-05-09 13:03:06 WARNING: No new file uploaded
2024-05-09 13:03:16 WARNING: No new file uploaded
2024-05-09 13:03:26 WARNING: No new file uploaded
2024-05-09 13:03:36 WARNING: No new file uploaded
2024-05-09 13:03:46 WARNING: No new file uploaded
2024-05-09 13:03:56 WARNING: No new file uploaded
2024-05-09 13:04:06 WARNING: No new file uploaded
2024-05-09 13:04:16 WARNING: No new file uploaded
2024-05-09 13:04:26 WARNING: No new file uploaded
2024-05-09 13:04:36 WARNING: No new file uploaded
2024-05-09 13:04:46 WARNING: No new file uploaded
2024-05-09 13:04:56 WARNING: No new file uploaded
2024-05-09 13:05:06 WARNING: No new file uploaded
2024-05-09 13:05:16 WARNING: No new file uploaded
2024-05-09 13:05:26 WARNING: No new file uploaded
2024-05-09 13:05:36 WARNING: No new file uploaded
2024-05-09 13:05:46 WARNING: No new file uploaded
2024-05-09 13:05:56 WARNING: No new file uploaded
2024-05-09 13:06:06 WARNING: No new file uploaded
2024-05-09 13:06:16 WARNING: No new file uploaded
2024-05-09 13:06:26 WARNING: No new file uploaded
2024-05-09 13:06:36 WARNING: No new file uploaded
2024-05-09 13:06:46 WARNING: No new file uploaded
2024-05-09 13:06:56 WARNING: No new file uploaded
2024-05-09 13:07:07 WARNING: No new file uploaded
2024-05-09 13:07:17 WARNING: No new file uploaded
2024-05-09 13:07:27 WARNING: No new file uploaded
2024-05-09 13:07:37 WARNING: No new file uploaded
2024-05-09 13:07:47 WARNING: No new file uploaded
2024-05-09 13:07:57 WARNING: No new file uploaded
2024-05-09 13:08:07 WARNING: No new file uploaded
2024-05-09 13:08:17 WARNING: No new file uploaded
2024-05-09 13:08:27 WARNING: No new file uploaded
2024-05-09 13:08:37 WARNING: No new file uploaded
2024-05-09 13:08:47 WARNING: No new file uploaded
2024-05-09 13:08:57 WARNING: No new file uploaded
2024-05-09 13:09:07 WARNING: No new file uploaded
2024-05-09 13:09:17 WARNING: No new file uploaded
2024-05-09 13:09:27 WARNING: No new file uploaded
2024-05-09 13:09:37 WARNING: No new file uploaded
2024-05-09 13:09:47 WARNING: No new file uploaded
2024-05-09 13:09:57 WARNING: No new file uploaded
2024-05-09 13:10:07 WARNING: No new file uploaded
2024-05-09 13:10:17 WARNING: No new file uploaded
2024-05-09 13:10:27 WARNING: No new file uploaded
2024-05-09 13:10:37 WARNING: No new file uploaded
2024-05-09 13:10:47 WARNING: No new file uploaded
2024-05-09 13:10:57 WARNING: No new file uploaded
2024-05-09 13:11:07 WARNING: No new file uploaded
2024-05-09 13:11:17 WARNING: No new file uploaded
2024-05-09 13:11:27 WARNING: No new file uploaded
2024-05-09 13:11:37 WARNING: No new file uploaded
2024-05-09 13:11:47 WARNING: No new file uploaded
2024-05-09 13:11:57 WARNING: No new file uploaded
2024-05-09 13:12:07 WARNING: No new file uploaded
2024-05-09 13:12:17 WARNING: No new file uploaded
2024-05-09 13:12:27 WARNING: No new file uploaded
2024-05-09 13:12:37 WARNING: No new file uploaded
2024-05-09 13:12:47 WARNING: No new file uploaded
2024-05-09 13:12:57 WARNING: No new file uploaded
2024-05-09 13:13:07 WARNING: No new file uploaded
2024-05-09 13:13:17 WARNING: No new file uploaded
2024-05-09 13:13:27 WARNING: No new file uploaded
2024-05-09 13:13:37 WARNING: No new file uploaded
2024-05-09 13:13:47 WARNING: No new file uploaded
2024-05-09 13:13:57 WARNING: No new file uploaded
2024-05-09 13:14:07 WARNING: No new file uploaded
2024-05-09 13:14:17 WARNING: No new file uploaded
2024-05-09 13:14:27 WARNING: No new file uploaded
2024-05-09 13:14:37 WARNING: No new file uploaded
2024-05-09 13:14:47 WARNING: No new file uploaded
2024-05-09 13:14:57 WARNING: No new file uploaded
2024-05-09 13:15:08 WARNING: No new file uploaded
2024-05-09 13:15:18 WARNING: No new file uploaded
2024-05-09 13:15:28 WARNING: No new file uploaded
2024-05-09 13:15:38 WARNING: No new file uploaded
2024-05-09 13:15:48 WARNING: No new file uploaded
2024-05-09 13:15:58 WARNING: No new file uploaded
2024-05-09 13:16:08 WARNING: No new file uploaded
2024-05-09 13:16:18 WARNING: No new file uploaded
2024-05-09 13:16:28 WARNING: No new file uploaded
2024-05-09 13:16:38 WARNING: No new file uploaded
2024-05-09 13:16:48 WARNING: No new file uploaded
2024-05-09 13:16:58 WARNING: No new file uploaded
2024-05-09 13:17:08 WARNING: No new file uploaded
2024-05-09 13:17:18 WARNING: No new file uploaded
2024-05-09 13:17:28 WARNING: No new file uploaded
2024-05-09 13:17:38 WARNING: No new file uploaded
2024-05-09 13:17:48 WARNING: No new file uploaded
2024-05-09 13:17:58 WARNING: No new file uploaded
2024-05-09 13:18:08 WARNING: No new file uploaded
2024-05-09 13:18:18 WARNING: No new file uploaded
2024-05-09 13:18:28 WARNING: No new file uploaded
2024-05-09 13:18:38 WARNING: No new file uploaded
2024-05-09 13:18:48 WARNING: No new file uploaded
2024-05-09 13:18:58 WARNING: No new file uploaded
2024-05-09 13:19:08 WARNING: No new file uploaded
2024-05-09 13:19:18 WARNING: No new file uploaded
2024-05-09 13:19:28 WARNING: No new file uploaded
2024-05-09 13:19:38 WARNING: No new file uploaded
2024-05-09 13:19:48 WARNING: No new file uploaded
2024-05-09 13:19:58 WARNING: No new file uploaded
2024-05-09 13:20:08 WARNING: No new file uploaded
2024-05-09 13:20:18 WARNING: No new file uploaded
2024-05-09 13:20:28 WARNING: No new file uploaded
2024-05-09 13:20:38 WARNING: No new file uploaded
2024-05-09 13:20:48 WARNING: No new file uploaded
2024-05-09 13:20:58 WARNING: No new file uploaded
2024-05-09 13:21:08 WARNING: No new file uploaded
2024-05-09 13:21:18 WARNING: No new file uploaded
2024-05-09 13:21:28 WARNING: No new file uploaded
2024-05-09 13:21:38 WARNING: No new file uploaded
2024-05-09 13:21:48 WARNING: No new file uploaded
2024-05-09 13:21:58 WARNING: No new file uploaded
2024-05-09 13:22:08 WARNING: No new file uploaded
2024-05-09 13:22:18 WARNING: No new file uploaded
2024-05-09 13:22:28 WARNING: No new file uploaded
2024-05-09 13:22:38 WARNING: No new file uploaded
2024-05-09 13:22:49 WARNING: No new file uploaded
2024-05-09 13:22:59 WARNING: No new file uploaded
2024-05-09 13:23:09 WARNING: No new file uploaded
2024-05-09 13:23:19 WARNING: No new file uploaded
2024-05-09 13:23:29 WARNING: No new file uploaded
2024-05-09 13:23:39 WARNING: No new file uploaded
2024-05-09 13:23:49 WARNING: No new file uploaded
2024-05-09 13:23:59 WARNING: No new file uploaded
2024-05-09 13:24:09 WARNING: No new file uploaded
2024-05-09 13:24:19 WARNING: No new file uploaded
2024-05-09 13:24:29 WARNING: No new file uploaded
2024-05-09 13:24:39 WARNING: No new file uploaded
2024-05-09 13:24:49 WARNING: No new file uploaded
2024-05-09 13:24:59 WARNING: No new file uploaded
2024-05-09 13:25:09 WARNING: No new file uploaded
2024-05-09 13:25:19 WARNING: No new file uploaded
2024-05-09 13:25:29 WARNING: No new file uploaded
2024-05-09 13:25:39 WARNING: No new file uploaded
2024-05-09 13:25:49 WARNING: No new file uploaded
2024-05-09 13:25:59 WARNING: No new file uploaded
2024-05-09 13:26:09 WARNING: No new file uploaded
2024-05-09 13:26:19 WARNING: No new file uploaded
2024-05-09 13:26:29 WARNING: No new file uploaded
2024-05-09 13:26:39 WARNING: No new file uploaded
2024-05-09 13:26:49 WARNING: No new file uploaded
2024-05-09 13:26:59 WARNING: No new file uploaded
2024-05-09 13:27:09 WARNING: No new file uploaded
2024-05-09 13:27:19 WARNING: No new file uploaded
2024-05-09 13:27:29 WARNING: No new file uploaded
2024-05-09 13:27:39 WARNING: No new file uploaded
2024-05-09 13:27:49 WARNING: No new file uploaded
2024-05-09 13:27:59 WARNING: No new file uploaded
2024-05-09 13:28:09 WARNING: No new file uploaded
2024-05-09 13:28:19 WARNING: No new file uploaded
2024-05-09 13:28:29 WARNING: No new file uploaded
2024-05-09 13:28:39 WARNING: No new file uploaded
2024-05-09 13:28:49 WARNING: No new file uploaded
2024-05-09 13:28:59 WARNING: No new file uploaded
2024-05-09 13:29:09 WARNING: No new file uploaded
2024-05-09 13:29:19 WARNING: No new file uploaded
2024-05-09 13:29:29 WARNING: No new file uploaded
2024-05-09 13:29:39 WARNING: No new file uploaded
2024-05-09 13:29:49 WARNING: No new file uploaded
2024-05-09 13:29:59 WARNING: No new file uploaded
2024-05-09 13:30:09 WARNING: No new file uploaded
2024-05-09 13:30:19 WARNING: No new file uploaded
2024-05-09 13:30:30 WARNING: No new file uploaded
2024-05-09 13:30:40 WARNING: No new file uploaded
2024-05-09 13:30:50 WARNING: No new file uploaded
2024-05-09 13:31:00 WARNING: No new file uploaded
2024-05-09 13:31:10 WARNING: No new file uploaded
2024-05-09 13:31:20 WARNING: No new file uploaded
2024-05-09 13:31:30 WARNING: No new file uploaded
2024-05-09 13:31:40 WARNING: No new file uploaded
2024-05-09 13:31:50 WARNING: No new file uploaded
2024-05-09 13:32:00 WARNING: No new file uploaded
2024-05-09 13:32:10 WARNING: No new file uploaded
2024-05-09 13:32:20 WARNING: No new file uploaded
2024-05-09 13:32:30 WARNING: No new file uploaded
2024-05-09 13:32:40 WARNING: No new file uploaded
2024-05-09 13:32:50 WARNING: No new file uploaded
2024-05-09 13:33:00 WARNING: No new file uploaded
2024-05-09 13:33:10 WARNING: No new file uploaded
2024-05-09 13:33:20 WARNING: No new file uploaded
2024-05-09 13:33:30 WARNING: No new file uploaded
2024-05-09 13:33:40 WARNING: No new file uploaded
2024-05-09 13:33:50 WARNING: No new file uploaded
2024-05-09 13:34:00 WARNING: No new file uploaded
2024-05-09 13:34:10 WARNING: No new file uploaded
2024-05-09 13:34:20 WARNING: No new file uploaded
2024-05-09 13:34:30 WARNING: No new file uploaded
2024-05-09 13:34:40 WARNING: No new file uploaded
2024-05-09 13:34:50 WARNING: No new file uploaded
2024-05-09 13:35:00 WARNING: No new file uploaded
2024-05-09 13:35:10 WARNING: No new file uploaded
2024-05-09 13:35:20 WARNING: No new file uploaded
2024-05-09 13:35:30 WARNING: No new file uploaded
2024-05-09 13:35:40 WARNING: No new file uploaded
2024-05-09 13:35:50 WARNING: No new file uploaded
2024-05-09 13:36:00 WARNING: No new file uploaded
2024-05-09 13:36:10 WARNING: No new file uploaded
2024-05-09 13:36:20 WARNING: No new file uploaded
2024-05-09 13:36:30 WARNING: No new file uploaded
2024-05-09 13:36:40 WARNING: No new file uploaded
2024-05-09 13:36:50 WARNING: No new file uploaded
2024-05-09 13:37:00 WARNING: No new file uploaded
2024-05-09 13:37:10 WARNING: No new file uploaded
2024-05-09 13:37:20 WARNING: No new file uploaded
2024-05-09 13:37:30 WARNING: No new file uploaded
2024-05-09 13:37:40 WARNING: No new file uploaded
2024-05-09 13:37:50 WARNING: No new file uploaded
2024-05-09 13:38:00 WARNING: No new file uploaded
2024-05-09 13:38:10 WARNING: No new file uploaded
2024-05-09 13:38:20 WARNING: No new file uploaded
2024-05-09 13:38:31 WARNING: No new file uploaded
2024-05-09 13:38:41 WARNING: No new file uploaded
2024-05-09 13:38:51 WARNING: No new file uploaded
2024-05-09 13:39:01 WARNING: No new file uploaded
2024-05-09 13:39:11 WARNING: No new file uploaded
2024-05-09 13:39:21 WARNING: No new file uploaded
2024-05-09 13:39:31 WARNING: No new file uploaded
2024-05-09 13:39:41 WARNING: No new file uploaded
2024-05-09 13:39:51 WARNING: No new file uploaded
2024-05-09 13:40:01 WARNING: No new file uploaded
2024-05-09 13:40:11 WARNING: No new file uploaded
2024-05-09 13:40:21 WARNING: No new file uploaded
2024-05-09 13:40:31 WARNING: No new file uploaded
2024-05-09 13:40:41 WARNING: No new file uploaded
2024-05-09 13:40:51 WARNING: No new file uploaded
2024-05-09 13:41:01 WARNING: No new file uploaded
2024-05-09 13:41:11 WARNING: No new file uploaded
2024-05-09 13:41:21 WARNING: No new file uploaded
2024-05-09 13:41:31 WARNING: No new file uploaded
2024-05-09 13:41:41 WARNING: No new file uploaded
2024-05-09 13:41:51 WARNING: No new file uploaded
2024-05-09 13:42:01 WARNING: No new file uploaded
2024-05-09 13:42:11 WARNING: No new file uploaded
2024-05-09 13:42:21 WARNING: No new file uploaded
2024-05-09 13:42:31 WARNING: No new file uploaded
2024-05-09 13:42:41 WARNING: No new file uploaded
2024-05-09 13:42:51 WARNING: No new file uploaded
2024-05-09 13:43:01 WARNING: No new file uploaded
2024-05-09 13:43:11 WARNING: No new file uploaded
2024-05-09 13:43:21 WARNING: No new file uploaded
2024-05-09 13:43:31 WARNING: No new file uploaded
2024-05-09 13:43:41 WARNING: No new file uploaded
2024-05-09 13:43:51 WARNING: No new file uploaded
2024-05-09 13:44:01 WARNING: No new file uploaded
2024-05-09 13:44:11 WARNING: No new file uploaded
2024-05-09 13:44:21 WARNING: No new file uploaded
2024-05-09 13:44:31 WARNING: No new file uploaded
2024-05-09 13:44:41 WARNING: No new file uploaded
2024-05-09 13:44:51 WARNING: No new file uploaded
2024-05-09 13:45:01 WARNING: No new file uploaded
2024-05-09 13:45:11 WARNING: No new file uploaded
2024-05-09 13:45:21 WARNING: No new file uploaded
2024-05-09 13:45:31 WARNING: No new file uploaded
2024-05-09 13:45:41 WARNING: No new file uploaded
2024-05-09 13:45:51 WARNING: No new file uploaded
2024-05-09 13:46:01 WARNING: No new file uploaded
2024-05-09 13:46:11 WARNING: No new file uploaded
2024-05-09 13:46:21 WARNING: No new file uploaded
2024-05-09 13:46:31 WARNING: No new file uploaded
2024-05-09 13:46:42 WARNING: No new file uploaded
2024-05-09 13:46:52 WARNING: No new file uploaded
2024-05-09 13:47:02 WARNING: No new file uploaded
2024-05-09 13:47:12 WARNING: No new file uploaded
2024-05-09 13:47:22 WARNING: No new file uploaded
2024-05-09 13:47:32 WARNING: No new file uploaded
2024-05-09 13:47:42 WARNING: No new file uploaded
2024-05-09 13:47:52 WARNING: No new file uploaded
2024-05-09 13:48:02 WARNING: No new file uploaded
2024-05-09 13:48:12 WARNING: No new file uploaded
2024-05-09 13:48:22 WARNING: No new file uploaded
2024-05-09 13:48:32 WARNING: No new file uploaded
2024-05-09 13:48:42 WARNING: No new file uploaded
2024-05-09 13:48:52 WARNING: No new file uploaded
2024-05-09 13:49:02 WARNING: No new file uploaded
2024-05-09 13:49:12 WARNING: No new file uploaded
2024-05-09 13:49:22 WARNING: No new file uploaded
2024-05-09 13:49:32 WARNING: No new file uploaded
2024-05-09 13:49:42 WARNING: No new file uploaded
2024-05-09 13:49:52 WARNING: No new file uploaded
2024-05-09 13:50:02 WARNING: No new file uploaded
2024-05-09 13:50:12 WARNING: No new file uploaded
2024-05-09 13:50:22 WARNING: No new file uploaded
2024-05-09 13:50:32 WARNING: No new file uploaded
2024-05-09 13:50:42 WARNING: No new file uploaded
2024-05-09 13:50:52 WARNING: No new file uploaded
2024-05-09 13:51:02 WARNING: No new file uploaded
2024-05-09 13:51:12 WARNING: No new file uploaded
2024-05-09 13:51:22 WARNING: No new file uploaded
2024-05-09 13:51:32 WARNING: No new file uploaded
2024-05-09 13:51:42 WARNING: No new file uploaded
2024-05-09 13:51:52 WARNING: No new file uploaded
2024-05-09 13:52:02 WARNING: No new file uploaded
2024-05-09 13:52:12 WARNING: No new file uploaded
2024-05-09 13:52:22 WARNING: No new file uploaded
2024-05-09 13:52:32 WARNING: No new file uploaded
2024-05-09 13:52:42 WARNING: No new file uploaded
2024-05-09 13:52:52 WARNING: No new file uploaded
2024-05-09 13:53:02 WARNING: No new file uploaded
2024-05-09 13:53:12 WARNING: No new file uploaded
2024-05-09 13:53:22 WARNING: No new file uploaded
2024-05-09 13:53:32 WARNING: No new file uploaded
2024-05-09 13:53:42 WARNING: No new file uploaded
2024-05-09 13:53:52 WARNING: No new file uploaded
2024-05-09 13:54:02 WARNING: No new file uploaded
2024-05-09 13:54:12 WARNING: No new file uploaded
2024-05-09 13:54:22 WARNING: No new file uploaded
2024-05-09 13:54:33 WARNING: No new file uploaded
2024-05-09 13:54:43 WARNING: No new file uploaded
2024-05-09 13:54:53 WARNING: No new file uploaded
2024-05-09 13:55:03 WARNING: No new file uploaded
2024-05-09 13:55:13 WARNING: No new file uploaded
2024-05-09 13:55:23 WARNING: No new file uploaded
2024-05-09 13:55:33 WARNING: No new file uploaded
2024-05-09 13:55:43 WARNING: No new file uploaded
2024-05-09 13:55:53 WARNING: No new file uploaded
2024-05-09 13:56:03 WARNING: No new file uploaded
2024-05-09 13:56:13 WARNING: No new file uploaded
2024-05-09 13:56:23 WARNING: No new file uploaded
2024-05-09 13:56:33 WARNING: No new file uploaded
2024-05-09 13:56:43 WARNING: No new file uploaded
2024-05-09 13:56:53 WARNING: No new file uploaded
2024-05-09 13:57:03 WARNING: No new file uploaded
2024-05-09 13:57:13 WARNING: No new file uploaded
2024-05-09 13:57:23 WARNING: No new file uploaded
2024-05-09 13:57:33 WARNING: No new file uploaded
2024-05-09 13:57:43 WARNING: No new file uploaded
2024-05-09 13:57:53 WARNING: No new file uploaded
2024-05-09 13:58:03 WARNING: No new file uploaded
2024-05-09 13:58:13 WARNING: No new file uploaded
2024-05-09 13:58:23 WARNING: No new file uploaded
2024-05-09 13:58:33 WARNING: No new file uploaded
2024-05-09 13:58:43 WARNING: No new file uploaded
2024-05-09 13:58:53 WARNING: No new file uploaded
2024-05-09 13:59:03 WARNING: No new file uploaded
2024-05-09 13:59:13 WARNING: No new file uploaded
2024-05-09 13:59:23 WARNING: No new file uploaded
2024-05-09 13:59:33 WARNING: No new file uploaded
2024-05-09 13:59:43 WARNING: No new file uploaded
2024-05-09 13:59:53 WARNING: No new file uploaded
2024-05-09 14:00:03 WARNING: No new file uploaded
2024-05-09 14:00:13 WARNING: No new file uploaded
2024-05-09 14:00:23 WARNING: No new file uploaded
2024-05-09 14:00:33 WARNING: No new file uploaded
2024-05-09 14:00:43 WARNING: No new file uploaded
2024-05-09 14:00:53 WARNING: No new file uploaded
2024-05-09 14:01:03 WARNING: No new file uploaded
2024-05-09 14:01:13 WARNING: No new file uploaded
2024-05-09 14:01:23 WARNING: No new file uploaded
2024-05-09 14:01:33 WARNING: No new file uploaded
2024-05-09 14:01:43 WARNING: No new file uploaded
2024-05-09 14:01:53 WARNING: No new file uploaded
2024-05-09 14:02:03 WARNING: No new file uploaded
2024-05-09 14:02:13 WARNING: No new file uploaded
2024-05-09 14:02:23 WARNING: No new file uploaded
2024-05-09 14:02:33 WARNING: No new file uploaded
2024-05-09 14:02:44 WARNING: No new file uploaded
2024-05-09 14:02:54 WARNING: No new file uploaded
2024-05-09 14:03:04 WARNING: No new file uploaded
2024-05-09 14:03:14 WARNING: No new file uploaded
2024-05-09 14:03:24 WARNING: No new file uploaded
2024-05-09 14:03:34 WARNING: No new file uploaded
2024-05-09 14:03:44 WARNING: No new file uploaded
2024-05-09 14:03:54 WARNING: No new file uploaded
2024-05-09 14:04:04 WARNING: No new file uploaded
2024-05-09 14:04:14 WARNING: No new file uploaded
2024-05-09 14:04:24 WARNING: No new file uploaded
2024-05-09 14:04:34 WARNING: No new file uploaded
2024-05-09 14:04:44 WARNING: No new file uploaded
2024-05-09 14:04:54 WARNING: No new file uploaded
2024-05-09 14:05:04 WARNING: No new file uploaded
2024-05-09 14:05:14 WARNING: No new file uploaded
2024-05-09 14:05:24 WARNING: No new file uploaded
2024-05-09 14:05:34 WARNING: No new file uploaded
2024-05-09 14:05:44 WARNING: No new file uploaded
2024-05-09 14:05:54 WARNING: No new file uploaded
2024-05-09 14:06:04 WARNING: No new file uploaded
2024-05-09 14:06:14 WARNING: No new file uploaded
2024-05-09 14:06:24 WARNING: No new file uploaded
2024-05-09 14:06:34 WARNING: No new file uploaded
2024-05-09 14:06:44 WARNING: No new file uploaded
2024-05-09 14:06:54 WARNING: No new file uploaded
2024-05-09 14:07:04 WARNING: No new file uploaded
2024-05-09 14:07:14 WARNING: No new file uploaded
2024-05-09 14:07:24 WARNING: No new file uploaded
2024-05-09 14:07:34 WARNING: No new file uploaded
2024-05-09 14:07:44 WARNING: No new file uploaded
2024-05-09 14:07:54 WARNING: No new file uploaded
2024-05-09 14:08:04 WARNING: No new file uploaded
2024-05-09 14:08:14 WARNING: No new file uploaded
2024-05-09 14:08:24 WARNING: No new file uploaded
2024-05-09 14:08:34 WARNING: No new file uploaded
2024-05-09 14:08:44 WARNING: No new file uploaded
2024-05-09 14:08:54 WARNING: No new file uploaded
2024-05-09 14:09:04 WARNING: No new file uploaded
2024-05-09 14:09:14 WARNING: No new file uploaded
2024-05-09 14:09:24 WARNING: No new file uploaded
2024-05-09 14:09:34 WARNING: No new file uploaded
2024-05-09 14:09:44 WARNING: No new file uploaded
2024-05-09 14:09:54 WARNING: No new file uploaded
2024-05-09 14:10:04 WARNING: No new file uploaded
2024-05-09 14:10:14 WARNING: No new file uploaded
2024-05-09 14:10:24 WARNING: No new file uploaded
2024-05-09 14:10:34 WARNING: No new file uploaded
2024-05-09 14:10:45 WARNING: No new file uploaded
2024-05-09 14:10:55 WARNING: No new file uploaded
2024-05-09 14:11:05 WARNING: No new file uploaded
2024-05-09 14:11:15 WARNING: No new file uploaded
2024-05-09 14:11:25 WARNING: No new file uploaded
2024-05-09 14:11:35 WARNING: No new file uploaded
2024-05-09 14:11:45 WARNING: No new file uploaded
2024-05-09 14:11:55 WARNING: No new file uploaded
2024-05-09 14:12:05 WARNING: No new file uploaded
2024-05-09 14:12:15 WARNING: No new file uploaded
2024-05-09 14:12:25 WARNING: No new file uploaded
2024-05-09 14:12:35 WARNING: No new file uploaded
2024-05-09 14:12:45 WARNING: No new file uploaded
2024-05-09 14:12:55 WARNING: No new file uploaded
2024-05-09 14:13:05 WARNING: No new file uploaded
2024-05-09 14:13:15 WARNING: No new file uploaded
2024-05-09 14:13:25 WARNING: No new file uploaded
2024-05-09 14:13:35 WARNING: No new file uploaded
2024-05-09 14:13:45 WARNING: No new file uploaded
2024-05-09 14:13:55 WARNING: No new file uploaded
2024-05-09 14:14:05 WARNING: No new file uploaded
2024-05-09 14:14:15 WARNING: No new file uploaded
2024-05-09 14:14:25 WARNING: No new file uploaded
2024-05-09 14:14:35 WARNING: No new file uploaded
2024-05-09 14:14:45 WARNING: No new file uploaded
2024-05-09 14:14:55 WARNING: No new file uploaded
2024-05-09 14:15:05 WARNING: No new file uploaded
2024-05-09 14:15:15 WARNING: No new file uploaded
2024-05-09 14:15:25 WARNING: No new file uploaded
2024-05-09 14:15:35 WARNING: No new file uploaded
2024-05-09 14:15:45 WARNING: No new file uploaded
2024-05-09 14:15:55 WARNING: No new file uploaded
2024-05-09 14:16:05 WARNING: No new file uploaded
2024-05-09 14:16:15 WARNING: No new file uploaded
2024-05-09 14:16:25 WARNING: No new file uploaded
2024-05-09 14:16:35 WARNING: No new file uploaded
2024-05-09 14:16:45 WARNING: No new file uploaded
2024-05-09 14:16:55 WARNING: No new file uploaded
2024-05-09 14:17:05 WARNING: No new file uploaded
2024-05-09 14:17:15 WARNING: No new file uploaded
2024-05-09 14:17:25 WARNING: No new file uploaded
2024-05-09 14:17:35 WARNING: No new file uploaded
2024-05-09 14:17:45 WARNING: No new file uploaded
2024-05-09 14:17:55 WARNING: No new file uploaded
2024-05-09 14:18:05 WARNING: No new file uploaded
2024-05-09 14:18:15 WARNING: No new file uploaded
2024-05-09 14:18:26 WARNING: No new file uploaded
2024-05-09 14:18:36 WARNING: No new file uploaded
2024-05-09 14:18:46 WARNING: No new file uploaded
2024-05-09 14:18:56 WARNING: No new file uploaded
2024-05-09 14:19:06 WARNING: No new file uploaded
2024-05-09 14:19:16 WARNING: No new file uploaded
2024-05-09 14:19:26 WARNING: No new file uploaded
2024-05-09 14:19:36 WARNING: No new file uploaded
2024-05-09 14:19:46 WARNING: No new file uploaded
2024-05-09 14:19:56 WARNING: No new file uploaded
2024-05-09 14:20:06 WARNING: No new file uploaded
2024-05-09 14:20:16 WARNING: No new file uploaded
2024-05-09 14:20:26 WARNING: No new file uploaded
2024-05-09 14:20:36 WARNING: No new file uploaded
2024-05-09 14:20:46 WARNING: No new file uploaded
2024-05-09 14:20:56 WARNING: No new file uploaded
2024-05-09 14:21:06 WARNING: No new file uploaded
2024-05-09 14:21:16 WARNING: No new file uploaded
2024-05-09 14:21:26 WARNING: No new file uploaded
2024-05-09 14:21:36 WARNING: No new file uploaded
2024-05-09 14:21:46 WARNING: No new file uploaded
2024-05-09 14:21:56 WARNING: No new file uploaded
2024-05-09 14:22:06 WARNING: No new file uploaded
2024-05-09 14:22:16 WARNING: No new file uploaded
2024-05-09 14:22:26 WARNING: No new file uploaded
2024-05-09 14:22:36 WARNING: No new file uploaded
2024-05-09 14:22:46 WARNING: No new file uploaded
2024-05-09 14:22:56 WARNING: No new file uploaded
2024-05-09 14:23:06 WARNING: No new file uploaded
2024-05-09 14:23:16 WARNING: No new file uploaded
2024-05-09 14:23:26 WARNING: No new file uploaded
2024-05-09 14:23:36 WARNING: No new file uploaded
2024-05-09 14:23:46 WARNING: No new file uploaded
2024-05-09 14:23:56 WARNING: No new file uploaded
2024-05-09 14:24:06 WARNING: No new file uploaded
2024-05-09 14:24:16 WARNING: No new file uploaded
2024-05-09 14:24:26 WARNING: No new file uploaded
2024-05-09 14:24:36 WARNING: No new file uploaded
2024-05-09 14:24:46 WARNING: No new file uploaded
2024-05-09 14:24:56 WARNING: No new file uploaded
2024-05-09 14:25:06 WARNING: No new file uploaded
2024-05-09 14:25:16 WARNING: No new file uploaded
2024-05-09 14:25:26 WARNING: No new file uploaded
2024-05-09 14:25:36 WARNING: No new file uploaded
2024-05-09 14:25:46 WARNING: No new file uploaded
2024-05-09 14:25:56 WARNING: No new file uploaded
2024-05-09 14:26:06 WARNING: No new file uploaded
2024-05-09 14:26:17 WARNING: No new file uploaded
2024-05-09 14:26:27 WARNING: No new file uploaded
2024-05-09 14:26:37 WARNING: No new file uploaded
2024-05-09 14:26:47 WARNING: No new file uploaded
2024-05-09 14:26:57 WARNING: No new file uploaded
2024-05-09 14:27:07 WARNING: No new file uploaded
2024-05-09 14:27:17 WARNING: No new file uploaded
2024-05-09 14:27:27 WARNING: No new file uploaded
2024-05-09 14:27:37 WARNING: No new file uploaded
2024-05-09 14:27:47 WARNING: No new file uploaded
2024-05-09 14:27:57 WARNING: No new file uploaded
2024-05-09 14:28:07 WARNING: No new file uploaded
2024-05-09 14:28:17 WARNING: No new file uploaded
2024-05-09 14:28:27 WARNING: No new file uploaded
2024-05-09 14:28:37 WARNING: No new file uploaded
2024-05-09 14:28:47 WARNING: No new file uploaded
2024-05-09 14:28:57 WARNING: No new file uploaded
2024-05-09 14:29:07 WARNING: No new file uploaded
2024-05-09 14:29:17 WARNING: No new file uploaded
2024-05-09 14:29:27 WARNING: No new file uploaded
2024-05-09 14:29:37 WARNING: No new file uploaded
2024-05-09 14:29:47 WARNING: No new file uploaded
2024-05-09 14:29:57 WARNING: No new file uploaded
2024-05-09 14:30:07 WARNING: No new file uploaded
2024-05-09 14:30:17 WARNING: No new file uploaded
2024-05-09 14:30:27 WARNING: No new file uploaded
2024-05-09 14:30:37 WARNING: No new file uploaded
2024-05-09 14:30:47 WARNING: No new file uploaded
2024-05-09 14:30:57 WARNING: No new file uploaded
2024-05-09 14:31:07 WARNING: No new file uploaded
2024-05-09 14:31:17 WARNING: No new file uploaded
2024-05-09 14:31:27 WARNING: No new file uploaded
2024-05-09 14:31:37 WARNING: No new file uploaded
2024-05-09 14:31:47 WARNING: No new file uploaded
2024-05-09 14:31:57 WARNING: No new file uploaded
2024-05-09 14:32:07 WARNING: No new file uploaded
2024-05-09 14:32:17 WARNING: No new file uploaded
2024-05-09 14:32:27 WARNING: No new file uploaded
2024-05-09 14:32:37 WARNING: No new file uploaded
2024-05-09 14:32:47 WARNING: No new file uploaded
2024-05-09 14:32:57 WARNING: No new file uploaded
2024-05-09 14:33:07 WARNING: No new file uploaded
2024-05-09 14:33:17 WARNING: No new file uploaded
2024-05-09 14:33:27 WARNING: No new file uploaded
2024-05-09 14:33:37 WARNING: No new file uploaded
2024-05-09 14:33:47 WARNING: No new file uploaded
2024-05-09 14:33:58 WARNING: No new file uploaded
2024-05-09 14:34:08 WARNING: No new file uploaded
2024-05-09 14:34:18 WARNING: No new file uploaded
2024-05-09 14:34:28 WARNING: No new file uploaded
2024-05-09 14:34:38 WARNING: No new file uploaded
2024-05-09 14:34:48 WARNING: No new file uploaded
2024-05-09 14:34:58 WARNING: No new file uploaded
2024-05-09 14:35:08 WARNING: No new file uploaded
2024-05-09 14:35:18 WARNING: No new file uploaded
2024-05-09 14:35:28 WARNING: No new file uploaded
2024-05-09 14:35:38 WARNING: No new file uploaded
2024-05-09 14:35:48 WARNING: No new file uploaded
2024-05-09 14:35:58 WARNING: No new file uploaded
2024-05-09 14:36:08 WARNING: No new file uploaded
2024-05-09 14:36:18 WARNING: No new file uploaded
2024-05-09 14:36:28 WARNING: No new file uploaded
2024-05-09 14:36:38 WARNING: No new file uploaded
2024-05-09 14:36:48 WARNING: No new file uploaded
2024-05-09 14:36:58 WARNING: No new file uploaded
2024-05-09 14:37:08 WARNING: No new file uploaded
2024-05-09 14:37:18 WARNING: No new file uploaded
2024-05-09 14:37:28 WARNING: No new file uploaded
2024-05-09 14:37:38 WARNING: No new file uploaded
2024-05-09 14:37:48 WARNING: No new file uploaded
2024-05-09 14:37:58 WARNING: No new file uploaded
2024-05-09 14:38:08 WARNING: No new file uploaded
2024-05-09 14:38:18 WARNING: No new file uploaded
2024-05-09 14:38:28 WARNING: No new file uploaded
2024-05-09 14:38:38 WARNING: No new file uploaded
2024-05-09 14:38:48 WARNING: No new file uploaded
2024-05-09 14:38:58 WARNING: No new file uploaded
2024-05-09 14:39:08 WARNING: No new file uploaded
2024-05-09 14:39:18 WARNING: No new file uploaded
2024-05-09 14:39:28 WARNING: No new file uploaded
2024-05-09 14:39:38 WARNING: No new file uploaded
2024-05-09 14:39:48 WARNING: No new file uploaded
2024-05-09 14:39:58 WARNING: No new file uploaded
2024-05-09 14:40:08 WARNING: No new file uploaded
2024-05-09 14:40:18 WARNING: No new file uploaded
2024-05-09 14:40:28 WARNING: No new file uploaded
2024-05-09 14:40:38 WARNING: No new file uploaded
2024-05-09 14:40:48 WARNING: No new file uploaded
2024-05-09 14:40:58 WARNING: No new file uploaded
2024-05-09 14:41:08 WARNING: No new file uploaded
2024-05-09 14:41:18 WARNING: No new file uploaded
2024-05-09 14:41:28 WARNING: No new file uploaded
2024-05-09 14:41:38 WARNING: No new file uploaded
2024-05-09 14:41:49 WARNING: No new file uploaded
2024-05-09 14:41:59 WARNING: No new file uploaded
2024-05-09 14:42:09 WARNING: No new file uploaded
2024-05-09 14:42:19 WARNING: No new file uploaded
2024-05-09 14:42:29 WARNING: No new file uploaded
2024-05-09 14:42:39 WARNING: No new file uploaded
2024-05-09 14:42:49 WARNING: No new file uploaded
2024-05-09 14:42:59 WARNING: No new file uploaded
2024-05-09 14:43:09 WARNING: No new file uploaded
2024-05-09 14:43:19 WARNING: No new file uploaded
2024-05-09 14:43:29 WARNING: No new file uploaded
2024-05-09 14:43:39 WARNING: No new file uploaded
2024-05-09 14:43:49 WARNING: No new file uploaded
2024-05-09 14:43:59 WARNING: No new file uploaded
2024-05-09 14:44:09 WARNING: No new file uploaded
2024-05-09 14:44:19 WARNING: No new file uploaded
2024-05-09 14:44:29 WARNING: No new file uploaded
2024-05-09 14:44:39 WARNING: No new file uploaded
2024-05-09 14:44:49 WARNING: No new file uploaded
2024-05-09 14:44:59 WARNING: No new file uploaded
2024-05-09 14:45:09 WARNING: No new file uploaded
2024-05-09 14:45:19 WARNING: No new file uploaded
2024-05-09 14:45:29 WARNING: No new file uploaded
2024-05-09 14:45:39 WARNING: No new file uploaded
2024-05-09 14:45:49 WARNING: No new file uploaded
2024-05-09 14:45:59 WARNING: No new file uploaded
2024-05-09 14:46:09 WARNING: No new file uploaded
2024-05-09 14:46:19 WARNING: No new file uploaded
2024-05-09 14:46:29 WARNING: No new file uploaded
2024-05-09 14:46:39 WARNING: No new file uploaded
2024-05-09 14:46:49 WARNING: No new file uploaded
2024-05-09 14:46:59 WARNING: No new file uploaded
2024-05-09 14:47:09 WARNING: No new file uploaded
2024-05-09 14:47:19 WARNING: No new file uploaded
2024-05-09 14:47:29 WARNING: No new file uploaded
2024-05-09 14:47:39 WARNING: No new file uploaded
2024-05-09 14:47:49 WARNING: No new file uploaded
2024-05-09 14:47:59 WARNING: No new file uploaded
2024-05-09 14:48:09 WARNING: No new file uploaded
2024-05-09 14:48:19 WARNING: No new file uploaded
2024-05-09 14:48:29 WARNING: No new file uploaded
2024-05-09 14:48:39 WARNING: No new file uploaded
2024-05-09 14:48:49 WARNING: No new file uploaded
2024-05-09 14:48:59 WARNING: No new file uploaded
2024-05-09 14:49:09 WARNING: No new file uploaded
2024-05-09 14:49:19 WARNING: No new file uploaded
2024-05-09 14:49:29 WARNING: No new file uploaded
2024-05-09 14:49:40 WARNING: No new file uploaded
2024-05-09 14:49:50 WARNING: No new file uploaded
2024-05-09 14:50:00 WARNING: No new file uploaded
2024-05-09 14:50:10 WARNING: No new file uploaded
2024-05-09 14:50:20 WARNING: No new file uploaded
2024-05-09 14:50:30 WARNING: No new file uploaded
2024-05-09 14:50:40 WARNING: No new file uploaded
2024-05-09 14:50:50 WARNING: No new file uploaded
2024-05-09 14:51:00 WARNING: No new file uploaded
2024-05-09 14:51:10 WARNING: No new file uploaded
2024-05-09 14:51:20 WARNING: No new file uploaded
2024-05-09 14:51:30 WARNING: No new file uploaded
2024-05-09 14:51:40 WARNING: No new file uploaded
2024-05-09 14:51:50 WARNING: No new file uploaded
2024-05-09 14:52:00 WARNING: No new file uploaded
2024-05-09 14:52:10 WARNING: No new file uploaded
2024-05-09 14:52:20 WARNING: No new file uploaded
2024-05-09 14:52:30 WARNING: No new file uploaded
2024-05-09 14:52:40 WARNING: No new file uploaded
2024-05-09 14:52:50 WARNING: No new file uploaded
2024-05-09 14:53:00 WARNING: No new file uploaded
2024-05-09 14:53:10 WARNING: No new file uploaded
2024-05-09 14:53:20 WARNING: No new file uploaded
2024-05-09 14:53:30 WARNING: No new file uploaded
2024-05-09 14:53:40 WARNING: No new file uploaded
2024-05-09 14:53:50 WARNING: No new file uploaded
2024-05-09 14:54:00 WARNING: No new file uploaded
2024-05-09 14:54:10 WARNING: No new file uploaded
2024-05-09 14:54:20 WARNING: No new file uploaded
2024-05-09 14:54:30 WARNING: No new file uploaded
2024-05-09 14:54:40 WARNING: No new file uploaded
2024-05-09 14:54:50 WARNING: No new file uploaded
2024-05-09 14:55:00 WARNING: No new file uploaded
2024-05-09 14:55:10 WARNING: No new file uploaded
2024-05-09 14:55:20 WARNING: No new file uploaded
2024-05-09 14:55:30 WARNING: No new file uploaded
2024-05-09 14:55:40 WARNING: No new file uploaded
2024-05-09 14:55:50 WARNING: No new file uploaded
2024-05-09 14:56:00 WARNING: No new file uploaded
2024-05-09 14:56:10 WARNING: No new file uploaded
2024-05-09 14:56:20 WARNING: No new file uploaded
2024-05-09 14:56:30 WARNING: No new file uploaded
2024-05-09 14:56:40 WARNING: No new file uploaded
2024-05-09 14:56:50 WARNING: No new file uploaded
2024-05-09 14:57:00 WARNING: No new file uploaded
2024-05-09 14:57:10 WARNING: No new file uploaded
2024-05-09 14:57:20 WARNING: No new file uploaded
2024-05-09 14:57:30 WARNING: No new file uploaded
2024-05-09 14:57:41 WARNING: No new file uploaded
2024-05-09 14:57:51 WARNING: No new file uploaded
2024-05-09 14:58:01 WARNING: No new file uploaded
2024-05-09 14:58:11 WARNING: No new file uploaded
2024-05-09 14:58:21 WARNING: No new file uploaded
2024-05-09 14:58:31 WARNING: No new file uploaded
2024-05-09 14:58:41 WARNING: No new file uploaded
2024-05-09 14:58:51 WARNING: No new file uploaded
2024-05-09 14:59:01 WARNING: No new file uploaded
2024-05-09 14:59:11 WARNING: No new file uploaded
2024-05-09 14:59:21 WARNING: No new file uploaded
2024-05-09 14:59:31 WARNING: No new file uploaded
2024-05-09 14:59:41 WARNING: No new file uploaded
2024-05-09 14:59:51 WARNING: No new file uploaded
2024-05-09 15:00:01 WARNING: No new file uploaded
2024-05-09 15:00:11 WARNING: No new file uploaded
2024-05-09 15:00:21 WARNING: No new file uploaded
2024-05-09 15:00:31 WARNING: No new file uploaded
2024-05-09 15:00:41 WARNING: No new file uploaded
2024-05-09 15:00:51 WARNING: No new file uploaded
2024-05-09 15:01:01 WARNING: No new file uploaded
2024-05-09 15:01:11 WARNING: No new file uploaded
2024-05-09 15:01:21 WARNING: No new file uploaded
2024-05-09 15:01:31 WARNING: No new file uploaded
2024-05-09 15:01:41 WARNING: No new file uploaded
2024-05-09 15:01:51 WARNING: No new file uploaded
2024-05-09 15:02:01 WARNING: No new file uploaded
2024-05-09 15:02:11 WARNING: No new file uploaded
2024-05-09 15:02:21 WARNING: No new file uploaded
2024-05-09 15:02:31 WARNING: No new file uploaded
2024-05-09 15:02:41 WARNING: No new file uploaded
2024-05-09 15:02:51 WARNING: No new file uploaded
2024-05-09 15:03:01 WARNING: No new file uploaded
2024-05-09 15:03:11 WARNING: No new file uploaded
2024-05-09 15:03:21 WARNING: No new file uploaded
2024-05-09 15:03:31 WARNING: No new file uploaded
2024-05-09 15:03:41 WARNING: No new file uploaded
2024-05-09 15:03:51 WARNING: No new file uploaded
2024-05-09 15:04:01 WARNING: No new file uploaded
2024-05-09 15:04:11 WARNING: No new file uploaded
2024-05-09 15:04:21 WARNING: No new file uploaded
2024-05-09 15:04:31 WARNING: No new file uploaded
2024-05-09 15:04:41 WARNING: No new file uploaded
2024-05-09 15:04:51 WARNING: No new file uploaded
2024-05-09 15:05:01 WARNING: No new file uploaded
2024-05-09 15:05:11 WARNING: No new file uploaded
2024-05-09 15:05:21 WARNING: No new file uploaded
2024-05-09 15:05:32 WARNING: No new file uploaded
2024-05-09 15:05:42 WARNING: No new file uploaded
2024-05-09 15:05:52 WARNING: No new file uploaded
2024-05-09 15:06:02 WARNING: No new file uploaded
2024-05-09 15:06:12 WARNING: No new file uploaded
2024-05-09 15:06:22 WARNING: No new file uploaded
2024-05-09 15:06:32 WARNING: No new file uploaded
2024-05-09 15:06:42 WARNING: No new file uploaded
2024-05-09 15:06:52 WARNING: No new file uploaded
2024-05-09 15:07:02 WARNING: No new file uploaded
2024-05-09 15:07:12 WARNING: No new file uploaded
2024-05-09 15:07:22 WARNING: No new file uploaded
2024-05-09 15:07:32 WARNING: No new file uploaded
2024-05-09 15:07:42 WARNING: No new file uploaded
2024-05-09 15:07:52 WARNING: No new file uploaded
2024-05-09 15:08:02 WARNING: No new file uploaded
2024-05-09 15:08:12 WARNING: No new file uploaded
2024-05-09 15:08:22 WARNING: No new file uploaded
2024-05-09 15:08:32 WARNING: No new file uploaded
2024-05-09 15:08:42 WARNING: No new file uploaded
2024-05-09 15:08:52 WARNING: No new file uploaded
2024-05-09 15:09:02 WARNING: No new file uploaded
2024-05-09 15:09:12 WARNING: No new file uploaded
2024-05-09 15:09:22 WARNING: No new file uploaded
2024-05-09 15:09:32 WARNING: No new file uploaded
2024-05-09 15:09:42 WARNING: No new file uploaded
2024-05-09 15:09:52 WARNING: No new file uploaded
2024-05-09 15:10:02 WARNING: No new file uploaded
2024-05-09 15:10:12 WARNING: No new file uploaded
2024-05-09 15:10:22 WARNING: No new file uploaded
2024-05-09 15:10:32 WARNING: No new file uploaded
2024-05-09 15:10:42 WARNING: No new file uploaded
2024-05-09 15:10:52 WARNING: No new file uploaded
2024-05-09 15:11:02 WARNING: No new file uploaded
2024-05-09 15:11:12 WARNING: No new file uploaded
2024-05-09 15:11:22 WARNING: No new file uploaded
2024-05-09 15:11:32 WARNING: No new file uploaded
2024-05-09 15:11:42 WARNING: No new file uploaded
2024-05-09 15:11:52 WARNING: No new file uploaded
2024-05-09 15:12:02 WARNING: No new file uploaded
2024-05-09 15:12:12 WARNING: No new file uploaded
2024-05-09 15:12:22 WARNING: No new file uploaded
2024-05-09 15:12:32 WARNING: No new file uploaded
2024-05-09 15:12:42 WARNING: No new file uploaded
2024-05-09 15:12:52 WARNING: No new file uploaded
2024-05-09 15:13:02 WARNING: No new file uploaded
2024-05-09 15:13:12 WARNING: No new file uploaded
2024-05-09 15:13:22 WARNING: No new file uploaded
2024-05-09 15:13:33 WARNING: No new file uploaded
2024-05-09 15:13:43 WARNING: No new file uploaded
2024-05-09 15:13:53 WARNING: No new file uploaded
2024-05-09 15:14:03 WARNING: No new file uploaded
2024-05-09 15:14:13 WARNING: No new file uploaded
2024-05-09 15:14:23 WARNING: No new file uploaded
2024-05-09 15:14:33 WARNING: No new file uploaded
2024-05-09 15:14:43 WARNING: No new file uploaded
2024-05-09 15:14:53 WARNING: No new file uploaded
2024-05-09 15:15:03 WARNING: No new file uploaded
2024-05-09 15:15:13 WARNING: No new file uploaded
2024-05-09 15:15:23 WARNING: No new file uploaded
2024-05-09 15:15:33 WARNING: No new file uploaded
2024-05-09 15:15:43 WARNING: No new file uploaded
2024-05-09 15:15:53 WARNING: No new file uploaded
2024-05-09 15:16:03 WARNING: No new file uploaded
2024-05-09 15:16:13 WARNING: No new file uploaded
2024-05-09 15:16:23 WARNING: No new file uploaded
2024-05-09 15:16:33 WARNING: No new file uploaded
2024-05-09 15:16:43 WARNING: No new file uploaded
2024-05-09 15:16:53 WARNING: No new file uploaded
2024-05-09 15:17:03 WARNING: No new file uploaded
2024-05-09 15:17:13 WARNING: No new file uploaded
2024-05-09 15:17:23 WARNING: No new file uploaded
2024-05-09 15:17:33 WARNING: No new file uploaded
2024-05-09 15:17:43 WARNING: No new file uploaded
2024-05-09 15:17:53 WARNING: No new file uploaded
2024-05-09 15:18:03 WARNING: No new file uploaded
2024-05-09 15:18:13 WARNING: No new file uploaded
2024-05-09 15:18:23 WARNING: No new file uploaded
2024-05-09 15:18:33 WARNING: No new file uploaded
2024-05-09 15:18:43 WARNING: No new file uploaded
2024-05-09 15:18:53 WARNING: No new file uploaded
2024-05-09 15:19:03 WARNING: No new file uploaded
2024-05-09 15:19:13 WARNING: No new file uploaded
2024-05-09 15:19:23 WARNING: No new file uploaded
2024-05-09 15:19:33 WARNING: No new file uploaded
2024-05-09 15:19:43 WARNING: No new file uploaded
2024-05-09 15:19:53 WARNING: No new file uploaded
2024-05-09 15:20:03 WARNING: No new file uploaded
2024-05-09 15:20:13 WARNING: No new file uploaded
2024-05-09 15:20:23 WARNING: No new file uploaded
2024-05-09 15:20:33 WARNING: No new file uploaded
2024-05-09 15:20:43 WARNING: No new file uploaded
2024-05-09 15:20:53 WARNING: No new file uploaded
2024-05-09 15:21:03 WARNING: No new file uploaded
2024-05-09 15:21:13 WARNING: No new file uploaded
2024-05-09 15:21:24 WARNING: No new file uploaded
2024-05-09 15:21:34 WARNING: No new file uploaded
2024-05-09 15:21:44 WARNING: No new file uploaded
2024-05-09 15:21:54 WARNING: No new file uploaded
2024-05-09 15:22:04 WARNING: No new file uploaded
2024-05-09 15:22:14 WARNING: No new file uploaded
2024-05-09 15:22:24 WARNING: No new file uploaded
2024-05-09 15:22:34 WARNING: No new file uploaded
2024-05-09 15:22:44 WARNING: No new file uploaded
2024-05-09 15:22:54 WARNING: No new file uploaded
2024-05-09 15:23:04 WARNING: No new file uploaded
2024-05-09 15:23:14 WARNING: No new file uploaded
2024-05-09 15:23:24 WARNING: No new file uploaded
2024-05-09 15:23:34 WARNING: No new file uploaded
2024-05-09 15:23:44 WARNING: No new file uploaded
2024-05-09 15:23:54 WARNING: No new file uploaded
2024-05-09 15:24:04 WARNING: No new file uploaded
2024-05-09 15:24:14 WARNING: No new file uploaded
2024-05-09 15:24:24 WARNING: No new file uploaded
2024-05-09 15:24:34 WARNING: No new file uploaded
2024-05-09 15:24:44 WARNING: No new file uploaded
2024-05-09 15:24:54 WARNING: No new file uploaded
2024-05-09 15:25:04 WARNING: No new file uploaded
2024-05-09 15:25:14 WARNING: No new file uploaded
2024-05-09 15:25:24 WARNING: No new file uploaded
2024-05-09 15:25:34 WARNING: No new file uploaded
2024-05-09 15:25:44 WARNING: No new file uploaded
2024-05-09 15:25:54 WARNING: No new file uploaded
2024-05-09 15:26:04 WARNING: No new file uploaded
2024-05-09 15:26:14 WARNING: No new file uploaded
2024-05-09 15:26:24 WARNING: No new file uploaded
2024-05-09 15:26:34 WARNING: No new file uploaded
2024-05-09 15:26:44 WARNING: No new file uploaded
2024-05-09 15:26:54 WARNING: No new file uploaded
2024-05-09 15:27:04 WARNING: No new file uploaded
2024-05-09 15:27:14 WARNING: No new file uploaded
2024-05-09 15:27:24 WARNING: No new file uploaded
2024-05-09 15:27:34 WARNING: No new file uploaded
2024-05-09 15:27:44 WARNING: No new file uploaded
2024-05-09 15:27:54 WARNING: No new file uploaded
2024-05-09 15:28:04 WARNING: No new file uploaded
2024-05-09 15:28:14 WARNING: No new file uploaded
2024-05-09 15:28:24 WARNING: No new file uploaded
2024-05-09 15:28:34 WARNING: No new file uploaded
2024-05-09 15:28:44 WARNING: No new file uploaded
2024-05-09 15:28:54 WARNING: No new file uploaded
2024-05-09 15:29:04 WARNING: No new file uploaded
2024-05-09 15:29:15 WARNING: No new file uploaded
2024-05-09 15:29:25 WARNING: No new file uploaded
2024-05-09 15:29:35 WARNING: No new file uploaded
2024-05-09 15:29:45 WARNING: No new file uploaded
2024-05-09 15:29:55 WARNING: No new file uploaded
2024-05-09 15:30:05 WARNING: No new file uploaded
2024-05-09 15:30:15 WARNING: No new file uploaded
2024-05-09 15:30:25 WARNING: No new file uploaded
2024-05-09 15:30:35 WARNING: No new file uploaded
2024-05-09 15:30:45 WARNING: No new file uploaded
2024-05-09 15:30:55 WARNING: No new file uploaded
2024-05-09 15:31:05 WARNING: No new file uploaded
2024-05-09 15:31:15 WARNING: No new file uploaded
2024-05-09 15:31:25 WARNING: No new file uploaded
2024-05-09 15:31:35 WARNING: No new file uploaded
2024-05-09 15:31:45 WARNING: No new file uploaded
2024-05-09 15:31:55 WARNING: No new file uploaded
2024-05-09 15:32:05 WARNING: No new file uploaded
2024-05-09 15:32:15 WARNING: No new file uploaded
2024-05-09 15:32:25 WARNING: No new file uploaded
2024-05-09 15:32:35 WARNING: No new file uploaded
2024-05-09 15:32:45 WARNING: No new file uploaded
2024-05-09 15:32:55 WARNING: No new file uploaded
2024-05-09 15:33:05 WARNING: No new file uploaded
2024-05-09 15:33:15 WARNING: No new file uploaded
2024-05-09 15:33:25 WARNING: No new file uploaded
2024-05-09 15:33:35 WARNING: No new file uploaded
2024-05-09 15:33:45 WARNING: No new file uploaded
2024-05-09 15:33:55 WARNING: No new file uploaded
2024-05-09 15:34:05 WARNING: No new file uploaded
2024-05-09 15:34:15 WARNING: No new file uploaded
2024-05-09 15:34:25 WARNING: No new file uploaded
2024-05-09 15:34:35 WARNING: No new file uploaded
2024-05-09 15:34:45 WARNING: No new file uploaded
2024-05-09 15:34:55 WARNING: No new file uploaded
2024-05-09 15:35:05 WARNING: No new file uploaded
2024-05-09 15:35:15 WARNING: No new file uploaded
2024-05-09 15:35:25 WARNING: No new file uploaded
2024-05-09 15:35:35 WARNING: No new file uploaded
2024-05-09 15:35:45 WARNING: No new file uploaded
2024-05-09 15:35:55 WARNING: No new file uploaded
2024-05-09 15:36:05 WARNING: No new file uploaded
2024-05-09 15:36:15 WARNING: No new file uploaded
2024-05-09 15:36:25 WARNING: No new file uploaded
2024-05-09 15:36:35 WARNING: No new file uploaded
2024-05-09 15:36:45 WARNING: No new file uploaded
2024-05-09 15:36:55 WARNING: No new file uploaded
2024-05-09 15:37:05 WARNING: No new file uploaded
2024-05-09 15:37:15 WARNING: No new file uploaded
2024-05-09 15:37:26 WARNING: No new file uploaded
2024-05-09 15:37:36 WARNING: No new file uploaded
2024-05-09 15:37:46 WARNING: No new file uploaded
2024-05-09 15:37:56 WARNING: No new file uploaded
2024-05-09 15:38:06 WARNING: No new file uploaded
2024-05-09 15:38:16 WARNING: No new file uploaded
2024-05-09 15:38:26 WARNING: No new file uploaded
2024-05-09 15:38:36 WARNING: No new file uploaded
2024-05-09 15:38:46 WARNING: No new file uploaded
2024-05-09 15:38:56 WARNING: No new file uploaded
2024-05-09 15:39:06 WARNING: No new file uploaded
2024-05-09 15:39:16 WARNING: No new file uploaded
2024-05-09 15:39:26 WARNING: No new file uploaded
2024-05-09 15:39:36 WARNING: No new file uploaded
2024-05-09 15:39:46 WARNING: No new file uploaded
2024-05-09 15:39:56 WARNING: No new file uploaded
2024-05-09 15:40:06 WARNING: No new file uploaded
2024-05-09 15:40:16 WARNING: No new file uploaded
2024-05-09 15:40:26 WARNING: No new file uploaded
2024-05-09 15:40:36 WARNING: No new file uploaded
2024-05-09 15:40:46 WARNING: No new file uploaded
2024-05-09 15:40:56 WARNING: No new file uploaded
2024-05-09 15:41:06 WARNING: No new file uploaded
2024-05-09 15:41:16 WARNING: No new file uploaded
2024-05-09 15:41:26 WARNING: No new file uploaded
2024-05-09 15:41:36 WARNING: No new file uploaded
2024-05-09 15:41:46 WARNING: No new file uploaded
2024-05-09 15:41:56 WARNING: No new file uploaded
2024-05-09 15:42:06 WARNING: No new file uploaded
2024-05-09 15:42:16 WARNING: No new file uploaded
2024-05-09 15:42:26 WARNING: No new file uploaded
2024-05-09 15:42:36 WARNING: No new file uploaded
2024-05-09 15:42:46 WARNING: No new file uploaded
2024-05-09 15:42:56 WARNING: No new file uploaded
2024-05-09 15:43:06 WARNING: No new file uploaded
2024-05-09 15:43:16 WARNING: No new file uploaded
2024-05-09 15:43:26 WARNING: No new file uploaded
2024-05-09 15:43:36 WARNING: No new file uploaded
2024-05-09 15:43:46 WARNING: No new file uploaded
2024-05-09 15:43:56 WARNING: No new file uploaded
2024-05-09 15:44:06 WARNING: No new file uploaded
2024-05-09 15:44:16 WARNING: No new file uploaded
2024-05-09 15:44:26 WARNING: No new file uploaded
2024-05-09 15:44:36 WARNING: No new file uploaded
2024-05-09 15:44:46 WARNING: No new file uploaded
2024-05-09 15:44:56 WARNING: No new file uploaded
2024-05-09 15:45:06 WARNING: No new file uploaded
2024-05-09 15:45:17 WARNING: No new file uploaded
2024-05-09 15:45:27 WARNING: No new file uploaded
2024-05-09 15:45:37 WARNING: No new file uploaded
2024-05-09 15:45:47 WARNING: No new file uploaded
2024-05-09 15:45:57 WARNING: No new file uploaded
2024-05-09 15:46:07 WARNING: No new file uploaded
2024-05-09 15:46:17 WARNING: No new file uploaded
2024-05-09 15:46:27 WARNING: No new file uploaded
2024-05-09 15:46:37 WARNING: No new file uploaded
2024-05-09 15:46:47 WARNING: No new file uploaded
2024-05-09 15:46:57 WARNING: No new file uploaded
2024-05-09 15:47:07 WARNING: No new file uploaded
2024-05-09 15:47:17 WARNING: No new file uploaded
2024-05-09 15:47:27 WARNING: No new file uploaded
2024-05-09 15:47:37 WARNING: No new file uploaded
2024-05-09 15:47:47 WARNING: No new file uploaded
2024-05-09 15:47:57 WARNING: No new file uploaded
2024-05-09 15:48:07 WARNING: No new file uploaded
2024-05-09 15:48:17 WARNING: No new file uploaded
2024-05-09 15:48:27 WARNING: No new file uploaded
2024-05-09 15:48:37 WARNING: No new file uploaded
2024-05-09 15:48:47 WARNING: No new file uploaded
2024-05-09 15:48:57 WARNING: No new file uploaded
2024-05-09 15:49:07 WARNING: No new file uploaded
2024-05-09 15:49:17 WARNING: No new file uploaded
2024-05-09 15:49:27 WARNING: No new file uploaded
2024-05-09 15:49:37 WARNING: No new file uploaded
2024-05-09 15:49:47 WARNING: No new file uploaded
2024-05-09 15:49:57 WARNING: No new file uploaded
2024-05-09 15:50:07 WARNING: No new file uploaded
2024-05-09 15:50:17 WARNING: No new file uploaded
2024-05-09 15:50:27 WARNING: No new file uploaded
2024-05-09 15:50:37 WARNING: No new file uploaded
2024-05-09 15:50:47 WARNING: No new file uploaded
2024-05-09 15:50:57 WARNING: No new file uploaded
2024-05-09 15:51:07 WARNING: No new file uploaded
2024-05-09 15:51:17 WARNING: No new file uploaded
2024-05-09 15:51:27 WARNING: No new file uploaded
2024-05-09 15:51:37 WARNING: No new file uploaded
2024-05-09 15:51:47 WARNING: No new file uploaded
2024-05-09 15:51:57 WARNING: No new file uploaded
2024-05-09 15:52:07 WARNING: No new file uploaded
2024-05-09 15:52:17 WARNING: No new file uploaded
2024-05-09 15:52:27 WARNING: No new file uploaded
2024-05-09 15:52:37 WARNING: No new file uploaded
2024-05-09 15:52:48 WARNING: No new file uploaded
2024-05-09 15:52:58 WARNING: No new file uploaded
2024-05-09 15:53:08 WARNING: No new file uploaded
2024-05-09 15:53:18 WARNING: No new file uploaded
2024-05-09 15:53:28 WARNING: No new file uploaded
2024-05-09 15:53:38 WARNING: No new file uploaded
2024-05-09 15:53:48 WARNING: No new file uploaded
2024-05-09 15:53:58 WARNING: No new file uploaded
2024-05-09 15:54:08 WARNING: No new file uploaded
2024-05-09 15:54:18 WARNING: No new file uploaded
2024-05-09 15:54:28 WARNING: No new file uploaded
2024-05-09 15:54:38 WARNING: No new file uploaded
2024-05-09 15:54:48 WARNING: No new file uploaded
2024-05-09 15:54:58 WARNING: No new file uploaded
2024-05-09 15:55:08 WARNING: No new file uploaded
2024-05-09 15:55:18 WARNING: No new file uploaded
2024-05-09 15:55:28 WARNING: No new file uploaded
2024-05-09 15:55:38 WARNING: No new file uploaded
2024-05-09 15:55:48 WARNING: No new file uploaded
2024-05-09 15:55:58 WARNING: No new file uploaded
2024-05-09 15:56:08 WARNING: No new file uploaded
2024-05-09 15:56:18 WARNING: No new file uploaded
2024-05-09 15:56:28 WARNING: No new file uploaded
2024-05-09 15:56:38 WARNING: No new file uploaded
2024-05-09 15:56:48 WARNING: No new file uploaded
2024-05-09 15:56:58 WARNING: No new file uploaded
2024-05-09 15:57:08 WARNING: No new file uploaded
2024-05-09 15:57:18 WARNING: No new file uploaded
2024-05-09 15:57:28 WARNING: No new file uploaded
2024-05-09 15:57:38 WARNING: No new file uploaded
2024-05-09 15:57:48 WARNING: No new file uploaded
2024-05-09 15:57:58 WARNING: No new file uploaded
2024-05-09 15:58:08 WARNING: No new file uploaded
2024-05-09 15:58:18 WARNING: No new file uploaded
2024-05-09 15:58:28 WARNING: No new file uploaded
2024-05-09 15:58:38 WARNING: No new file uploaded
2024-05-09 15:58:48 WARNING: No new file uploaded
2024-05-09 15:58:58 WARNING: No new file uploaded
2024-05-09 15:59:08 WARNING: No new file uploaded
2024-05-09 15:59:18 WARNING: No new file uploaded
2024-05-09 15:59:28 WARNING: No new file uploaded
2024-05-09 15:59:38 WARNING: No new file uploaded
2024-05-09 15:59:48 WARNING: No new file uploaded
2024-05-09 15:59:58 WARNING: No new file uploaded
2024-05-09 16:00:08 WARNING: No new file uploaded
2024-05-09 16:00:18 WARNING: No new file uploaded
2024-05-09 16:00:28 WARNING: No new file uploaded
2024-05-09 16:00:38 WARNING: No new file uploaded
2024-05-09 16:00:49 WARNING: No new file uploaded
2024-05-09 16:00:59 WARNING: No new file uploaded
2024-05-09 16:01:09 WARNING: No new file uploaded
2024-05-09 16:01:19 WARNING: No new file uploaded
2024-05-09 16:01:29 WARNING: No new file uploaded
2024-05-09 16:01:39 WARNING: No new file uploaded
2024-05-09 16:01:49 WARNING: No new file uploaded
2024-05-09 16:01:59 WARNING: No new file uploaded
2024-05-09 16:02:09 WARNING: No new file uploaded
2024-05-09 16:02:19 WARNING: No new file uploaded
2024-05-09 16:02:29 WARNING: No new file uploaded
2024-05-09 16:02:39 WARNING: No new file uploaded
2024-05-09 16:02:49 WARNING: No new file uploaded
2024-05-09 16:02:59 WARNING: No new file uploaded
2024-05-09 16:03:09 WARNING: No new file uploaded
2024-05-09 16:03:19 WARNING: No new file uploaded
2024-05-09 16:03:29 WARNING: No new file uploaded
2024-05-09 16:03:39 WARNING: No new file uploaded
2024-05-09 16:03:49 WARNING: No new file uploaded
2024-05-09 16:03:59 WARNING: No new file uploaded
2024-05-09 16:04:09 WARNING: No new file uploaded
2024-05-09 16:04:19 WARNING: No new file uploaded
2024-05-09 16:04:29 WARNING: No new file uploaded
2024-05-09 16:04:39 WARNING: No new file uploaded
2024-05-09 16:04:49 WARNING: No new file uploaded
2024-05-09 16:04:59 WARNING: No new file uploaded
2024-05-09 16:05:09 WARNING: No new file uploaded
2024-05-09 16:05:19 WARNING: No new file uploaded
2024-05-09 16:05:29 WARNING: No new file uploaded
2024-05-09 16:05:39 WARNING: No new file uploaded
2024-05-09 16:05:49 WARNING: No new file uploaded
2024-05-09 16:05:59 WARNING: No new file uploaded
2024-05-09 16:06:09 WARNING: No new file uploaded
2024-05-09 16:06:19 WARNING: No new file uploaded
2024-05-09 16:06:29 WARNING: No new file uploaded
2024-05-09 16:06:39 WARNING: No new file uploaded
2024-05-09 16:06:49 WARNING: No new file uploaded
2024-05-09 16:06:59 WARNING: No new file uploaded
2024-05-09 16:07:09 WARNING: No new file uploaded
2024-05-09 16:07:19 WARNING: No new file uploaded
2024-05-09 16:07:29 WARNING: No new file uploaded
2024-05-09 16:07:39 WARNING: No new file uploaded
2024-05-09 16:07:49 WARNING: No new file uploaded
2024-05-09 16:07:59 WARNING: No new file uploaded
2024-05-09 16:08:09 WARNING: No new file uploaded
2024-05-09 16:08:19 WARNING: No new file uploaded
2024-05-09 16:08:29 WARNING: No new file uploaded
2024-05-09 16:08:40 WARNING: No new file uploaded
2024-05-09 16:08:50 WARNING: No new file uploaded
2024-05-09 16:09:00 WARNING: No new file uploaded
2024-05-09 16:09:10 WARNING: No new file uploaded
2024-05-09 16:09:20 WARNING: No new file uploaded
2024-05-09 16:09:30 WARNING: No new file uploaded
2024-05-09 16:09:40 WARNING: No new file uploaded
2024-05-09 16:09:50 WARNING: No new file uploaded
2024-05-09 16:10:00 WARNING: No new file uploaded
2024-05-09 16:10:10 WARNING: No new file uploaded
2024-05-09 16:10:20 WARNING: No new file uploaded
2024-05-09 16:10:30 WARNING: No new file uploaded
2024-05-09 16:10:40 WARNING: No new file uploaded
2024-05-09 16:10:50 WARNING: No new file uploaded
2024-05-09 16:11:00 WARNING: No new file uploaded
2024-05-09 16:11:10 WARNING: No new file uploaded
2024-05-09 16:11:20 WARNING: No new file uploaded
2024-05-09 16:11:30 WARNING: No new file uploaded
2024-05-09 16:11:40 WARNING: No new file uploaded
2024-05-09 16:11:50 WARNING: No new file uploaded
2024-05-09 16:12:00 WARNING: No new file uploaded
2024-05-09 16:12:10 WARNING: No new file uploaded
2024-05-09 16:12:20 WARNING: No new file uploaded
2024-05-09 16:12:30 WARNING: No new file uploaded
2024-05-09 16:12:40 WARNING: No new file uploaded
2024-05-09 16:12:50 WARNING: No new file uploaded
2024-05-09 16:13:00 WARNING: No new file uploaded
2024-05-09 16:13:10 WARNING: No new file uploaded
2024-05-09 16:13:20 WARNING: No new file uploaded
2024-05-09 16:13:30 WARNING: No new file uploaded
2024-05-09 16:13:40 WARNING: No new file uploaded
2024-05-09 16:13:50 WARNING: No new file uploaded
2024-05-09 16:14:00 WARNING: No new file uploaded
2024-05-09 16:14:10 WARNING: No new file uploaded
2024-05-09 16:14:20 WARNING: No new file uploaded
2024-05-09 16:14:30 WARNING: No new file uploaded
2024-05-09 16:14:40 WARNING: No new file uploaded
2024-05-09 16:14:50 WARNING: No new file uploaded
2024-05-09 16:15:00 WARNING: No new file uploaded
2024-05-09 16:15:10 WARNING: No new file uploaded
2024-05-09 16:15:20 WARNING: No new file uploaded
2024-05-09 16:15:30 WARNING: No new file uploaded
2024-05-09 16:15:40 WARNING: No new file uploaded
2024-05-09 16:15:50 WARNING: No new file uploaded
2024-05-09 16:16:00 WARNING: No new file uploaded
2024-05-09 16:16:10 WARNING: No new file uploaded
2024-05-09 16:16:20 WARNING: No new file uploaded
2024-05-09 16:16:30 WARNING: No new file uploaded
2024-05-09 16:16:41 WARNING: No new file uploaded
2024-05-09 16:16:51 WARNING: No new file uploaded
2024-05-09 16:17:01 WARNING: No new file uploaded
2024-05-09 16:17:11 WARNING: No new file uploaded
2024-05-09 16:17:21 WARNING: No new file uploaded
2024-05-09 16:17:31 WARNING: No new file uploaded
2024-05-09 16:17:41 WARNING: No new file uploaded
2024-05-09 16:17:51 WARNING: No new file uploaded
2024-05-09 16:18:01 WARNING: No new file uploaded
2024-05-09 16:18:11 WARNING: No new file uploaded
2024-05-09 16:18:21 WARNING: No new file uploaded
2024-05-09 16:18:31 WARNING: No new file uploaded
2024-05-09 16:18:41 WARNING: No new file uploaded
2024-05-09 16:18:51 WARNING: No new file uploaded
2024-05-09 16:19:01 WARNING: No new file uploaded
2024-05-09 16:19:11 WARNING: No new file uploaded
2024-05-09 16:19:21 WARNING: No new file uploaded
2024-05-09 16:19:31 WARNING: No new file uploaded
2024-05-09 16:19:41 WARNING: No new file uploaded
2024-05-09 16:19:51 WARNING: No new file uploaded
2024-05-09 16:20:01 WARNING: No new file uploaded
2024-05-09 16:20:11 WARNING: No new file uploaded
2024-05-09 16:20:21 WARNING: No new file uploaded
2024-05-09 16:20:31 WARNING: No new file uploaded
2024-05-09 16:20:41 WARNING: No new file uploaded
2024-05-09 16:20:51 WARNING: No new file uploaded
2024-05-09 16:21:01 WARNING: No new file uploaded
2024-05-09 16:21:11 WARNING: No new file uploaded
2024-05-09 16:21:21 WARNING: No new file uploaded
2024-05-09 16:21:31 WARNING: No new file uploaded
2024-05-09 16:21:41 WARNING: No new file uploaded
2024-05-09 16:21:51 WARNING: No new file uploaded
2024-05-09 16:22:01 WARNING: No new file uploaded
2024-05-09 16:22:11 WARNING: No new file uploaded
2024-05-09 16:22:21 WARNING: No new file uploaded
2024-05-09 16:22:31 WARNING: No new file uploaded
2024-05-09 16:22:41 WARNING: No new file uploaded
2024-05-09 16:22:51 WARNING: No new file uploaded
2024-05-09 16:23:01 WARNING: No new file uploaded
2024-05-09 16:23:11 WARNING: No new file uploaded
2024-05-09 16:23:21 WARNING: No new file uploaded
2024-05-09 16:23:31 WARNING: No new file uploaded
2024-05-09 16:23:41 WARNING: No new file uploaded
2024-05-09 16:23:51 WARNING: No new file uploaded
2024-05-09 16:24:01 WARNING: No new file uploaded
2024-05-09 16:24:11 WARNING: No new file uploaded
2024-05-09 16:24:21 WARNING: No new file uploaded
2024-05-09 16:24:32 WARNING: No new file uploaded
2024-05-09 16:24:42 WARNING: No new file uploaded
2024-05-09 16:24:52 WARNING: No new file uploaded
2024-05-09 16:25:02 WARNING: No new file uploaded
2024-05-09 16:25:12 WARNING: No new file uploaded
2024-05-09 16:25:22 WARNING: No new file uploaded
2024-05-09 16:25:32 WARNING: No new file uploaded
2024-05-09 16:25:42 WARNING: No new file uploaded
2024-05-09 16:25:52 WARNING: No new file uploaded
2024-05-09 16:26:02 WARNING: No new file uploaded
2024-05-09 16:26:12 WARNING: No new file uploaded
2024-05-09 16:26:22 WARNING: No new file uploaded
2024-05-09 16:26:32 WARNING: No new file uploaded
2024-05-09 16:26:42 WARNING: No new file uploaded
2024-05-09 16:26:52 WARNING: No new file uploaded
2024-05-09 16:27:02 WARNING: No new file uploaded
2024-05-09 16:27:12 WARNING: No new file uploaded
2024-05-09 16:27:22 WARNING: No new file uploaded
2024-05-09 16:27:32 WARNING: No new file uploaded
2024-05-09 16:27:42 WARNING: No new file uploaded
2024-05-09 16:27:52 WARNING: No new file uploaded
2024-05-09 16:28:02 WARNING: No new file uploaded
2024-05-09 16:28:12 WARNING: No new file uploaded
2024-05-09 16:28:22 WARNING: No new file uploaded
2024-05-09 16:28:32 WARNING: No new file uploaded
2024-05-09 16:28:42 WARNING: No new file uploaded
2024-05-09 16:28:52 WARNING: No new file uploaded
2024-05-09 16:29:02 WARNING: No new file uploaded
2024-05-09 16:29:12 WARNING: No new file uploaded
2024-05-09 16:29:22 WARNING: No new file uploaded
2024-05-09 16:29:32 WARNING: No new file uploaded
2024-05-09 16:29:42 WARNING: No new file uploaded
2024-05-09 16:29:52 WARNING: No new file uploaded
2024-05-09 16:30:02 WARNING: No new file uploaded
2024-05-09 16:30:12 WARNING: No new file uploaded
2024-05-09 16:30:22 WARNING: No new file uploaded
2024-05-09 16:30:32 WARNING: No new file uploaded
2024-05-09 16:30:42 WARNING: No new file uploaded
2024-05-09 16:30:52 WARNING: No new file uploaded
2024-05-09 16:31:02 WARNING: No new file uploaded
2024-05-09 16:31:12 WARNING: No new file uploaded
2024-05-09 16:31:22 WARNING: No new file uploaded
2024-05-09 16:31:32 WARNING: No new file uploaded
2024-05-09 16:31:42 WARNING: No new file uploaded
2024-05-09 16:31:52 WARNING: No new file uploaded
2024-05-09 16:32:02 WARNING: No new file uploaded
2024-05-09 16:32:12 WARNING: No new file uploaded
2024-05-09 16:32:22 WARNING: No new file uploaded
2024-05-09 16:32:33 WARNING: No new file uploaded
2024-05-09 16:32:43 WARNING: No new file uploaded
2024-05-09 16:32:53 WARNING: No new file uploaded
2024-05-09 16:33:03 WARNING: No new file uploaded
2024-05-09 16:33:13 WARNING: No new file uploaded
2024-05-09 16:33:23 WARNING: No new file uploaded
2024-05-09 16:33:33 WARNING: No new file uploaded
2024-05-09 16:33:43 WARNING: No new file uploaded
2024-05-09 16:33:53 WARNING: No new file uploaded
2024-05-09 16:34:03 WARNING: No new file uploaded
2024-05-09 16:34:13 WARNING: No new file uploaded
2024-05-09 16:34:23 WARNING: No new file uploaded
2024-05-09 16:34:33 WARNING: No new file uploaded
2024-05-09 16:34:43 WARNING: No new file uploaded
2024-05-09 16:34:53 WARNING: No new file uploaded
2024-05-09 16:35:03 WARNING: No new file uploaded
2024-05-09 16:35:13 WARNING: No new file uploaded
2024-05-09 16:35:23 WARNING: No new file uploaded
2024-05-09 16:35:33 WARNING: No new file uploaded
2024-05-09 16:35:43 WARNING: No new file uploaded
2024-05-09 16:35:53 WARNING: No new file uploaded
2024-05-09 16:36:03 WARNING: No new file uploaded
2024-05-09 16:36:13 WARNING: No new file uploaded
2024-05-09 16:36:23 WARNING: No new file uploaded
2024-05-09 16:36:33 WARNING: No new file uploaded
2024-05-09 16:36:43 WARNING: No new file uploaded
2024-05-09 16:36:53 WARNING: No new file uploaded
2024-05-09 16:37:03 WARNING: No new file uploaded
2024-05-09 16:37:13 WARNING: No new file uploaded
2024-05-09 16:37:23 WARNING: No new file uploaded
2024-05-09 16:37:33 WARNING: No new file uploaded
2024-05-09 16:37:43 WARNING: No new file uploaded
2024-05-09 16:37:53 WARNING: No new file uploaded
2024-05-09 16:38:03 WARNING: No new file uploaded
2024-05-09 16:38:13 WARNING: No new file uploaded
2024-05-09 16:38:23 WARNING: No new file uploaded
2024-05-09 16:38:33 WARNING: No new file uploaded
2024-05-09 16:38:43 WARNING: No new file uploaded
2024-05-09 16:38:53 WARNING: No new file uploaded
2024-05-09 16:39:03 WARNING: No new file uploaded
2024-05-09 16:39:13 WARNING: No new file uploaded
2024-05-09 16:39:23 WARNING: No new file uploaded
2024-05-09 16:39:33 WARNING: No new file uploaded
2024-05-09 16:39:43 WARNING: No new file uploaded
2024-05-09 16:39:53 WARNING: No new file uploaded
2024-05-09 16:40:03 WARNING: No new file uploaded
2024-05-09 16:40:13 WARNING: No new file uploaded
2024-05-09 16:40:24 WARNING: No new file uploaded
2024-05-09 16:40:34 WARNING: No new file uploaded
2024-05-09 16:40:44 WARNING: No new file uploaded
2024-05-09 16:40:54 WARNING: No new file uploaded
2024-05-09 16:41:04 WARNING: No new file uploaded
2024-05-09 16:41:14 WARNING: No new file uploaded
2024-05-09 16:41:24 WARNING: No new file uploaded
2024-05-09 16:41:34 WARNING: No new file uploaded
2024-05-09 16:41:44 WARNING: No new file uploaded
2024-05-09 16:41:54 WARNING: No new file uploaded
2024-05-09 16:42:04 WARNING: No new file uploaded
2024-05-09 16:42:14 WARNING: No new file uploaded
2024-05-09 16:42:24 WARNING: No new file uploaded
2024-05-09 16:42:34 WARNING: No new file uploaded
2024-05-09 16:42:44 WARNING: No new file uploaded
2024-05-09 16:42:54 WARNING: No new file uploaded
2024-05-09 16:43:04 WARNING: No new file uploaded
2024-05-09 16:43:14 WARNING: No new file uploaded
2024-05-09 16:43:24 WARNING: No new file uploaded
2024-05-09 16:43:34 WARNING: No new file uploaded
2024-05-09 16:43:44 WARNING: No new file uploaded
2024-05-09 16:43:54 WARNING: No new file uploaded
2024-05-09 16:44:04 WARNING: No new file uploaded
2024-05-09 16:44:14 WARNING: No new file uploaded
2024-05-09 16:44:24 WARNING: No new file uploaded
2024-05-09 16:44:34 WARNING: No new file uploaded
2024-05-09 16:44:44 WARNING: No new file uploaded
2024-05-09 16:44:54 WARNING: No new file uploaded
2024-05-09 16:45:04 WARNING: No new file uploaded
2024-05-09 16:45:14 WARNING: No new file uploaded
2024-05-09 16:45:24 WARNING: No new file uploaded
2024-05-09 16:45:34 WARNING: No new file uploaded
2024-05-09 16:45:44 WARNING: No new file uploaded
2024-05-09 16:45:54 WARNING: No new file uploaded
2024-05-09 16:46:04 WARNING: No new file uploaded
2024-05-09 16:46:14 WARNING: No new file uploaded
2024-05-09 16:46:24 WARNING: No new file uploaded
2024-05-09 16:46:34 WARNING: No new file uploaded
2024-05-09 16:46:44 WARNING: No new file uploaded
2024-05-09 16:46:54 WARNING: No new file uploaded
2024-05-09 16:47:04 WARNING: No new file uploaded
2024-05-09 16:47:14 WARNING: No new file uploaded
2024-05-09 16:47:24 WARNING: No new file uploaded
2024-05-09 16:47:34 WARNING: No new file uploaded
2024-05-09 16:47:44 WARNING: No new file uploaded
2024-05-09 16:47:54 WARNING: No new file uploaded
2024-05-09 16:48:04 WARNING: No new file uploaded
2024-05-09 16:48:15 WARNING: No new file uploaded
2024-05-09 16:48:25 WARNING: No new file uploaded
2024-05-09 16:48:35 WARNING: No new file uploaded
2024-05-09 16:48:45 WARNING: No new file uploaded
2024-05-09 16:48:55 WARNING: No new file uploaded
2024-05-09 16:49:05 WARNING: No new file uploaded
2024-05-09 16:49:15 WARNING: No new file uploaded
2024-05-09 16:49:25 WARNING: No new file uploaded
2024-05-09 16:49:35 WARNING: No new file uploaded
2024-05-09 16:49:45 WARNING: No new file uploaded
2024-05-09 16:49:55 WARNING: No new file uploaded
2024-05-09 16:50:05 WARNING: No new file uploaded
2024-05-09 16:50:15 WARNING: No new file uploaded
2024-05-09 16:50:25 WARNING: No new file uploaded
2024-05-09 16:50:35 WARNING: No new file uploaded
2024-05-09 16:50:45 WARNING: No new file uploaded
2024-05-09 16:50:55 WARNING: No new file uploaded
2024-05-09 16:51:05 WARNING: No new file uploaded
2024-05-09 16:51:15 WARNING: No new file uploaded
2024-05-09 16:51:25 WARNING: No new file uploaded
2024-05-09 16:51:35 WARNING: No new file uploaded
2024-05-09 16:51:45 WARNING: No new file uploaded
2024-05-09 16:51:55 WARNING: No new file uploaded
2024-05-09 16:52:05 WARNING: No new file uploaded
2024-05-09 16:52:15 WARNING: No new file uploaded
2024-05-09 16:52:25 WARNING: No new file uploaded
2024-05-09 16:52:35 WARNING: No new file uploaded
2024-05-09 16:52:45 WARNING: No new file uploaded
2024-05-09 16:52:55 WARNING: No new file uploaded
2024-05-09 16:53:05 WARNING: No new file uploaded
2024-05-09 16:53:15 WARNING: No new file uploaded
2024-05-09 16:53:25 WARNING: No new file uploaded
2024-05-09 16:53:35 WARNING: No new file uploaded
2024-05-09 16:53:45 WARNING: No new file uploaded
2024-05-09 16:53:55 WARNING: No new file uploaded
2024-05-09 16:54:05 WARNING: No new file uploaded
2024-05-09 16:54:15 WARNING: No new file uploaded
2024-05-09 16:54:25 WARNING: No new file uploaded
2024-05-09 16:54:35 WARNING: No new file uploaded
2024-05-09 16:54:45 WARNING: No new file uploaded
2024-05-09 16:54:55 WARNING: No new file uploaded
2024-05-09 16:55:05 WARNING: No new file uploaded
2024-05-09 16:55:15 WARNING: No new file uploaded
2024-05-09 16:55:25 WARNING: No new file uploaded
2024-05-09 16:55:35 WARNING: No new file uploaded
2024-05-09 16:55:45 WARNING: No new file uploaded
2024-05-09 16:55:55 WARNING: No new file uploaded
2024-05-09 16:56:06 WARNING: No new file uploaded
2024-05-09 16:56:16 WARNING: No new file uploaded
2024-05-09 16:56:26 WARNING: No new file uploaded
2024-05-09 16:56:36 WARNING: No new file uploaded
2024-05-09 16:56:46 WARNING: No new file uploaded
2024-05-09 16:56:56 WARNING: No new file uploaded
2024-05-09 16:57:06 WARNING: No new file uploaded
2024-05-09 16:57:16 WARNING: No new file uploaded
2024-05-09 16:57:26 WARNING: No new file uploaded
2024-05-09 16:57:36 WARNING: No new file uploaded
2024-05-09 16:57:46 WARNING: No new file uploaded
2024-05-09 16:57:56 WARNING: No new file uploaded
2024-05-09 16:58:06 WARNING: No new file uploaded
2024-05-09 16:58:16 WARNING: No new file uploaded
2024-05-09 16:58:26 WARNING: No new file uploaded
2024-05-09 16:58:36 WARNING: No new file uploaded
2024-05-09 16:58:46 WARNING: No new file uploaded
2024-05-09 16:58:56 WARNING: No new file uploaded
2024-05-09 16:59:06 WARNING: No new file uploaded
2024-05-09 16:59:16 WARNING: No new file uploaded
2024-05-09 16:59:26 WARNING: No new file uploaded
2024-05-09 16:59:36 WARNING: No new file uploaded
2024-05-09 16:59:46 WARNING: No new file uploaded
2024-05-09 16:59:56 WARNING: No new file uploaded
2024-05-09 17:00:06 WARNING: No new file uploaded
2024-05-09 17:00:16 WARNING: No new file uploaded
2024-05-09 17:00:26 WARNING: No new file uploaded
2024-05-09 17:00:36 WARNING: No new file uploaded
2024-05-09 17:00:46 WARNING: No new file uploaded
2024-05-09 17:00:56 WARNING: No new file uploaded
2024-05-09 17:01:06 WARNING: No new file uploaded
2024-05-09 17:01:16 WARNING: No new file uploaded
2024-05-09 17:01:26 WARNING: No new file uploaded
2024-05-09 17:01:36 WARNING: No new file uploaded
2024-05-09 17:01:46 WARNING: No new file uploaded
2024-05-09 17:01:56 WARNING: No new file uploaded
2024-05-09 17:02:06 WARNING: No new file uploaded
2024-05-09 17:02:16 WARNING: No new file uploaded
2024-05-09 17:02:26 WARNING: No new file uploaded
2024-05-09 17:02:36 WARNING: No new file uploaded
2024-05-09 17:02:46 WARNING: No new file uploaded
2024-05-09 17:02:56 WARNING: No new file uploaded
2024-05-09 17:03:06 WARNING: No new file uploaded
2024-05-09 17:03:16 WARNING: No new file uploaded
2024-05-09 17:03:26 WARNING: No new file uploaded
2024-05-09 17:03:36 WARNING: No new file uploaded
2024-05-09 17:03:46 WARNING: No new file uploaded
2024-05-09 17:03:57 WARNING: No new file uploaded
2024-05-09 17:04:07 WARNING: No new file uploaded
2024-05-09 17:04:17 WARNING: No new file uploaded
2024-05-09 17:04:27 WARNING: No new file uploaded
2024-05-09 17:04:37 WARNING: No new file uploaded
2024-05-09 17:04:47 WARNING: No new file uploaded
2024-05-09 17:04:57 WARNING: No new file uploaded
2024-05-09 17:05:07 WARNING: No new file uploaded
2024-05-09 17:05:17 WARNING: No new file uploaded
2024-05-09 17:05:27 WARNING: No new file uploaded
2024-05-09 17:05:37 WARNING: No new file uploaded
2024-05-09 17:05:47 WARNING: No new file uploaded
2024-05-09 17:05:57 WARNING: No new file uploaded
2024-05-09 17:06:07 WARNING: No new file uploaded
2024-05-09 17:06:17 WARNING: No new file uploaded
2024-05-09 17:06:27 WARNING: No new file uploaded
2024-05-09 17:06:37 WARNING: No new file uploaded
2024-05-09 17:06:47 WARNING: No new file uploaded
2024-05-09 17:06:57 WARNING: No new file uploaded
2024-05-09 17:07:07 WARNING: No new file uploaded
2024-05-09 17:07:17 WARNING: No new file uploaded
2024-05-09 17:07:27 WARNING: No new file uploaded
2024-05-09 17:07:37 WARNING: No new file uploaded
2024-05-09 17:07:47 WARNING: No new file uploaded
2024-05-09 17:07:57 WARNING: No new file uploaded
2024-05-09 17:08:07 WARNING: No new file uploaded
2024-05-09 17:08:17 WARNING: No new file uploaded
2024-05-09 17:08:27 WARNING: No new file uploaded
2024-05-09 17:08:37 WARNING: No new file uploaded
2024-05-09 17:08:47 WARNING: No new file uploaded
2024-05-09 17:08:57 WARNING: No new file uploaded
2024-05-09 17:09:07 WARNING: No new file uploaded
2024-05-09 17:09:17 WARNING: No new file uploaded
2024-05-09 17:09:27 WARNING: No new file uploaded
2024-05-09 17:09:37 WARNING: No new file uploaded
2024-05-09 17:09:47 WARNING: No new file uploaded
2024-05-09 17:09:57 WARNING: No new file uploaded
2024-05-09 17:10:07 WARNING: No new file uploaded
2024-05-09 17:10:17 WARNING: No new file uploaded
2024-05-09 17:10:27 WARNING: No new file uploaded
2024-05-09 17:10:37 WARNING: No new file uploaded
2024-05-09 17:10:47 WARNING: No new file uploaded
2024-05-09 17:10:57 WARNING: No new file uploaded
2024-05-09 17:11:07 WARNING: No new file uploaded
2024-05-09 17:11:17 WARNING: No new file uploaded
2024-05-09 17:11:27 WARNING: No new file uploaded
2024-05-09 17:11:37 WARNING: No new file uploaded
2024-05-09 17:11:47 WARNING: No new file uploaded
2024-05-09 17:11:58 WARNING: No new file uploaded
2024-05-09 17:12:08 WARNING: No new file uploaded
2024-05-09 17:12:18 WARNING: No new file uploaded
2024-05-09 17:12:28 WARNING: No new file uploaded
2024-05-09 17:12:38 WARNING: No new file uploaded
2024-05-09 17:12:48 WARNING: No new file uploaded
2024-05-09 17:12:58 WARNING: No new file uploaded
2024-05-09 17:13:08 WARNING: No new file uploaded
2024-05-09 17:13:18 WARNING: No new file uploaded
2024-05-09 17:13:28 WARNING: No new file uploaded
2024-05-09 17:13:38 WARNING: No new file uploaded
2024-05-09 17:13:48 WARNING: No new file uploaded
2024-05-09 17:13:58 WARNING: No new file uploaded
2024-05-09 17:14:08 WARNING: No new file uploaded
2024-05-09 17:14:18 WARNING: No new file uploaded
2024-05-09 17:14:28 WARNING: No new file uploaded
2024-05-09 17:14:38 WARNING: No new file uploaded
2024-05-09 17:14:48 WARNING: No new file uploaded
2024-05-09 17:14:58 WARNING: No new file uploaded
2024-05-09 17:15:08 WARNING: No new file uploaded
2024-05-09 17:15:18 WARNING: No new file uploaded
2024-05-09 17:15:28 WARNING: No new file uploaded
2024-05-09 17:15:38 WARNING: No new file uploaded
2024-05-09 17:15:48 WARNING: No new file uploaded
2024-05-09 17:15:58 WARNING: No new file uploaded
2024-05-09 17:16:08 WARNING: No new file uploaded
2024-05-09 17:16:18 WARNING: No new file uploaded
2024-05-09 17:16:28 WARNING: No new file uploaded
2024-05-09 17:16:38 WARNING: No new file uploaded
2024-05-09 17:16:48 WARNING: No new file uploaded
2024-05-09 17:16:58 WARNING: No new file uploaded
2024-05-09 17:17:08 WARNING: No new file uploaded
2024-05-09 17:17:18 WARNING: No new file uploaded
2024-05-09 17:17:28 WARNING: No new file uploaded
2024-05-09 17:17:38 WARNING: No new file uploaded
2024-05-09 17:17:48 WARNING: No new file uploaded
2024-05-09 17:17:58 WARNING: No new file uploaded
2024-05-09 17:18:08 WARNING: No new file uploaded
2024-05-09 17:18:18 WARNING: No new file uploaded
2024-05-09 17:18:28 WARNING: No new file uploaded
2024-05-09 17:18:38 WARNING: No new file uploaded
2024-05-09 17:18:48 WARNING: No new file uploaded
2024-05-09 17:18:58 WARNING: No new file uploaded
2024-05-09 17:19:08 WARNING: No new file uploaded
2024-05-09 17:19:18 WARNING: No new file uploaded
2024-05-09 17:19:28 WARNING: No new file uploaded
2024-05-09 17:19:38 WARNING: No new file uploaded
2024-05-09 17:19:48 WARNING: No new file uploaded
2024-05-09 17:19:59 WARNING: No new file uploaded
2024-05-09 17:20:09 WARNING: No new file uploaded
2024-05-09 17:20:19 WARNING: No new file uploaded
2024-05-09 17:20:29 WARNING: No new file uploaded
2024-05-09 17:20:39 WARNING: No new file uploaded
2024-05-09 17:20:49 WARNING: No new file uploaded
2024-05-09 17:20:59 WARNING: No new file uploaded
2024-05-09 17:21:09 WARNING: No new file uploaded
2024-05-09 17:21:19 WARNING: No new file uploaded
2024-05-09 17:21:29 WARNING: No new file uploaded
2024-05-09 17:21:39 WARNING: No new file uploaded
2024-05-09 17:21:49 WARNING: No new file uploaded
2024-05-09 17:21:59 WARNING: No new file uploaded
2024-05-09 17:22:09 WARNING: No new file uploaded
2024-05-09 17:22:19 WARNING: No new file uploaded
2024-05-09 17:22:29 WARNING: No new file uploaded
2024-05-09 17:22:39 WARNING: No new file uploaded
2024-05-09 17:22:49 WARNING: No new file uploaded
2024-05-09 17:22:59 WARNING: No new file uploaded
2024-05-09 17:23:09 WARNING: No new file uploaded
2024-05-09 17:23:19 WARNING: No new file uploaded
2024-05-09 17:23:29 WARNING: No new file uploaded
2024-05-09 17:23:39 WARNING: No new file uploaded
2024-05-09 17:23:49 WARNING: No new file uploaded
2024-05-09 17:23:59 WARNING: No new file uploaded
2024-05-09 17:24:09 WARNING: No new file uploaded
2024-05-09 17:24:19 WARNING: No new file uploaded
2024-05-09 17:24:29 WARNING: No new file uploaded
2024-05-09 17:24:39 WARNING: No new file uploaded
2024-05-09 17:24:49 WARNING: No new file uploaded
2024-05-09 17:24:59 WARNING: No new file uploaded
2024-05-09 17:25:09 WARNING: No new file uploaded
2024-05-09 17:25:19 WARNING: No new file uploaded
2024-05-09 17:25:29 WARNING: No new file uploaded
2024-05-09 17:25:39 WARNING: No new file uploaded
2024-05-09 17:25:49 WARNING: No new file uploaded
2024-05-09 17:25:59 WARNING: No new file uploaded
2024-05-09 17:26:09 WARNING: No new file uploaded
2024-05-09 17:26:19 WARNING: No new file uploaded
2024-05-09 17:26:29 WARNING: No new file uploaded
2024-05-09 17:26:39 WARNING: No new file uploaded
2024-05-09 17:26:49 WARNING: No new file uploaded
2024-05-09 17:26:59 WARNING: No new file uploaded
2024-05-09 17:27:09 WARNING: No new file uploaded
2024-05-09 17:27:19 WARNING: No new file uploaded
2024-05-09 17:27:29 WARNING: No new file uploaded
2024-05-09 17:27:39 WARNING: No new file uploaded
2024-05-09 17:27:50 WARNING: No new file uploaded
2024-05-09 17:28:00 WARNING: No new file uploaded
2024-05-09 17:28:10 WARNING: No new file uploaded
2024-05-09 17:28:20 WARNING: No new file uploaded
2024-05-09 17:28:30 WARNING: No new file uploaded
2024-05-09 17:28:40 WARNING: No new file uploaded
2024-05-09 17:28:50 WARNING: No new file uploaded
2024-05-09 17:29:00 WARNING: No new file uploaded
2024-05-09 17:29:10 WARNING: No new file uploaded
2024-05-09 17:29:20 WARNING: No new file uploaded
2024-05-09 17:29:30 WARNING: No new file uploaded
2024-05-09 17:29:40 WARNING: No new file uploaded
2024-05-09 17:29:50 WARNING: No new file uploaded
2024-05-09 17:30:00 WARNING: No new file uploaded
2024-05-09 17:30:10 WARNING: No new file uploaded
2024-05-09 17:30:20 WARNING: No new file uploaded
2024-05-09 17:30:30 WARNING: No new file uploaded
2024-05-09 17:30:40 WARNING: No new file uploaded
2024-05-09 17:30:50 WARNING: No new file uploaded
2024-05-09 17:31:00 WARNING: No new file uploaded
2024-05-09 17:31:10 WARNING: No new file uploaded
2024-05-09 17:31:20 WARNING: No new file uploaded
2024-05-09 17:31:30 WARNING: No new file uploaded
2024-05-09 17:31:40 WARNING: No new file uploaded
2024-05-09 17:31:50 WARNING: No new file uploaded
2024-05-09 17:32:00 WARNING: No new file uploaded
2024-05-09 17:32:10 WARNING: No new file uploaded
2024-05-09 17:32:20 WARNING: No new file uploaded
2024-05-09 17:32:30 WARNING: No new file uploaded
2024-05-09 17:32:40 WARNING: No new file uploaded
2024-05-09 17:32:50 WARNING: No new file uploaded
2024-05-09 17:33:00 WARNING: No new file uploaded
2024-05-09 17:33:10 WARNING: No new file uploaded
2024-05-09 17:33:20 WARNING: No new file uploaded
2024-05-09 17:33:30 WARNING: No new file uploaded
2024-05-09 17:33:40 WARNING: No new file uploaded
2024-05-09 17:33:50 WARNING: No new file uploaded
2024-05-09 17:34:00 WARNING: No new file uploaded
2024-05-09 17:34:10 WARNING: No new file uploaded
2024-05-09 17:34:20 WARNING: No new file uploaded
2024-05-09 17:34:30 WARNING: No new file uploaded
2024-05-09 17:34:40 WARNING: No new file uploaded
2024-05-09 17:34:50 WARNING: No new file uploaded
2024-05-09 17:35:00 WARNING: No new file uploaded
2024-05-09 17:35:10 WARNING: No new file uploaded
2024-05-09 17:35:20 WARNING: No new file uploaded
2024-05-09 17:35:30 WARNING: No new file uploaded
2024-05-09 17:35:41 WARNING: No new file uploaded
2024-05-09 17:35:51 WARNING: No new file uploaded
2024-05-09 17:36:01 WARNING: No new file uploaded
2024-05-09 17:36:11 WARNING: No new file uploaded
2024-05-09 17:36:21 WARNING: No new file uploaded
2024-05-09 17:36:31 WARNING: No new file uploaded
2024-05-09 17:36:41 WARNING: No new file uploaded
2024-05-09 17:36:51 WARNING: No new file uploaded
2024-05-09 17:37:01 WARNING: No new file uploaded
2024-05-09 17:37:11 WARNING: No new file uploaded
2024-05-09 17:37:21 WARNING: No new file uploaded
2024-05-09 17:37:31 WARNING: No new file uploaded
2024-05-09 17:37:41 WARNING: No new file uploaded
2024-05-09 17:37:51 WARNING: No new file uploaded
2024-05-09 17:38:01 WARNING: No new file uploaded
2024-05-09 17:38:11 WARNING: No new file uploaded
2024-05-09 17:38:21 WARNING: No new file uploaded
2024-05-09 17:38:31 WARNING: No new file uploaded
2024-05-09 17:38:41 WARNING: No new file uploaded
2024-05-09 17:38:51 WARNING: No new file uploaded
2024-05-09 17:39:01 WARNING: No new file uploaded
2024-05-09 17:39:11 WARNING: No new file uploaded
2024-05-09 17:39:21 WARNING: No new file uploaded
2024-05-09 17:39:31 WARNING: No new file uploaded
2024-05-09 17:39:41 WARNING: No new file uploaded
2024-05-09 17:39:51 WARNING: No new file uploaded
2024-05-09 17:40:01 WARNING: No new file uploaded
2024-05-09 17:40:11 WARNING: No new file uploaded
2024-05-09 17:40:21 WARNING: No new file uploaded
2024-05-09 17:40:31 WARNING: No new file uploaded
2024-05-09 17:40:41 WARNING: No new file uploaded
2024-05-09 17:40:51 WARNING: No new file uploaded
2024-05-09 17:41:01 WARNING: No new file uploaded
2024-05-09 17:41:11 WARNING: No new file uploaded
2024-05-09 17:41:21 WARNING: No new file uploaded
2024-05-09 17:41:31 WARNING: No new file uploaded
2024-05-09 17:41:41 WARNING: No new file uploaded
2024-05-09 17:41:51 WARNING: No new file uploaded
2024-05-09 17:42:01 WARNING: No new file uploaded
2024-05-09 17:42:11 WARNING: No new file uploaded
2024-05-09 17:42:21 WARNING: No new file uploaded
2024-05-09 17:42:31 WARNING: No new file uploaded
2024-05-09 17:42:41 WARNING: No new file uploaded
2024-05-09 17:42:51 WARNING: No new file uploaded
2024-05-09 17:43:01 WARNING: No new file uploaded
2024-05-09 17:43:11 WARNING: No new file uploaded
2024-05-09 17:43:21 WARNING: No new file uploaded
2024-05-09 17:43:32 WARNING: No new file uploaded
2024-05-09 17:43:42 WARNING: No new file uploaded
2024-05-09 17:43:52 WARNING: No new file uploaded
2024-05-09 17:44:02 WARNING: No new file uploaded
2024-05-09 17:44:12 WARNING: No new file uploaded
2024-05-09 17:44:22 WARNING: No new file uploaded
2024-05-09 17:44:32 WARNING: No new file uploaded
2024-05-09 17:44:42 WARNING: No new file uploaded
2024-05-09 17:44:52 WARNING: No new file uploaded
2024-05-09 17:45:02 WARNING: No new file uploaded
2024-05-09 17:45:12 WARNING: No new file uploaded
2024-05-09 17:45:22 WARNING: No new file uploaded
2024-05-09 17:45:32 WARNING: No new file uploaded
2024-05-09 17:45:42 WARNING: No new file uploaded
2024-05-09 17:45:52 WARNING: No new file uploaded
2024-05-09 17:46:02 WARNING: No new file uploaded
2024-05-09 17:46:12 WARNING: No new file uploaded
2024-05-09 17:46:22 WARNING: No new file uploaded
2024-05-09 17:46:32 WARNING: No new file uploaded
2024-05-09 17:46:42 WARNING: No new file uploaded
2024-05-09 17:46:52 WARNING: No new file uploaded
2024-05-09 17:47:02 WARNING: No new file uploaded
2024-05-09 17:47:12 WARNING: No new file uploaded
2024-05-09 17:47:22 WARNING: No new file uploaded
2024-05-09 17:47:32 WARNING: No new file uploaded
2024-05-09 17:47:42 WARNING: No new file uploaded
2024-05-09 17:47:52 WARNING: No new file uploaded
2024-05-09 17:48:02 WARNING: No new file uploaded
2024-05-09 17:48:12 WARNING: No new file uploaded
2024-05-09 17:48:22 WARNING: No new file uploaded
2024-05-09 17:48:32 WARNING: No new file uploaded
2024-05-09 17:48:42 WARNING: No new file uploaded
2024-05-09 17:48:52 WARNING: No new file uploaded
2024-05-09 17:49:02 WARNING: No new file uploaded
2024-05-09 17:49:12 WARNING: No new file uploaded
2024-05-09 17:49:22 WARNING: No new file uploaded
2024-05-09 17:49:32 WARNING: No new file uploaded
2024-05-09 17:49:42 WARNING: No new file uploaded
2024-05-09 17:49:52 WARNING: No new file uploaded
2024-05-09 17:50:02 WARNING: No new file uploaded
2024-05-09 17:50:12 WARNING: No new file uploaded
2024-05-09 17:50:22 WARNING: No new file uploaded
2024-05-09 17:50:32 WARNING: No new file uploaded
2024-05-09 17:50:42 WARNING: No new file uploaded
2024-05-09 17:50:52 WARNING: No new file uploaded
2024-05-09 17:51:02 WARNING: No new file uploaded
2024-05-09 17:51:12 WARNING: No new file uploaded
2024-05-09 17:51:22 WARNING: No new file uploaded
2024-05-09 17:51:33 WARNING: No new file uploaded
2024-05-09 17:51:43 WARNING: No new file uploaded
2024-05-09 17:51:53 WARNING: No new file uploaded
2024-05-09 17:52:03 WARNING: No new file uploaded
2024-05-09 17:52:13 WARNING: No new file uploaded
2024-05-09 17:52:23 WARNING: No new file uploaded
2024-05-09 17:52:33 WARNING: No new file uploaded
2024-05-09 17:52:43 WARNING: No new file uploaded
2024-05-09 17:52:53 WARNING: No new file uploaded
2024-05-09 17:53:03 WARNING: No new file uploaded
2024-05-09 17:53:13 WARNING: No new file uploaded
2024-05-09 17:53:23 WARNING: No new file uploaded
2024-05-09 17:53:33 WARNING: No new file uploaded
2024-05-09 17:53:43 WARNING: No new file uploaded
2024-05-09 17:53:53 WARNING: No new file uploaded
2024-05-09 17:54:03 WARNING: No new file uploaded
2024-05-09 17:54:13 WARNING: No new file uploaded
2024-05-09 17:54:23 WARNING: No new file uploaded
2024-05-09 17:54:33 WARNING: No new file uploaded
2024-05-09 17:54:43 WARNING: No new file uploaded
2024-05-09 17:54:53 WARNING: No new file uploaded
2024-05-09 17:55:03 WARNING: No new file uploaded
2024-05-09 17:55:13 WARNING: No new file uploaded
2024-05-09 17:55:23 WARNING: No new file uploaded
2024-05-09 17:55:33 WARNING: No new file uploaded
2024-05-09 17:55:43 WARNING: No new file uploaded
2024-05-09 17:55:53 WARNING: No new file uploaded
2024-05-09 17:56:03 WARNING: No new file uploaded
2024-05-09 17:56:13 WARNING: No new file uploaded
2024-05-09 17:56:23 WARNING: No new file uploaded
2024-05-09 17:56:33 WARNING: No new file uploaded
2024-05-09 17:56:43 WARNING: No new file uploaded
2024-05-09 17:56:53 WARNING: No new file uploaded
2024-05-09 17:57:03 WARNING: No new file uploaded
2024-05-09 17:57:13 WARNING: No new file uploaded
2024-05-09 17:57:23 WARNING: No new file uploaded
2024-05-09 17:57:33 WARNING: No new file uploaded
2024-05-09 17:57:43 WARNING: No new file uploaded
2024-05-09 17:57:53 WARNING: No new file uploaded
2024-05-09 17:58:03 WARNING: No new file uploaded
2024-05-09 17:58:13 WARNING: No new file uploaded
2024-05-09 17:58:23 WARNING: No new file uploaded
2024-05-09 17:58:33 WARNING: No new file uploaded
2024-05-09 17:58:43 WARNING: No new file uploaded
2024-05-09 17:58:53 WARNING: No new file uploaded
2024-05-09 17:59:03 WARNING: No new file uploaded
2024-05-09 17:59:14 WARNING: No new file uploaded
2024-05-09 17:59:24 WARNING: No new file uploaded
2024-05-09 17:59:34 WARNING: No new file uploaded
2024-05-09 17:59:44 WARNING: No new file uploaded
2024-05-09 17:59:54 WARNING: No new file uploaded
2024-05-09 18:00:04 WARNING: No new file uploaded
2024-05-09 18:00:14 WARNING: No new file uploaded
2024-05-09 18:00:24 WARNING: No new file uploaded
2024-05-09 18:00:34 WARNING: No new file uploaded
2024-05-09 18:00:44 WARNING: No new file uploaded
2024-05-09 18:00:54 WARNING: No new file uploaded
2024-05-09 18:01:04 WARNING: No new file uploaded
2024-05-09 18:01:14 WARNING: No new file uploaded
2024-05-09 18:01:24 WARNING: No new file uploaded
2024-05-09 18:01:34 WARNING: No new file uploaded
2024-05-09 18:01:44 WARNING: No new file uploaded
2024-05-09 18:01:54 WARNING: No new file uploaded
2024-05-09 18:02:04 WARNING: No new file uploaded
2024-05-09 18:02:14 WARNING: No new file uploaded
2024-05-09 18:02:24 WARNING: No new file uploaded
2024-05-09 18:02:34 WARNING: No new file uploaded
2024-05-09 18:02:44 WARNING: No new file uploaded
2024-05-09 18:02:54 WARNING: No new file uploaded
2024-05-09 18:03:04 WARNING: No new file uploaded
2024-05-09 18:03:14 WARNING: No new file uploaded
2024-05-09 18:03:24 WARNING: No new file uploaded
2024-05-09 18:03:34 WARNING: No new file uploaded
2024-05-09 18:03:44 WARNING: No new file uploaded
2024-05-09 18:03:54 WARNING: No new file uploaded
2024-05-09 18:04:04 WARNING: No new file uploaded
2024-05-09 18:04:14 WARNING: No new file uploaded
2024-05-09 18:04:24 WARNING: No new file uploaded
2024-05-09 18:04:34 WARNING: No new file uploaded
2024-05-09 18:04:44 WARNING: No new file uploaded
2024-05-09 18:04:54 WARNING: No new file uploaded
2024-05-09 18:05:04 WARNING: No new file uploaded
2024-05-09 18:05:14 WARNING: No new file uploaded
2024-05-09 18:05:24 WARNING: No new file uploaded
2024-05-09 18:05:34 WARNING: No new file uploaded
2024-05-09 18:05:44 WARNING: No new file uploaded
2024-05-09 18:05:54 WARNING: No new file uploaded
2024-05-09 18:06:04 WARNING: No new file uploaded
2024-05-09 18:06:14 WARNING: No new file uploaded
2024-05-09 18:06:24 WARNING: No new file uploaded
2024-05-09 18:06:34 WARNING: No new file uploaded
2024-05-09 18:06:44 WARNING: No new file uploaded
2024-05-09 18:06:55 WARNING: No new file uploaded
2024-05-09 18:07:05 WARNING: No new file uploaded
2024-05-09 18:07:15 WARNING: No new file uploaded
2024-05-09 18:07:25 WARNING: No new file uploaded
2024-05-09 18:07:35 WARNING: No new file uploaded
2024-05-09 18:07:45 WARNING: No new file uploaded
2024-05-09 18:07:55 WARNING: No new file uploaded
2024-05-09 18:08:05 WARNING: No new file uploaded
2024-05-09 18:08:15 WARNING: No new file uploaded
2024-05-09 18:08:25 WARNING: No new file uploaded
2024-05-09 18:08:35 WARNING: No new file uploaded
2024-05-09 18:08:45 WARNING: No new file uploaded
2024-05-09 18:08:55 WARNING: No new file uploaded
2024-05-09 18:09:05 WARNING: No new file uploaded
2024-05-09 18:09:15 WARNING: No new file uploaded
2024-05-09 18:09:25 WARNING: No new file uploaded
2024-05-09 18:09:35 WARNING: No new file uploaded
2024-05-09 18:09:45 WARNING: No new file uploaded
2024-05-09 18:09:55 WARNING: No new file uploaded
2024-05-09 18:10:05 WARNING: No new file uploaded
2024-05-09 18:10:15 WARNING: No new file uploaded
2024-05-09 18:10:25 WARNING: No new file uploaded
2024-05-09 18:10:35 WARNING: No new file uploaded
2024-05-09 18:10:45 WARNING: No new file uploaded
2024-05-09 18:10:55 WARNING: No new file uploaded
2024-05-09 18:11:05 WARNING: No new file uploaded
2024-05-09 18:11:15 WARNING: No new file uploaded
2024-05-09 18:11:25 WARNING: No new file uploaded
2024-05-09 18:11:35 WARNING: No new file uploaded
2024-05-09 18:11:45 WARNING: No new file uploaded
2024-05-09 18:11:55 WARNING: No new file uploaded
2024-05-09 18:12:05 WARNING: No new file uploaded
2024-05-09 18:12:15 WARNING: No new file uploaded
2024-05-09 18:12:25 WARNING: No new file uploaded
2024-05-09 18:12:35 WARNING: No new file uploaded
2024-05-09 18:12:45 WARNING: No new file uploaded
2024-05-09 18:12:55 WARNING: No new file uploaded
2024-05-09 18:13:05 WARNING: No new file uploaded
2024-05-09 18:13:15 WARNING: No new file uploaded
2024-05-09 18:13:25 WARNING: No new file uploaded
2024-05-09 18:13:35 WARNING: No new file uploaded
2024-05-09 18:13:45 WARNING: No new file uploaded
2024-05-09 18:13:55 WARNING: No new file uploaded
2024-05-09 18:14:05 WARNING: No new file uploaded
2024-05-09 18:14:15 WARNING: No new file uploaded
2024-05-09 18:14:25 WARNING: No new file uploaded
2024-05-09 18:14:35 WARNING: No new file uploaded
2024-05-09 18:14:45 WARNING: No new file uploaded
2024-05-09 18:14:56 WARNING: No new file uploaded
2024-05-09 18:15:06 WARNING: No new file uploaded
2024-05-09 18:15:16 WARNING: No new file uploaded
2024-05-09 18:15:26 WARNING: No new file uploaded
2024-05-09 18:15:36 WARNING: No new file uploaded
2024-05-09 18:15:46 WARNING: No new file uploaded
2024-05-09 18:15:56 WARNING: No new file uploaded
2024-05-09 18:16:06 WARNING: No new file uploaded
2024-05-09 18:16:16 WARNING: No new file uploaded
2024-05-09 18:16:26 WARNING: No new file uploaded
2024-05-09 18:16:36 WARNING: No new file uploaded
2024-05-09 18:16:46 WARNING: No new file uploaded
2024-05-09 18:16:56 WARNING: No new file uploaded
2024-05-09 18:17:06 WARNING: No new file uploaded
2024-05-09 18:17:16 WARNING: No new file uploaded
2024-05-09 18:17:26 WARNING: No new file uploaded
2024-05-09 18:17:36 WARNING: No new file uploaded
2024-05-09 18:17:46 WARNING: No new file uploaded
2024-05-09 18:17:56 WARNING: No new file uploaded
2024-05-09 18:18:06 WARNING: No new file uploaded
2024-05-09 18:18:16 WARNING: No new file uploaded
2024-05-09 18:18:26 WARNING: No new file uploaded
2024-05-09 18:18:36 WARNING: No new file uploaded
2024-05-09 18:18:46 WARNING: No new file uploaded
2024-05-09 18:18:56 WARNING: No new file uploaded
2024-05-09 18:19:06 WARNING: No new file uploaded
2024-05-09 18:19:16 WARNING: No new file uploaded
2024-05-09 18:19:26 WARNING: No new file uploaded
2024-05-09 18:19:36 WARNING: No new file uploaded
2024-05-09 18:19:46 WARNING: No new file uploaded
2024-05-09 18:19:56 WARNING: No new file uploaded
2024-05-09 18:20:06 WARNING: No new file uploaded
2024-05-09 18:20:16 WARNING: No new file uploaded
2024-05-09 18:20:26 WARNING: No new file uploaded
2024-05-09 18:20:36 WARNING: No new file uploaded
2024-05-09 18:20:46 WARNING: No new file uploaded
2024-05-09 18:20:56 WARNING: No new file uploaded
2024-05-09 18:21:06 WARNING: No new file uploaded
2024-05-09 18:21:16 WARNING: No new file uploaded
2024-05-09 18:21:26 WARNING: No new file uploaded
2024-05-09 18:21:36 WARNING: No new file uploaded
2024-05-09 18:21:46 WARNING: No new file uploaded
2024-05-09 18:21:56 WARNING: No new file uploaded
2024-05-09 18:22:06 WARNING: No new file uploaded
2024-05-09 18:22:16 WARNING: No new file uploaded
2024-05-09 18:22:26 WARNING: No new file uploaded
2024-05-09 18:22:36 Udatentig matadata for filer file: run15743.mid.gz
2024-05-09 18:22:38 Transferring file: run15743.mid.gz
2024-05-09 18:22:38 Uploading file: run15743.mid.gz
2024-05-09 18:22:38 Upload done: run15743.mid.gz
2024-05-09 18:43:10 Udatentig matadata for filer file: run15744.mid.gz
2024-05-09 18:43:24 Transferring file: run15744.mid.gz
2024-05-09 18:43:24 Uploading file: run15744.mid.gz
2024-05-09 18:43:24 Upload done: run15744.mid.gz
2024-05-09 19:00:40 Udatentig matadata for filer file: run15745.mid.gz
2024-05-09 19:00:53 Transferring file: run15745.mid.gz
2024-05-09 19:00:53 Uploading file: run15745.mid.gz
2024-05-09 19:00:53 Upload done: run15745.mid.gz
2024-05-09 19:16:09 Udatentig matadata for filer file: run15746.mid.gz
2024-05-09 19:16:18 Transferring file: run15746.mid.gz
2024-05-09 19:16:18 Uploading file: run15746.mid.gz
2024-05-09 19:16:18 Upload done: run15746.mid.gz
2024-05-09 19:34:17 Udatentig matadata for filer file: run15747.mid.gz
2024-05-09 19:34:30 Transferring file: run15747.mid.gz
2024-05-09 19:34:30 Uploading file: run15747.mid.gz
2024-05-09 19:34:30 Upload done: run15747.mid.gz
2024-05-09 19:49:17 Udatentig matadata for filer file: run15748.mid.gz
2024-05-09 19:49:28 Transferring file: run15748.mid.gz
2024-05-09 19:49:28 Uploading file: run15748.mid.gz
2024-05-09 19:49:28 Upload done: run15748.mid.gz
2024-05-09 20:02:55 Udatentig matadata for filer file: run15749.mid.gz
2024-05-09 20:03:03 Transferring file: run15749.mid.gz
2024-05-09 20:03:03 Uploading file: run15749.mid.gz
2024-05-09 20:03:03 Upload done: run15749.mid.gz
2024-05-09 20:15:52 Udatentig matadata for filer file: run15750.mid.gz
2024-05-09 20:15:59 Transferring file: run15750.mid.gz
2024-05-09 20:15:59 Uploading file: run15750.mid.gz
2024-05-09 20:15:59 Upload done: run15750.mid.gz
2024-05-09 20:30:18 Udatentig matadata for filer file: run15751.mid.gz
2024-05-09 20:30:20 Transferring file: run15751.mid.gz
2024-05-09 20:30:20 Uploading file: run15751.mid.gz
2024-05-09 20:30:20 Upload done: run15751.mid.gz
2024-05-09 20:44:30 Udatentig matadata for filer file: run15752.mid.gz
2024-05-09 20:44:44 Transferring file: run15752.mid.gz
2024-05-09 20:44:44 Uploading file: run15752.mid.gz
2024-05-09 20:44:44 Upload done: run15752.mid.gz
2024-05-09 20:58:24 Udatentig matadata for filer file: run15753.mid.gz
2024-05-09 20:58:26 Transferring file: run15753.mid.gz
2024-05-09 20:58:26 Uploading file: run15753.mid.gz
2024-05-09 20:58:26 Upload done: run15753.mid.gz
2024-05-09 21:11:28 Udatentig matadata for filer file: run15754.mid.gz
2024-05-09 21:11:42 Transferring file: run15754.mid.gz
2024-05-09 21:11:42 Uploading file: run15754.mid.gz
2024-05-09 21:11:42 Upload done: run15754.mid.gz
2024-05-09 21:24:52 Udatentig matadata for filer file: run15755.mid.gz
2024-05-09 21:24:54 Transferring file: run15755.mid.gz
2024-05-09 21:24:54 Uploading file: run15755.mid.gz
2024-05-09 21:24:54 Upload done: run15755.mid.gz
2024-05-09 21:36:55 Udatentig matadata for filer file: run15756.mid.gz
2024-05-09 21:37:07 Transferring file: run15756.mid.gz
2024-05-09 21:37:07 Uploading file: run15756.mid.gz
2024-05-09 21:37:07 Upload done: run15756.mid.gz
2024-05-09 21:49:28 Udatentig matadata for filer file: run15757.mid.gz
2024-05-09 21:49:30 Transferring file: run15757.mid.gz
2024-05-09 21:49:30 Uploading file: run15757.mid.gz
2024-05-09 21:49:30 Upload done: run15757.mid.gz
2024-05-09 22:01:02 Udatentig matadata for filer file: run15758.mid.gz
2024-05-09 22:01:11 Transferring file: run15758.mid.gz
2024-05-09 22:01:11 Uploading file: run15758.mid.gz
2024-05-09 22:01:11 Upload done: run15758.mid.gz
2024-05-09 22:13:33 Udatentig matadata for filer file: run15759.mid.gz
2024-05-09 22:13:44 Transferring file: run15759.mid.gz
2024-05-09 22:13:44 Uploading file: run15759.mid.gz
2024-05-09 22:13:44 Upload done: run15759.mid.gz
2024-05-09 22:25:58 Udatentig matadata for filer file: run15760.mid.gz
2024-05-09 22:25:59 Transferring file: run15760.mid.gz
2024-05-09 22:25:59 Uploading file: run15760.mid.gz
2024-05-09 22:25:59 Upload done: run15760.mid.gz
2024-05-09 22:39:14 Udatentig matadata for filer file: run15761.mid.gz
2024-05-09 22:39:24 Transferring file: run15761.mid.gz
2024-05-09 22:39:24 Uploading file: run15761.mid.gz
2024-05-09 22:39:24 Upload done: run15761.mid.gz
2024-05-09 22:51:39 Udatentig matadata for filer file: run15762.mid.gz
2024-05-09 22:51:48 Transferring file: run15762.mid.gz
2024-05-09 22:51:48 Uploading file: run15762.mid.gz
2024-05-09 22:51:48 Upload done: run15762.mid.gz
2024-05-09 23:02:41 Udatentig matadata for filer file: run15763.mid.gz
2024-05-09 23:02:43 Transferring file: run15763.mid.gz
2024-05-09 23:02:43 Uploading file: run15763.mid.gz
2024-05-09 23:02:43 Upload done: run15763.mid.gz
2024-05-09 23:14:37 Udatentig matadata for filer file: run15764.mid.gz
2024-05-09 23:14:50 Transferring file: run15764.mid.gz
2024-05-09 23:14:50 Uploading file: run15764.mid.gz
2024-05-09 23:14:50 Upload done: run15764.mid.gz
2024-05-09 23:26:15 Udatentig matadata for filer file: run15765.mid.gz
2024-05-09 23:26:17 Transferring file: run15765.mid.gz
2024-05-09 23:26:17 Uploading file: run15765.mid.gz
2024-05-09 23:26:17 Upload done: run15765.mid.gz
2024-05-10 11:25:49 Udatentig matadata for filer file: run15766.mid.gz
2024-05-10 11:25:50 Transferring file: run15766.mid.gz
2024-05-10 11:25:50 Uploading file: run15766.mid.gz
2024-05-10 11:25:50 Upload done: run15766.mid.gz
2024-05-10 11:32:21 Udatentig matadata for filer file: run15768.mid.gz
2024-05-10 11:32:27 Transferring file: run15768.mid.gz
2024-05-10 11:32:27 Uploading file: run15768.mid.gz
2024-05-10 11:32:27 Upload done: run15768.mid.gz
2024-05-10 11:58:09 Udatentig matadata for filer file: run15769.mid.gz
2024-05-10 11:58:11 Transferring file: run15769.mid.gz
2024-05-10 11:58:11 Uploading file: run15769.mid.gz
2024-05-10 11:58:11 Upload done: run15769.mid.gz
2024-05-10 12:15:48 Udatentig matadata for filer file: run15770.mid.gz
2024-05-10 12:15:57 Transferring file: run15770.mid.gz
2024-05-10 12:15:57 Uploading file: run15770.mid.gz
2024-05-10 12:15:57 Upload done: run15770.mid.gz
2024-05-10 12:33:15 Udatentig matadata for filer file: run15771.mid.gz
2024-05-10 12:33:17 Transferring file: run15771.mid.gz
2024-05-10 12:33:17 Uploading file: run15771.mid.gz
2024-05-10 12:33:17 Upload done: run15771.mid.gz
2024-05-10 12:52:27 Udatentig matadata for filer file: run15772.mid.gz
2024-05-10 12:52:38 Transferring file: run15772.mid.gz
2024-05-10 12:52:38 Uploading file: run15772.mid.gz
2024-05-10 12:52:38 Upload done: run15772.mid.gz
2024-05-10 13:10:59 Udatentig matadata for filer file: run15773.mid.gz
2024-05-10 13:11:05 Transferring file: run15773.mid.gz
2024-05-10 13:11:05 Uploading file: run15773.mid.gz
2024-05-10 13:11:05 Upload done: run15773.mid.gz
2024-05-10 13:26:01 Udatentig matadata for filer file: run15774.mid.gz
2024-05-10 13:26:07 Transferring file: run15774.mid.gz
2024-05-10 13:26:07 Uploading file: run15774.mid.gz
2024-05-10 13:26:07 Upload done: run15774.mid.gz
2024-05-10 13:39:41 Udatentig matadata for filer file: run15775.mid.gz
2024-05-10 13:39:50 Transferring file: run15775.mid.gz
2024-05-10 13:39:50 Uploading file: run15775.mid.gz
2024-05-10 13:39:50 Upload done: run15775.mid.gz
2024-05-10 13:53:34 Udatentig matadata for filer file: run15776.mid.gz
2024-05-10 13:53:44 Transferring file: run15776.mid.gz
2024-05-10 13:53:44 Uploading file: run15776.mid.gz
2024-05-10 13:53:44 Upload done: run15776.mid.gz
2024-05-10 14:08:31 Udatentig matadata for filer file: run15777.mid.gz
2024-05-10 14:08:35 Transferring file: run15777.mid.gz
2024-05-10 14:08:35 Uploading file: run15777.mid.gz
2024-05-10 14:08:35 Upload done: run15777.mid.gz
2024-05-10 14:24:06 Udatentig matadata for filer file: run15778.mid.gz
2024-05-10 14:24:13 Transferring file: run15778.mid.gz
2024-05-10 14:24:13 Uploading file: run15778.mid.gz
2024-05-10 14:24:13 Upload done: run15778.mid.gz
2024-05-10 14:37:38 Udatentig matadata for filer file: run15779.mid.gz
2024-05-10 14:37:46 Transferring file: run15779.mid.gz
2024-05-10 14:37:46 Uploading file: run15779.mid.gz
2024-05-10 14:37:46 Upload done: run15779.mid.gz
[midas2cloud,ERROR] [odb.cxx:1225:db_validate_key,ERROR] hkey 245000, path "/Sequencer/State/Last msg", string value is not valid UTF-8
[midas2cloud,TALK] software alarm: Program cygnus_daq is not running
[midas2cloud,TALK] software alarm: Program cygnus_daq is not running
[midas2cloud,TALK] software alarm: Program cygnus_daq is not running
[midas2cloud,TALK] software alarm: Program cygnus_daq is not running
[midas2cloud,TALK] software alarm: Program cygnus_daq is not running
[midas2cloud,TALK] software alarm: Program cygnus_daq is not running
[midas2cloud,TALK] software alarm: Program cygnus_daq is not running
[midas2cloud,TALK] software alarm: Program cygnus_daq is not running
[midas2cloud,TALK] software alarm: Program cygnus_daq is not running
[midas2cloud,TALK] software alarm: Program cygnus_daq is not running
[midas2cloud,TALK] software alarm: Program cygnus_daq is not running
[midas2cloud,TALK] software alarm: Program cygnus_daq is not running
[midas2cloud,TALK] software alarm: Program cygnus_daq is not running
[midas2cloud,TALK] software alarm: Program cygnus_daq is not running
[midas2cloud,TALK] software alarm: Program cygnus_daq is not running
[midas2cloud,TALK] software alarm: Program cygnus_daq is not running
[midas2cloud,TALK] software alarm: Program cygnus_daq is not running
[midas2cloud,TALK] software alarm: Program cygnus_daq is not running
[midas2cloud,TALK] software alarm: Program cygnus_daq is not running
[midas2cloud,TALK] software alarm: Program cygnus_daq is not running
[midas2cloud,TALK] software alarm: Program cygnus_daq is not running
[midas2cloud,TALK] software alarm: Program cygnus_daq is not running
[midas2cloud,TALK] software alarm: Program cygnus_daq is not running
[midas2cloud,TALK] software alarm: Program cygnus_daq is not running
[midas2cloud,TALK] software alarm: Program cygnus_daq is not running
[midas2cloud,TALK] software alarm: Program cygnus_daq is not running
[midas2cloud,TALK] software alarm: Program cygnus_daq is not running
[midas2cloud,TALK] software alarm: Program cygnus_daq is not running
[midas2cloud,TALK] software alarm: Program cygnus_daq is not running
[midas2cloud,TALK] software alarm: Program cygnus_daq is not running
Traceback (most recent call last):
  File "/home/cygno01/daq/middleware/dev/midas2cloud_v0.1.py", line 266, in <module>
    main()
  File "/home/cygno01/daq/middleware/dev/midas2cloud_v0.1.py", line 148, in main
    file_in_dir=sorted(os.listdir(INAPATH))
FileNotFoundError: [Errno 2] No such file or directory: '/media/cygno01/PortableSSD/Data/'
cm_msg_log: Message "[midas2cloud,LOG] Program midas2cloud on host localhost stopped" not written to midas.log because open(/media/cygno01/PortableSSD/Data/midas.log) failed with errno 2 (No such file or directory)
2024-05-13 10:00:58 midas2cloud started
2024-05-13 10:01:00 WARNING: No new file uploaded
2024-05-13 10:01:11 WARNING: No new file uploaded
2024-05-13 10:01:21 WARNING: No new file uploaded
2024-05-13 10:01:31 WARNING: No new file uploaded
2024-05-13 10:01:41 WARNING: No new file uploaded
2024-05-13 10:01:51 WARNING: No new file uploaded
2024-05-13 10:02:02 WARNING: No new file uploaded
2024-05-13 10:02:12 WARNING: No new file uploaded
2024-05-13 10:02:22 WARNING: No new file uploaded
2024-05-13 10:02:32 WARNING: No new file uploaded
2024-05-13 10:02:43 WARNING: No new file uploaded
2024-05-13 10:02:53 WARNING: No new file uploaded
2024-05-13 10:03:03 WARNING: No new file uploaded
2024-05-13 10:03:13 WARNING: No new file uploaded
2024-05-13 10:03:24 WARNING: No new file uploaded
2024-05-13 10:03:34 WARNING: No new file uploaded
2024-05-13 10:03:44 WARNING: No new file uploaded
2024-05-13 10:03:54 WARNING: No new file uploaded
2024-05-13 10:04:05 WARNING: No new file uploaded
2024-05-13 10:04:15 WARNING: No new file uploaded
2024-05-13 10:04:25 WARNING: No new file uploaded
2024-05-13 10:04:35 WARNING: No new file uploaded
2024-05-13 10:04:46 WARNING: No new file uploaded
2024-05-13 10:04:56 WARNING: No new file uploaded
2024-05-13 10:05:06 WARNING: No new file uploaded
2024-05-13 10:05:16 WARNING: No new file uploaded
2024-05-13 10:05:26 WARNING: No new file uploaded
2024-05-13 10:05:37 WARNING: No new file uploaded
2024-05-13 10:05:47 WARNING: No new file uploaded
2024-05-13 10:05:57 WARNING: No new file uploaded
2024-05-13 10:06:07 WARNING: No new file uploaded
2024-05-13 10:06:18 WARNING: No new file uploaded
2024-05-13 10:06:28 WARNING: No new file uploaded
2024-05-13 10:06:38 WARNING: No new file uploaded
2024-05-13 10:06:48 WARNING: No new file uploaded
2024-05-13 10:06:59 WARNING: No new file uploaded
2024-05-13 10:07:09 WARNING: No new file uploaded
2024-05-13 10:07:19 WARNING: No new file uploaded
2024-05-13 10:07:29 WARNING: No new file uploaded
2024-05-13 10:07:40 WARNING: No new file uploaded
2024-05-13 10:07:50 WARNING: No new file uploaded
2024-05-13 10:08:00 WARNING: No new file uploaded
2024-05-13 10:08:10 WARNING: No new file uploaded
2024-05-13 10:08:21 WARNING: No new file uploaded
2024-05-13 10:08:31 WARNING: No new file uploaded
2024-05-13 10:08:41 WARNING: No new file uploaded
2024-05-13 10:08:51 WARNING: No new file uploaded
2024-05-13 10:09:02 WARNING: No new file uploaded
2024-05-13 10:09:12 WARNING: No new file uploaded
2024-05-13 10:09:22 WARNING: No new file uploaded
2024-05-13 10:09:32 WARNING: No new file uploaded
2024-05-13 10:09:42 WARNING: No new file uploaded
2024-05-13 10:09:53 WARNING: No new file uploaded
2024-05-13 10:10:03 WARNING: No new file uploaded
2024-05-13 10:10:13 WARNING: No new file uploaded
2024-05-13 10:10:23 WARNING: No new file uploaded
2024-05-13 10:10:34 WARNING: No new file uploaded
2024-05-13 10:10:44 WARNING: No new file uploaded
2024-05-13 10:10:54 WARNING: No new file uploaded
2024-05-13 10:11:04 WARNING: No new file uploaded
2024-05-13 10:11:15 WARNING: No new file uploaded
2024-05-13 10:11:25 WARNING: No new file uploaded
2024-05-13 10:11:35 WARNING: No new file uploaded
2024-05-13 10:11:45 WARNING: No new file uploaded
2024-05-13 10:11:56 WARNING: No new file uploaded
2024-05-13 10:12:06 WARNING: No new file uploaded
2024-05-13 10:12:16 WARNING: No new file uploaded
2024-05-13 10:12:26 WARNING: No new file uploaded
2024-05-13 10:12:37 WARNING: No new file uploaded
2024-05-13 10:12:47 WARNING: No new file uploaded
2024-05-13 10:12:57 WARNING: No new file uploaded
2024-05-13 10:13:07 WARNING: No new file uploaded
2024-05-13 10:13:18 WARNING: No new file uploaded
2024-05-13 10:13:28 WARNING: No new file uploaded
2024-05-13 10:13:38 WARNING: No new file uploaded
2024-05-13 10:13:48 WARNING: No new file uploaded
2024-05-13 10:13:58 WARNING: No new file uploaded
2024-05-13 10:14:09 WARNING: No new file uploaded
2024-05-13 10:14:19 WARNING: No new file uploaded
2024-05-13 10:14:29 WARNING: No new file uploaded
2024-05-13 10:14:39 WARNING: No new file uploaded
2024-05-13 10:14:50 WARNING: No new file uploaded
2024-05-13 10:15:00 WARNING: No new file uploaded
2024-05-13 10:15:10 WARNING: No new file uploaded
2024-05-13 10:15:20 WARNING: No new file uploaded
2024-05-13 10:15:31 WARNING: No new file uploaded
2024-05-13 10:15:41 WARNING: No new file uploaded
2024-05-13 10:15:51 WARNING: No new file uploaded
2024-05-13 10:16:01 WARNING: No new file uploaded
2024-05-13 10:16:12 WARNING: No new file uploaded
2024-05-13 10:16:22 WARNING: No new file uploaded
2024-05-13 10:16:32 WARNING: No new file uploaded
2024-05-13 10:16:42 WARNING: No new file uploaded
2024-05-13 10:16:53 WARNING: No new file uploaded
2024-05-13 10:17:03 WARNING: No new file uploaded
2024-05-13 10:17:13 WARNING: No new file uploaded
2024-05-13 10:17:23 WARNING: No new file uploaded
2024-05-13 10:17:34 WARNING: No new file uploaded
2024-05-13 10:17:44 WARNING: No new file uploaded
2024-05-13 10:17:54 WARNING: No new file uploaded
2024-05-13 10:18:04 WARNING: No new file uploaded
2024-05-13 10:18:14 WARNING: No new file uploaded
2024-05-13 10:18:25 WARNING: No new file uploaded
2024-05-13 10:18:35 WARNING: No new file uploaded
2024-05-13 10:18:45 WARNING: No new file uploaded
2024-05-13 10:18:55 WARNING: No new file uploaded
2024-05-13 10:19:06 WARNING: No new file uploaded
2024-05-13 10:19:16 WARNING: No new file uploaded
2024-05-13 10:19:26 WARNING: No new file uploaded
2024-05-13 10:19:36 WARNING: No new file uploaded
2024-05-13 10:19:47 WARNING: No new file uploaded
2024-05-13 10:19:57 WARNING: No new file uploaded
2024-05-13 10:20:07 WARNING: No new file uploaded
2024-05-13 10:20:17 WARNING: No new file uploaded
2024-05-13 10:20:28 WARNING: No new file uploaded
2024-05-13 10:20:38 WARNING: No new file uploaded
2024-05-13 10:20:48 WARNING: No new file uploaded
2024-05-13 10:20:58 WARNING: No new file uploaded
2024-05-13 10:21:09 WARNING: No new file uploaded
2024-05-13 10:21:19 WARNING: No new file uploaded
2024-05-13 10:21:29 WARNING: No new file uploaded
2024-05-13 10:21:39 WARNING: No new file uploaded
2024-05-13 10:21:49 WARNING: No new file uploaded
2024-05-13 10:22:00 WARNING: No new file uploaded
2024-05-13 10:22:10 WARNING: No new file uploaded
2024-05-13 10:22:20 WARNING: No new file uploaded
2024-05-13 10:22:30 WARNING: No new file uploaded
2024-05-13 10:22:41 WARNING: No new file uploaded
2024-05-13 10:22:51 WARNING: No new file uploaded
2024-05-13 10:23:01 WARNING: No new file uploaded
2024-05-13 10:23:11 WARNING: No new file uploaded
2024-05-13 10:23:22 WARNING: No new file uploaded
2024-05-13 10:23:32 WARNING: No new file uploaded
2024-05-13 10:23:42 WARNING: No new file uploaded
2024-05-13 10:23:52 WARNING: No new file uploaded
2024-05-13 10:24:03 WARNING: No new file uploaded
2024-05-13 10:24:13 WARNING: No new file uploaded
2024-05-13 10:24:23 WARNING: No new file uploaded
2024-05-13 10:24:33 WARNING: No new file uploaded
2024-05-13 10:24:44 WARNING: No new file uploaded
2024-05-13 10:24:54 WARNING: No new file uploaded
2024-05-13 10:25:04 WARNING: No new file uploaded
2024-05-13 10:25:14 WARNING: No new file uploaded
2024-05-13 10:25:24 WARNING: No new file uploaded
2024-05-13 10:25:35 WARNING: No new file uploaded
2024-05-13 10:25:45 WARNING: No new file uploaded
2024-05-13 10:25:55 WARNING: No new file uploaded
2024-05-13 10:26:05 WARNING: No new file uploaded
2024-05-13 10:26:16 WARNING: No new file uploaded
2024-05-13 10:26:26 WARNING: No new file uploaded
2024-05-13 10:26:36 WARNING: No new file uploaded
2024-05-13 10:26:46 WARNING: No new file uploaded
2024-05-13 10:26:57 WARNING: No new file uploaded
2024-05-13 10:27:07 WARNING: No new file uploaded
2024-05-13 10:27:17 WARNING: No new file uploaded
2024-05-13 10:27:27 WARNING: No new file uploaded
2024-05-13 10:27:38 WARNING: No new file uploaded
2024-05-13 10:27:48 WARNING: No new file uploaded
2024-05-13 10:27:58 WARNING: No new file uploaded
2024-05-13 10:28:08 WARNING: No new file uploaded
2024-05-13 10:28:18 WARNING: No new file uploaded
2024-05-13 10:28:29 WARNING: No new file uploaded
2024-05-13 10:28:39 WARNING: No new file uploaded
2024-05-13 10:28:49 WARNING: No new file uploaded
2024-05-13 10:28:59 WARNING: No new file uploaded
2024-05-13 10:29:10 WARNING: No new file uploaded
2024-05-13 10:29:20 WARNING: No new file uploaded
2024-05-13 10:29:30 WARNING: No new file uploaded
2024-05-13 10:29:40 WARNING: No new file uploaded
2024-05-13 10:29:51 WARNING: No new file uploaded
2024-05-13 10:30:01 WARNING: No new file uploaded
2024-05-13 10:30:11 WARNING: No new file uploaded
2024-05-13 10:30:21 WARNING: No new file uploaded
2024-05-13 10:30:32 WARNING: No new file uploaded
2024-05-13 10:30:42 WARNING: No new file uploaded
2024-05-13 10:30:52 WARNING: No new file uploaded
2024-05-13 10:31:02 WARNING: No new file uploaded
2024-05-13 10:31:13 WARNING: No new file uploaded
2024-05-13 10:31:23 WARNING: No new file uploaded
2024-05-13 10:31:33 WARNING: No new file uploaded
2024-05-13 10:31:43 WARNING: No new file uploaded
2024-05-13 10:31:53 WARNING: No new file uploaded
2024-05-13 10:32:04 WARNING: No new file uploaded
2024-05-13 10:32:14 WARNING: No new file uploaded
2024-05-13 10:32:24 WARNING: No new file uploaded
2024-05-13 10:32:34 WARNING: No new file uploaded
2024-05-13 10:32:45 WARNING: No new file uploaded
2024-05-13 10:32:55 WARNING: No new file uploaded
2024-05-13 10:33:05 WARNING: No new file uploaded
2024-05-13 10:33:15 WARNING: No new file uploaded
2024-05-13 10:33:26 WARNING: No new file uploaded
2024-05-13 10:33:36 WARNING: No new file uploaded
2024-05-13 10:33:46 WARNING: No new file uploaded
2024-05-13 10:33:56 WARNING: No new file uploaded
2024-05-13 10:34:07 WARNING: No new file uploaded
2024-05-13 10:34:17 WARNING: No new file uploaded
2024-05-13 10:34:27 WARNING: No new file uploaded
2024-05-13 10:34:37 WARNING: No new file uploaded
2024-05-13 10:34:48 WARNING: No new file uploaded
2024-05-13 10:34:58 WARNING: No new file uploaded
2024-05-13 10:35:08 WARNING: No new file uploaded
2024-05-13 10:35:18 WARNING: No new file uploaded
2024-05-13 10:35:28 WARNING: No new file uploaded
2024-05-13 10:35:39 WARNING: No new file uploaded
2024-05-13 10:35:49 WARNING: No new file uploaded
2024-05-13 10:35:59 WARNING: No new file uploaded
2024-05-13 10:36:09 WARNING: No new file uploaded
2024-05-13 10:36:20 WARNING: No new file uploaded
2024-05-13 10:36:30 WARNING: No new file uploaded
2024-05-13 10:36:40 WARNING: No new file uploaded
2024-05-13 10:36:50 WARNING: No new file uploaded
2024-05-13 10:37:01 WARNING: No new file uploaded
2024-05-13 10:37:11 WARNING: No new file uploaded
2024-05-13 10:37:21 WARNING: No new file uploaded
2024-05-13 10:37:31 WARNING: No new file uploaded
2024-05-13 10:37:42 WARNING: No new file uploaded
2024-05-13 10:37:52 WARNING: No new file uploaded
2024-05-13 10:38:02 WARNING: No new file uploaded
2024-05-13 10:38:12 WARNING: No new file uploaded
2024-05-13 10:38:23 WARNING: No new file uploaded
2024-05-13 10:38:33 WARNING: No new file uploaded
2024-05-13 10:38:43 WARNING: No new file uploaded
2024-05-13 10:38:53 WARNING: No new file uploaded
2024-05-13 10:39:04 WARNING: No new file uploaded
2024-05-13 10:39:14 WARNING: No new file uploaded
2024-05-13 10:39:24 WARNING: No new file uploaded
2024-05-13 10:39:34 WARNING: No new file uploaded
2024-05-13 10:39:45 WARNING: No new file uploaded
2024-05-13 10:39:55 WARNING: No new file uploaded
2024-05-13 10:40:05 WARNING: No new file uploaded
2024-05-13 10:40:15 WARNING: No new file uploaded
2024-05-13 10:40:25 WARNING: No new file uploaded
2024-05-13 10:40:36 WARNING: No new file uploaded
2024-05-13 10:40:46 WARNING: No new file uploaded
2024-05-13 10:40:56 WARNING: No new file uploaded
2024-05-13 10:41:06 WARNING: No new file uploaded
2024-05-13 10:41:17 WARNING: No new file uploaded
2024-05-13 10:41:27 WARNING: No new file uploaded
2024-05-13 10:41:37 WARNING: No new file uploaded
2024-05-13 10:41:47 WARNING: No new file uploaded
2024-05-13 10:41:58 WARNING: No new file uploaded
2024-05-13 10:42:08 WARNING: No new file uploaded
2024-05-13 10:42:18 WARNING: No new file uploaded
2024-05-13 10:42:28 WARNING: No new file uploaded
2024-05-13 10:42:39 WARNING: No new file uploaded
2024-05-13 10:42:49 WARNING: No new file uploaded
2024-05-13 10:42:59 WARNING: No new file uploaded
2024-05-13 10:43:09 WARNING: No new file uploaded
2024-05-13 10:43:20 WARNING: No new file uploaded
2024-05-13 10:43:30 WARNING: No new file uploaded
2024-05-13 10:43:40 WARNING: No new file uploaded
2024-05-13 10:43:50 WARNING: No new file uploaded
2024-05-13 10:44:01 WARNING: No new file uploaded
2024-05-13 10:44:11 WARNING: No new file uploaded
2024-05-13 10:44:21 WARNING: No new file uploaded
2024-05-13 10:44:31 WARNING: No new file uploaded
2024-05-13 10:44:41 WARNING: No new file uploaded
2024-05-13 10:44:52 WARNING: No new file uploaded
2024-05-13 10:45:02 WARNING: No new file uploaded
2024-05-13 10:45:12 WARNING: No new file uploaded
2024-05-13 10:45:22 WARNING: No new file uploaded
2024-05-13 10:45:33 WARNING: No new file uploaded
2024-05-13 10:45:43 WARNING: No new file uploaded
2024-05-13 10:45:53 WARNING: No new file uploaded
2024-05-13 10:46:03 WARNING: No new file uploaded
2024-05-13 10:46:14 WARNING: No new file uploaded
2024-05-13 10:46:24 WARNING: No new file uploaded
2024-05-13 10:46:34 WARNING: No new file uploaded
2024-05-13 10:46:44 WARNING: No new file uploaded
2024-05-13 10:46:55 WARNING: No new file uploaded
2024-05-13 10:47:05 WARNING: No new file uploaded
2024-05-13 10:47:15 WARNING: No new file uploaded
2024-05-13 10:47:25 WARNING: No new file uploaded
2024-05-13 10:47:36 WARNING: No new file uploaded
2024-05-13 10:47:46 WARNING: No new file uploaded
2024-05-13 10:47:56 WARNING: No new file uploaded
2024-05-13 10:48:06 WARNING: No new file uploaded
2024-05-13 10:48:16 WARNING: No new file uploaded
2024-05-13 10:48:27 WARNING: No new file uploaded
2024-05-13 10:48:37 WARNING: No new file uploaded
2024-05-13 10:48:47 WARNING: No new file uploaded
2024-05-13 10:48:57 WARNING: No new file uploaded
2024-05-13 10:49:08 WARNING: No new file uploaded
2024-05-13 10:49:18 WARNING: No new file uploaded
2024-05-13 10:49:28 WARNING: No new file uploaded
2024-05-13 10:49:38 WARNING: No new file uploaded
2024-05-13 10:49:49 WARNING: No new file uploaded
2024-05-13 10:49:59 WARNING: No new file uploaded
2024-05-13 10:50:09 WARNING: No new file uploaded
2024-05-13 10:50:19 WARNING: No new file uploaded
2024-05-13 10:50:30 WARNING: No new file uploaded
2024-05-13 10:50:40 WARNING: No new file uploaded
2024-05-13 10:50:50 WARNING: No new file uploaded
2024-05-13 10:51:00 WARNING: No new file uploaded
2024-05-13 10:51:10 WARNING: No new file uploaded
2024-05-13 10:51:21 WARNING: No new file uploaded
2024-05-13 10:51:31 WARNING: No new file uploaded
2024-05-13 10:51:41 WARNING: No new file uploaded
2024-05-13 10:51:51 WARNING: No new file uploaded
2024-05-13 10:52:02 WARNING: No new file uploaded
2024-05-13 10:52:12 WARNING: No new file uploaded
2024-05-13 10:52:22 WARNING: No new file uploaded
2024-05-13 10:52:32 WARNING: No new file uploaded
2024-05-13 10:52:43 WARNING: No new file uploaded
2024-05-13 10:52:53 WARNING: No new file uploaded
2024-05-13 10:53:03 WARNING: No new file uploaded
2024-05-13 10:53:13 WARNING: No new file uploaded
2024-05-13 10:53:24 WARNING: No new file uploaded
2024-05-13 10:53:34 WARNING: No new file uploaded
2024-05-13 10:53:44 WARNING: No new file uploaded
2024-05-13 10:53:54 WARNING: No new file uploaded
2024-05-13 10:54:05 WARNING: No new file uploaded
2024-05-13 10:54:15 WARNING: No new file uploaded
2024-05-13 10:54:25 WARNING: No new file uploaded
2024-05-13 10:54:35 WARNING: No new file uploaded
2024-05-13 10:54:45 WARNING: No new file uploaded
2024-05-13 10:54:56 WARNING: No new file uploaded
2024-05-13 10:55:06 WARNING: No new file uploaded
2024-05-13 10:55:16 WARNING: No new file uploaded
2024-05-13 10:55:26 WARNING: No new file uploaded
2024-05-13 10:55:37 WARNING: No new file uploaded
2024-05-13 10:55:47 WARNING: No new file uploaded
2024-05-13 10:55:57 WARNING: No new file uploaded
2024-05-13 10:56:07 WARNING: No new file uploaded
2024-05-13 10:56:18 WARNING: No new file uploaded
2024-05-13 10:56:28 WARNING: No new file uploaded
2024-05-13 10:56:38 WARNING: No new file uploaded
2024-05-13 10:56:48 WARNING: No new file uploaded
2024-05-13 10:56:59 WARNING: No new file uploaded
2024-05-13 10:57:09 WARNING: No new file uploaded
2024-05-13 10:57:19 WARNING: No new file uploaded
2024-05-13 10:57:29 WARNING: No new file uploaded
2024-05-13 10:57:40 WARNING: No new file uploaded
2024-05-13 10:57:50 WARNING: No new file uploaded
2024-05-13 10:58:00 WARNING: No new file uploaded
2024-05-13 10:58:10 WARNING: No new file uploaded
2024-05-13 10:58:21 WARNING: No new file uploaded
2024-05-13 10:58:31 WARNING: No new file uploaded
2024-05-13 10:58:41 WARNING: No new file uploaded
2024-05-13 10:58:51 WARNING: No new file uploaded
2024-05-13 10:59:01 WARNING: No new file uploaded
2024-05-13 10:59:12 WARNING: No new file uploaded
2024-05-13 10:59:22 WARNING: No new file uploaded
2024-05-13 10:59:32 WARNING: No new file uploaded
2024-05-13 10:59:42 WARNING: No new file uploaded
2024-05-13 10:59:53 WARNING: No new file uploaded
2024-05-13 11:00:03 WARNING: No new file uploaded
2024-05-13 11:00:13 WARNING: No new file uploaded
2024-05-13 11:00:23 WARNING: No new file uploaded
2024-05-13 11:00:34 WARNING: No new file uploaded
2024-05-13 11:00:44 WARNING: No new file uploaded
2024-05-13 11:00:54 WARNING: No new file uploaded
2024-05-13 11:01:04 WARNING: No new file uploaded
2024-05-13 11:01:15 WARNING: No new file uploaded
2024-05-13 11:01:25 WARNING: No new file uploaded
2024-05-13 11:01:35 WARNING: No new file uploaded
2024-05-13 11:01:45 WARNING: No new file uploaded
2024-05-13 11:01:56 WARNING: No new file uploaded
2024-05-13 11:02:06 WARNING: No new file uploaded
2024-05-13 11:02:16 WARNING: No new file uploaded
2024-05-13 11:02:26 WARNING: No new file uploaded
2024-05-13 11:02:37 WARNING: No new file uploaded
2024-05-13 11:02:47 WARNING: No new file uploaded
2024-05-13 11:02:57 WARNING: No new file uploaded
2024-05-13 11:03:07 WARNING: No new file uploaded
2024-05-13 11:03:17 WARNING: No new file uploaded
2024-05-13 11:03:28 WARNING: No new file uploaded
2024-05-13 11:03:38 WARNING: No new file uploaded
2024-05-13 11:03:48 WARNING: No new file uploaded
2024-05-13 11:03:58 WARNING: No new file uploaded
2024-05-13 11:04:09 WARNING: No new file uploaded
2024-05-13 11:04:19 WARNING: No new file uploaded
2024-05-13 11:04:29 WARNING: No new file uploaded
2024-05-13 11:04:39 WARNING: No new file uploaded
2024-05-13 11:04:50 WARNING: No new file uploaded
2024-05-13 11:05:00 WARNING: No new file uploaded
2024-05-13 11:05:10 WARNING: No new file uploaded
2024-05-13 11:05:20 WARNING: No new file uploaded
2024-05-13 11:05:31 WARNING: No new file uploaded
2024-05-13 11:05:41 WARNING: No new file uploaded
2024-05-13 11:05:51 WARNING: No new file uploaded
2024-05-13 11:06:01 WARNING: No new file uploaded
2024-05-13 11:06:12 WARNING: No new file uploaded
2024-05-13 11:06:22 WARNING: No new file uploaded
2024-05-13 11:06:32 WARNING: No new file uploaded
2024-05-13 11:06:42 WARNING: No new file uploaded
2024-05-13 11:06:52 WARNING: No new file uploaded
2024-05-13 11:07:03 WARNING: No new file uploaded
2024-05-13 11:07:13 WARNING: No new file uploaded
2024-05-13 11:07:23 WARNING: No new file uploaded
2024-05-13 11:07:33 WARNING: No new file uploaded
2024-05-13 11:07:44 WARNING: No new file uploaded
2024-05-13 11:07:54 WARNING: No new file uploaded
2024-05-13 11:08:04 WARNING: No new file uploaded
2024-05-13 11:08:14 WARNING: No new file uploaded
2024-05-13 11:08:25 WARNING: No new file uploaded
2024-05-13 11:08:35 WARNING: No new file uploaded
2024-05-13 11:08:45 WARNING: No new file uploaded
2024-05-13 11:08:55 WARNING: No new file uploaded
2024-05-13 11:09:06 WARNING: No new file uploaded
2024-05-13 11:09:16 WARNING: No new file uploaded
2024-05-13 11:09:26 WARNING: No new file uploaded
2024-05-13 11:09:36 WARNING: No new file uploaded
2024-05-13 11:09:46 WARNING: No new file uploaded
2024-05-13 11:09:57 WARNING: No new file uploaded
2024-05-13 11:10:07 WARNING: No new file uploaded
2024-05-13 11:10:17 WARNING: No new file uploaded
2024-05-13 11:10:27 WARNING: No new file uploaded
2024-05-13 11:10:38 WARNING: No new file uploaded
2024-05-13 11:10:48 WARNING: No new file uploaded
2024-05-13 11:10:58 WARNING: No new file uploaded
2024-05-13 11:11:08 WARNING: No new file uploaded
2024-05-13 11:11:19 WARNING: No new file uploaded
2024-05-13 11:11:29 WARNING: No new file uploaded
2024-05-13 11:11:39 WARNING: No new file uploaded
2024-05-13 11:11:49 WARNING: No new file uploaded
2024-05-13 11:12:00 WARNING: No new file uploaded
2024-05-13 11:12:10 WARNING: No new file uploaded
2024-05-13 11:12:20 WARNING: No new file uploaded
2024-05-13 11:12:30 WARNING: No new file uploaded
2024-05-13 11:12:41 WARNING: No new file uploaded
2024-05-13 11:12:51 WARNING: No new file uploaded
2024-05-13 11:13:01 WARNING: No new file uploaded
2024-05-13 11:13:11 WARNING: No new file uploaded
2024-05-13 11:13:22 WARNING: No new file uploaded
2024-05-13 11:13:32 WARNING: No new file uploaded
2024-05-13 11:13:42 WARNING: No new file uploaded
2024-05-13 11:13:52 WARNING: No new file uploaded
2024-05-13 11:14:03 WARNING: No new file uploaded
2024-05-13 11:14:13 WARNING: No new file uploaded
2024-05-13 11:14:23 WARNING: No new file uploaded
2024-05-13 11:14:33 WARNING: No new file uploaded
2024-05-13 11:14:43 WARNING: No new file uploaded
2024-05-13 11:14:54 WARNING: No new file uploaded
2024-05-13 11:15:04 WARNING: No new file uploaded
2024-05-13 11:15:14 WARNING: No new file uploaded
2024-05-13 11:15:24 WARNING: No new file uploaded
2024-05-13 11:15:35 WARNING: No new file uploaded
2024-05-13 11:15:45 WARNING: No new file uploaded
2024-05-13 11:15:55 WARNING: No new file uploaded
2024-05-13 11:16:05 WARNING: No new file uploaded
2024-05-13 11:16:16 WARNING: No new file uploaded
2024-05-13 11:16:26 WARNING: No new file uploaded
2024-05-13 11:16:36 WARNING: No new file uploaded
2024-05-13 11:16:46 WARNING: No new file uploaded
2024-05-13 11:16:57 WARNING: No new file uploaded
2024-05-13 11:17:07 WARNING: No new file uploaded
2024-05-13 11:17:17 WARNING: No new file uploaded
2024-05-13 11:17:27 WARNING: No new file uploaded
2024-05-13 11:17:38 WARNING: No new file uploaded
2024-05-13 11:17:48 WARNING: No new file uploaded
2024-05-13 11:17:58 WARNING: No new file uploaded
2024-05-13 11:18:08 WARNING: No new file uploaded
2024-05-13 11:18:19 WARNING: No new file uploaded
2024-05-13 11:18:29 WARNING: No new file uploaded
2024-05-13 11:18:39 WARNING: No new file uploaded
2024-05-13 11:18:49 WARNING: No new file uploaded
2024-05-13 11:19:00 WARNING: No new file uploaded
2024-05-13 11:19:10 WARNING: No new file uploaded
2024-05-13 11:19:20 WARNING: No new file uploaded
2024-05-13 11:19:30 WARNING: No new file uploaded
2024-05-13 11:19:40 WARNING: No new file uploaded
2024-05-13 11:19:51 WARNING: No new file uploaded
2024-05-13 11:20:01 WARNING: No new file uploaded
2024-05-13 11:20:11 WARNING: No new file uploaded
2024-05-13 11:20:21 WARNING: No new file uploaded
2024-05-13 11:20:32 WARNING: No new file uploaded
2024-05-13 11:20:42 WARNING: No new file uploaded
2024-05-13 11:20:52 WARNING: No new file uploaded
2024-05-13 11:21:02 WARNING: No new file uploaded
2024-05-13 11:21:13 WARNING: No new file uploaded
2024-05-13 11:21:23 WARNING: No new file uploaded
2024-05-13 11:21:33 WARNING: No new file uploaded
2024-05-13 11:21:43 WARNING: No new file uploaded
2024-05-13 11:21:54 WARNING: No new file uploaded
2024-05-13 11:22:04 WARNING: No new file uploaded
2024-05-13 11:22:14 WARNING: No new file uploaded
2024-05-13 11:22:24 WARNING: No new file uploaded
2024-05-13 11:22:35 WARNING: No new file uploaded
2024-05-13 11:22:45 WARNING: No new file uploaded
2024-05-13 11:22:55 WARNING: No new file uploaded
2024-05-13 11:23:05 WARNING: No new file uploaded
2024-05-13 11:23:16 WARNING: No new file uploaded
2024-05-13 11:23:26 WARNING: No new file uploaded
2024-05-13 11:23:36 WARNING: No new file uploaded
2024-05-13 11:23:46 WARNING: No new file uploaded
2024-05-13 11:23:57 WARNING: No new file uploaded
2024-05-13 11:24:07 WARNING: No new file uploaded
2024-05-13 11:24:17 WARNING: No new file uploaded
2024-05-13 11:24:27 WARNING: No new file uploaded
2024-05-13 11:24:38 WARNING: No new file uploaded
2024-05-13 11:24:48 WARNING: No new file uploaded
2024-05-13 11:24:58 WARNING: No new file uploaded
2024-05-13 11:25:08 WARNING: No new file uploaded
2024-05-13 11:25:19 WARNING: No new file uploaded
2024-05-13 11:25:29 WARNING: No new file uploaded
2024-05-13 11:25:39 WARNING: No new file uploaded
2024-05-13 11:25:49 WARNING: No new file uploaded
2024-05-13 11:25:59 WARNING: No new file uploaded
2024-05-13 11:26:10 WARNING: No new file uploaded
2024-05-13 11:26:20 WARNING: No new file uploaded
2024-05-13 11:26:30 WARNING: No new file uploaded
2024-05-13 11:26:40 WARNING: No new file uploaded
2024-05-13 11:26:51 WARNING: No new file uploaded
2024-05-13 11:27:01 WARNING: No new file uploaded
2024-05-13 11:27:11 WARNING: No new file uploaded
2024-05-13 11:27:21 WARNING: No new file uploaded
2024-05-13 11:27:32 WARNING: No new file uploaded
2024-05-13 11:27:42 WARNING: No new file uploaded
2024-05-13 11:27:52 WARNING: No new file uploaded
2024-05-13 11:28:02 WARNING: No new file uploaded
2024-05-13 11:28:13 WARNING: No new file uploaded
2024-05-13 11:28:23 WARNING: No new file uploaded
2024-05-13 11:28:33 WARNING: No new file uploaded
2024-05-13 11:28:43 WARNING: No new file uploaded
2024-05-13 11:28:54 WARNING: No new file uploaded
2024-05-13 11:29:04 WARNING: No new file uploaded
2024-05-13 11:29:14 WARNING: No new file uploaded
2024-05-13 11:29:24 WARNING: No new file uploaded
2024-05-13 11:29:35 WARNING: No new file uploaded
2024-05-13 11:29:45 WARNING: No new file uploaded
2024-05-13 11:29:55 WARNING: No new file uploaded
2024-05-13 11:30:05 WARNING: No new file uploaded
2024-05-13 11:30:16 WARNING: No new file uploaded
2024-05-13 11:30:26 WARNING: No new file uploaded
2024-05-13 11:30:36 WARNING: No new file uploaded
2024-05-13 11:30:46 WARNING: No new file uploaded
2024-05-13 11:30:56 WARNING: No new file uploaded
2024-05-13 11:31:07 WARNING: No new file uploaded
2024-05-13 11:31:17 WARNING: No new file uploaded
2024-05-13 11:31:27 WARNING: No new file uploaded
2024-05-13 11:31:37 WARNING: No new file uploaded
2024-05-13 11:31:48 WARNING: No new file uploaded
2024-05-13 11:31:58 WARNING: No new file uploaded
2024-05-13 11:32:08 WARNING: No new file uploaded
2024-05-13 11:32:18 WARNING: No new file uploaded
2024-05-13 11:32:29 WARNING: No new file uploaded
2024-05-13 11:32:39 WARNING: No new file uploaded
2024-05-13 11:32:49 WARNING: No new file uploaded
2024-05-13 11:32:59 WARNING: No new file uploaded
2024-05-13 11:33:10 WARNING: No new file uploaded
2024-05-13 11:33:20 WARNING: No new file uploaded
2024-05-13 11:33:30 WARNING: No new file uploaded
2024-05-13 11:33:40 WARNING: No new file uploaded
2024-05-13 11:33:51 WARNING: No new file uploaded
2024-05-13 11:34:01 WARNING: No new file uploaded
2024-05-13 11:34:11 WARNING: No new file uploaded
2024-05-13 11:34:21 WARNING: No new file uploaded
2024-05-13 11:34:32 WARNING: No new file uploaded
2024-05-13 11:34:42 WARNING: No new file uploaded
2024-05-13 11:34:52 WARNING: No new file uploaded
2024-05-13 11:35:02 WARNING: No new file uploaded
2024-05-13 11:35:13 WARNING: No new file uploaded
2024-05-13 11:35:23 WARNING: No new file uploaded
2024-05-13 11:35:33 WARNING: No new file uploaded
2024-05-13 11:35:43 WARNING: No new file uploaded
2024-05-13 11:35:53 WARNING: No new file uploaded
2024-05-13 11:36:04 WARNING: No new file uploaded
2024-05-13 11:36:14 WARNING: No new file uploaded
2024-05-13 11:36:24 WARNING: No new file uploaded
2024-05-13 11:36:34 WARNING: No new file uploaded
2024-05-13 11:36:45 WARNING: No new file uploaded
2024-05-13 11:36:55 WARNING: No new file uploaded
2024-05-13 11:37:05 WARNING: No new file uploaded
2024-05-13 11:37:15 WARNING: No new file uploaded
2024-05-13 11:37:26 WARNING: No new file uploaded
2024-05-13 11:37:36 WARNING: No new file uploaded
2024-05-13 11:37:46 WARNING: No new file uploaded
2024-05-13 11:37:56 WARNING: No new file uploaded
2024-05-13 11:38:07 WARNING: No new file uploaded
2024-05-13 11:38:17 WARNING: No new file uploaded
2024-05-13 11:38:27 WARNING: No new file uploaded
2024-05-13 11:38:37 WARNING: No new file uploaded
2024-05-13 11:38:48 WARNING: No new file uploaded
2024-05-13 11:38:58 WARNING: No new file uploaded
2024-05-13 11:39:08 WARNING: No new file uploaded
2024-05-13 11:39:18 WARNING: No new file uploaded
2024-05-13 11:39:29 WARNING: No new file uploaded
2024-05-13 11:39:39 WARNING: No new file uploaded
2024-05-13 11:39:49 WARNING: No new file uploaded
2024-05-13 11:39:59 WARNING: No new file uploaded
2024-05-13 11:40:09 WARNING: No new file uploaded
2024-05-13 11:40:20 WARNING: No new file uploaded
2024-05-13 11:40:30 WARNING: No new file uploaded
2024-05-13 11:40:40 WARNING: No new file uploaded
2024-05-13 11:40:50 WARNING: No new file uploaded
2024-05-13 11:41:01 WARNING: No new file uploaded
2024-05-13 11:41:11 WARNING: No new file uploaded
2024-05-13 11:41:21 WARNING: No new file uploaded
2024-05-13 11:41:31 WARNING: No new file uploaded
2024-05-13 11:41:42 WARNING: No new file uploaded
2024-05-13 11:41:52 WARNING: No new file uploaded
2024-05-13 11:42:02 WARNING: No new file uploaded
2024-05-13 11:42:12 WARNING: No new file uploaded
2024-05-13 11:42:23 WARNING: No new file uploaded
2024-05-13 11:42:33 WARNING: No new file uploaded
2024-05-13 11:42:43 WARNING: No new file uploaded
2024-05-13 11:42:53 WARNING: No new file uploaded
2024-05-13 11:43:04 WARNING: No new file uploaded
2024-05-13 11:43:14 WARNING: No new file uploaded
2024-05-13 11:43:24 WARNING: No new file uploaded
2024-05-13 11:43:34 WARNING: No new file uploaded
2024-05-13 11:43:45 WARNING: No new file uploaded
2024-05-13 11:43:55 WARNING: No new file uploaded
2024-05-13 11:44:05 WARNING: No new file uploaded
2024-05-13 11:44:15 WARNING: No new file uploaded
2024-05-13 11:44:25 WARNING: No new file uploaded
2024-05-13 11:44:36 WARNING: No new file uploaded
2024-05-13 11:44:46 WARNING: No new file uploaded
2024-05-13 11:44:56 WARNING: No new file uploaded
2024-05-13 11:45:06 WARNING: No new file uploaded
2024-05-13 11:45:17 WARNING: No new file uploaded
2024-05-13 11:45:27 WARNING: No new file uploaded
2024-05-13 11:45:37 WARNING: No new file uploaded
2024-05-13 11:45:47 WARNING: No new file uploaded
2024-05-13 11:45:58 WARNING: No new file uploaded
2024-05-13 11:46:08 WARNING: No new file uploaded
2024-05-13 11:46:18 WARNING: No new file uploaded
2024-05-13 11:46:28 WARNING: No new file uploaded
2024-05-13 11:46:38 WARNING: No new file uploaded
2024-05-13 11:46:49 WARNING: No new file uploaded
2024-05-13 11:46:59 WARNING: No new file uploaded
2024-05-13 11:47:09 WARNING: No new file uploaded
2024-05-13 11:47:19 WARNING: No new file uploaded
2024-05-13 11:47:30 WARNING: No new file uploaded
2024-05-13 11:47:40 WARNING: No new file uploaded
2024-05-13 11:47:50 WARNING: No new file uploaded
2024-05-13 11:48:00 WARNING: No new file uploaded
2024-05-13 11:48:11 WARNING: No new file uploaded
2024-05-13 11:48:21 WARNING: No new file uploaded
2024-05-13 11:48:31 WARNING: No new file uploaded
2024-05-13 11:48:41 WARNING: No new file uploaded
2024-05-13 11:48:52 WARNING: No new file uploaded
2024-05-13 11:49:02 WARNING: No new file uploaded
2024-05-13 11:49:12 WARNING: No new file uploaded
2024-05-13 11:49:22 WARNING: No new file uploaded
2024-05-13 11:49:33 WARNING: No new file uploaded
2024-05-13 11:49:43 WARNING: No new file uploaded
2024-05-13 11:49:53 WARNING: No new file uploaded
2024-05-13 11:50:03 WARNING: No new file uploaded
2024-05-13 11:50:14 WARNING: No new file uploaded
2024-05-13 11:50:24 WARNING: No new file uploaded
2024-05-13 11:50:34 WARNING: No new file uploaded
2024-05-13 11:50:44 WARNING: No new file uploaded
2024-05-13 11:50:54 WARNING: No new file uploaded
2024-05-13 11:51:05 WARNING: No new file uploaded
2024-05-13 11:51:15 WARNING: No new file uploaded
2024-05-13 11:51:25 WARNING: No new file uploaded
2024-05-13 11:51:35 WARNING: No new file uploaded
2024-05-13 11:51:46 WARNING: No new file uploaded
2024-05-13 11:51:56 WARNING: No new file uploaded
2024-05-13 11:52:06 WARNING: No new file uploaded
2024-05-13 11:52:16 WARNING: No new file uploaded
2024-05-13 11:52:27 WARNING: No new file uploaded
2024-05-13 11:52:37 WARNING: No new file uploaded
2024-05-13 11:52:47 WARNING: No new file uploaded
2024-05-13 11:52:57 WARNING: No new file uploaded
2024-05-13 11:53:08 WARNING: No new file uploaded
2024-05-13 11:53:18 WARNING: No new file uploaded
2024-05-13 11:53:28 WARNING: No new file uploaded
2024-05-13 11:53:38 WARNING: No new file uploaded
2024-05-13 11:53:49 WARNING: No new file uploaded
2024-05-13 11:53:59 WARNING: No new file uploaded
2024-05-13 11:54:09 WARNING: No new file uploaded
2024-05-13 11:54:19 WARNING: No new file uploaded
2024-05-13 11:54:30 WARNING: No new file uploaded
2024-05-13 11:54:40 WARNING: No new file uploaded
2024-05-13 11:54:50 WARNING: No new file uploaded
2024-05-13 11:55:00 WARNING: No new file uploaded
2024-05-13 11:55:10 WARNING: No new file uploaded
2024-05-13 11:55:21 WARNING: No new file uploaded
2024-05-13 11:55:31 WARNING: No new file uploaded
2024-05-13 11:55:41 WARNING: No new file uploaded
2024-05-13 11:55:51 WARNING: No new file uploaded
2024-05-13 11:56:02 WARNING: No new file uploaded
2024-05-13 11:56:12 WARNING: No new file uploaded
2024-05-13 11:56:22 WARNING: No new file uploaded
2024-05-13 11:56:32 WARNING: No new file uploaded
2024-05-13 11:56:43 WARNING: No new file uploaded
2024-05-13 11:56:53 WARNING: No new file uploaded
2024-05-13 11:57:03 WARNING: No new file uploaded
2024-05-13 11:57:13 WARNING: No new file uploaded
2024-05-13 11:57:24 WARNING: No new file uploaded
2024-05-13 11:57:34 WARNING: No new file uploaded
2024-05-13 11:57:44 WARNING: No new file uploaded
2024-05-13 11:57:54 WARNING: No new file uploaded
2024-05-13 11:58:05 WARNING: No new file uploaded
2024-05-13 11:58:15 WARNING: No new file uploaded
2024-05-13 11:58:25 WARNING: No new file uploaded
2024-05-13 11:58:35 WARNING: No new file uploaded
2024-05-13 11:58:45 WARNING: No new file uploaded
2024-05-13 11:58:56 WARNING: No new file uploaded
2024-05-13 11:59:06 WARNING: No new file uploaded
2024-05-13 11:59:16 WARNING: No new file uploaded
2024-05-13 11:59:26 WARNING: No new file uploaded
2024-05-13 11:59:37 WARNING: No new file uploaded
2024-05-13 11:59:47 WARNING: No new file uploaded
2024-05-13 11:59:57 WARNING: No new file uploaded
2024-05-13 12:00:07 WARNING: No new file uploaded
2024-05-13 12:00:18 WARNING: No new file uploaded
2024-05-13 12:00:28 WARNING: No new file uploaded
2024-05-13 12:00:38 WARNING: No new file uploaded
2024-05-13 12:00:48 WARNING: No new file uploaded
2024-05-13 12:00:59 WARNING: No new file uploaded
2024-05-13 12:01:09 WARNING: No new file uploaded
2024-05-13 12:01:19 WARNING: No new file uploaded
2024-05-13 12:01:29 WARNING: No new file uploaded
2024-05-13 12:01:40 WARNING: No new file uploaded
2024-05-13 12:01:50 WARNING: No new file uploaded
2024-05-13 12:02:00 WARNING: No new file uploaded
2024-05-13 12:02:10 WARNING: No new file uploaded
2024-05-13 12:02:20 WARNING: No new file uploaded
2024-05-13 12:02:31 WARNING: No new file uploaded
2024-05-13 12:02:41 WARNING: No new file uploaded
2024-05-13 12:02:51 WARNING: No new file uploaded
2024-05-13 12:03:01 WARNING: No new file uploaded
2024-05-13 12:03:12 WARNING: No new file uploaded
2024-05-13 12:03:22 WARNING: No new file uploaded
2024-05-13 12:03:32 WARNING: No new file uploaded
2024-05-13 12:03:42 WARNING: No new file uploaded
2024-05-13 12:03:53 WARNING: No new file uploaded
2024-05-13 12:04:03 WARNING: No new file uploaded
2024-05-13 12:04:13 WARNING: No new file uploaded
2024-05-13 12:04:23 WARNING: No new file uploaded
2024-05-13 12:04:34 WARNING: No new file uploaded
2024-05-13 12:04:44 WARNING: No new file uploaded
2024-05-13 12:04:54 WARNING: No new file uploaded
2024-05-13 12:05:04 WARNING: No new file uploaded
2024-05-13 12:05:15 WARNING: No new file uploaded
2024-05-13 12:05:25 WARNING: No new file uploaded
2024-05-13 12:05:35 WARNING: No new file uploaded
2024-05-13 12:05:45 WARNING: No new file uploaded
2024-05-13 12:05:56 WARNING: No new file uploaded
2024-05-13 12:06:06 WARNING: No new file uploaded
2024-05-13 12:06:16 WARNING: No new file uploaded
2024-05-13 12:06:26 WARNING: No new file uploaded
2024-05-13 12:06:37 WARNING: No new file uploaded
2024-05-13 12:06:47 WARNING: No new file uploaded
2024-05-13 12:06:57 WARNING: No new file uploaded
2024-05-13 12:07:07 WARNING: No new file uploaded
2024-05-13 12:07:17 WARNING: No new file uploaded
2024-05-13 12:07:28 WARNING: No new file uploaded
2024-05-13 12:07:38 WARNING: No new file uploaded
2024-05-13 12:07:48 WARNING: No new file uploaded
2024-05-13 12:07:58 WARNING: No new file uploaded
2024-05-13 12:08:09 WARNING: No new file uploaded
2024-05-13 12:08:19 WARNING: No new file uploaded
2024-05-13 12:08:29 WARNING: No new file uploaded
2024-05-13 12:08:39 WARNING: No new file uploaded
2024-05-13 12:08:50 WARNING: No new file uploaded
2024-05-13 12:09:00 WARNING: No new file uploaded
2024-05-13 12:09:10 WARNING: No new file uploaded
2024-05-13 12:09:20 WARNING: No new file uploaded
2024-05-13 12:09:31 WARNING: No new file uploaded
2024-05-13 12:09:41 WARNING: No new file uploaded
2024-05-13 12:09:51 WARNING: No new file uploaded
2024-05-13 12:10:01 WARNING: No new file uploaded
2024-05-13 12:10:12 WARNING: No new file uploaded
2024-05-13 12:10:22 WARNING: No new file uploaded
2024-05-13 12:10:32 WARNING: No new file uploaded
2024-05-13 12:10:42 WARNING: No new file uploaded
2024-05-13 12:10:53 WARNING: No new file uploaded
2024-05-13 12:11:03 WARNING: No new file uploaded
2024-05-13 12:11:13 WARNING: No new file uploaded
2024-05-13 12:11:23 WARNING: No new file uploaded
2024-05-13 12:11:33 WARNING: No new file uploaded
2024-05-13 12:11:44 WARNING: No new file uploaded
2024-05-13 12:11:54 WARNING: No new file uploaded
2024-05-13 12:12:04 WARNING: No new file uploaded
2024-05-13 12:12:14 WARNING: No new file uploaded
2024-05-13 12:12:25 WARNING: No new file uploaded
2024-05-13 12:12:35 WARNING: No new file uploaded
2024-05-13 12:12:45 WARNING: No new file uploaded
2024-05-13 12:12:55 WARNING: No new file uploaded
2024-05-13 12:13:06 WARNING: No new file uploaded
2024-05-13 12:13:16 WARNING: No new file uploaded
2024-05-13 12:13:26 WARNING: No new file uploaded
2024-05-13 12:13:36 WARNING: No new file uploaded
2024-05-13 12:13:47 WARNING: No new file uploaded
2024-05-13 12:13:57 WARNING: No new file uploaded
2024-05-13 12:14:07 WARNING: No new file uploaded
2024-05-13 12:14:17 WARNING: No new file uploaded
2024-05-13 12:14:28 WARNING: No new file uploaded
2024-05-13 12:14:38 WARNING: No new file uploaded
2024-05-13 12:14:48 WARNING: No new file uploaded
2024-05-13 12:14:58 WARNING: No new file uploaded
2024-05-13 12:15:08 WARNING: No new file uploaded
2024-05-13 12:15:19 WARNING: No new file uploaded
2024-05-13 12:15:29 WARNING: No new file uploaded
2024-05-13 12:15:39 WARNING: No new file uploaded
2024-05-13 12:15:49 WARNING: No new file uploaded
2024-05-13 12:16:00 WARNING: No new file uploaded
2024-05-13 12:16:10 WARNING: No new file uploaded
2024-05-13 12:16:20 WARNING: No new file uploaded
2024-05-13 12:16:30 WARNING: No new file uploaded
2024-05-13 12:16:41 WARNING: No new file uploaded
2024-05-13 12:16:51 WARNING: No new file uploaded
2024-05-13 12:17:01 WARNING: No new file uploaded
2024-05-13 12:17:11 WARNING: No new file uploaded
2024-05-13 12:17:22 WARNING: No new file uploaded
2024-05-13 12:17:32 WARNING: No new file uploaded
2024-05-13 12:17:42 WARNING: No new file uploaded
2024-05-13 12:17:52 WARNING: No new file uploaded
2024-05-13 12:18:03 WARNING: No new file uploaded
2024-05-13 12:18:13 WARNING: No new file uploaded
2024-05-13 12:18:23 WARNING: No new file uploaded
2024-05-13 12:18:33 WARNING: No new file uploaded
2024-05-13 12:18:44 WARNING: No new file uploaded
2024-05-13 12:18:54 WARNING: No new file uploaded
2024-05-13 12:19:04 WARNING: No new file uploaded
2024-05-13 12:19:14 WARNING: No new file uploaded
2024-05-13 12:19:24 WARNING: No new file uploaded
2024-05-13 12:19:35 WARNING: No new file uploaded
2024-05-13 12:19:45 WARNING: No new file uploaded
2024-05-13 12:19:55 WARNING: No new file uploaded
2024-05-13 12:20:05 WARNING: No new file uploaded
2024-05-13 12:20:16 WARNING: No new file uploaded
2024-05-13 12:20:26 WARNING: No new file uploaded
2024-05-13 12:20:36 WARNING: No new file uploaded
2024-05-13 12:20:46 WARNING: No new file uploaded
2024-05-13 12:20:57 WARNING: No new file uploaded
2024-05-13 12:21:07 WARNING: No new file uploaded
2024-05-13 12:21:17 WARNING: No new file uploaded
2024-05-13 12:21:27 WARNING: No new file uploaded
2024-05-13 12:21:38 WARNING: No new file uploaded
2024-05-13 12:21:48 WARNING: No new file uploaded
2024-05-13 12:21:58 WARNING: No new file uploaded
2024-05-13 12:22:08 WARNING: No new file uploaded
2024-05-13 12:22:19 WARNING: No new file uploaded
2024-05-13 12:22:29 WARNING: No new file uploaded
2024-05-13 12:22:39 WARNING: No new file uploaded
2024-05-13 12:22:49 WARNING: No new file uploaded
2024-05-13 12:23:00 WARNING: No new file uploaded
2024-05-13 12:23:10 WARNING: No new file uploaded
2024-05-13 12:23:20 WARNING: No new file uploaded
2024-05-13 12:23:30 WARNING: No new file uploaded
2024-05-13 12:23:40 WARNING: No new file uploaded
2024-05-13 12:23:51 WARNING: No new file uploaded
2024-05-13 12:24:01 WARNING: No new file uploaded
2024-05-13 12:24:11 WARNING: No new file uploaded
2024-05-13 12:24:21 WARNING: No new file uploaded
2024-05-13 12:24:32 WARNING: No new file uploaded
2024-05-13 12:24:42 WARNING: No new file uploaded
2024-05-13 12:24:52 WARNING: No new file uploaded
2024-05-13 12:25:02 WARNING: No new file uploaded
2024-05-13 12:25:13 WARNING: No new file uploaded
2024-05-13 12:25:23 WARNING: No new file uploaded
2024-05-13 12:25:33 WARNING: No new file uploaded
2024-05-13 12:25:43 WARNING: No new file uploaded
2024-05-13 12:25:54 WARNING: No new file uploaded
2024-05-13 12:26:04 WARNING: No new file uploaded
2024-05-13 12:26:14 WARNING: No new file uploaded
2024-05-13 12:26:24 WARNING: No new file uploaded
2024-05-13 12:26:35 WARNING: No new file uploaded
2024-05-13 12:26:45 WARNING: No new file uploaded
2024-05-13 12:26:55 WARNING: No new file uploaded
2024-05-13 12:27:05 WARNING: No new file uploaded
2024-05-13 12:27:16 WARNING: No new file uploaded
2024-05-13 12:27:26 WARNING: No new file uploaded
2024-05-13 12:27:36 WARNING: No new file uploaded
2024-05-13 12:27:46 WARNING: No new file uploaded
2024-05-13 12:27:56 WARNING: No new file uploaded
2024-05-13 12:28:07 WARNING: No new file uploaded
2024-05-13 12:28:17 WARNING: No new file uploaded
2024-05-13 12:28:27 WARNING: No new file uploaded
2024-05-13 12:28:37 WARNING: No new file uploaded
2024-05-13 12:28:48 WARNING: No new file uploaded
2024-05-13 12:28:58 WARNING: No new file uploaded
2024-05-13 12:29:08 WARNING: No new file uploaded
2024-05-13 12:29:18 WARNING: No new file uploaded
2024-05-13 12:29:29 WARNING: No new file uploaded
2024-05-13 12:29:39 WARNING: No new file uploaded
2024-05-13 12:29:49 WARNING: No new file uploaded
2024-05-13 12:29:59 WARNING: No new file uploaded
2024-05-13 12:30:10 WARNING: No new file uploaded
2024-05-13 12:30:20 WARNING: No new file uploaded
2024-05-13 12:30:30 WARNING: No new file uploaded
2024-05-13 12:30:40 WARNING: No new file uploaded
2024-05-13 12:30:51 WARNING: No new file uploaded
2024-05-13 12:31:01 WARNING: No new file uploaded
2024-05-13 12:31:11 WARNING: No new file uploaded
2024-05-13 12:31:21 WARNING: No new file uploaded
2024-05-13 12:31:31 WARNING: No new file uploaded
2024-05-13 12:31:42 WARNING: No new file uploaded
2024-05-13 12:31:52 WARNING: No new file uploaded
2024-05-13 12:32:02 WARNING: No new file uploaded
2024-05-13 12:32:12 WARNING: No new file uploaded
2024-05-13 12:32:23 WARNING: No new file uploaded
2024-05-13 12:32:33 WARNING: No new file uploaded
2024-05-13 12:32:43 WARNING: No new file uploaded
2024-05-13 12:32:53 WARNING: No new file uploaded
2024-05-13 12:33:04 WARNING: No new file uploaded
2024-05-13 12:33:14 WARNING: No new file uploaded
2024-05-13 12:33:24 WARNING: No new file uploaded
2024-05-13 12:33:34 WARNING: No new file uploaded
2024-05-13 12:33:45 WARNING: No new file uploaded
2024-05-13 12:33:55 WARNING: No new file uploaded
2024-05-13 12:34:05 WARNING: No new file uploaded
2024-05-13 12:34:15 WARNING: No new file uploaded
2024-05-13 12:34:26 WARNING: No new file uploaded
2024-05-13 12:34:36 WARNING: No new file uploaded
2024-05-13 12:34:46 WARNING: No new file uploaded
2024-05-13 12:34:56 WARNING: No new file uploaded
2024-05-13 12:35:07 WARNING: No new file uploaded
2024-05-13 12:35:17 WARNING: No new file uploaded
2024-05-13 12:35:27 WARNING: No new file uploaded
2024-05-13 12:35:37 WARNING: No new file uploaded
2024-05-13 12:35:48 WARNING: No new file uploaded
2024-05-13 12:35:58 WARNING: No new file uploaded
2024-05-13 12:36:08 WARNING: No new file uploaded
2024-05-13 12:36:18 WARNING: No new file uploaded
2024-05-13 12:36:28 WARNING: No new file uploaded
2024-05-13 12:36:39 WARNING: No new file uploaded
2024-05-13 12:36:49 WARNING: No new file uploaded
2024-05-13 12:36:59 WARNING: No new file uploaded
2024-05-13 12:37:09 WARNING: No new file uploaded
2024-05-13 12:37:20 WARNING: No new file uploaded
2024-05-13 12:37:30 WARNING: No new file uploaded
2024-05-13 12:37:40 WARNING: No new file uploaded
2024-05-13 12:37:50 WARNING: No new file uploaded
2024-05-13 12:38:01 WARNING: No new file uploaded
2024-05-13 12:38:11 WARNING: No new file uploaded
2024-05-13 12:38:21 WARNING: No new file uploaded
2024-05-13 12:38:31 WARNING: No new file uploaded
2024-05-13 12:38:42 WARNING: No new file uploaded
2024-05-13 12:38:52 WARNING: No new file uploaded
2024-05-13 12:39:02 WARNING: No new file uploaded
2024-05-13 12:39:12 WARNING: No new file uploaded
2024-05-13 12:39:23 WARNING: No new file uploaded
2024-05-13 12:39:33 WARNING: No new file uploaded
2024-05-13 12:39:43 WARNING: No new file uploaded
2024-05-13 12:39:53 WARNING: No new file uploaded
2024-05-13 12:40:03 WARNING: No new file uploaded
2024-05-13 12:40:14 WARNING: No new file uploaded
2024-05-13 12:40:24 WARNING: No new file uploaded
2024-05-13 12:40:34 WARNING: No new file uploaded
2024-05-13 12:40:44 WARNING: No new file uploaded
2024-05-13 12:40:55 WARNING: No new file uploaded
2024-05-13 12:41:05 WARNING: No new file uploaded
2024-05-13 12:41:15 WARNING: No new file uploaded
2024-05-13 12:41:25 WARNING: No new file uploaded
2024-05-13 12:41:36 WARNING: No new file uploaded
2024-05-13 12:41:46 WARNING: No new file uploaded
2024-05-13 12:41:56 WARNING: No new file uploaded
2024-05-13 12:42:06 WARNING: No new file uploaded
2024-05-13 12:42:17 WARNING: No new file uploaded
2024-05-13 12:42:27 WARNING: No new file uploaded
2024-05-13 12:42:37 WARNING: No new file uploaded
2024-05-13 12:42:47 WARNING: No new file uploaded
2024-05-13 12:42:58 WARNING: No new file uploaded
2024-05-13 12:43:08 WARNING: No new file uploaded
2024-05-13 12:43:18 WARNING: No new file uploaded
2024-05-13 12:43:28 WARNING: No new file uploaded
2024-05-13 12:43:38 WARNING: No new file uploaded
2024-05-13 12:43:49 WARNING: No new file uploaded
2024-05-13 12:43:59 WARNING: No new file uploaded
2024-05-13 12:44:09 WARNING: No new file uploaded
2024-05-13 12:44:19 WARNING: No new file uploaded
2024-05-13 12:44:30 WARNING: No new file uploaded
2024-05-13 12:44:40 WARNING: No new file uploaded
2024-05-13 12:44:50 WARNING: No new file uploaded
2024-05-13 12:45:00 WARNING: No new file uploaded
2024-05-13 12:45:11 WARNING: No new file uploaded
2024-05-13 12:45:21 WARNING: No new file uploaded
2024-05-13 12:45:31 WARNING: No new file uploaded
2024-05-13 12:45:41 WARNING: No new file uploaded
2024-05-13 12:45:52 WARNING: No new file uploaded
2024-05-13 12:46:02 WARNING: No new file uploaded
2024-05-13 12:46:12 WARNING: No new file uploaded
2024-05-13 12:46:22 WARNING: No new file uploaded
2024-05-13 12:46:33 WARNING: No new file uploaded
2024-05-13 12:46:43 WARNING: No new file uploaded
2024-05-13 12:46:53 WARNING: No new file uploaded
2024-05-13 12:47:03 WARNING: No new file uploaded
2024-05-13 12:47:13 WARNING: No new file uploaded
2024-05-13 12:47:24 WARNING: No new file uploaded
2024-05-13 12:47:34 WARNING: No new file uploaded
2024-05-13 12:47:44 WARNING: No new file uploaded
2024-05-13 12:47:54 WARNING: No new file uploaded
2024-05-13 12:48:05 WARNING: No new file uploaded
2024-05-13 12:48:15 WARNING: No new file uploaded
2024-05-13 12:48:25 WARNING: No new file uploaded
2024-05-13 12:48:35 WARNING: No new file uploaded
2024-05-13 12:48:46 WARNING: No new file uploaded
2024-05-13 12:48:56 WARNING: No new file uploaded
2024-05-13 12:49:06 WARNING: No new file uploaded
2024-05-13 12:49:16 WARNING: No new file uploaded
2024-05-13 12:49:27 WARNING: No new file uploaded
2024-05-13 12:49:37 WARNING: No new file uploaded
2024-05-13 12:49:47 WARNING: No new file uploaded
2024-05-13 12:49:57 WARNING: No new file uploaded
2024-05-13 12:50:08 WARNING: No new file uploaded
2024-05-13 12:50:18 WARNING: No new file uploaded
2024-05-13 12:50:28 WARNING: No new file uploaded
2024-05-13 12:50:38 WARNING: No new file uploaded
2024-05-13 12:50:49 WARNING: No new file uploaded
2024-05-13 12:50:59 WARNING: No new file uploaded
2024-05-13 12:51:09 WARNING: No new file uploaded
2024-05-13 12:51:19 WARNING: No new file uploaded
2024-05-13 12:51:29 WARNING: No new file uploaded
2024-05-13 12:51:40 WARNING: No new file uploaded
2024-05-13 12:51:50 WARNING: No new file uploaded
2024-05-13 12:52:00 WARNING: No new file uploaded
2024-05-13 12:52:10 WARNING: No new file uploaded
2024-05-13 12:52:21 WARNING: No new file uploaded
2024-05-13 12:52:31 WARNING: No new file uploaded
2024-05-13 12:52:41 WARNING: No new file uploaded
2024-05-13 12:52:51 WARNING: No new file uploaded
2024-05-13 12:53:02 WARNING: No new file uploaded
2024-05-13 12:53:12 WARNING: No new file uploaded
2024-05-13 12:53:22 WARNING: No new file uploaded
2024-05-13 12:53:32 WARNING: No new file uploaded
2024-05-13 12:53:43 WARNING: No new file uploaded
2024-05-13 12:53:53 WARNING: No new file uploaded
2024-05-13 12:54:03 WARNING: No new file uploaded
2024-05-13 12:54:13 WARNING: No new file uploaded
2024-05-13 12:54:24 WARNING: No new file uploaded
2024-05-13 12:54:34 WARNING: No new file uploaded
2024-05-13 12:54:44 WARNING: No new file uploaded
2024-05-13 12:54:54 WARNING: No new file uploaded
2024-05-13 12:55:04 WARNING: No new file uploaded
2024-05-13 12:55:15 WARNING: No new file uploaded
2024-05-13 12:55:25 WARNING: No new file uploaded
2024-05-13 12:55:35 WARNING: No new file uploaded
2024-05-13 12:55:45 WARNING: No new file uploaded
2024-05-13 12:55:56 WARNING: No new file uploaded
2024-05-13 12:56:06 WARNING: No new file uploaded
2024-05-13 12:56:16 WARNING: No new file uploaded
2024-05-13 12:56:26 WARNING: No new file uploaded
2024-05-13 12:56:37 WARNING: No new file uploaded
2024-05-13 12:56:47 WARNING: No new file uploaded
2024-05-13 12:56:57 WARNING: No new file uploaded
2024-05-13 12:57:07 WARNING: No new file uploaded
2024-05-13 12:57:18 WARNING: No new file uploaded
2024-05-13 12:57:28 WARNING: No new file uploaded
2024-05-13 12:57:38 WARNING: No new file uploaded
2024-05-13 12:57:48 WARNING: No new file uploaded
2024-05-13 12:57:59 WARNING: No new file uploaded
2024-05-13 12:58:09 WARNING: No new file uploaded
2024-05-13 12:58:19 WARNING: No new file uploaded
2024-05-13 12:58:29 WARNING: No new file uploaded
2024-05-13 12:58:39 WARNING: No new file uploaded
2024-05-13 12:58:50 WARNING: No new file uploaded
2024-05-13 12:59:00 WARNING: No new file uploaded
2024-05-13 12:59:10 WARNING: No new file uploaded
2024-05-13 12:59:20 WARNING: No new file uploaded
2024-05-13 12:59:31 WARNING: No new file uploaded
2024-05-13 12:59:41 WARNING: No new file uploaded
2024-05-13 12:59:51 WARNING: No new file uploaded
2024-05-13 13:00:01 WARNING: No new file uploaded
2024-05-13 13:00:12 WARNING: No new file uploaded
2024-05-13 13:00:22 WARNING: No new file uploaded
2024-05-13 13:00:32 WARNING: No new file uploaded
2024-05-13 13:00:42 WARNING: No new file uploaded
2024-05-13 13:00:53 WARNING: No new file uploaded
2024-05-13 13:01:03 WARNING: No new file uploaded
2024-05-13 13:01:13 WARNING: No new file uploaded
2024-05-13 13:01:23 WARNING: No new file uploaded
2024-05-13 13:01:34 WARNING: No new file uploaded
2024-05-13 13:01:44 WARNING: No new file uploaded
2024-05-13 13:01:54 WARNING: No new file uploaded
2024-05-13 13:02:04 WARNING: No new file uploaded
2024-05-13 13:02:14 WARNING: No new file uploaded
2024-05-13 13:02:25 WARNING: No new file uploaded
2024-05-13 13:02:35 WARNING: No new file uploaded
2024-05-13 13:02:45 WARNING: No new file uploaded
2024-05-13 13:02:55 WARNING: No new file uploaded
2024-05-13 13:03:06 WARNING: No new file uploaded
2024-05-13 13:03:16 WARNING: No new file uploaded
2024-05-13 13:03:26 WARNING: No new file uploaded
2024-05-13 13:03:36 WARNING: No new file uploaded
2024-05-13 13:03:47 WARNING: No new file uploaded
2024-05-13 13:03:57 WARNING: No new file uploaded
2024-05-13 13:04:07 WARNING: No new file uploaded
2024-05-13 13:04:17 WARNING: No new file uploaded
2024-05-13 13:04:28 WARNING: No new file uploaded
2024-05-13 13:04:38 WARNING: No new file uploaded
2024-05-13 13:04:48 WARNING: No new file uploaded
2024-05-13 13:04:58 WARNING: No new file uploaded
2024-05-13 13:05:09 WARNING: No new file uploaded
2024-05-13 13:05:19 WARNING: No new file uploaded
2024-05-13 13:05:29 WARNING: No new file uploaded
2024-05-13 13:05:39 WARNING: No new file uploaded
2024-05-13 13:05:50 WARNING: No new file uploaded
2024-05-13 13:06:00 WARNING: No new file uploaded
2024-05-13 13:06:10 WARNING: No new file uploaded
2024-05-13 13:06:20 WARNING: No new file uploaded
2024-05-13 13:06:30 WARNING: No new file uploaded
2024-05-13 13:06:41 WARNING: No new file uploaded
2024-05-13 13:06:51 WARNING: No new file uploaded
2024-05-13 13:07:01 WARNING: No new file uploaded
2024-05-13 13:07:11 WARNING: No new file uploaded
2024-05-13 13:07:22 WARNING: No new file uploaded
2024-05-13 13:07:32 WARNING: No new file uploaded
2024-05-13 13:07:42 WARNING: No new file uploaded
2024-05-13 13:07:52 WARNING: No new file uploaded
2024-05-13 13:08:03 WARNING: No new file uploaded
2024-05-13 13:08:13 WARNING: No new file uploaded
2024-05-13 13:08:23 WARNING: No new file uploaded
2024-05-13 13:08:33 WARNING: No new file uploaded
2024-05-13 13:08:44 WARNING: No new file uploaded
2024-05-13 13:08:54 WARNING: No new file uploaded
2024-05-13 13:09:04 WARNING: No new file uploaded
2024-05-13 13:09:14 WARNING: No new file uploaded
2024-05-13 13:09:25 WARNING: No new file uploaded
2024-05-13 13:09:35 WARNING: No new file uploaded
2024-05-13 13:09:45 WARNING: No new file uploaded
2024-05-13 13:09:55 WARNING: No new file uploaded
2024-05-13 13:10:05 WARNING: No new file uploaded
2024-05-13 13:10:16 WARNING: No new file uploaded
2024-05-13 13:10:26 WARNING: No new file uploaded
2024-05-13 13:10:36 WARNING: No new file uploaded
2024-05-13 13:10:46 WARNING: No new file uploaded
2024-05-13 13:10:57 WARNING: No new file uploaded
2024-05-13 13:11:07 WARNING: No new file uploaded
2024-05-13 13:11:17 WARNING: No new file uploaded
2024-05-13 13:11:27 WARNING: No new file uploaded
2024-05-13 13:11:38 WARNING: No new file uploaded
2024-05-13 13:11:48 WARNING: No new file uploaded
2024-05-13 13:11:58 WARNING: No new file uploaded
2024-05-13 13:12:08 WARNING: No new file uploaded
2024-05-13 13:12:19 WARNING: No new file uploaded
2024-05-13 13:12:29 WARNING: No new file uploaded
2024-05-13 13:12:39 WARNING: No new file uploaded
2024-05-13 13:12:49 WARNING: No new file uploaded
2024-05-13 13:13:00 WARNING: No new file uploaded
2024-05-13 13:13:10 WARNING: No new file uploaded
2024-05-13 13:13:20 WARNING: No new file uploaded
2024-05-13 13:13:30 WARNING: No new file uploaded
2024-05-13 13:13:40 WARNING: No new file uploaded
2024-05-13 13:13:51 WARNING: No new file uploaded
2024-05-13 13:14:01 WARNING: No new file uploaded
2024-05-13 13:14:11 WARNING: No new file uploaded
2024-05-13 13:14:21 WARNING: No new file uploaded
2024-05-13 13:14:32 WARNING: No new file uploaded
2024-05-13 13:14:42 WARNING: No new file uploaded
2024-05-13 13:14:52 WARNING: No new file uploaded
2024-05-13 13:15:02 WARNING: No new file uploaded
2024-05-13 13:15:13 WARNING: No new file uploaded
2024-05-13 13:15:23 WARNING: No new file uploaded
2024-05-13 13:15:33 WARNING: No new file uploaded
2024-05-13 13:15:43 WARNING: No new file uploaded
2024-05-13 13:15:54 WARNING: No new file uploaded
2024-05-13 13:16:04 WARNING: No new file uploaded
2024-05-13 13:16:14 WARNING: No new file uploaded
2024-05-13 13:16:24 WARNING: No new file uploaded
2024-05-13 13:16:35 WARNING: No new file uploaded
2024-05-13 13:16:45 WARNING: No new file uploaded
2024-05-13 13:16:55 WARNING: No new file uploaded
2024-05-13 13:17:05 WARNING: No new file uploaded
2024-05-13 13:17:15 WARNING: No new file uploaded
2024-05-13 13:17:26 WARNING: No new file uploaded
2024-05-13 13:17:36 WARNING: No new file uploaded
2024-05-13 13:17:46 WARNING: No new file uploaded
2024-05-13 13:17:56 WARNING: No new file uploaded
2024-05-13 13:18:07 WARNING: No new file uploaded
2024-05-13 13:18:17 WARNING: No new file uploaded
2024-05-13 13:18:27 WARNING: No new file uploaded
2024-05-13 13:18:37 WARNING: No new file uploaded
2024-05-13 13:18:48 WARNING: No new file uploaded
2024-05-13 13:18:58 WARNING: No new file uploaded
2024-05-13 13:19:08 WARNING: No new file uploaded
2024-05-13 13:19:18 WARNING: No new file uploaded
2024-05-13 13:19:29 WARNING: No new file uploaded
2024-05-13 13:19:39 WARNING: No new file uploaded
2024-05-13 13:19:49 WARNING: No new file uploaded
2024-05-13 13:19:59 WARNING: No new file uploaded
2024-05-13 13:20:10 WARNING: No new file uploaded
2024-05-13 13:20:20 WARNING: No new file uploaded
2024-05-13 13:20:30 WARNING: No new file uploaded
2024-05-13 13:20:40 WARNING: No new file uploaded
2024-05-13 13:20:51 WARNING: No new file uploaded
2024-05-13 13:21:01 WARNING: No new file uploaded
2024-05-13 13:21:11 WARNING: No new file uploaded
2024-05-13 13:21:21 WARNING: No new file uploaded
2024-05-13 13:21:32 WARNING: No new file uploaded
2024-05-13 13:21:42 WARNING: No new file uploaded
2024-05-13 13:21:52 WARNING: No new file uploaded
2024-05-13 13:22:02 WARNING: No new file uploaded
2024-05-13 13:22:12 WARNING: No new file uploaded
2024-05-13 13:22:23 WARNING: No new file uploaded
2024-05-13 13:22:33 WARNING: No new file uploaded
2024-05-13 13:22:43 WARNING: No new file uploaded
2024-05-13 13:22:53 WARNING: No new file uploaded
2024-05-13 13:23:04 WARNING: No new file uploaded
2024-05-13 13:23:14 WARNING: No new file uploaded
2024-05-13 13:23:24 WARNING: No new file uploaded
2024-05-13 13:23:34 WARNING: No new file uploaded
2024-05-13 13:23:45 WARNING: No new file uploaded
2024-05-13 13:23:55 WARNING: No new file uploaded
2024-05-13 13:24:05 WARNING: No new file uploaded
2024-05-13 13:24:15 WARNING: No new file uploaded
2024-05-13 13:24:26 WARNING: No new file uploaded
2024-05-13 13:24:36 WARNING: No new file uploaded
2024-05-13 13:24:46 WARNING: No new file uploaded
2024-05-13 13:24:56 WARNING: No new file uploaded
2024-05-13 13:25:07 WARNING: No new file uploaded
2024-05-13 13:25:17 WARNING: No new file uploaded
2024-05-13 13:25:27 WARNING: No new file uploaded
2024-05-13 13:25:37 WARNING: No new file uploaded
2024-05-13 13:25:48 WARNING: No new file uploaded
2024-05-13 13:25:58 WARNING: No new file uploaded
2024-05-13 13:26:08 WARNING: No new file uploaded
2024-05-13 13:26:18 WARNING: No new file uploaded
2024-05-13 13:26:29 WARNING: No new file uploaded
2024-05-13 13:26:39 WARNING: No new file uploaded
2024-05-13 13:26:49 WARNING: No new file uploaded
2024-05-13 13:26:59 WARNING: No new file uploaded
2024-05-13 13:27:09 WARNING: No new file uploaded
2024-05-13 13:27:20 WARNING: No new file uploaded
2024-05-13 13:27:30 WARNING: No new file uploaded
2024-05-13 13:27:40 WARNING: No new file uploaded
2024-05-13 13:27:50 WARNING: No new file uploaded
2024-05-13 13:28:01 WARNING: No new file uploaded
2024-05-13 13:28:11 WARNING: No new file uploaded
2024-05-13 13:28:21 WARNING: No new file uploaded
2024-05-13 13:28:31 WARNING: No new file uploaded
2024-05-13 13:28:42 WARNING: No new file uploaded
2024-05-13 13:28:52 WARNING: No new file uploaded
2024-05-13 13:29:02 WARNING: No new file uploaded
2024-05-13 13:29:12 WARNING: No new file uploaded
2024-05-13 13:29:23 WARNING: No new file uploaded
2024-05-13 13:29:33 WARNING: No new file uploaded
2024-05-13 13:29:43 WARNING: No new file uploaded
2024-05-13 13:29:53 WARNING: No new file uploaded
2024-05-13 13:30:04 WARNING: No new file uploaded
2024-05-13 13:30:14 WARNING: No new file uploaded
2024-05-13 13:30:24 WARNING: No new file uploaded
2024-05-13 13:30:34 WARNING: No new file uploaded
2024-05-13 13:30:45 WARNING: No new file uploaded
2024-05-13 13:30:55 WARNING: No new file uploaded
2024-05-13 13:31:05 WARNING: No new file uploaded
2024-05-13 13:31:15 WARNING: No new file uploaded
2024-05-13 13:31:25 WARNING: No new file uploaded
2024-05-13 13:31:36 WARNING: No new file uploaded
2024-05-13 13:31:46 WARNING: No new file uploaded
2024-05-13 13:31:56 WARNING: No new file uploaded
2024-05-13 13:32:06 WARNING: No new file uploaded
2024-05-13 13:32:17 WARNING: No new file uploaded
2024-05-13 13:32:27 WARNING: No new file uploaded
2024-05-13 13:32:37 WARNING: No new file uploaded
2024-05-13 13:32:47 WARNING: No new file uploaded
2024-05-13 13:32:58 WARNING: No new file uploaded
2024-05-13 13:33:08 WARNING: No new file uploaded
2024-05-13 13:33:18 WARNING: No new file uploaded
2024-05-13 13:33:28 WARNING: No new file uploaded
2024-05-13 13:33:39 WARNING: No new file uploaded
2024-05-13 13:33:49 WARNING: No new file uploaded
2024-05-13 13:33:59 WARNING: No new file uploaded
2024-05-13 13:34:09 WARNING: No new file uploaded
2024-05-13 13:34:20 WARNING: No new file uploaded
2024-05-13 13:34:30 WARNING: No new file uploaded
2024-05-13 13:34:40 WARNING: No new file uploaded
2024-05-13 13:34:50 WARNING: No new file uploaded
2024-05-13 13:35:01 WARNING: No new file uploaded
2024-05-13 13:35:11 WARNING: No new file uploaded
2024-05-13 13:35:21 WARNING: No new file uploaded
2024-05-13 13:35:31 WARNING: No new file uploaded
2024-05-13 13:35:41 WARNING: No new file uploaded
2024-05-13 13:35:52 WARNING: No new file uploaded
2024-05-13 13:36:02 WARNING: No new file uploaded
2024-05-13 13:36:12 WARNING: No new file uploaded
2024-05-13 13:36:22 WARNING: No new file uploaded
2024-05-13 13:36:33 WARNING: No new file uploaded
2024-05-13 13:36:43 WARNING: No new file uploaded
2024-05-13 13:36:53 WARNING: No new file uploaded
2024-05-13 13:37:03 WARNING: No new file uploaded
2024-05-13 13:37:14 WARNING: No new file uploaded
2024-05-13 13:37:24 WARNING: No new file uploaded
2024-05-13 13:37:34 WARNING: No new file uploaded
2024-05-13 13:37:44 WARNING: No new file uploaded
2024-05-13 13:37:55 WARNING: No new file uploaded
2024-05-13 13:38:05 WARNING: No new file uploaded
2024-05-13 13:38:15 WARNING: No new file uploaded
2024-05-13 13:38:25 WARNING: No new file uploaded
2024-05-13 13:38:36 WARNING: No new file uploaded
2024-05-13 13:38:46 WARNING: No new file uploaded
2024-05-13 13:38:56 WARNING: No new file uploaded
2024-05-13 13:39:06 WARNING: No new file uploaded
2024-05-13 13:39:16 WARNING: No new file uploaded
2024-05-13 13:39:27 WARNING: No new file uploaded
2024-05-13 13:39:37 WARNING: No new file uploaded
2024-05-13 13:39:47 WARNING: No new file uploaded
2024-05-13 13:39:57 WARNING: No new file uploaded
2024-05-13 13:40:08 WARNING: No new file uploaded
2024-05-13 13:40:18 WARNING: No new file uploaded
2024-05-13 13:40:28 WARNING: No new file uploaded
2024-05-13 13:40:38 WARNING: No new file uploaded
2024-05-13 13:40:49 WARNING: No new file uploaded
2024-05-13 13:40:59 WARNING: No new file uploaded
2024-05-13 13:41:09 WARNING: No new file uploaded
2024-05-13 13:41:19 WARNING: No new file uploaded
2024-05-13 13:41:30 WARNING: No new file uploaded
2024-05-13 13:41:40 WARNING: No new file uploaded
2024-05-13 13:41:50 WARNING: No new file uploaded
2024-05-13 13:42:00 WARNING: No new file uploaded
2024-05-13 13:42:11 WARNING: No new file uploaded
2024-05-13 13:42:21 WARNING: No new file uploaded
2024-05-13 13:42:31 WARNING: No new file uploaded
2024-05-13 13:42:41 WARNING: No new file uploaded
2024-05-13 13:42:51 WARNING: No new file uploaded
2024-05-13 13:43:02 WARNING: No new file uploaded
2024-05-13 13:43:12 WARNING: No new file uploaded
2024-05-13 13:43:22 WARNING: No new file uploaded
2024-05-13 13:43:32 WARNING: No new file uploaded
2024-05-13 13:43:43 WARNING: No new file uploaded
2024-05-13 13:43:53 WARNING: No new file uploaded
2024-05-13 13:44:03 WARNING: No new file uploaded
2024-05-13 13:44:13 WARNING: No new file uploaded
2024-05-13 13:44:24 WARNING: No new file uploaded
2024-05-13 13:44:34 WARNING: No new file uploaded
2024-05-13 13:44:44 WARNING: No new file uploaded
2024-05-13 13:44:54 WARNING: No new file uploaded
2024-05-13 13:45:05 WARNING: No new file uploaded
2024-05-13 13:45:15 WARNING: No new file uploaded
2024-05-13 13:45:25 WARNING: No new file uploaded
2024-05-13 13:45:35 WARNING: No new file uploaded
2024-05-13 13:45:46 WARNING: No new file uploaded
2024-05-13 13:45:56 WARNING: No new file uploaded
2024-05-13 13:46:06 WARNING: No new file uploaded
2024-05-13 13:46:16 WARNING: No new file uploaded
2024-05-13 13:46:27 WARNING: No new file uploaded
2024-05-13 13:46:37 WARNING: No new file uploaded
2024-05-13 13:46:47 WARNING: No new file uploaded
2024-05-13 13:46:57 WARNING: No new file uploaded
2024-05-13 13:47:08 WARNING: No new file uploaded
2024-05-13 13:47:18 WARNING: No new file uploaded
2024-05-13 13:47:28 WARNING: No new file uploaded
2024-05-13 13:47:38 WARNING: No new file uploaded
2024-05-13 13:47:48 WARNING: No new file uploaded
2024-05-13 13:47:59 WARNING: No new file uploaded
2024-05-13 13:48:09 WARNING: No new file uploaded
2024-05-13 13:48:19 WARNING: No new file uploaded
2024-05-13 13:48:29 WARNING: No new file uploaded
2024-05-13 13:48:40 WARNING: No new file uploaded
2024-05-13 13:48:50 WARNING: No new file uploaded
2024-05-13 13:49:00 WARNING: No new file uploaded
2024-05-13 13:49:10 WARNING: No new file uploaded
2024-05-13 13:49:21 WARNING: No new file uploaded
2024-05-13 13:49:31 WARNING: No new file uploaded
2024-05-13 13:49:41 WARNING: No new file uploaded
2024-05-13 13:49:51 WARNING: No new file uploaded
2024-05-13 13:50:02 WARNING: No new file uploaded
2024-05-13 13:50:12 WARNING: No new file uploaded
2024-05-13 13:50:22 WARNING: No new file uploaded
2024-05-13 13:50:32 WARNING: No new file uploaded
2024-05-13 13:50:43 WARNING: No new file uploaded
2024-05-13 13:50:53 WARNING: No new file uploaded
2024-05-13 13:51:03 WARNING: No new file uploaded
2024-05-13 13:51:13 WARNING: No new file uploaded
2024-05-13 13:51:23 WARNING: No new file uploaded
2024-05-13 13:51:34 WARNING: No new file uploaded
2024-05-13 13:51:44 WARNING: No new file uploaded
2024-05-13 13:51:54 WARNING: No new file uploaded
2024-05-13 13:52:04 WARNING: No new file uploaded
2024-05-13 13:52:15 WARNING: No new file uploaded
2024-05-13 13:52:25 WARNING: No new file uploaded
2024-05-13 13:52:35 WARNING: No new file uploaded
2024-05-13 13:52:45 WARNING: No new file uploaded
2024-05-13 13:52:56 WARNING: No new file uploaded
2024-05-13 13:53:06 WARNING: No new file uploaded
2024-05-13 13:53:16 WARNING: No new file uploaded
2024-05-13 13:53:26 WARNING: No new file uploaded
2024-05-13 13:53:37 WARNING: No new file uploaded
2024-05-13 13:53:47 WARNING: No new file uploaded
2024-05-13 13:53:57 WARNING: No new file uploaded
2024-05-13 13:54:07 WARNING: No new file uploaded
2024-05-13 13:54:18 WARNING: No new file uploaded
2024-05-13 13:54:28 WARNING: No new file uploaded
2024-05-13 13:54:38 WARNING: No new file uploaded
2024-05-13 13:54:48 WARNING: No new file uploaded
2024-05-13 13:54:59 WARNING: No new file uploaded
2024-05-13 13:55:09 WARNING: No new file uploaded
2024-05-13 13:55:19 WARNING: No new file uploaded
2024-05-13 13:55:29 WARNING: No new file uploaded
2024-05-13 13:55:39 WARNING: No new file uploaded
2024-05-13 13:55:50 WARNING: No new file uploaded
2024-05-13 13:56:00 WARNING: No new file uploaded
2024-05-13 13:56:10 WARNING: No new file uploaded
2024-05-13 13:56:20 WARNING: No new file uploaded
2024-05-13 13:56:31 WARNING: No new file uploaded
2024-05-13 13:56:41 WARNING: No new file uploaded
2024-05-13 13:56:51 WARNING: No new file uploaded
2024-05-13 13:57:01 WARNING: No new file uploaded
2024-05-13 13:57:12 WARNING: No new file uploaded
2024-05-13 13:57:22 WARNING: No new file uploaded
2024-05-13 13:57:32 WARNING: No new file uploaded
2024-05-13 13:57:42 WARNING: No new file uploaded
2024-05-13 13:57:53 WARNING: No new file uploaded
2024-05-13 13:58:03 WARNING: No new file uploaded
2024-05-13 13:58:13 WARNING: No new file uploaded
2024-05-13 13:58:23 WARNING: No new file uploaded
2024-05-13 13:58:34 WARNING: No new file uploaded
2024-05-13 13:58:44 WARNING: No new file uploaded
2024-05-13 13:58:54 WARNING: No new file uploaded
2024-05-13 13:59:04 WARNING: No new file uploaded
2024-05-13 13:59:15 WARNING: No new file uploaded
2024-05-13 13:59:25 WARNING: No new file uploaded
2024-05-13 13:59:35 WARNING: No new file uploaded
2024-05-13 13:59:45 WARNING: No new file uploaded
2024-05-13 13:59:55 WARNING: No new file uploaded
2024-05-13 14:00:06 WARNING: No new file uploaded
2024-05-13 14:00:16 WARNING: No new file uploaded
2024-05-13 14:00:26 WARNING: No new file uploaded
2024-05-13 14:00:36 WARNING: No new file uploaded
2024-05-13 14:00:47 WARNING: No new file uploaded
2024-05-13 14:00:57 WARNING: No new file uploaded
2024-05-13 14:01:07 WARNING: No new file uploaded
2024-05-13 14:01:17 WARNING: No new file uploaded
2024-05-13 14:01:28 WARNING: No new file uploaded
2024-05-13 14:01:38 WARNING: No new file uploaded
2024-05-13 14:01:48 WARNING: No new file uploaded
2024-05-13 14:01:58 WARNING: No new file uploaded
2024-05-13 14:02:09 WARNING: No new file uploaded
2024-05-13 14:02:19 WARNING: No new file uploaded
2024-05-13 14:02:29 WARNING: No new file uploaded
2024-05-13 14:02:39 WARNING: No new file uploaded
2024-05-13 14:02:50 WARNING: No new file uploaded
2024-05-13 14:03:00 WARNING: No new file uploaded
2024-05-13 14:03:10 WARNING: No new file uploaded
2024-05-13 14:03:20 WARNING: No new file uploaded
2024-05-13 14:03:31 WARNING: No new file uploaded
2024-05-13 14:03:41 WARNING: No new file uploaded
2024-05-13 14:03:51 WARNING: No new file uploaded
2024-05-13 14:04:01 WARNING: No new file uploaded
2024-05-13 14:04:11 WARNING: No new file uploaded
2024-05-13 14:04:22 WARNING: No new file uploaded
2024-05-13 14:04:32 WARNING: No new file uploaded
2024-05-13 14:04:42 WARNING: No new file uploaded
2024-05-13 14:04:52 WARNING: No new file uploaded
2024-05-13 14:05:03 WARNING: No new file uploaded
2024-05-13 14:05:13 WARNING: No new file uploaded
2024-05-13 14:05:23 WARNING: No new file uploaded
2024-05-13 14:05:33 WARNING: No new file uploaded
2024-05-13 14:05:44 WARNING: No new file uploaded
2024-05-13 14:05:54 WARNING: No new file uploaded
2024-05-13 14:06:04 WARNING: No new file uploaded
2024-05-13 14:06:14 WARNING: No new file uploaded
2024-05-13 14:06:25 WARNING: No new file uploaded
2024-05-13 14:06:35 WARNING: No new file uploaded
2024-05-13 14:06:45 WARNING: No new file uploaded
2024-05-13 14:06:55 WARNING: No new file uploaded
2024-05-13 14:07:06 WARNING: No new file uploaded
2024-05-13 14:07:16 WARNING: No new file uploaded
2024-05-13 14:07:26 WARNING: No new file uploaded
2024-05-13 14:07:36 WARNING: No new file uploaded
2024-05-13 14:07:47 WARNING: No new file uploaded
2024-05-13 14:07:57 WARNING: No new file uploaded
2024-05-13 14:08:07 WARNING: No new file uploaded
2024-05-13 14:08:17 WARNING: No new file uploaded
2024-05-13 14:08:28 WARNING: No new file uploaded
2024-05-13 14:08:38 WARNING: No new file uploaded
2024-05-13 14:08:48 WARNING: No new file uploaded
2024-05-13 14:08:58 WARNING: No new file uploaded
2024-05-13 14:09:08 WARNING: No new file uploaded
2024-05-13 14:09:19 WARNING: No new file uploaded
2024-05-13 14:09:29 WARNING: No new file uploaded
2024-05-13 14:09:39 WARNING: No new file uploaded
2024-05-13 14:09:49 WARNING: No new file uploaded
2024-05-13 14:10:00 WARNING: No new file uploaded
2024-05-13 14:10:10 WARNING: No new file uploaded
2024-05-13 14:10:20 WARNING: No new file uploaded
2024-05-13 14:10:30 WARNING: No new file uploaded
2024-05-13 14:10:41 WARNING: No new file uploaded
2024-05-13 14:10:51 WARNING: No new file uploaded
2024-05-13 14:11:01 WARNING: No new file uploaded
2024-05-13 14:11:11 WARNING: No new file uploaded
2024-05-13 14:11:22 WARNING: No new file uploaded
2024-05-13 14:11:32 WARNING: No new file uploaded
2024-05-13 14:11:42 WARNING: No new file uploaded
2024-05-13 14:11:52 WARNING: No new file uploaded
2024-05-13 14:12:03 WARNING: No new file uploaded
2024-05-13 14:12:13 WARNING: No new file uploaded
2024-05-13 14:12:23 WARNING: No new file uploaded
2024-05-13 14:12:33 WARNING: No new file uploaded
2024-05-13 14:12:44 WARNING: No new file uploaded
2024-05-13 14:12:54 WARNING: No new file uploaded
2024-05-13 14:13:04 WARNING: No new file uploaded
2024-05-13 14:13:14 WARNING: No new file uploaded
2024-05-13 14:13:25 WARNING: No new file uploaded
2024-05-13 14:13:35 WARNING: No new file uploaded
2024-05-13 14:13:45 WARNING: No new file uploaded
2024-05-13 14:13:55 WARNING: No new file uploaded
2024-05-13 14:14:05 WARNING: No new file uploaded
2024-05-13 14:14:16 WARNING: No new file uploaded
2024-05-13 14:14:26 WARNING: No new file uploaded
2024-05-13 14:14:36 WARNING: No new file uploaded
2024-05-13 14:14:46 WARNING: No new file uploaded
2024-05-13 14:14:57 WARNING: No new file uploaded
2024-05-13 14:15:07 WARNING: No new file uploaded
2024-05-13 14:15:17 WARNING: No new file uploaded
2024-05-13 14:15:27 WARNING: No new file uploaded
2024-05-13 14:15:38 WARNING: No new file uploaded
2024-05-13 14:15:48 WARNING: No new file uploaded
2024-05-13 14:15:58 WARNING: No new file uploaded
2024-05-13 14:16:08 WARNING: No new file uploaded
2024-05-13 14:16:19 WARNING: No new file uploaded
2024-05-13 14:16:29 WARNING: No new file uploaded
2024-05-13 14:16:39 WARNING: No new file uploaded
2024-05-13 14:16:49 WARNING: No new file uploaded
2024-05-13 14:17:00 WARNING: No new file uploaded
2024-05-13 14:17:10 WARNING: No new file uploaded
2024-05-13 14:17:20 WARNING: No new file uploaded
2024-05-13 14:17:30 WARNING: No new file uploaded
2024-05-13 14:17:41 WARNING: No new file uploaded
2024-05-13 14:17:51 WARNING: No new file uploaded
2024-05-13 14:18:01 WARNING: No new file uploaded
2024-05-13 14:18:11 WARNING: No new file uploaded
2024-05-13 14:18:21 WARNING: No new file uploaded
2024-05-13 14:18:32 WARNING: No new file uploaded
2024-05-13 14:18:42 WARNING: No new file uploaded
2024-05-13 14:18:52 WARNING: No new file uploaded
2024-05-13 14:19:02 WARNING: No new file uploaded
2024-05-13 14:19:13 WARNING: No new file uploaded
2024-05-13 14:19:23 WARNING: No new file uploaded
2024-05-13 14:19:33 WARNING: No new file uploaded
2024-05-13 14:19:43 WARNING: No new file uploaded
2024-05-13 14:19:54 WARNING: No new file uploaded
2024-05-13 14:20:04 WARNING: No new file uploaded
2024-05-13 14:20:14 WARNING: No new file uploaded
2024-05-13 14:20:24 WARNING: No new file uploaded
2024-05-13 14:20:35 WARNING: No new file uploaded
2024-05-13 14:20:45 WARNING: No new file uploaded
2024-05-13 14:20:55 WARNING: No new file uploaded
2024-05-13 14:21:05 WARNING: No new file uploaded
2024-05-13 14:21:16 WARNING: No new file uploaded
2024-05-13 14:21:26 WARNING: No new file uploaded
2024-05-13 14:21:36 WARNING: No new file uploaded
2024-05-13 14:21:46 WARNING: No new file uploaded
2024-05-13 14:21:57 WARNING: No new file uploaded
2024-05-13 14:22:07 WARNING: No new file uploaded
2024-05-13 14:22:17 WARNING: No new file uploaded
2024-05-13 14:22:27 WARNING: No new file uploaded
2024-05-13 14:22:37 WARNING: No new file uploaded
2024-05-13 14:22:48 WARNING: No new file uploaded
2024-05-13 14:22:58 WARNING: No new file uploaded
2024-05-13 14:23:08 WARNING: No new file uploaded
2024-05-13 14:23:18 WARNING: No new file uploaded
2024-05-13 14:23:29 WARNING: No new file uploaded
2024-05-13 14:23:39 WARNING: No new file uploaded
2024-05-13 14:23:49 WARNING: No new file uploaded
2024-05-13 14:23:59 WARNING: No new file uploaded
2024-05-13 14:24:10 WARNING: No new file uploaded
2024-05-13 14:24:20 WARNING: No new file uploaded
2024-05-13 14:24:30 WARNING: No new file uploaded
2024-05-13 14:24:40 WARNING: No new file uploaded
2024-05-13 14:24:51 WARNING: No new file uploaded
2024-05-13 14:25:01 WARNING: No new file uploaded
2024-05-13 14:25:11 WARNING: No new file uploaded
2024-05-13 14:25:21 WARNING: No new file uploaded
2024-05-13 14:25:32 WARNING: No new file uploaded
2024-05-13 14:25:42 WARNING: No new file uploaded
2024-05-13 14:25:52 WARNING: No new file uploaded
2024-05-13 14:26:02 WARNING: No new file uploaded
2024-05-13 14:26:13 WARNING: No new file uploaded
2024-05-13 14:26:23 WARNING: No new file uploaded
2024-05-13 14:26:33 WARNING: No new file uploaded
2024-05-13 14:26:43 WARNING: No new file uploaded
2024-05-13 14:26:54 WARNING: No new file uploaded
2024-05-13 14:27:04 WARNING: No new file uploaded
2024-05-13 14:27:14 WARNING: No new file uploaded
2024-05-13 14:27:24 WARNING: No new file uploaded
2024-05-13 14:27:34 WARNING: No new file uploaded
2024-05-13 14:27:45 WARNING: No new file uploaded
2024-05-13 14:27:55 WARNING: No new file uploaded
2024-05-13 14:28:05 WARNING: No new file uploaded
2024-05-13 14:28:15 WARNING: No new file uploaded
2024-05-13 14:28:26 WARNING: No new file uploaded
2024-05-13 14:28:36 WARNING: No new file uploaded
2024-05-13 14:28:46 WARNING: No new file uploaded
2024-05-13 14:28:56 WARNING: No new file uploaded
2024-05-13 14:29:07 WARNING: No new file uploaded
2024-05-13 14:29:17 WARNING: No new file uploaded
2024-05-13 14:29:27 WARNING: No new file uploaded
2024-05-13 14:29:37 WARNING: No new file uploaded
2024-05-13 14:29:48 WARNING: No new file uploaded
2024-05-13 14:29:58 WARNING: No new file uploaded
2024-05-13 14:30:08 WARNING: No new file uploaded
2024-05-13 14:30:18 WARNING: No new file uploaded
2024-05-13 14:30:29 WARNING: No new file uploaded
2024-05-13 14:30:39 WARNING: No new file uploaded
2024-05-13 14:30:49 WARNING: No new file uploaded
2024-05-13 14:30:59 WARNING: No new file uploaded
2024-05-13 14:31:09 WARNING: No new file uploaded
2024-05-13 14:31:20 WARNING: No new file uploaded
2024-05-13 14:31:30 WARNING: No new file uploaded
2024-05-13 14:31:40 WARNING: No new file uploaded
2024-05-13 14:31:50 WARNING: No new file uploaded
2024-05-13 14:32:01 WARNING: No new file uploaded
2024-05-13 14:32:11 WARNING: No new file uploaded
2024-05-13 14:32:21 WARNING: No new file uploaded
2024-05-13 14:32:31 WARNING: No new file uploaded
2024-05-13 14:32:42 WARNING: No new file uploaded
2024-05-13 14:32:52 WARNING: No new file uploaded
2024-05-13 14:33:02 WARNING: No new file uploaded
2024-05-13 14:33:12 WARNING: No new file uploaded
2024-05-13 14:33:23 WARNING: No new file uploaded
2024-05-13 14:33:33 WARNING: No new file uploaded
2024-05-13 14:33:43 WARNING: No new file uploaded
2024-05-13 14:33:53 WARNING: No new file uploaded
2024-05-13 14:34:04 WARNING: No new file uploaded
2024-05-13 14:34:14 WARNING: No new file uploaded
2024-05-13 14:34:24 WARNING: No new file uploaded
2024-05-13 14:34:34 WARNING: No new file uploaded
2024-05-13 14:34:44 WARNING: No new file uploaded
2024-05-13 14:34:55 WARNING: No new file uploaded
2024-05-13 14:35:05 WARNING: No new file uploaded
2024-05-13 14:35:15 WARNING: No new file uploaded
2024-05-13 14:35:25 WARNING: No new file uploaded
2024-05-13 14:35:36 WARNING: No new file uploaded
2024-05-13 14:35:46 WARNING: No new file uploaded
2024-05-13 14:35:56 WARNING: No new file uploaded
2024-05-13 14:36:06 WARNING: No new file uploaded
2024-05-13 14:36:17 WARNING: No new file uploaded
2024-05-13 14:36:27 WARNING: No new file uploaded
2024-05-13 14:36:37 WARNING: No new file uploaded
2024-05-13 14:36:47 WARNING: No new file uploaded
2024-05-13 14:36:58 WARNING: No new file uploaded
2024-05-13 14:37:08 WARNING: No new file uploaded
2024-05-13 14:37:18 WARNING: No new file uploaded
2024-05-13 14:37:28 WARNING: No new file uploaded
2024-05-13 14:37:39 WARNING: No new file uploaded
2024-05-13 14:37:49 WARNING: No new file uploaded
2024-05-13 14:37:59 WARNING: No new file uploaded
2024-05-13 14:38:09 WARNING: No new file uploaded
2024-05-13 14:38:20 WARNING: No new file uploaded
2024-05-13 14:38:30 WARNING: No new file uploaded
2024-05-13 14:38:40 WARNING: No new file uploaded
2024-05-13 14:38:50 WARNING: No new file uploaded
2024-05-13 14:39:01 WARNING: No new file uploaded
2024-05-13 14:39:11 WARNING: No new file uploaded
2024-05-13 14:39:21 WARNING: No new file uploaded
2024-05-13 14:39:31 WARNING: No new file uploaded
2024-05-13 14:39:42 WARNING: No new file uploaded
2024-05-13 14:39:52 WARNING: No new file uploaded
2024-05-13 14:40:02 WARNING: No new file uploaded
2024-05-13 14:40:12 WARNING: No new file uploaded
2024-05-13 14:40:22 WARNING: No new file uploaded
2024-05-13 14:40:33 WARNING: No new file uploaded
2024-05-13 14:40:43 WARNING: No new file uploaded
2024-05-13 14:40:53 WARNING: No new file uploaded
2024-05-13 14:41:03 WARNING: No new file uploaded
2024-05-13 14:41:14 WARNING: No new file uploaded
2024-05-13 14:41:24 WARNING: No new file uploaded
2024-05-13 14:41:34 WARNING: No new file uploaded
2024-05-13 14:41:44 WARNING: No new file uploaded
2024-05-13 14:41:55 WARNING: No new file uploaded
2024-05-13 14:42:05 WARNING: No new file uploaded
2024-05-13 14:42:15 WARNING: No new file uploaded
2024-05-13 14:42:25 WARNING: No new file uploaded
2024-05-13 14:42:36 WARNING: No new file uploaded
2024-05-13 14:42:46 WARNING: No new file uploaded
2024-05-13 14:42:56 WARNING: No new file uploaded
2024-05-13 14:43:06 WARNING: No new file uploaded
2024-05-13 14:43:17 WARNING: No new file uploaded
2024-05-13 14:43:27 WARNING: No new file uploaded
2024-05-13 14:43:37 WARNING: No new file uploaded
2024-05-13 14:43:47 WARNING: No new file uploaded
2024-05-13 14:43:58 WARNING: No new file uploaded
2024-05-13 14:44:08 WARNING: No new file uploaded
2024-05-13 14:44:18 WARNING: No new file uploaded
2024-05-13 14:44:28 WARNING: No new file uploaded
2024-05-13 14:44:38 WARNING: No new file uploaded
2024-05-13 14:44:49 WARNING: No new file uploaded
2024-05-13 14:44:59 WARNING: No new file uploaded
2024-05-13 14:45:09 WARNING: No new file uploaded
2024-05-13 14:45:19 WARNING: No new file uploaded
2024-05-13 14:45:30 WARNING: No new file uploaded
2024-05-13 14:45:40 WARNING: No new file uploaded
2024-05-13 14:45:50 WARNING: No new file uploaded
2024-05-13 14:46:00 WARNING: No new file uploaded
2024-05-13 14:46:11 WARNING: No new file uploaded
2024-05-13 14:46:21 WARNING: No new file uploaded
2024-05-13 14:46:31 WARNING: No new file uploaded
2024-05-13 14:46:41 WARNING: No new file uploaded
2024-05-13 14:46:52 WARNING: No new file uploaded
2024-05-13 14:47:02 WARNING: No new file uploaded
2024-05-13 14:47:12 WARNING: No new file uploaded
2024-05-13 14:47:22 WARNING: No new file uploaded
2024-05-13 14:47:33 WARNING: No new file uploaded
2024-05-13 14:47:43 WARNING: No new file uploaded
2024-05-13 14:47:53 WARNING: No new file uploaded
2024-05-13 14:48:03 WARNING: No new file uploaded
2024-05-13 14:48:14 WARNING: No new file uploaded
2024-05-13 14:48:24 WARNING: No new file uploaded
2024-05-13 14:48:34 WARNING: No new file uploaded
2024-05-13 14:48:44 WARNING: No new file uploaded
2024-05-13 14:48:55 WARNING: No new file uploaded
2024-05-13 14:49:05 WARNING: No new file uploaded
2024-05-13 14:49:15 WARNING: No new file uploaded
2024-05-13 14:49:25 WARNING: No new file uploaded
2024-05-13 14:49:35 WARNING: No new file uploaded
2024-05-13 14:49:46 WARNING: No new file uploaded
2024-05-13 14:49:56 WARNING: No new file uploaded
2024-05-13 14:50:06 WARNING: No new file uploaded
2024-05-13 14:50:16 WARNING: No new file uploaded
2024-05-13 14:50:27 WARNING: No new file uploaded
2024-05-13 14:50:37 WARNING: No new file uploaded
2024-05-13 14:50:47 WARNING: No new file uploaded
2024-05-13 14:50:57 WARNING: No new file uploaded
2024-05-13 14:51:08 WARNING: No new file uploaded
2024-05-13 14:51:18 WARNING: No new file uploaded
2024-05-13 14:51:28 WARNING: No new file uploaded
2024-05-13 14:51:38 WARNING: No new file uploaded
2024-05-13 14:51:49 WARNING: No new file uploaded
2024-05-13 14:51:59 WARNING: No new file uploaded
2024-05-13 14:52:09 WARNING: No new file uploaded
2024-05-13 14:52:19 WARNING: No new file uploaded
2024-05-13 14:52:30 WARNING: No new file uploaded
2024-05-13 14:52:40 WARNING: No new file uploaded
2024-05-13 14:52:50 WARNING: No new file uploaded
2024-05-13 14:53:00 WARNING: No new file uploaded
2024-05-13 14:53:10 WARNING: No new file uploaded
2024-05-13 14:53:21 WARNING: No new file uploaded
2024-05-13 14:53:31 WARNING: No new file uploaded
2024-05-13 14:53:41 WARNING: No new file uploaded
2024-05-13 14:53:51 WARNING: No new file uploaded
2024-05-13 14:54:02 WARNING: No new file uploaded
2024-05-13 14:54:12 WARNING: No new file uploaded
2024-05-13 14:54:22 WARNING: No new file uploaded
2024-05-13 14:54:32 WARNING: No new file uploaded
2024-05-13 14:54:43 WARNING: No new file uploaded
2024-05-13 14:54:53 WARNING: No new file uploaded
2024-05-13 14:55:03 WARNING: No new file uploaded
2024-05-13 14:55:13 WARNING: No new file uploaded
2024-05-13 14:55:24 WARNING: No new file uploaded
2024-05-13 14:55:34 WARNING: No new file uploaded
2024-05-13 14:55:44 WARNING: No new file uploaded
2024-05-13 14:55:54 WARNING: No new file uploaded
2024-05-13 14:56:05 WARNING: No new file uploaded
2024-05-13 14:56:15 WARNING: No new file uploaded
2024-05-13 14:56:25 WARNING: No new file uploaded
2024-05-13 14:56:35 WARNING: No new file uploaded
2024-05-13 14:56:46 WARNING: No new file uploaded
2024-05-13 14:56:56 WARNING: No new file uploaded
2024-05-13 14:57:06 WARNING: No new file uploaded
2024-05-13 14:57:16 WARNING: No new file uploaded
2024-05-13 14:57:26 WARNING: No new file uploaded
2024-05-13 14:57:37 WARNING: No new file uploaded
2024-05-13 14:57:47 WARNING: No new file uploaded
2024-05-13 14:57:57 WARNING: No new file uploaded
2024-05-13 14:58:07 WARNING: No new file uploaded
2024-05-13 14:58:18 WARNING: No new file uploaded
2024-05-13 14:58:28 WARNING: No new file uploaded
2024-05-13 14:58:38 WARNING: No new file uploaded
2024-05-13 14:58:48 WARNING: No new file uploaded
2024-05-13 14:58:59 WARNING: No new file uploaded
2024-05-13 14:59:09 WARNING: No new file uploaded
2024-05-13 14:59:19 WARNING: No new file uploaded
2024-05-13 14:59:29 WARNING: No new file uploaded
2024-05-13 14:59:40 WARNING: No new file uploaded
2024-05-13 14:59:50 WARNING: No new file uploaded
2024-05-13 15:00:00 WARNING: No new file uploaded
2024-05-13 15:00:10 WARNING: No new file uploaded
2024-05-13 15:00:21 WARNING: No new file uploaded
2024-05-13 15:00:31 WARNING: No new file uploaded
2024-05-13 15:00:41 WARNING: No new file uploaded
2024-05-13 15:00:51 WARNING: No new file uploaded
2024-05-13 15:01:02 WARNING: No new file uploaded
2024-05-13 15:01:12 WARNING: No new file uploaded
2024-05-13 15:01:22 WARNING: No new file uploaded
2024-05-13 15:01:32 WARNING: No new file uploaded
2024-05-13 15:01:42 WARNING: No new file uploaded
2024-05-13 15:01:53 WARNING: No new file uploaded
2024-05-13 15:02:03 WARNING: No new file uploaded
2024-05-13 15:02:13 WARNING: No new file uploaded
2024-05-13 15:02:23 WARNING: No new file uploaded
2024-05-13 15:02:34 WARNING: No new file uploaded
2024-05-13 15:02:44 WARNING: No new file uploaded
2024-05-13 15:02:54 WARNING: No new file uploaded
2024-05-13 15:03:04 WARNING: No new file uploaded
2024-05-13 15:03:15 WARNING: No new file uploaded
2024-05-13 15:03:25 WARNING: No new file uploaded
2024-05-13 15:03:35 WARNING: No new file uploaded
2024-05-13 15:03:45 WARNING: No new file uploaded
2024-05-13 15:03:56 WARNING: No new file uploaded
2024-05-13 15:04:06 WARNING: No new file uploaded
2024-05-13 15:04:16 WARNING: No new file uploaded
2024-05-13 15:04:26 WARNING: No new file uploaded
2024-05-13 15:04:37 WARNING: No new file uploaded
2024-05-13 15:04:47 WARNING: No new file uploaded
2024-05-13 15:04:57 WARNING: No new file uploaded
2024-05-13 15:05:07 WARNING: No new file uploaded
2024-05-13 15:05:18 WARNING: No new file uploaded
2024-05-13 15:05:28 WARNING: No new file uploaded
2024-05-13 15:05:38 WARNING: No new file uploaded
2024-05-13 15:05:48 WARNING: No new file uploaded
2024-05-13 15:05:58 WARNING: No new file uploaded
2024-05-13 15:06:09 WARNING: No new file uploaded
2024-05-13 15:06:19 WARNING: No new file uploaded
2024-05-13 15:06:29 WARNING: No new file uploaded
2024-05-13 15:06:39 WARNING: No new file uploaded
2024-05-13 15:06:50 WARNING: No new file uploaded
2024-05-13 15:07:00 WARNING: No new file uploaded
2024-05-13 15:07:10 WARNING: No new file uploaded
2024-05-13 15:07:20 WARNING: No new file uploaded
2024-05-13 15:07:31 WARNING: No new file uploaded
2024-05-13 15:07:41 WARNING: No new file uploaded
2024-05-13 15:07:51 WARNING: No new file uploaded
2024-05-13 15:08:01 WARNING: No new file uploaded
2024-05-13 15:08:12 WARNING: No new file uploaded
2024-05-13 15:08:22 WARNING: No new file uploaded
2024-05-13 15:08:32 WARNING: No new file uploaded
2024-05-13 15:08:42 WARNING: No new file uploaded
2024-05-13 15:08:53 WARNING: No new file uploaded
2024-05-13 15:09:03 WARNING: No new file uploaded
2024-05-13 15:09:13 WARNING: No new file uploaded
2024-05-13 15:09:23 WARNING: No new file uploaded
2024-05-13 15:09:34 WARNING: No new file uploaded
2024-05-13 15:09:44 WARNING: No new file uploaded
2024-05-13 15:09:54 WARNING: No new file uploaded
2024-05-13 15:10:04 WARNING: No new file uploaded
2024-05-13 15:10:15 WARNING: No new file uploaded
2024-05-13 15:10:25 WARNING: No new file uploaded
2024-05-13 15:10:35 WARNING: No new file uploaded
2024-05-13 15:10:45 WARNING: No new file uploaded
2024-05-13 15:10:55 WARNING: No new file uploaded
2024-05-13 15:11:06 WARNING: No new file uploaded
2024-05-13 15:11:16 WARNING: No new file uploaded
2024-05-13 15:11:26 WARNING: No new file uploaded
2024-05-13 15:11:36 WARNING: No new file uploaded
2024-05-13 15:11:47 WARNING: No new file uploaded
2024-05-13 15:11:57 WARNING: No new file uploaded
2024-05-13 15:12:07 WARNING: No new file uploaded
2024-05-13 15:12:17 WARNING: No new file uploaded
2024-05-13 15:12:28 WARNING: No new file uploaded
2024-05-13 15:12:38 WARNING: No new file uploaded
2024-05-13 15:12:48 WARNING: No new file uploaded
2024-05-13 15:12:58 WARNING: No new file uploaded
2024-05-13 15:13:09 WARNING: No new file uploaded
2024-05-13 15:13:19 WARNING: No new file uploaded
2024-05-13 15:13:29 WARNING: No new file uploaded
2024-05-13 15:13:39 WARNING: No new file uploaded
2024-05-13 15:13:50 WARNING: No new file uploaded
2024-05-13 15:14:00 WARNING: No new file uploaded
2024-05-13 15:14:10 WARNING: No new file uploaded
2024-05-13 15:14:20 WARNING: No new file uploaded
2024-05-13 15:14:31 WARNING: No new file uploaded
2024-05-13 15:14:41 WARNING: No new file uploaded
2024-05-13 15:14:51 WARNING: No new file uploaded
2024-05-13 15:15:01 WARNING: No new file uploaded
2024-05-13 15:15:11 WARNING: No new file uploaded
2024-05-13 15:15:22 WARNING: No new file uploaded
2024-05-13 15:15:32 WARNING: No new file uploaded
2024-05-13 15:15:42 WARNING: No new file uploaded
2024-05-13 15:15:52 WARNING: No new file uploaded
2024-05-13 15:16:03 WARNING: No new file uploaded
2024-05-13 15:16:13 WARNING: No new file uploaded
2024-05-13 15:16:23 WARNING: No new file uploaded
2024-05-13 15:16:33 WARNING: No new file uploaded
2024-05-13 15:16:44 WARNING: No new file uploaded
2024-05-13 15:16:54 WARNING: No new file uploaded
2024-05-13 15:17:04 WARNING: No new file uploaded
2024-05-13 15:17:14 WARNING: No new file uploaded
2024-05-13 15:17:25 WARNING: No new file uploaded
2024-05-13 15:17:35 WARNING: No new file uploaded
2024-05-13 15:17:45 WARNING: No new file uploaded
2024-05-13 15:17:55 WARNING: No new file uploaded
2024-05-13 15:18:06 WARNING: No new file uploaded
2024-05-13 15:18:16 WARNING: No new file uploaded
2024-05-13 15:18:26 WARNING: No new file uploaded
2024-05-13 15:18:36 WARNING: No new file uploaded
2024-05-13 15:18:47 WARNING: No new file uploaded
2024-05-13 15:18:57 WARNING: No new file uploaded
2024-05-13 15:19:07 WARNING: No new file uploaded
2024-05-13 15:19:17 WARNING: No new file uploaded
2024-05-13 15:19:28 WARNING: No new file uploaded
2024-05-13 15:19:38 WARNING: No new file uploaded
2024-05-13 15:19:48 WARNING: No new file uploaded
2024-05-13 15:19:58 WARNING: No new file uploaded
2024-05-13 15:20:08 WARNING: No new file uploaded
2024-05-13 15:20:19 WARNING: No new file uploaded
2024-05-13 15:20:29 WARNING: No new file uploaded
2024-05-13 15:20:39 WARNING: No new file uploaded
2024-05-13 15:20:49 WARNING: No new file uploaded
2024-05-13 15:21:00 WARNING: No new file uploaded
2024-05-13 15:21:10 WARNING: No new file uploaded
2024-05-13 15:21:20 WARNING: No new file uploaded
2024-05-13 15:21:30 WARNING: No new file uploaded
2024-05-13 15:21:41 WARNING: No new file uploaded
2024-05-13 15:21:51 WARNING: No new file uploaded
2024-05-13 15:22:01 WARNING: No new file uploaded
2024-05-13 15:22:11 WARNING: No new file uploaded
2024-05-13 15:22:22 WARNING: No new file uploaded
2024-05-13 15:22:32 WARNING: No new file uploaded
2024-05-13 15:22:42 WARNING: No new file uploaded
2024-05-13 15:22:52 WARNING: No new file uploaded
2024-05-13 15:23:03 WARNING: No new file uploaded
2024-05-13 15:23:13 WARNING: No new file uploaded
2024-05-13 15:23:23 WARNING: No new file uploaded
2024-05-13 15:23:33 WARNING: No new file uploaded
2024-05-13 15:23:44 WARNING: No new file uploaded
2024-05-13 15:23:54 WARNING: No new file uploaded
2024-05-13 15:24:04 WARNING: No new file uploaded
2024-05-13 15:24:14 WARNING: No new file uploaded
2024-05-13 15:24:24 WARNING: No new file uploaded
2024-05-13 15:24:35 WARNING: No new file uploaded
2024-05-13 15:24:45 WARNING: No new file uploaded
2024-05-13 15:24:55 WARNING: No new file uploaded
2024-05-13 15:25:05 WARNING: No new file uploaded
2024-05-13 15:25:16 WARNING: No new file uploaded
2024-05-13 15:25:26 WARNING: No new file uploaded
2024-05-13 15:25:36 WARNING: No new file uploaded
2024-05-13 15:25:46 WARNING: No new file uploaded
2024-05-13 15:25:57 WARNING: No new file uploaded
2024-05-13 15:26:07 WARNING: No new file uploaded
2024-05-13 15:26:17 WARNING: No new file uploaded
2024-05-13 15:26:27 WARNING: No new file uploaded
2024-05-13 15:26:38 WARNING: No new file uploaded
2024-05-13 15:26:48 WARNING: No new file uploaded
2024-05-13 15:26:58 WARNING: No new file uploaded
2024-05-13 15:27:08 WARNING: No new file uploaded
2024-05-13 15:27:19 WARNING: No new file uploaded
2024-05-13 15:27:29 WARNING: No new file uploaded
2024-05-13 15:27:39 WARNING: No new file uploaded
2024-05-13 15:27:49 WARNING: No new file uploaded
2024-05-13 15:28:00 WARNING: No new file uploaded
2024-05-13 15:28:10 WARNING: No new file uploaded
2024-05-13 15:28:20 WARNING: No new file uploaded
2024-05-13 15:28:30 WARNING: No new file uploaded
2024-05-13 15:28:40 WARNING: No new file uploaded
2024-05-13 15:28:51 WARNING: No new file uploaded
2024-05-13 15:29:01 WARNING: No new file uploaded
2024-05-13 15:29:11 WARNING: No new file uploaded
2024-05-13 15:29:21 WARNING: No new file uploaded
2024-05-13 15:29:32 WARNING: No new file uploaded
2024-05-13 15:29:42 WARNING: No new file uploaded
2024-05-13 15:29:52 WARNING: No new file uploaded
2024-05-13 15:30:02 WARNING: No new file uploaded
2024-05-13 15:30:13 WARNING: No new file uploaded
2024-05-13 15:30:23 WARNING: No new file uploaded
2024-05-13 15:30:33 WARNING: No new file uploaded
2024-05-13 15:30:43 WARNING: No new file uploaded
2024-05-13 15:30:54 WARNING: No new file uploaded
2024-05-13 15:31:04 WARNING: No new file uploaded
2024-05-13 15:31:14 WARNING: No new file uploaded
2024-05-13 15:31:24 WARNING: No new file uploaded
2024-05-13 15:31:35 WARNING: No new file uploaded
2024-05-13 15:31:45 WARNING: No new file uploaded
2024-05-13 15:31:55 WARNING: No new file uploaded
2024-05-13 15:32:05 WARNING: No new file uploaded
2024-05-13 15:32:16 WARNING: No new file uploaded
2024-05-13 15:32:26 WARNING: No new file uploaded
2024-05-13 15:32:36 WARNING: No new file uploaded
2024-05-13 15:32:46 WARNING: No new file uploaded
2024-05-13 15:32:56 WARNING: No new file uploaded
2024-05-13 15:33:07 WARNING: No new file uploaded
2024-05-13 15:33:17 WARNING: No new file uploaded
2024-05-13 15:33:27 WARNING: No new file uploaded
2024-05-13 15:33:37 WARNING: No new file uploaded
2024-05-13 15:33:48 WARNING: No new file uploaded
2024-05-13 15:33:58 WARNING: No new file uploaded
2024-05-13 15:34:08 WARNING: No new file uploaded
2024-05-13 15:34:18 WARNING: No new file uploaded
2024-05-13 15:34:29 WARNING: No new file uploaded
2024-05-13 15:34:39 WARNING: No new file uploaded
2024-05-13 15:34:49 WARNING: No new file uploaded
2024-05-13 15:34:59 WARNING: No new file uploaded
2024-05-13 15:35:10 WARNING: No new file uploaded
2024-05-13 15:35:20 WARNING: No new file uploaded
2024-05-13 15:35:30 WARNING: No new file uploaded
2024-05-13 15:35:40 WARNING: No new file uploaded
2024-05-13 15:35:51 WARNING: No new file uploaded
2024-05-13 15:36:01 WARNING: No new file uploaded
2024-05-13 15:36:11 WARNING: No new file uploaded
2024-05-13 15:36:21 WARNING: No new file uploaded
2024-05-13 15:36:32 WARNING: No new file uploaded
2024-05-13 15:36:42 WARNING: No new file uploaded
2024-05-13 15:36:52 WARNING: No new file uploaded
2024-05-13 15:37:02 WARNING: No new file uploaded
2024-05-13 15:37:12 WARNING: No new file uploaded
2024-05-13 15:37:23 WARNING: No new file uploaded
2024-05-13 15:37:33 WARNING: No new file uploaded
2024-05-13 15:37:43 WARNING: No new file uploaded
2024-05-13 15:37:53 WARNING: No new file uploaded
2024-05-13 15:38:04 WARNING: No new file uploaded
2024-05-13 15:38:14 WARNING: No new file uploaded
2024-05-13 15:38:24 WARNING: No new file uploaded
2024-05-13 15:38:34 WARNING: No new file uploaded
2024-05-13 15:38:45 WARNING: No new file uploaded
2024-05-13 15:38:55 WARNING: No new file uploaded
2024-05-13 15:39:05 WARNING: No new file uploaded
2024-05-13 15:39:15 WARNING: No new file uploaded
2024-05-13 15:39:26 WARNING: No new file uploaded
2024-05-13 15:39:36 WARNING: No new file uploaded
2024-05-13 15:39:46 WARNING: No new file uploaded
2024-05-13 15:39:56 WARNING: No new file uploaded
2024-05-13 15:40:07 WARNING: No new file uploaded
2024-05-13 15:40:17 WARNING: No new file uploaded
2024-05-13 15:40:27 WARNING: No new file uploaded
2024-05-13 15:40:37 WARNING: No new file uploaded
2024-05-13 15:40:48 WARNING: No new file uploaded
2024-05-13 15:40:58 WARNING: No new file uploaded
2024-05-13 15:41:08 WARNING: No new file uploaded
2024-05-13 15:41:18 WARNING: No new file uploaded
2024-05-13 15:41:29 WARNING: No new file uploaded
2024-05-13 15:41:39 WARNING: No new file uploaded
2024-05-13 15:41:49 WARNING: No new file uploaded
2024-05-13 15:41:59 WARNING: No new file uploaded
2024-05-13 15:42:09 WARNING: No new file uploaded
2024-05-13 15:42:20 WARNING: No new file uploaded
2024-05-13 15:42:30 WARNING: No new file uploaded
2024-05-13 15:42:40 WARNING: No new file uploaded
2024-05-13 15:42:50 WARNING: No new file uploaded
2024-05-13 15:43:01 WARNING: No new file uploaded
2024-05-13 15:43:11 WARNING: No new file uploaded
2024-05-13 15:43:21 WARNING: No new file uploaded
2024-05-13 15:43:31 WARNING: No new file uploaded
2024-05-13 15:43:42 WARNING: No new file uploaded
2024-05-13 15:43:52 WARNING: No new file uploaded
2024-05-13 15:44:02 WARNING: No new file uploaded
2024-05-13 15:44:12 WARNING: No new file uploaded
2024-05-13 15:44:23 WARNING: No new file uploaded
2024-05-13 15:44:33 WARNING: No new file uploaded
2024-05-13 15:44:43 WARNING: No new file uploaded
2024-05-13 15:44:53 WARNING: No new file uploaded
2024-05-13 15:45:04 WARNING: No new file uploaded
2024-05-13 15:45:14 WARNING: No new file uploaded
2024-05-13 15:45:24 WARNING: No new file uploaded
2024-05-13 15:45:34 WARNING: No new file uploaded
2024-05-13 15:45:45 WARNING: No new file uploaded
2024-05-13 15:45:55 WARNING: No new file uploaded
2024-05-13 15:46:05 WARNING: No new file uploaded
2024-05-13 15:46:15 WARNING: No new file uploaded
2024-05-13 15:46:25 WARNING: No new file uploaded
2024-05-13 15:46:36 WARNING: No new file uploaded
2024-05-13 15:46:46 WARNING: No new file uploaded
2024-05-13 15:46:56 WARNING: No new file uploaded
2024-05-13 15:47:06 WARNING: No new file uploaded
2024-05-13 15:47:17 WARNING: No new file uploaded
2024-05-13 15:47:27 WARNING: No new file uploaded
2024-05-13 15:47:37 WARNING: No new file uploaded
2024-05-13 15:47:47 WARNING: No new file uploaded
2024-05-13 15:47:58 WARNING: No new file uploaded
2024-05-13 15:48:08 WARNING: No new file uploaded
2024-05-13 15:48:18 WARNING: No new file uploaded
2024-05-13 15:48:28 WARNING: No new file uploaded
2024-05-13 15:48:39 WARNING: No new file uploaded
2024-05-13 15:48:49 WARNING: No new file uploaded
2024-05-13 15:48:59 WARNING: No new file uploaded
2024-05-13 15:49:09 WARNING: No new file uploaded
2024-05-13 15:49:20 WARNING: No new file uploaded
2024-05-13 15:49:30 WARNING: No new file uploaded
2024-05-13 15:49:40 WARNING: No new file uploaded
2024-05-13 15:49:50 WARNING: No new file uploaded
2024-05-13 15:50:01 WARNING: No new file uploaded
2024-05-13 15:50:11 WARNING: No new file uploaded
2024-05-13 15:50:21 WARNING: No new file uploaded
2024-05-13 15:50:31 WARNING: No new file uploaded
2024-05-13 15:50:41 WARNING: No new file uploaded
2024-05-13 15:50:52 WARNING: No new file uploaded
2024-05-13 15:51:02 WARNING: No new file uploaded
2024-05-13 15:51:12 WARNING: No new file uploaded
2024-05-13 15:51:22 WARNING: No new file uploaded
2024-05-13 15:51:33 WARNING: No new file uploaded
2024-05-13 15:51:43 WARNING: No new file uploaded
2024-05-13 15:51:53 WARNING: No new file uploaded
2024-05-13 15:52:03 WARNING: No new file uploaded
2024-05-13 15:52:14 WARNING: No new file uploaded
2024-05-13 15:52:24 WARNING: No new file uploaded
2024-05-13 15:52:34 WARNING: No new file uploaded
2024-05-13 15:52:44 WARNING: No new file uploaded
2024-05-13 15:52:55 WARNING: No new file uploaded
2024-05-13 15:53:05 WARNING: No new file uploaded
2024-05-13 15:53:15 WARNING: No new file uploaded
2024-05-13 15:53:25 WARNING: No new file uploaded
2024-05-13 15:53:36 WARNING: No new file uploaded
2024-05-13 15:53:46 WARNING: No new file uploaded
2024-05-13 15:53:56 WARNING: No new file uploaded
2024-05-13 15:54:06 WARNING: No new file uploaded
2024-05-13 15:54:17 WARNING: No new file uploaded
2024-05-13 15:54:27 WARNING: No new file uploaded
2024-05-13 15:54:37 WARNING: No new file uploaded
2024-05-13 15:54:47 WARNING: No new file uploaded
2024-05-13 15:54:57 WARNING: No new file uploaded
2024-05-13 15:55:08 WARNING: No new file uploaded
2024-05-13 15:55:18 WARNING: No new file uploaded
2024-05-13 15:55:28 WARNING: No new file uploaded
2024-05-13 15:55:38 WARNING: No new file uploaded
2024-05-13 15:55:49 WARNING: No new file uploaded
2024-05-13 15:55:59 WARNING: No new file uploaded
2024-05-13 15:56:09 WARNING: No new file uploaded
2024-05-13 15:56:19 WARNING: No new file uploaded
2024-05-13 15:56:30 WARNING: No new file uploaded
2024-05-13 15:56:40 WARNING: No new file uploaded
2024-05-13 15:56:50 WARNING: No new file uploaded
2024-05-13 15:57:00 WARNING: No new file uploaded
2024-05-13 15:57:11 WARNING: No new file uploaded
2024-05-13 15:57:21 WARNING: No new file uploaded
2024-05-13 15:57:31 WARNING: No new file uploaded
2024-05-13 15:57:41 WARNING: No new file uploaded
2024-05-13 15:57:52 WARNING: No new file uploaded
2024-05-13 15:58:02 WARNING: No new file uploaded
2024-05-13 15:58:12 WARNING: No new file uploaded
2024-05-13 15:58:22 WARNING: No new file uploaded
2024-05-13 15:58:32 WARNING: No new file uploaded
2024-05-13 15:58:43 WARNING: No new file uploaded
2024-05-13 15:58:53 WARNING: No new file uploaded
2024-05-13 15:59:03 WARNING: No new file uploaded
2024-05-13 15:59:13 WARNING: No new file uploaded
2024-05-13 15:59:24 WARNING: No new file uploaded
2024-05-13 15:59:34 WARNING: No new file uploaded
2024-05-13 15:59:44 WARNING: No new file uploaded
2024-05-13 15:59:54 WARNING: No new file uploaded
2024-05-13 16:00:05 WARNING: No new file uploaded
2024-05-13 16:00:15 WARNING: No new file uploaded
2024-05-13 16:00:25 WARNING: No new file uploaded
2024-05-13 16:00:35 WARNING: No new file uploaded
2024-05-13 16:00:46 WARNING: No new file uploaded
2024-05-13 16:00:56 WARNING: No new file uploaded
2024-05-13 16:01:06 WARNING: No new file uploaded
2024-05-13 16:01:16 WARNING: No new file uploaded
2024-05-13 16:01:27 WARNING: No new file uploaded
2024-05-13 16:01:37 WARNING: No new file uploaded
2024-05-13 16:01:47 WARNING: No new file uploaded
2024-05-13 16:01:57 WARNING: No new file uploaded
2024-05-13 16:02:08 WARNING: No new file uploaded
2024-05-13 16:02:18 WARNING: No new file uploaded
2024-05-13 16:02:28 WARNING: No new file uploaded
2024-05-13 16:02:38 WARNING: No new file uploaded
2024-05-13 16:02:49 WARNING: No new file uploaded
2024-05-13 16:02:59 WARNING: No new file uploaded
2024-05-13 16:03:09 WARNING: No new file uploaded
2024-05-13 16:03:19 WARNING: No new file uploaded
2024-05-13 16:03:29 WARNING: No new file uploaded
2024-05-13 16:03:40 WARNING: No new file uploaded
2024-05-13 16:03:50 WARNING: No new file uploaded
2024-05-13 16:04:00 WARNING: No new file uploaded
2024-05-13 16:04:10 WARNING: No new file uploaded
2024-05-13 16:04:21 WARNING: No new file uploaded
2024-05-13 16:04:31 WARNING: No new file uploaded
2024-05-13 16:04:41 WARNING: No new file uploaded
2024-05-13 16:04:51 WARNING: No new file uploaded
2024-05-13 16:05:02 WARNING: No new file uploaded
2024-05-13 16:05:12 WARNING: No new file uploaded
2024-05-13 16:05:22 WARNING: No new file uploaded
2024-05-13 16:05:32 WARNING: No new file uploaded
2024-05-13 16:05:43 WARNING: No new file uploaded
2024-05-13 16:05:53 WARNING: No new file uploaded
2024-05-13 16:06:03 WARNING: No new file uploaded
2024-05-13 16:06:13 WARNING: No new file uploaded
2024-05-13 16:06:24 WARNING: No new file uploaded
2024-05-13 16:06:34 WARNING: No new file uploaded
2024-05-13 16:06:44 WARNING: No new file uploaded
2024-05-13 16:06:54 WARNING: No new file uploaded
2024-05-13 16:07:05 WARNING: No new file uploaded
2024-05-13 16:07:15 WARNING: No new file uploaded
2024-05-13 16:07:25 WARNING: No new file uploaded
2024-05-13 16:07:35 WARNING: No new file uploaded
2024-05-13 16:07:45 WARNING: No new file uploaded
2024-05-13 16:07:56 WARNING: No new file uploaded
2024-05-13 16:08:06 WARNING: No new file uploaded
2024-05-13 16:08:16 WARNING: No new file uploaded
2024-05-13 16:08:26 WARNING: No new file uploaded
2024-05-13 16:08:37 WARNING: No new file uploaded
2024-05-13 16:08:47 WARNING: No new file uploaded
2024-05-13 16:08:57 WARNING: No new file uploaded
2024-05-13 16:09:07 WARNING: No new file uploaded
2024-05-13 16:09:18 WARNING: No new file uploaded
2024-05-13 16:09:28 WARNING: No new file uploaded
2024-05-13 16:09:38 WARNING: No new file uploaded
2024-05-13 16:09:48 WARNING: No new file uploaded
2024-05-13 16:09:59 WARNING: No new file uploaded
2024-05-13 16:10:09 WARNING: No new file uploaded
2024-05-13 16:10:19 WARNING: No new file uploaded
2024-05-13 16:10:29 WARNING: No new file uploaded
2024-05-13 16:10:40 WARNING: No new file uploaded
2024-05-13 16:10:50 WARNING: No new file uploaded
2024-05-13 16:11:00 WARNING: No new file uploaded
2024-05-13 16:11:10 WARNING: No new file uploaded
2024-05-13 16:11:21 WARNING: No new file uploaded
2024-05-13 16:11:31 WARNING: No new file uploaded
2024-05-13 16:11:41 WARNING: No new file uploaded
2024-05-13 16:11:51 WARNING: No new file uploaded
2024-05-13 16:12:02 WARNING: No new file uploaded
2024-05-13 16:12:12 WARNING: No new file uploaded
2024-05-13 16:12:22 WARNING: No new file uploaded
2024-05-13 16:12:32 WARNING: No new file uploaded
2024-05-13 16:12:42 WARNING: No new file uploaded
2024-05-13 16:12:53 WARNING: No new file uploaded
2024-05-13 16:13:03 WARNING: No new file uploaded
2024-05-13 16:13:13 WARNING: No new file uploaded
2024-05-13 16:13:23 WARNING: No new file uploaded
2024-05-13 16:13:34 WARNING: No new file uploaded
2024-05-13 16:13:44 WARNING: No new file uploaded
2024-05-13 16:13:54 WARNING: No new file uploaded
2024-05-13 16:14:04 WARNING: No new file uploaded
2024-05-13 16:14:15 WARNING: No new file uploaded
2024-05-13 16:14:25 WARNING: No new file uploaded
2024-05-13 16:14:35 WARNING: No new file uploaded
2024-05-13 16:14:45 WARNING: No new file uploaded
2024-05-13 16:14:56 WARNING: No new file uploaded
2024-05-13 16:15:06 WARNING: No new file uploaded
2024-05-13 16:15:16 WARNING: No new file uploaded
2024-05-13 16:15:26 WARNING: No new file uploaded
2024-05-13 16:15:37 WARNING: No new file uploaded
2024-05-13 16:15:47 WARNING: No new file uploaded
2024-05-13 16:15:57 WARNING: No new file uploaded
2024-05-13 16:16:07 WARNING: No new file uploaded
2024-05-13 16:16:18 WARNING: No new file uploaded
2024-05-13 16:16:28 WARNING: No new file uploaded
2024-05-13 16:16:38 WARNING: No new file uploaded
2024-05-13 16:16:48 WARNING: No new file uploaded
2024-05-13 16:16:58 WARNING: No new file uploaded
2024-05-13 16:17:09 WARNING: No new file uploaded
2024-05-13 16:17:19 WARNING: No new file uploaded
2024-05-13 16:17:29 WARNING: No new file uploaded
2024-05-13 16:17:39 WARNING: No new file uploaded
2024-05-13 16:17:50 WARNING: No new file uploaded
2024-05-13 16:18:00 WARNING: No new file uploaded
2024-05-13 16:18:10 WARNING: No new file uploaded
2024-05-13 16:18:20 WARNING: No new file uploaded
2024-05-13 16:18:31 WARNING: No new file uploaded
2024-05-13 16:18:41 WARNING: No new file uploaded
2024-05-13 16:18:51 WARNING: No new file uploaded
2024-05-13 16:19:01 WARNING: No new file uploaded
2024-05-13 16:19:12 WARNING: No new file uploaded
2024-05-13 16:19:22 WARNING: No new file uploaded
2024-05-13 16:19:32 WARNING: No new file uploaded
2024-05-13 16:19:42 WARNING: No new file uploaded
2024-05-13 16:19:53 WARNING: No new file uploaded
2024-05-13 16:20:03 WARNING: No new file uploaded
2024-05-13 16:20:13 WARNING: No new file uploaded
2024-05-13 16:20:23 WARNING: No new file uploaded
2024-05-13 16:20:34 WARNING: No new file uploaded
2024-05-13 16:20:44 WARNING: No new file uploaded
2024-05-13 16:20:54 WARNING: No new file uploaded
2024-05-13 16:21:04 WARNING: No new file uploaded
2024-05-13 16:21:15 WARNING: No new file uploaded
2024-05-13 16:21:25 WARNING: No new file uploaded
2024-05-13 16:21:35 WARNING: No new file uploaded
2024-05-13 16:21:45 WARNING: No new file uploaded
2024-05-13 16:21:55 WARNING: No new file uploaded
2024-05-13 16:22:06 WARNING: No new file uploaded
2024-05-13 16:22:16 WARNING: No new file uploaded
2024-05-13 16:22:26 WARNING: No new file uploaded
2024-05-13 16:22:36 WARNING: No new file uploaded
2024-05-13 16:22:47 WARNING: No new file uploaded
2024-05-13 16:22:57 WARNING: No new file uploaded
2024-05-13 16:23:07 WARNING: No new file uploaded
2024-05-13 16:23:17 WARNING: No new file uploaded
2024-05-13 16:23:28 WARNING: No new file uploaded
2024-05-13 16:23:38 WARNING: No new file uploaded
2024-05-13 16:23:48 WARNING: No new file uploaded
2024-05-13 16:23:58 WARNING: No new file uploaded
2024-05-13 16:24:09 WARNING: No new file uploaded
2024-05-13 16:24:19 WARNING: No new file uploaded
2024-05-13 16:24:29 WARNING: No new file uploaded
2024-05-13 16:24:39 WARNING: No new file uploaded
2024-05-13 16:24:50 WARNING: No new file uploaded
2024-05-13 16:25:00 WARNING: No new file uploaded
2024-05-13 16:25:10 WARNING: No new file uploaded
2024-05-13 16:25:20 WARNING: No new file uploaded
2024-05-13 16:25:31 WARNING: No new file uploaded
2024-05-13 16:25:41 WARNING: No new file uploaded
2024-05-13 16:25:51 WARNING: No new file uploaded
2024-05-13 16:26:01 WARNING: No new file uploaded
2024-05-13 16:26:12 WARNING: No new file uploaded
2024-05-13 16:26:22 WARNING: No new file uploaded
2024-05-13 16:26:32 WARNING: No new file uploaded
2024-05-13 16:26:42 WARNING: No new file uploaded
2024-05-13 16:26:53 WARNING: No new file uploaded
2024-05-13 16:27:03 WARNING: No new file uploaded
2024-05-13 16:27:13 WARNING: No new file uploaded
2024-05-13 16:27:23 WARNING: No new file uploaded
2024-05-13 16:27:33 WARNING: No new file uploaded
2024-05-13 16:27:44 WARNING: No new file uploaded
2024-05-13 16:27:54 WARNING: No new file uploaded
2024-05-13 16:28:04 WARNING: No new file uploaded
2024-05-13 16:28:14 WARNING: No new file uploaded
2024-05-13 16:28:25 WARNING: No new file uploaded
2024-05-13 16:28:35 WARNING: No new file uploaded
2024-05-13 16:28:45 WARNING: No new file uploaded
2024-05-13 16:28:55 WARNING: No new file uploaded
2024-05-13 16:29:06 WARNING: No new file uploaded
2024-05-13 16:29:16 WARNING: No new file uploaded
2024-05-13 16:29:26 WARNING: No new file uploaded
2024-05-13 16:29:36 WARNING: No new file uploaded
2024-05-13 16:29:47 WARNING: No new file uploaded
2024-05-13 16:29:57 WARNING: No new file uploaded
2024-05-13 16:30:07 WARNING: No new file uploaded
2024-05-13 16:30:17 WARNING: No new file uploaded
2024-05-13 16:30:28 WARNING: No new file uploaded
2024-05-13 16:30:38 WARNING: No new file uploaded
2024-05-13 16:30:48 WARNING: No new file uploaded
2024-05-13 16:30:58 WARNING: No new file uploaded
2024-05-13 16:31:08 WARNING: No new file uploaded
2024-05-13 16:31:19 WARNING: No new file uploaded
2024-05-13 16:31:29 WARNING: No new file uploaded
2024-05-13 16:31:39 WARNING: No new file uploaded
2024-05-13 16:31:49 WARNING: No new file uploaded
2024-05-13 16:32:00 WARNING: No new file uploaded
2024-05-13 16:32:10 WARNING: No new file uploaded
2024-05-13 16:32:20 WARNING: No new file uploaded
2024-05-13 16:32:30 WARNING: No new file uploaded
2024-05-13 16:32:41 WARNING: No new file uploaded
2024-05-13 16:32:51 WARNING: No new file uploaded
2024-05-13 16:33:01 WARNING: No new file uploaded
2024-05-13 16:33:11 WARNING: No new file uploaded
2024-05-13 16:33:22 WARNING: No new file uploaded
2024-05-13 16:33:32 WARNING: No new file uploaded
2024-05-13 16:33:42 WARNING: No new file uploaded
2024-05-13 16:33:52 WARNING: No new file uploaded
2024-05-13 16:34:03 WARNING: No new file uploaded
2024-05-13 16:34:13 WARNING: No new file uploaded
2024-05-13 16:34:23 WARNING: No new file uploaded
2024-05-13 16:34:33 WARNING: No new file uploaded
2024-05-13 16:34:43 WARNING: No new file uploaded
2024-05-13 16:34:54 WARNING: No new file uploaded
2024-05-13 16:35:04 WARNING: No new file uploaded
2024-05-13 16:35:14 WARNING: No new file uploaded
2024-05-13 16:35:24 WARNING: No new file uploaded
2024-05-13 16:35:35 WARNING: No new file uploaded
2024-05-13 16:35:45 WARNING: No new file uploaded
2024-05-13 16:35:55 WARNING: No new file uploaded
2024-05-13 16:36:05 WARNING: No new file uploaded
2024-05-13 16:36:16 WARNING: No new file uploaded
2024-05-13 16:36:26 WARNING: No new file uploaded
2024-05-13 16:36:36 WARNING: No new file uploaded
2024-05-13 16:36:46 WARNING: No new file uploaded
2024-05-13 16:36:57 WARNING: No new file uploaded
2024-05-13 16:37:07 WARNING: No new file uploaded
2024-05-13 16:37:17 WARNING: No new file uploaded
2024-05-13 16:37:27 WARNING: No new file uploaded
2024-05-13 16:37:38 WARNING: No new file uploaded
2024-05-13 16:37:48 WARNING: No new file uploaded
2024-05-13 16:37:58 WARNING: No new file uploaded
2024-05-13 16:38:08 WARNING: No new file uploaded
2024-05-13 16:38:19 WARNING: No new file uploaded
2024-05-13 16:38:29 WARNING: No new file uploaded
2024-05-13 16:38:39 WARNING: No new file uploaded
2024-05-13 16:38:49 WARNING: No new file uploaded
2024-05-13 16:39:00 WARNING: No new file uploaded
2024-05-13 16:39:10 WARNING: No new file uploaded
2024-05-13 16:39:20 WARNING: No new file uploaded
2024-05-13 16:39:30 WARNING: No new file uploaded
2024-05-13 16:39:41 WARNING: No new file uploaded
2024-05-13 16:39:51 WARNING: No new file uploaded
2024-05-13 16:40:01 WARNING: No new file uploaded
2024-05-13 16:40:11 WARNING: No new file uploaded
2024-05-13 16:40:21 WARNING: No new file uploaded
2024-05-13 16:40:32 WARNING: No new file uploaded
2024-05-13 16:40:42 WARNING: No new file uploaded
2024-05-13 16:40:52 WARNING: No new file uploaded
2024-05-13 16:41:02 WARNING: No new file uploaded
2024-05-13 16:41:13 WARNING: No new file uploaded
2024-05-13 16:41:23 WARNING: No new file uploaded
2024-05-13 16:41:33 WARNING: No new file uploaded
2024-05-13 16:41:43 WARNING: No new file uploaded
2024-05-13 16:41:54 WARNING: No new file uploaded
2024-05-13 16:42:04 WARNING: No new file uploaded
2024-05-13 16:42:14 WARNING: No new file uploaded
2024-05-13 16:42:24 WARNING: No new file uploaded
2024-05-13 16:42:35 WARNING: No new file uploaded
2024-05-13 16:42:45 WARNING: No new file uploaded
2024-05-13 16:42:55 WARNING: No new file uploaded
2024-05-13 16:43:05 WARNING: No new file uploaded
2024-05-13 16:43:16 WARNING: No new file uploaded
2024-05-13 16:43:26 WARNING: No new file uploaded
2024-05-13 16:43:36 WARNING: No new file uploaded
2024-05-13 16:43:46 WARNING: No new file uploaded
2024-05-13 16:43:57 WARNING: No new file uploaded
2024-05-13 16:44:07 WARNING: No new file uploaded
2024-05-13 16:44:17 WARNING: No new file uploaded
2024-05-13 16:44:27 WARNING: No new file uploaded
2024-05-13 16:44:37 WARNING: No new file uploaded
2024-05-13 16:44:48 WARNING: No new file uploaded
2024-05-13 16:44:58 WARNING: No new file uploaded
2024-05-13 16:45:08 WARNING: No new file uploaded
2024-05-13 16:45:18 WARNING: No new file uploaded
2024-05-13 16:45:29 WARNING: No new file uploaded
2024-05-13 16:45:39 WARNING: No new file uploaded
2024-05-13 16:45:49 WARNING: No new file uploaded
2024-05-13 16:45:59 WARNING: No new file uploaded
2024-05-13 16:46:10 WARNING: No new file uploaded
2024-05-13 16:46:20 WARNING: No new file uploaded
2024-05-13 16:46:30 WARNING: No new file uploaded
2024-05-13 16:46:40 WARNING: No new file uploaded
2024-05-13 16:46:51 WARNING: No new file uploaded
2024-05-13 16:47:01 WARNING: No new file uploaded
2024-05-13 16:47:11 WARNING: No new file uploaded
2024-05-13 16:47:21 WARNING: No new file uploaded
2024-05-13 16:47:32 WARNING: No new file uploaded
2024-05-13 16:47:42 WARNING: No new file uploaded
2024-05-13 16:47:52 WARNING: No new file uploaded
2024-05-13 16:48:02 WARNING: No new file uploaded
2024-05-13 16:48:13 WARNING: No new file uploaded
2024-05-13 16:48:23 WARNING: No new file uploaded
2024-05-13 16:48:33 WARNING: No new file uploaded
2024-05-13 16:48:43 WARNING: No new file uploaded
2024-05-13 16:48:53 WARNING: No new file uploaded
2024-05-13 16:49:04 WARNING: No new file uploaded
2024-05-13 16:49:14 WARNING: No new file uploaded
2024-05-13 16:49:24 WARNING: No new file uploaded
2024-05-13 16:49:34 WARNING: No new file uploaded
2024-05-13 16:49:45 WARNING: No new file uploaded
2024-05-13 16:49:55 WARNING: No new file uploaded
2024-05-13 16:50:05 WARNING: No new file uploaded
2024-05-13 16:50:15 WARNING: No new file uploaded
2024-05-13 16:50:26 WARNING: No new file uploaded
2024-05-13 16:50:36 WARNING: No new file uploaded
2024-05-13 16:50:46 WARNING: No new file uploaded
2024-05-13 16:50:56 WARNING: No new file uploaded
2024-05-13 16:51:07 WARNING: No new file uploaded
2024-05-13 16:51:17 WARNING: No new file uploaded
2024-05-13 16:51:27 WARNING: No new file uploaded
2024-05-13 16:51:37 WARNING: No new file uploaded
2024-05-13 16:51:48 WARNING: No new file uploaded
2024-05-13 16:51:58 WARNING: No new file uploaded
2024-05-13 16:52:08 WARNING: No new file uploaded
2024-05-13 16:52:18 WARNING: No new file uploaded
2024-05-13 16:52:29 WARNING: No new file uploaded
2024-05-13 16:52:39 WARNING: No new file uploaded
2024-05-13 16:52:49 WARNING: No new file uploaded
2024-05-13 16:52:59 WARNING: No new file uploaded
2024-05-13 16:53:09 WARNING: No new file uploaded
2024-05-13 16:53:20 WARNING: No new file uploaded
2024-05-13 16:53:30 WARNING: No new file uploaded
2024-05-13 16:53:40 WARNING: No new file uploaded
2024-05-13 16:53:50 WARNING: No new file uploaded
2024-05-13 16:54:01 WARNING: No new file uploaded
2024-05-13 16:54:11 WARNING: No new file uploaded
2024-05-13 16:54:21 WARNING: No new file uploaded
2024-05-13 16:54:31 WARNING: No new file uploaded
2024-05-13 16:54:42 WARNING: No new file uploaded
2024-05-13 16:54:52 WARNING: No new file uploaded
2024-05-13 16:55:02 WARNING: No new file uploaded
2024-05-13 16:55:12 WARNING: No new file uploaded
2024-05-13 16:55:23 WARNING: No new file uploaded
2024-05-13 16:55:33 WARNING: No new file uploaded
2024-05-13 16:55:43 WARNING: No new file uploaded
2024-05-13 16:55:53 WARNING: No new file uploaded
2024-05-13 16:56:04 WARNING: No new file uploaded
2024-05-13 16:56:14 WARNING: No new file uploaded
2024-05-13 16:56:24 WARNING: No new file uploaded
2024-05-13 16:56:34 WARNING: No new file uploaded
2024-05-13 16:56:44 WARNING: No new file uploaded
2024-05-13 16:56:55 WARNING: No new file uploaded
2024-05-13 16:57:05 WARNING: No new file uploaded
2024-05-13 16:57:15 WARNING: No new file uploaded
2024-05-13 16:57:25 WARNING: No new file uploaded
2024-05-13 16:57:36 WARNING: No new file uploaded
2024-05-13 16:57:46 WARNING: No new file uploaded
2024-05-13 16:57:56 WARNING: No new file uploaded
2024-05-13 16:58:06 WARNING: No new file uploaded
2024-05-13 16:58:17 WARNING: No new file uploaded
2024-05-13 16:58:27 WARNING: No new file uploaded
2024-05-13 16:58:37 WARNING: No new file uploaded
2024-05-13 16:58:47 WARNING: No new file uploaded
2024-05-13 16:58:58 WARNING: No new file uploaded
2024-05-13 16:59:08 WARNING: No new file uploaded
2024-05-13 16:59:18 WARNING: No new file uploaded
2024-05-13 16:59:28 WARNING: No new file uploaded
2024-05-13 16:59:39 WARNING: No new file uploaded
2024-05-13 16:59:49 WARNING: No new file uploaded
2024-05-13 16:59:59 WARNING: No new file uploaded
2024-05-13 17:00:09 WARNING: No new file uploaded
2024-05-13 17:00:20 WARNING: No new file uploaded
2024-05-13 17:00:30 WARNING: No new file uploaded
2024-05-13 17:00:40 WARNING: No new file uploaded
2024-05-13 17:00:50 WARNING: No new file uploaded
2024-05-13 17:01:01 WARNING: No new file uploaded
2024-05-13 17:01:11 WARNING: No new file uploaded
2024-05-13 17:01:21 WARNING: No new file uploaded
2024-05-13 17:01:31 WARNING: No new file uploaded
2024-05-13 17:01:41 WARNING: No new file uploaded
2024-05-13 17:01:52 WARNING: No new file uploaded
2024-05-13 17:02:02 WARNING: No new file uploaded
2024-05-13 17:02:12 WARNING: No new file uploaded
2024-05-13 17:02:22 WARNING: No new file uploaded
2024-05-13 17:02:33 WARNING: No new file uploaded
2024-05-13 17:02:43 WARNING: No new file uploaded
2024-05-13 17:02:53 WARNING: No new file uploaded
2024-05-13 17:03:03 WARNING: No new file uploaded
2024-05-13 17:03:14 WARNING: No new file uploaded
2024-05-13 17:03:24 WARNING: No new file uploaded
2024-05-13 17:03:34 WARNING: No new file uploaded
2024-05-13 17:03:44 WARNING: No new file uploaded
2024-05-13 17:03:55 WARNING: No new file uploaded
2024-05-13 17:04:05 WARNING: No new file uploaded
2024-05-13 17:04:15 WARNING: No new file uploaded
2024-05-13 17:04:25 WARNING: No new file uploaded
2024-05-13 17:04:36 WARNING: No new file uploaded
2024-05-13 17:04:46 WARNING: No new file uploaded
2024-05-13 17:04:56 WARNING: No new file uploaded
2024-05-13 17:05:06 WARNING: No new file uploaded
2024-05-13 17:05:17 WARNING: No new file uploaded
2024-05-13 17:05:27 WARNING: No new file uploaded
2024-05-13 17:05:37 WARNING: No new file uploaded
2024-05-13 17:05:47 WARNING: No new file uploaded
2024-05-13 17:05:58 WARNING: No new file uploaded
2024-05-13 17:06:08 WARNING: No new file uploaded
2024-05-13 17:06:18 WARNING: No new file uploaded
2024-05-13 17:06:28 WARNING: No new file uploaded
2024-05-13 17:06:38 WARNING: No new file uploaded
2024-05-13 17:06:49 WARNING: No new file uploaded
2024-05-13 17:06:59 WARNING: No new file uploaded
2024-05-13 17:07:09 WARNING: No new file uploaded
2024-05-13 17:07:19 WARNING: No new file uploaded
2024-05-13 17:07:30 WARNING: No new file uploaded
2024-05-13 17:07:40 WARNING: No new file uploaded
2024-05-13 17:07:50 WARNING: No new file uploaded
2024-05-13 17:08:00 WARNING: No new file uploaded
2024-05-13 17:08:11 WARNING: No new file uploaded
2024-05-13 17:08:21 WARNING: No new file uploaded
2024-05-13 17:08:31 WARNING: No new file uploaded
2024-05-13 17:08:41 WARNING: No new file uploaded
2024-05-13 17:08:52 WARNING: No new file uploaded
2024-05-13 17:09:02 WARNING: No new file uploaded
2024-05-13 17:09:12 WARNING: No new file uploaded
2024-05-13 17:09:22 WARNING: No new file uploaded
2024-05-13 17:09:33 WARNING: No new file uploaded
2024-05-13 17:09:43 WARNING: No new file uploaded
2024-05-13 17:09:53 WARNING: No new file uploaded
2024-05-13 17:10:03 WARNING: No new file uploaded
2024-05-13 17:10:13 WARNING: No new file uploaded
2024-05-13 17:10:24 WARNING: No new file uploaded
2024-05-13 17:10:34 WARNING: No new file uploaded
2024-05-13 17:10:44 WARNING: No new file uploaded
2024-05-13 17:10:54 WARNING: No new file uploaded
2024-05-13 17:11:05 WARNING: No new file uploaded
2024-05-13 17:11:15 WARNING: No new file uploaded
2024-05-13 17:11:25 WARNING: No new file uploaded
2024-05-13 17:11:35 WARNING: No new file uploaded
2024-05-13 17:11:46 WARNING: No new file uploaded
2024-05-13 17:11:56 WARNING: No new file uploaded
2024-05-13 17:12:06 WARNING: No new file uploaded
2024-05-13 17:12:16 WARNING: No new file uploaded
2024-05-13 17:12:27 WARNING: No new file uploaded
2024-05-13 17:12:37 WARNING: No new file uploaded
2024-05-13 17:12:47 WARNING: No new file uploaded
2024-05-13 17:12:57 WARNING: No new file uploaded
2024-05-13 17:13:08 WARNING: No new file uploaded
2024-05-13 17:13:18 WARNING: No new file uploaded
2024-05-13 17:13:28 WARNING: No new file uploaded
2024-05-13 17:13:38 WARNING: No new file uploaded
2024-05-13 17:13:49 WARNING: No new file uploaded
2024-05-13 17:13:59 WARNING: No new file uploaded
2024-05-13 17:14:09 WARNING: No new file uploaded
2024-05-13 17:14:19 WARNING: No new file uploaded
2024-05-13 17:14:30 WARNING: No new file uploaded
2024-05-13 17:14:40 WARNING: No new file uploaded
2024-05-13 17:14:50 WARNING: No new file uploaded
2024-05-13 17:15:00 WARNING: No new file uploaded
2024-05-13 17:15:11 WARNING: No new file uploaded
2024-05-13 17:15:21 WARNING: No new file uploaded
2024-05-13 17:15:31 WARNING: No new file uploaded
2024-05-13 17:15:41 WARNING: No new file uploaded
2024-05-13 17:15:52 WARNING: No new file uploaded
2024-05-13 17:16:02 WARNING: No new file uploaded
2024-05-13 17:16:12 WARNING: No new file uploaded
2024-05-13 17:16:22 WARNING: No new file uploaded
2024-05-13 17:16:32 WARNING: No new file uploaded
2024-05-13 17:16:43 WARNING: No new file uploaded
2024-05-13 17:16:53 WARNING: No new file uploaded
2024-05-13 17:17:03 WARNING: No new file uploaded
2024-05-13 17:17:13 WARNING: No new file uploaded
2024-05-13 17:17:24 WARNING: No new file uploaded
2024-05-13 17:17:34 WARNING: No new file uploaded
2024-05-13 17:17:44 WARNING: No new file uploaded
2024-05-13 17:17:54 WARNING: No new file uploaded
2024-05-13 17:18:05 WARNING: No new file uploaded
2024-05-13 17:18:15 WARNING: No new file uploaded
2024-05-13 17:18:25 WARNING: No new file uploaded
2024-05-13 17:18:35 WARNING: No new file uploaded
2024-05-13 17:18:46 WARNING: No new file uploaded
2024-05-13 17:18:56 WARNING: No new file uploaded
2024-05-13 17:19:06 WARNING: No new file uploaded
2024-05-13 17:19:16 WARNING: No new file uploaded
2024-05-13 17:19:27 WARNING: No new file uploaded
2024-05-13 17:19:37 WARNING: No new file uploaded
2024-05-13 17:19:47 WARNING: No new file uploaded
2024-05-13 17:19:57 WARNING: No new file uploaded
2024-05-13 17:20:08 WARNING: No new file uploaded
2024-05-13 17:20:18 WARNING: No new file uploaded
2024-05-13 17:20:28 WARNING: No new file uploaded
2024-05-13 17:20:38 WARNING: No new file uploaded
2024-05-13 17:20:49 WARNING: No new file uploaded
2024-05-13 17:20:59 WARNING: No new file uploaded
2024-05-13 17:21:09 WARNING: No new file uploaded
2024-05-13 17:21:19 WARNING: No new file uploaded
2024-05-13 17:21:29 WARNING: No new file uploaded
2024-05-13 17:21:40 WARNING: No new file uploaded
2024-05-13 17:21:50 WARNING: No new file uploaded
2024-05-13 17:22:00 WARNING: No new file uploaded
2024-05-13 17:22:10 WARNING: No new file uploaded
2024-05-13 17:22:21 WARNING: No new file uploaded
2024-05-13 17:22:31 WARNING: No new file uploaded
2024-05-13 17:22:41 WARNING: No new file uploaded
2024-05-13 17:22:51 WARNING: No new file uploaded
2024-05-13 17:23:02 WARNING: No new file uploaded
2024-05-13 17:23:12 WARNING: No new file uploaded
2024-05-13 17:23:22 WARNING: No new file uploaded
2024-05-13 17:23:32 WARNING: No new file uploaded
2024-05-13 17:23:43 WARNING: No new file uploaded
2024-05-13 17:23:53 WARNING: No new file uploaded
2024-05-13 17:24:03 WARNING: No new file uploaded
2024-05-13 17:24:13 WARNING: No new file uploaded
2024-05-13 17:24:24 WARNING: No new file uploaded
2024-05-13 17:24:34 WARNING: No new file uploaded
2024-05-13 17:24:44 WARNING: No new file uploaded
2024-05-13 17:24:54 WARNING: No new file uploaded
2024-05-13 17:25:05 WARNING: No new file uploaded
2024-05-13 17:25:15 WARNING: No new file uploaded
2024-05-13 17:25:25 WARNING: No new file uploaded
2024-05-13 17:25:35 WARNING: No new file uploaded
2024-05-13 17:25:45 WARNING: No new file uploaded
2024-05-13 17:25:56 WARNING: No new file uploaded
2024-05-13 17:26:06 WARNING: No new file uploaded
2024-05-13 17:26:16 WARNING: No new file uploaded
2024-05-13 17:26:26 WARNING: No new file uploaded
2024-05-13 17:26:37 WARNING: No new file uploaded
2024-05-13 17:26:47 WARNING: No new file uploaded
2024-05-13 17:26:57 WARNING: No new file uploaded
2024-05-13 17:27:07 WARNING: No new file uploaded
2024-05-13 17:27:18 WARNING: No new file uploaded
2024-05-13 17:27:28 WARNING: No new file uploaded
2024-05-13 17:27:38 WARNING: No new file uploaded
2024-05-13 17:27:48 WARNING: No new file uploaded
2024-05-13 17:27:59 WARNING: No new file uploaded
2024-05-13 17:28:09 WARNING: No new file uploaded
2024-05-13 17:28:19 WARNING: No new file uploaded
2024-05-13 17:28:29 WARNING: No new file uploaded
2024-05-13 17:28:40 WARNING: No new file uploaded
2024-05-13 17:28:50 WARNING: No new file uploaded
2024-05-13 17:29:00 WARNING: No new file uploaded
2024-05-13 17:29:10 WARNING: No new file uploaded
2024-05-13 17:29:20 WARNING: No new file uploaded
2024-05-13 17:29:31 WARNING: No new file uploaded
2024-05-13 17:29:41 WARNING: No new file uploaded
2024-05-13 17:29:51 WARNING: No new file uploaded
2024-05-13 17:30:01 WARNING: No new file uploaded
2024-05-13 17:30:12 WARNING: No new file uploaded
2024-05-13 17:30:22 WARNING: No new file uploaded
2024-05-13 17:30:32 WARNING: No new file uploaded
2024-05-13 17:30:42 WARNING: No new file uploaded
2024-05-13 17:30:53 WARNING: No new file uploaded
2024-05-13 17:31:03 WARNING: No new file uploaded
2024-05-13 17:31:13 WARNING: No new file uploaded
2024-05-13 17:31:23 WARNING: No new file uploaded
2024-05-13 17:31:34 WARNING: No new file uploaded
2024-05-13 17:31:44 WARNING: No new file uploaded
2024-05-13 17:31:54 WARNING: No new file uploaded
2024-05-13 17:32:04 WARNING: No new file uploaded
2024-05-13 17:32:15 WARNING: No new file uploaded
2024-05-13 17:32:25 WARNING: No new file uploaded
2024-05-13 17:32:35 WARNING: No new file uploaded
2024-05-13 17:32:45 WARNING: No new file uploaded
2024-05-13 17:32:55 WARNING: No new file uploaded
2024-05-13 17:33:06 WARNING: No new file uploaded
2024-05-13 17:33:16 WARNING: No new file uploaded
2024-05-13 17:33:26 WARNING: No new file uploaded
2024-05-13 17:33:36 WARNING: No new file uploaded
2024-05-13 17:33:47 WARNING: No new file uploaded
2024-05-13 17:33:57 WARNING: No new file uploaded
2024-05-13 17:34:07 WARNING: No new file uploaded
2024-05-13 17:34:17 WARNING: No new file uploaded
2024-05-13 17:34:28 WARNING: No new file uploaded
2024-05-13 17:34:38 WARNING: No new file uploaded
2024-05-13 17:34:48 WARNING: No new file uploaded
2024-05-13 17:34:58 WARNING: No new file uploaded
2024-05-13 17:35:09 WARNING: No new file uploaded
2024-05-13 17:35:19 WARNING: No new file uploaded
2024-05-13 17:35:29 WARNING: No new file uploaded
2024-05-13 17:35:39 WARNING: No new file uploaded
2024-05-13 17:35:50 WARNING: No new file uploaded
2024-05-13 17:36:00 WARNING: No new file uploaded
2024-05-13 17:36:10 WARNING: No new file uploaded
2024-05-13 17:36:20 WARNING: No new file uploaded
2024-05-13 17:36:30 WARNING: No new file uploaded
2024-05-13 17:36:41 WARNING: No new file uploaded
2024-05-13 17:36:51 WARNING: No new file uploaded
2024-05-13 17:37:01 WARNING: No new file uploaded
2024-05-13 17:37:11 WARNING: No new file uploaded
2024-05-13 17:37:22 WARNING: No new file uploaded
2024-05-13 17:37:32 WARNING: No new file uploaded
2024-05-13 17:37:42 WARNING: No new file uploaded
2024-05-13 17:37:52 WARNING: No new file uploaded
2024-05-13 17:38:03 WARNING: No new file uploaded
2024-05-13 17:38:13 WARNING: No new file uploaded
2024-05-13 17:38:23 WARNING: No new file uploaded
2024-05-13 17:38:33 WARNING: No new file uploaded
2024-05-13 17:38:44 WARNING: No new file uploaded
2024-05-13 17:38:54 WARNING: No new file uploaded
2024-05-13 17:39:04 WARNING: No new file uploaded
2024-05-13 17:39:14 WARNING: No new file uploaded
2024-05-13 17:39:25 WARNING: No new file uploaded
2024-05-13 17:39:35 WARNING: No new file uploaded
2024-05-13 17:39:45 WARNING: No new file uploaded
2024-05-13 17:39:55 WARNING: No new file uploaded
2024-05-13 17:40:05 WARNING: No new file uploaded
2024-05-13 17:40:16 WARNING: No new file uploaded
2024-05-13 17:40:26 WARNING: No new file uploaded
2024-05-13 17:40:36 WARNING: No new file uploaded
2024-05-13 17:40:46 WARNING: No new file uploaded
2024-05-13 17:40:57 WARNING: No new file uploaded
2024-05-13 17:41:07 WARNING: No new file uploaded
2024-05-13 17:41:17 WARNING: No new file uploaded
2024-05-13 17:41:27 WARNING: No new file uploaded
2024-05-13 17:41:38 WARNING: No new file uploaded
2024-05-13 17:41:48 WARNING: No new file uploaded
2024-05-13 17:41:58 WARNING: No new file uploaded
2024-05-13 17:42:08 WARNING: No new file uploaded
2024-05-13 17:42:19 WARNING: No new file uploaded
2024-05-13 17:42:29 WARNING: No new file uploaded
2024-05-13 17:42:39 WARNING: No new file uploaded
2024-05-13 17:42:49 WARNING: No new file uploaded
2024-05-13 17:43:00 WARNING: No new file uploaded
2024-05-13 17:43:10 WARNING: No new file uploaded
2024-05-13 17:43:20 WARNING: No new file uploaded
2024-05-13 17:43:30 WARNING: No new file uploaded
2024-05-13 17:43:41 WARNING: No new file uploaded
2024-05-13 17:43:51 WARNING: No new file uploaded
2024-05-13 17:44:01 WARNING: No new file uploaded
2024-05-13 17:44:11 WARNING: No new file uploaded
2024-05-13 17:44:22 WARNING: No new file uploaded
2024-05-13 17:44:32 WARNING: No new file uploaded
2024-05-13 17:44:42 WARNING: No new file uploaded
2024-05-13 17:44:52 WARNING: No new file uploaded
2024-05-13 17:45:02 WARNING: No new file uploaded
2024-05-13 17:45:13 WARNING: No new file uploaded
2024-05-13 17:45:23 WARNING: No new file uploaded
2024-05-13 17:45:33 WARNING: No new file uploaded
2024-05-13 17:45:43 WARNING: No new file uploaded
2024-05-13 17:45:54 WARNING: No new file uploaded
2024-05-13 17:46:04 WARNING: No new file uploaded
2024-05-13 17:46:14 WARNING: No new file uploaded
2024-05-13 17:46:24 WARNING: No new file uploaded
2024-05-13 17:46:35 WARNING: No new file uploaded
2024-05-13 17:46:45 WARNING: No new file uploaded
2024-05-13 17:46:55 WARNING: No new file uploaded
2024-05-13 17:47:05 WARNING: No new file uploaded
2024-05-13 17:47:16 WARNING: No new file uploaded
2024-05-13 17:47:26 WARNING: No new file uploaded
2024-05-13 17:47:36 WARNING: No new file uploaded
2024-05-13 17:47:46 WARNING: No new file uploaded
2024-05-13 17:47:57 WARNING: No new file uploaded
2024-05-13 17:48:07 WARNING: No new file uploaded
2024-05-13 17:48:17 WARNING: No new file uploaded
2024-05-13 17:48:27 WARNING: No new file uploaded
2024-05-13 17:48:38 WARNING: No new file uploaded
2024-05-13 17:48:48 WARNING: No new file uploaded
2024-05-13 17:48:58 WARNING: No new file uploaded
2024-05-13 17:49:08 WARNING: No new file uploaded
2024-05-13 17:49:18 WARNING: No new file uploaded
2024-05-13 17:49:29 WARNING: No new file uploaded
2024-05-13 17:49:39 WARNING: No new file uploaded
2024-05-13 17:49:49 WARNING: No new file uploaded
2024-05-13 17:49:59 WARNING: No new file uploaded
2024-05-13 17:50:10 WARNING: No new file uploaded
2024-05-13 17:50:20 WARNING: No new file uploaded
2024-05-13 17:50:30 WARNING: No new file uploaded
2024-05-13 17:50:40 WARNING: No new file uploaded
2024-05-13 17:50:51 WARNING: No new file uploaded
2024-05-13 17:51:01 WARNING: No new file uploaded
2024-05-13 17:51:11 WARNING: No new file uploaded
2024-05-13 17:51:21 WARNING: No new file uploaded
2024-05-13 17:51:32 WARNING: No new file uploaded
2024-05-13 17:51:42 WARNING: No new file uploaded
2024-05-13 17:51:52 WARNING: No new file uploaded
2024-05-13 17:52:02 WARNING: No new file uploaded
2024-05-13 17:52:13 WARNING: No new file uploaded
2024-05-13 17:52:23 WARNING: No new file uploaded
2024-05-13 17:52:33 WARNING: No new file uploaded
2024-05-13 17:52:43 WARNING: No new file uploaded
2024-05-13 17:52:54 WARNING: No new file uploaded
2024-05-13 17:53:04 WARNING: No new file uploaded
2024-05-13 17:53:14 WARNING: No new file uploaded
2024-05-13 17:53:24 WARNING: No new file uploaded
2024-05-13 17:53:35 WARNING: No new file uploaded
2024-05-13 17:53:45 WARNING: No new file uploaded
2024-05-13 17:53:55 WARNING: No new file uploaded
2024-05-13 17:54:05 WARNING: No new file uploaded
2024-05-13 17:54:16 WARNING: No new file uploaded
2024-05-13 17:54:26 WARNING: No new file uploaded
2024-05-13 17:54:36 WARNING: No new file uploaded
2024-05-13 17:54:46 WARNING: No new file uploaded
2024-05-13 17:54:56 WARNING: No new file uploaded
2024-05-13 17:55:07 WARNING: No new file uploaded
2024-05-13 17:55:17 WARNING: No new file uploaded
2024-05-13 17:55:27 WARNING: No new file uploaded
2024-05-13 17:55:37 WARNING: No new file uploaded
2024-05-13 17:55:48 WARNING: No new file uploaded
2024-05-13 17:55:58 WARNING: No new file uploaded
2024-05-13 17:56:08 WARNING: No new file uploaded
2024-05-13 17:56:18 WARNING: No new file uploaded
2024-05-13 17:56:29 WARNING: No new file uploaded
2024-05-13 17:56:39 WARNING: No new file uploaded
2024-05-13 17:56:49 WARNING: No new file uploaded
2024-05-13 17:56:59 WARNING: No new file uploaded
2024-05-13 17:57:10 WARNING: No new file uploaded
2024-05-13 17:57:20 WARNING: No new file uploaded
2024-05-13 17:57:30 WARNING: No new file uploaded
2024-05-13 17:57:40 WARNING: No new file uploaded
2024-05-13 17:57:51 WARNING: No new file uploaded
2024-05-13 17:58:01 WARNING: No new file uploaded
2024-05-13 17:58:11 WARNING: No new file uploaded
2024-05-13 17:58:21 WARNING: No new file uploaded
2024-05-13 17:58:32 WARNING: No new file uploaded
2024-05-13 17:58:42 WARNING: No new file uploaded
2024-05-13 17:58:52 WARNING: No new file uploaded
2024-05-13 17:59:02 WARNING: No new file uploaded
2024-05-13 17:59:12 WARNING: No new file uploaded
2024-05-13 17:59:23 WARNING: No new file uploaded
2024-05-13 17:59:33 WARNING: No new file uploaded
2024-05-13 17:59:43 WARNING: No new file uploaded
2024-05-13 17:59:53 WARNING: No new file uploaded
2024-05-13 18:00:04 WARNING: No new file uploaded
2024-05-13 18:00:14 WARNING: No new file uploaded
2024-05-13 18:00:24 WARNING: No new file uploaded
2024-05-13 18:00:34 WARNING: No new file uploaded
2024-05-13 18:00:45 WARNING: No new file uploaded
2024-05-13 18:00:55 WARNING: No new file uploaded
2024-05-13 18:01:05 WARNING: No new file uploaded
2024-05-13 18:01:15 WARNING: No new file uploaded
2024-05-13 18:01:26 WARNING: No new file uploaded
2024-05-13 18:01:36 WARNING: No new file uploaded
2024-05-13 18:01:46 WARNING: No new file uploaded
2024-05-13 18:01:56 WARNING: No new file uploaded
2024-05-13 18:02:07 WARNING: No new file uploaded
2024-05-13 18:02:17 WARNING: No new file uploaded
2024-05-13 18:02:27 WARNING: No new file uploaded
2024-05-13 18:02:37 WARNING: No new file uploaded
2024-05-13 18:02:47 WARNING: No new file uploaded
2024-05-13 18:02:58 WARNING: No new file uploaded
2024-05-13 18:03:08 WARNING: No new file uploaded
2024-05-13 18:03:18 WARNING: No new file uploaded
2024-05-13 18:03:28 WARNING: No new file uploaded
2024-05-13 18:03:39 WARNING: No new file uploaded
2024-05-13 18:03:49 WARNING: No new file uploaded
2024-05-13 18:03:59 WARNING: No new file uploaded
2024-05-13 18:04:09 WARNING: No new file uploaded
2024-05-13 18:04:20 WARNING: No new file uploaded
2024-05-13 18:04:30 WARNING: No new file uploaded
2024-05-13 18:04:40 WARNING: No new file uploaded
2024-05-13 18:04:50 WARNING: No new file uploaded
2024-05-13 18:05:01 WARNING: No new file uploaded
2024-05-13 18:05:11 WARNING: No new file uploaded
2024-05-13 18:05:21 WARNING: No new file uploaded
2024-05-13 18:05:31 WARNING: No new file uploaded
2024-05-13 18:05:42 WARNING: No new file uploaded
2024-05-13 18:05:52 WARNING: No new file uploaded
2024-05-13 18:06:02 WARNING: No new file uploaded
2024-05-13 18:06:12 WARNING: No new file uploaded
2024-05-13 18:06:23 WARNING: No new file uploaded
2024-05-13 18:06:33 WARNING: No new file uploaded
2024-05-13 18:06:43 WARNING: No new file uploaded
2024-05-13 18:06:53 WARNING: No new file uploaded
2024-05-13 18:07:04 WARNING: No new file uploaded
2024-05-13 18:07:14 WARNING: No new file uploaded
2024-05-13 18:07:24 WARNING: No new file uploaded
2024-05-13 18:07:34 WARNING: No new file uploaded
2024-05-13 18:07:44 WARNING: No new file uploaded
2024-05-13 18:07:55 WARNING: No new file uploaded
2024-05-13 18:08:05 WARNING: No new file uploaded
2024-05-13 18:08:15 WARNING: No new file uploaded
2024-05-13 18:08:25 WARNING: No new file uploaded
2024-05-13 18:08:36 WARNING: No new file uploaded
2024-05-13 18:08:46 WARNING: No new file uploaded
2024-05-13 18:08:56 WARNING: No new file uploaded
2024-05-13 18:09:06 WARNING: No new file uploaded
2024-05-13 18:09:17 WARNING: No new file uploaded
2024-05-13 18:09:27 WARNING: No new file uploaded
2024-05-13 18:09:37 WARNING: No new file uploaded
2024-05-13 18:09:47 WARNING: No new file uploaded
2024-05-13 18:09:58 WARNING: No new file uploaded
2024-05-13 18:10:08 WARNING: No new file uploaded
2024-05-13 18:10:18 WARNING: No new file uploaded
2024-05-13 18:10:28 WARNING: No new file uploaded
2024-05-13 18:10:39 WARNING: No new file uploaded
2024-05-13 18:10:49 WARNING: No new file uploaded
2024-05-13 18:10:59 WARNING: No new file uploaded
2024-05-13 18:11:09 WARNING: No new file uploaded
2024-05-13 18:11:19 WARNING: No new file uploaded
2024-05-13 18:11:30 WARNING: No new file uploaded
2024-05-13 18:11:40 WARNING: No new file uploaded
2024-05-13 18:11:50 WARNING: No new file uploaded
2024-05-13 18:12:00 WARNING: No new file uploaded
2024-05-13 18:12:11 WARNING: No new file uploaded
2024-05-13 18:12:21 WARNING: No new file uploaded
2024-05-13 18:12:31 WARNING: No new file uploaded
2024-05-13 18:12:41 WARNING: No new file uploaded
2024-05-13 18:12:52 WARNING: No new file uploaded
2024-05-13 18:13:02 WARNING: No new file uploaded
2024-05-13 18:13:12 WARNING: No new file uploaded
2024-05-13 18:13:22 WARNING: No new file uploaded
2024-05-13 18:13:33 WARNING: No new file uploaded
2024-05-13 18:13:43 WARNING: No new file uploaded
2024-05-13 18:13:53 WARNING: No new file uploaded
2024-05-13 18:14:03 WARNING: No new file uploaded
2024-05-13 18:14:14 WARNING: No new file uploaded
2024-05-13 18:14:24 WARNING: No new file uploaded
2024-05-13 18:14:34 WARNING: No new file uploaded
2024-05-13 18:14:44 WARNING: No new file uploaded
2024-05-13 18:14:55 WARNING: No new file uploaded
2024-05-13 18:15:05 WARNING: No new file uploaded
2024-05-13 18:15:15 WARNING: No new file uploaded
2024-05-13 18:15:25 WARNING: No new file uploaded
2024-05-13 18:15:35 WARNING: No new file uploaded
2024-05-13 18:15:46 WARNING: No new file uploaded
2024-05-13 18:15:56 WARNING: No new file uploaded
2024-05-13 18:16:06 WARNING: No new file uploaded
2024-05-13 18:16:16 WARNING: No new file uploaded
2024-05-13 18:16:27 WARNING: No new file uploaded
2024-05-13 18:16:37 WARNING: No new file uploaded
2024-05-13 18:16:47 WARNING: No new file uploaded
2024-05-13 18:16:57 WARNING: No new file uploaded
2024-05-13 18:17:08 WARNING: No new file uploaded
2024-05-13 18:17:18 WARNING: No new file uploaded
2024-05-13 18:17:28 WARNING: No new file uploaded
2024-05-13 18:17:38 WARNING: No new file uploaded
2024-05-13 18:17:49 WARNING: No new file uploaded
2024-05-13 18:17:59 WARNING: No new file uploaded
2024-05-13 18:18:09 WARNING: No new file uploaded
2024-05-13 18:18:19 WARNING: No new file uploaded
2024-05-13 18:18:30 WARNING: No new file uploaded
2024-05-13 18:18:40 WARNING: No new file uploaded
2024-05-13 18:18:50 WARNING: No new file uploaded
2024-05-13 18:19:00 WARNING: No new file uploaded
2024-05-13 18:19:10 WARNING: No new file uploaded
2024-05-13 18:19:21 WARNING: No new file uploaded
2024-05-13 18:19:31 WARNING: No new file uploaded
2024-05-13 18:19:41 WARNING: No new file uploaded
2024-05-13 18:19:51 WARNING: No new file uploaded
2024-05-13 18:20:02 WARNING: No new file uploaded
2024-05-13 18:20:12 WARNING: No new file uploaded
2024-05-13 18:20:22 WARNING: No new file uploaded
2024-05-13 18:20:32 WARNING: No new file uploaded
2024-05-13 18:20:43 WARNING: No new file uploaded
2024-05-13 18:20:53 WARNING: No new file uploaded
2024-05-13 18:21:03 WARNING: No new file uploaded
2024-05-13 18:21:13 WARNING: No new file uploaded
2024-05-13 18:21:24 WARNING: No new file uploaded
2024-05-13 18:21:34 WARNING: No new file uploaded
2024-05-13 18:21:44 WARNING: No new file uploaded
2024-05-13 18:21:54 WARNING: No new file uploaded
2024-05-13 18:22:05 WARNING: No new file uploaded
2024-05-13 18:22:15 WARNING: No new file uploaded
2024-05-13 18:22:25 WARNING: No new file uploaded
2024-05-13 18:22:35 WARNING: No new file uploaded
2024-05-13 18:22:46 WARNING: No new file uploaded
2024-05-13 18:22:56 WARNING: No new file uploaded
2024-05-13 18:23:06 WARNING: No new file uploaded
2024-05-13 18:23:16 WARNING: No new file uploaded
2024-05-13 18:23:26 WARNING: No new file uploaded
2024-05-13 18:23:37 WARNING: No new file uploaded
2024-05-13 18:23:47 WARNING: No new file uploaded
2024-05-13 18:23:57 WARNING: No new file uploaded
2024-05-13 18:24:07 WARNING: No new file uploaded
2024-05-13 18:24:18 WARNING: No new file uploaded
2024-05-13 18:24:28 WARNING: No new file uploaded
2024-05-13 18:24:38 WARNING: No new file uploaded
2024-05-13 18:24:48 WARNING: No new file uploaded
2024-05-13 18:24:59 WARNING: No new file uploaded
2024-05-13 18:25:09 WARNING: No new file uploaded
2024-05-13 18:25:19 WARNING: No new file uploaded
2024-05-13 18:25:29 WARNING: No new file uploaded
2024-05-13 18:25:40 WARNING: No new file uploaded
2024-05-13 18:25:50 WARNING: No new file uploaded
2024-05-13 18:26:00 WARNING: No new file uploaded
2024-05-13 18:26:10 WARNING: No new file uploaded
2024-05-13 18:26:21 WARNING: No new file uploaded
2024-05-13 18:26:31 WARNING: No new file uploaded
2024-05-13 18:26:41 WARNING: No new file uploaded
2024-05-13 18:26:51 WARNING: No new file uploaded
2024-05-13 18:27:02 WARNING: No new file uploaded
2024-05-13 18:27:12 WARNING: No new file uploaded
2024-05-13 18:27:22 WARNING: No new file uploaded
2024-05-13 18:27:32 WARNING: No new file uploaded
2024-05-13 18:27:42 WARNING: No new file uploaded
2024-05-13 18:27:53 WARNING: No new file uploaded
2024-05-13 18:28:03 WARNING: No new file uploaded
2024-05-13 18:28:13 WARNING: No new file uploaded
2024-05-13 18:28:23 WARNING: No new file uploaded
2024-05-13 18:28:34 WARNING: No new file uploaded
2024-05-13 18:28:44 WARNING: No new file uploaded
2024-05-13 18:28:54 WARNING: No new file uploaded
2024-05-13 18:29:04 WARNING: No new file uploaded
2024-05-13 18:29:15 WARNING: No new file uploaded
2024-05-13 18:29:25 WARNING: No new file uploaded
2024-05-13 18:29:35 WARNING: No new file uploaded
2024-05-13 18:29:45 WARNING: No new file uploaded
2024-05-13 18:29:56 WARNING: No new file uploaded
2024-05-13 18:30:06 WARNING: No new file uploaded
2024-05-13 18:30:16 WARNING: No new file uploaded
2024-05-13 18:30:26 WARNING: No new file uploaded
2024-05-13 18:30:37 WARNING: No new file uploaded
2024-05-13 18:30:47 WARNING: No new file uploaded
2024-05-13 18:30:57 WARNING: No new file uploaded
2024-05-13 18:31:07 WARNING: No new file uploaded
2024-05-13 18:31:18 WARNING: No new file uploaded
2024-05-13 18:31:28 WARNING: No new file uploaded
2024-05-13 18:31:38 WARNING: No new file uploaded
2024-05-13 18:31:48 WARNING: No new file uploaded
2024-05-13 18:31:58 WARNING: No new file uploaded
2024-05-13 18:32:09 WARNING: No new file uploaded
2024-05-13 18:32:19 WARNING: No new file uploaded
2024-05-13 18:32:29 WARNING: No new file uploaded
2024-05-13 18:32:39 WARNING: No new file uploaded
2024-05-13 18:32:50 WARNING: No new file uploaded
2024-05-13 18:33:00 WARNING: No new file uploaded
2024-05-13 18:33:10 WARNING: No new file uploaded
2024-05-13 18:33:20 WARNING: No new file uploaded
2024-05-13 18:33:31 WARNING: No new file uploaded
2024-05-13 18:33:41 WARNING: No new file uploaded
2024-05-13 18:33:51 WARNING: No new file uploaded
2024-05-13 18:34:01 WARNING: No new file uploaded
2024-05-13 18:34:12 WARNING: No new file uploaded
2024-05-13 18:34:22 WARNING: No new file uploaded
2024-05-13 18:34:32 WARNING: No new file uploaded
2024-05-13 18:34:42 WARNING: No new file uploaded
2024-05-13 18:34:53 WARNING: No new file uploaded
2024-05-13 18:35:03 WARNING: No new file uploaded
2024-05-13 18:35:13 WARNING: No new file uploaded
2024-05-13 18:35:23 WARNING: No new file uploaded
2024-05-13 18:35:33 WARNING: No new file uploaded
2024-05-13 18:35:44 WARNING: No new file uploaded
2024-05-13 18:35:54 WARNING: No new file uploaded
2024-05-13 18:36:04 WARNING: No new file uploaded
2024-05-13 18:36:14 WARNING: No new file uploaded
2024-05-13 18:36:25 WARNING: No new file uploaded
2024-05-13 18:36:35 WARNING: No new file uploaded
2024-05-13 18:36:45 WARNING: No new file uploaded
2024-05-13 18:36:55 WARNING: No new file uploaded
2024-05-13 18:37:06 WARNING: No new file uploaded
2024-05-13 18:37:16 WARNING: No new file uploaded
2024-05-13 18:37:26 WARNING: No new file uploaded
2024-05-13 18:37:36 WARNING: No new file uploaded
2024-05-13 18:37:47 WARNING: No new file uploaded
2024-05-13 18:37:57 WARNING: No new file uploaded
2024-05-13 18:38:07 WARNING: No new file uploaded
2024-05-13 18:38:17 WARNING: No new file uploaded
2024-05-13 18:38:28 WARNING: No new file uploaded
2024-05-13 18:38:38 WARNING: No new file uploaded
2024-05-13 18:38:48 WARNING: No new file uploaded
2024-05-13 18:38:58 WARNING: No new file uploaded
2024-05-13 18:39:09 WARNING: No new file uploaded
2024-05-13 18:39:19 WARNING: No new file uploaded
2024-05-13 18:39:29 WARNING: No new file uploaded
2024-05-13 18:39:39 WARNING: No new file uploaded
2024-05-13 18:39:49 WARNING: No new file uploaded
2024-05-13 18:40:00 WARNING: No new file uploaded
2024-05-13 18:40:10 WARNING: No new file uploaded
2024-05-13 18:40:20 WARNING: No new file uploaded
2024-05-13 18:40:30 WARNING: No new file uploaded
2024-05-13 18:40:41 WARNING: No new file uploaded
2024-05-13 18:40:51 WARNING: No new file uploaded
2024-05-13 18:41:01 WARNING: No new file uploaded
2024-05-13 18:41:11 WARNING: No new file uploaded
2024-05-13 18:41:22 WARNING: No new file uploaded
2024-05-13 18:41:32 WARNING: No new file uploaded
2024-05-13 18:41:42 WARNING: No new file uploaded
2024-05-13 18:41:52 WARNING: No new file uploaded
2024-05-13 18:42:03 WARNING: No new file uploaded
2024-05-13 18:42:13 WARNING: No new file uploaded
2024-05-13 18:42:23 WARNING: No new file uploaded
2024-05-13 18:42:33 WARNING: No new file uploaded
2024-05-13 18:42:44 WARNING: No new file uploaded
2024-05-13 18:42:54 WARNING: No new file uploaded
2024-05-13 18:43:04 WARNING: No new file uploaded
2024-05-13 18:43:14 WARNING: No new file uploaded
2024-05-13 18:43:25 WARNING: No new file uploaded
2024-05-13 18:43:35 WARNING: No new file uploaded
2024-05-13 18:43:45 WARNING: No new file uploaded
2024-05-13 18:43:55 WARNING: No new file uploaded
2024-05-13 18:44:05 WARNING: No new file uploaded
2024-05-13 18:44:16 WARNING: No new file uploaded
2024-05-13 18:44:26 WARNING: No new file uploaded
2024-05-13 18:44:36 WARNING: No new file uploaded
2024-05-13 18:44:46 WARNING: No new file uploaded
2024-05-13 18:44:57 WARNING: No new file uploaded
2024-05-13 18:45:07 WARNING: No new file uploaded
2024-05-13 18:45:17 WARNING: No new file uploaded
2024-05-13 18:45:27 WARNING: No new file uploaded
2024-05-13 18:45:38 WARNING: No new file uploaded
2024-05-13 18:45:48 WARNING: No new file uploaded
2024-05-13 18:45:58 WARNING: No new file uploaded
2024-05-13 18:46:08 WARNING: No new file uploaded
2024-05-13 18:46:19 WARNING: No new file uploaded
2024-05-13 18:46:29 WARNING: No new file uploaded
2024-05-13 18:46:39 WARNING: No new file uploaded
2024-05-13 18:46:49 WARNING: No new file uploaded
2024-05-13 18:47:00 WARNING: No new file uploaded
2024-05-13 18:47:10 WARNING: No new file uploaded
2024-05-13 18:47:20 WARNING: No new file uploaded
2024-05-13 18:47:30 WARNING: No new file uploaded
2024-05-13 18:47:41 WARNING: No new file uploaded
2024-05-13 18:47:51 WARNING: No new file uploaded
2024-05-13 18:48:01 WARNING: No new file uploaded
2024-05-13 18:48:11 WARNING: No new file uploaded
2024-05-13 18:48:21 WARNING: No new file uploaded
2024-05-13 18:48:32 WARNING: No new file uploaded
2024-05-13 18:48:42 WARNING: No new file uploaded
2024-05-13 18:48:52 WARNING: No new file uploaded
2024-05-13 18:49:02 WARNING: No new file uploaded
2024-05-13 18:49:13 WARNING: No new file uploaded
2024-05-13 18:49:23 WARNING: No new file uploaded
2024-05-13 18:49:33 WARNING: No new file uploaded
2024-05-13 18:49:43 WARNING: No new file uploaded
2024-05-13 18:49:54 WARNING: No new file uploaded
2024-05-13 18:50:04 WARNING: No new file uploaded
2024-05-13 18:50:14 WARNING: No new file uploaded
2024-05-13 18:50:24 WARNING: No new file uploaded
2024-05-13 18:50:35 WARNING: No new file uploaded
2024-05-13 18:50:45 WARNING: No new file uploaded
2024-05-13 18:50:55 WARNING: No new file uploaded
2024-05-13 18:51:05 WARNING: No new file uploaded
2024-05-13 18:51:16 WARNING: No new file uploaded
2024-05-13 18:51:26 WARNING: No new file uploaded
2024-05-13 18:51:36 WARNING: No new file uploaded
2024-05-13 18:51:46 WARNING: No new file uploaded
2024-05-13 18:51:57 WARNING: No new file uploaded
2024-05-13 18:52:07 WARNING: No new file uploaded
2024-05-13 18:52:17 WARNING: No new file uploaded
2024-05-13 18:52:27 WARNING: No new file uploaded
2024-05-13 18:52:37 WARNING: No new file uploaded
2024-05-13 18:52:48 WARNING: No new file uploaded
2024-05-13 18:52:58 WARNING: No new file uploaded
2024-05-13 18:53:08 WARNING: No new file uploaded
2024-05-13 18:53:18 WARNING: No new file uploaded
2024-05-13 18:53:29 WARNING: No new file uploaded
2024-05-13 18:53:39 WARNING: No new file uploaded
2024-05-13 18:53:49 WARNING: No new file uploaded
2024-05-13 18:53:59 WARNING: No new file uploaded
2024-05-13 18:54:10 WARNING: No new file uploaded
2024-05-13 18:54:20 WARNING: No new file uploaded
2024-05-13 18:54:30 WARNING: No new file uploaded
2024-05-13 18:54:40 WARNING: No new file uploaded
2024-05-13 18:54:51 WARNING: No new file uploaded
2024-05-13 18:55:01 WARNING: No new file uploaded
2024-05-13 18:55:11 WARNING: No new file uploaded
2024-05-13 18:55:21 WARNING: No new file uploaded
2024-05-13 18:55:32 WARNING: No new file uploaded
2024-05-13 18:55:42 WARNING: No new file uploaded
2024-05-13 18:55:52 WARNING: No new file uploaded
2024-05-13 18:56:02 WARNING: No new file uploaded
2024-05-13 18:56:13 WARNING: No new file uploaded
2024-05-13 18:56:23 WARNING: No new file uploaded
2024-05-13 18:56:33 WARNING: No new file uploaded
2024-05-13 18:56:43 WARNING: No new file uploaded
2024-05-13 18:56:54 WARNING: No new file uploaded
2024-05-13 18:57:04 WARNING: No new file uploaded
2024-05-13 18:57:14 WARNING: No new file uploaded
2024-05-13 18:57:24 WARNING: No new file uploaded
2024-05-13 18:57:34 WARNING: No new file uploaded
2024-05-13 18:57:45 WARNING: No new file uploaded
2024-05-13 18:57:55 WARNING: No new file uploaded
2024-05-13 18:58:05 WARNING: No new file uploaded
2024-05-13 18:58:15 WARNING: No new file uploaded
2024-05-13 18:58:26 WARNING: No new file uploaded
2024-05-13 18:58:36 WARNING: No new file uploaded
2024-05-13 18:58:46 WARNING: No new file uploaded
2024-05-13 18:58:56 WARNING: No new file uploaded
2024-05-13 18:59:07 WARNING: No new file uploaded
2024-05-13 18:59:17 WARNING: No new file uploaded
2024-05-13 18:59:27 WARNING: No new file uploaded
2024-05-13 18:59:37 WARNING: No new file uploaded
2024-05-13 18:59:48 WARNING: No new file uploaded
2024-05-13 18:59:58 WARNING: No new file uploaded
2024-05-13 19:00:08 WARNING: No new file uploaded
2024-05-13 19:00:18 WARNING: No new file uploaded
2024-05-13 19:00:29 WARNING: No new file uploaded
2024-05-13 19:00:39 WARNING: No new file uploaded
2024-05-13 19:00:49 WARNING: No new file uploaded
2024-05-13 19:00:59 WARNING: No new file uploaded
2024-05-13 19:01:09 WARNING: No new file uploaded
2024-05-13 19:01:20 WARNING: No new file uploaded
2024-05-13 19:01:30 WARNING: No new file uploaded
2024-05-13 19:01:40 WARNING: No new file uploaded
2024-05-13 19:01:50 WARNING: No new file uploaded
2024-05-13 19:02:01 WARNING: No new file uploaded
2024-05-13 19:02:11 WARNING: No new file uploaded
2024-05-13 19:02:21 WARNING: No new file uploaded
2024-05-13 19:02:31 WARNING: No new file uploaded
2024-05-13 19:02:42 WARNING: No new file uploaded
2024-05-13 19:02:52 WARNING: No new file uploaded
2024-05-13 19:03:02 WARNING: No new file uploaded
2024-05-13 19:03:12 WARNING: No new file uploaded
2024-05-13 19:03:23 WARNING: No new file uploaded
2024-05-13 19:03:33 WARNING: No new file uploaded
2024-05-13 19:03:43 WARNING: No new file uploaded
2024-05-13 19:03:53 WARNING: No new file uploaded
2024-05-13 19:04:04 WARNING: No new file uploaded
2024-05-13 19:04:14 WARNING: No new file uploaded
2024-05-13 19:04:24 WARNING: No new file uploaded
2024-05-13 19:04:34 WARNING: No new file uploaded
2024-05-13 19:04:45 WARNING: No new file uploaded
2024-05-13 19:04:55 WARNING: No new file uploaded
2024-05-13 19:05:05 WARNING: No new file uploaded
2024-05-13 19:05:15 WARNING: No new file uploaded
2024-05-13 19:05:25 WARNING: No new file uploaded
2024-05-13 19:05:36 WARNING: No new file uploaded
2024-05-13 19:05:46 WARNING: No new file uploaded
2024-05-13 19:05:56 WARNING: No new file uploaded
2024-05-13 19:06:06 WARNING: No new file uploaded
2024-05-13 19:06:17 WARNING: No new file uploaded
2024-05-13 19:06:27 WARNING: No new file uploaded
2024-05-13 19:06:37 WARNING: No new file uploaded
2024-05-13 19:06:47 WARNING: No new file uploaded
2024-05-13 19:06:58 WARNING: No new file uploaded
2024-05-13 19:07:08 WARNING: No new file uploaded
2024-05-13 19:07:18 WARNING: No new file uploaded
2024-05-13 19:07:28 WARNING: No new file uploaded
2024-05-13 19:07:39 WARNING: No new file uploaded
2024-05-13 19:07:49 WARNING: No new file uploaded
2024-05-13 19:07:59 WARNING: No new file uploaded
2024-05-13 19:08:09 WARNING: No new file uploaded
2024-05-13 19:08:20 WARNING: No new file uploaded
2024-05-13 19:08:30 WARNING: No new file uploaded
2024-05-13 19:08:40 WARNING: No new file uploaded
2024-05-13 19:08:50 WARNING: No new file uploaded
2024-05-13 19:09:00 WARNING: No new file uploaded
2024-05-13 19:09:11 WARNING: No new file uploaded
2024-05-13 19:09:21 WARNING: No new file uploaded
2024-05-13 19:09:31 WARNING: No new file uploaded
2024-05-13 19:09:41 WARNING: No new file uploaded
2024-05-13 19:09:52 WARNING: No new file uploaded
2024-05-13 19:10:02 WARNING: No new file uploaded
2024-05-13 19:10:12 WARNING: No new file uploaded
2024-05-13 19:10:22 WARNING: No new file uploaded
2024-05-13 19:10:33 WARNING: No new file uploaded
2024-05-13 19:10:43 WARNING: No new file uploaded
2024-05-13 19:10:53 WARNING: No new file uploaded
2024-05-13 19:11:03 WARNING: No new file uploaded
2024-05-13 19:11:14 WARNING: No new file uploaded
2024-05-13 19:11:24 WARNING: No new file uploaded
2024-05-13 19:11:34 WARNING: No new file uploaded
2024-05-13 19:11:44 WARNING: No new file uploaded
2024-05-13 19:11:55 WARNING: No new file uploaded
2024-05-13 19:12:05 WARNING: No new file uploaded
2024-05-13 19:12:15 WARNING: No new file uploaded
2024-05-13 19:12:25 WARNING: No new file uploaded
2024-05-13 19:12:36 WARNING: No new file uploaded
2024-05-13 19:12:46 WARNING: No new file uploaded
2024-05-13 19:12:56 WARNING: No new file uploaded
2024-05-13 19:13:06 WARNING: No new file uploaded
2024-05-13 19:13:17 WARNING: No new file uploaded
2024-05-13 19:13:27 WARNING: No new file uploaded
2024-05-13 19:13:37 WARNING: No new file uploaded
2024-05-13 19:13:47 WARNING: No new file uploaded
2024-05-13 19:13:58 WARNING: No new file uploaded
2024-05-13 19:14:08 WARNING: No new file uploaded
2024-05-13 19:14:18 WARNING: No new file uploaded
2024-05-13 19:14:28 WARNING: No new file uploaded
2024-05-13 19:14:38 WARNING: No new file uploaded
2024-05-13 19:14:49 WARNING: No new file uploaded
2024-05-13 19:14:59 WARNING: No new file uploaded
2024-05-13 19:15:09 WARNING: No new file uploaded
2024-05-13 19:15:19 WARNING: No new file uploaded
2024-05-13 19:15:30 WARNING: No new file uploaded
2024-05-13 19:15:40 WARNING: No new file uploaded
2024-05-13 19:15:50 WARNING: No new file uploaded
2024-05-13 19:16:00 WARNING: No new file uploaded
2024-05-13 19:16:11 WARNING: No new file uploaded
2024-05-13 19:16:21 WARNING: No new file uploaded
2024-05-13 19:16:31 WARNING: No new file uploaded
2024-05-13 19:16:41 WARNING: No new file uploaded
2024-05-13 19:16:52 WARNING: No new file uploaded
2024-05-13 19:17:02 WARNING: No new file uploaded
2024-05-13 19:17:12 WARNING: No new file uploaded
2024-05-13 19:17:22 WARNING: No new file uploaded
2024-05-13 19:17:33 WARNING: No new file uploaded
2024-05-13 19:17:43 WARNING: No new file uploaded
2024-05-13 19:17:53 WARNING: No new file uploaded
2024-05-13 19:18:03 WARNING: No new file uploaded
2024-05-13 19:18:14 WARNING: No new file uploaded
2024-05-13 19:18:24 WARNING: No new file uploaded
2024-05-13 19:18:34 WARNING: No new file uploaded
2024-05-13 19:18:44 WARNING: No new file uploaded
2024-05-13 19:18:55 WARNING: No new file uploaded
2024-05-13 19:19:05 WARNING: No new file uploaded
2024-05-13 19:19:15 WARNING: No new file uploaded
2024-05-13 19:19:25 WARNING: No new file uploaded
2024-05-13 19:19:35 WARNING: No new file uploaded
2024-05-13 19:19:46 WARNING: No new file uploaded
2024-05-13 19:19:56 WARNING: No new file uploaded
2024-05-13 19:20:06 WARNING: No new file uploaded
2024-05-13 19:20:16 WARNING: No new file uploaded
2024-05-13 19:20:27 WARNING: No new file uploaded
2024-05-13 19:20:37 WARNING: No new file uploaded
2024-05-13 19:20:47 WARNING: No new file uploaded
2024-05-13 19:20:57 WARNING: No new file uploaded
2024-05-13 19:21:08 WARNING: No new file uploaded
2024-05-13 19:21:18 WARNING: No new file uploaded
2024-05-13 19:21:28 WARNING: No new file uploaded
2024-05-13 19:21:38 WARNING: No new file uploaded
2024-05-13 19:21:49 WARNING: No new file uploaded
2024-05-13 19:21:59 WARNING: No new file uploaded
2024-05-13 19:22:09 WARNING: No new file uploaded
2024-05-13 19:22:19 WARNING: No new file uploaded
2024-05-13 19:22:30 WARNING: No new file uploaded
2024-05-13 19:22:40 WARNING: No new file uploaded
2024-05-13 19:22:50 WARNING: No new file uploaded
2024-05-13 19:23:00 WARNING: No new file uploaded
2024-05-13 19:23:11 WARNING: No new file uploaded
2024-05-13 19:23:21 WARNING: No new file uploaded
2024-05-13 19:23:31 WARNING: No new file uploaded
2024-05-13 19:23:41 WARNING: No new file uploaded
2024-05-13 19:23:51 WARNING: No new file uploaded
2024-05-13 19:24:02 WARNING: No new file uploaded
2024-05-13 19:24:12 WARNING: No new file uploaded
2024-05-13 19:24:22 WARNING: No new file uploaded
2024-05-13 19:24:32 WARNING: No new file uploaded
2024-05-13 19:24:43 WARNING: No new file uploaded
2024-05-13 19:24:53 WARNING: No new file uploaded
2024-05-13 19:25:03 WARNING: No new file uploaded
2024-05-13 19:25:13 WARNING: No new file uploaded
2024-05-13 19:25:24 WARNING: No new file uploaded
2024-05-13 19:25:34 WARNING: No new file uploaded
2024-05-13 19:25:44 WARNING: No new file uploaded
2024-05-13 19:25:54 WARNING: No new file uploaded
2024-05-13 19:26:05 WARNING: No new file uploaded
2024-05-13 19:26:15 WARNING: No new file uploaded
2024-05-13 19:26:25 WARNING: No new file uploaded
2024-05-13 19:26:35 WARNING: No new file uploaded
2024-05-13 19:26:46 WARNING: No new file uploaded
2024-05-13 19:26:56 WARNING: No new file uploaded
2024-05-13 19:27:06 WARNING: No new file uploaded
2024-05-13 19:27:16 WARNING: No new file uploaded
2024-05-13 19:27:27 WARNING: No new file uploaded
2024-05-13 19:27:37 WARNING: No new file uploaded
2024-05-13 19:27:47 WARNING: No new file uploaded
2024-05-13 19:27:57 WARNING: No new file uploaded
2024-05-13 19:28:08 WARNING: No new file uploaded
2024-05-13 19:28:18 WARNING: No new file uploaded
2024-05-13 19:28:28 WARNING: No new file uploaded
2024-05-13 19:28:38 WARNING: No new file uploaded
2024-05-13 19:28:48 WARNING: No new file uploaded
2024-05-13 19:28:59 WARNING: No new file uploaded
2024-05-13 19:29:09 WARNING: No new file uploaded
2024-05-13 19:29:19 WARNING: No new file uploaded
2024-05-13 19:29:29 WARNING: No new file uploaded
2024-05-13 19:29:40 WARNING: No new file uploaded
2024-05-13 19:29:50 WARNING: No new file uploaded
2024-05-13 19:30:00 WARNING: No new file uploaded
2024-05-13 19:30:10 WARNING: No new file uploaded
2024-05-13 19:30:21 WARNING: No new file uploaded
2024-05-13 19:30:31 WARNING: No new file uploaded
2024-05-13 19:30:41 WARNING: No new file uploaded
2024-05-13 19:30:51 WARNING: No new file uploaded
2024-05-13 19:31:02 WARNING: No new file uploaded
2024-05-13 19:31:12 WARNING: No new file uploaded
2024-05-13 19:31:22 WARNING: No new file uploaded
2024-05-13 19:31:32 WARNING: No new file uploaded
2024-05-13 19:31:43 WARNING: No new file uploaded
2024-05-13 19:31:53 WARNING: No new file uploaded
2024-05-13 19:32:03 WARNING: No new file uploaded
2024-05-13 19:32:13 WARNING: No new file uploaded
2024-05-13 19:32:24 WARNING: No new file uploaded
2024-05-13 19:32:34 WARNING: No new file uploaded
2024-05-13 19:32:44 WARNING: No new file uploaded
2024-05-13 19:32:54 WARNING: No new file uploaded
2024-05-13 19:33:05 WARNING: No new file uploaded
2024-05-13 19:33:15 WARNING: No new file uploaded
2024-05-13 19:33:25 WARNING: No new file uploaded
2024-05-13 19:33:35 WARNING: No new file uploaded
2024-05-13 19:33:45 WARNING: No new file uploaded
2024-05-13 19:33:56 WARNING: No new file uploaded
2024-05-13 19:34:06 WARNING: No new file uploaded
2024-05-13 19:34:16 WARNING: No new file uploaded
2024-05-13 19:34:26 WARNING: No new file uploaded
2024-05-13 19:34:37 WARNING: No new file uploaded
2024-05-13 19:34:47 WARNING: No new file uploaded
2024-05-13 19:34:57 WARNING: No new file uploaded
2024-05-13 19:35:07 WARNING: No new file uploaded
2024-05-13 19:35:18 WARNING: No new file uploaded
2024-05-13 19:35:28 WARNING: No new file uploaded
2024-05-13 19:35:38 WARNING: No new file uploaded
2024-05-13 19:35:48 WARNING: No new file uploaded
2024-05-13 19:35:59 WARNING: No new file uploaded
2024-05-13 19:36:09 WARNING: No new file uploaded
2024-05-13 19:36:19 WARNING: No new file uploaded
2024-05-13 19:36:29 WARNING: No new file uploaded
2024-05-13 19:36:40 WARNING: No new file uploaded
2024-05-13 19:36:50 WARNING: No new file uploaded
2024-05-13 19:37:00 WARNING: No new file uploaded
2024-05-13 19:37:10 WARNING: No new file uploaded
2024-05-13 19:37:21 WARNING: No new file uploaded
2024-05-13 19:37:31 WARNING: No new file uploaded
2024-05-13 19:37:41 WARNING: No new file uploaded
2024-05-13 19:37:51 WARNING: No new file uploaded
2024-05-13 19:38:02 WARNING: No new file uploaded
2024-05-13 19:38:12 WARNING: No new file uploaded
2024-05-13 19:38:22 WARNING: No new file uploaded
2024-05-13 19:38:32 WARNING: No new file uploaded
2024-05-13 19:38:42 WARNING: No new file uploaded
2024-05-13 19:38:53 WARNING: No new file uploaded
2024-05-13 19:39:03 WARNING: No new file uploaded
2024-05-13 19:39:13 WARNING: No new file uploaded
2024-05-13 19:39:23 WARNING: No new file uploaded
2024-05-13 19:39:34 WARNING: No new file uploaded
2024-05-13 19:39:44 WARNING: No new file uploaded
2024-05-13 19:39:54 WARNING: No new file uploaded
2024-05-13 19:40:04 WARNING: No new file uploaded
2024-05-13 19:40:15 WARNING: No new file uploaded
2024-05-13 19:40:25 WARNING: No new file uploaded
2024-05-13 19:40:35 WARNING: No new file uploaded
2024-05-13 19:40:45 WARNING: No new file uploaded
2024-05-13 19:40:56 WARNING: No new file uploaded
2024-05-13 19:41:06 WARNING: No new file uploaded
2024-05-13 19:41:16 WARNING: No new file uploaded
2024-05-13 19:41:26 WARNING: No new file uploaded
2024-05-13 19:41:37 WARNING: No new file uploaded
2024-05-13 19:41:47 WARNING: No new file uploaded
2024-05-13 19:41:57 WARNING: No new file uploaded
2024-05-13 19:42:07 WARNING: No new file uploaded
2024-05-13 19:42:18 WARNING: No new file uploaded
2024-05-13 19:42:28 WARNING: No new file uploaded
2024-05-13 19:42:38 WARNING: No new file uploaded
2024-05-13 19:42:48 WARNING: No new file uploaded
2024-05-13 19:42:59 WARNING: No new file uploaded
2024-05-13 19:43:09 WARNING: No new file uploaded
2024-05-13 19:43:19 WARNING: No new file uploaded
2024-05-13 19:43:29 WARNING: No new file uploaded
2024-05-13 19:43:39 WARNING: No new file uploaded
2024-05-13 19:43:50 WARNING: No new file uploaded
2024-05-13 19:44:00 WARNING: No new file uploaded
2024-05-13 19:44:10 WARNING: No new file uploaded
2024-05-13 19:44:20 WARNING: No new file uploaded
2024-05-13 19:44:31 WARNING: No new file uploaded
2024-05-13 19:44:41 WARNING: No new file uploaded
2024-05-13 19:44:51 WARNING: No new file uploaded
2024-05-13 19:45:01 WARNING: No new file uploaded
2024-05-13 19:45:12 WARNING: No new file uploaded
2024-05-13 19:45:22 WARNING: No new file uploaded
2024-05-13 19:45:32 WARNING: No new file uploaded
2024-05-13 19:45:42 WARNING: No new file uploaded
2024-05-13 19:45:53 WARNING: No new file uploaded
2024-05-13 19:46:03 WARNING: No new file uploaded
2024-05-13 19:46:13 WARNING: No new file uploaded
2024-05-13 19:46:23 WARNING: No new file uploaded
2024-05-13 19:46:34 WARNING: No new file uploaded
2024-05-13 19:46:44 WARNING: No new file uploaded
2024-05-13 19:46:54 WARNING: No new file uploaded
2024-05-13 19:47:04 WARNING: No new file uploaded
2024-05-13 19:47:15 WARNING: No new file uploaded
2024-05-13 19:47:25 WARNING: No new file uploaded
2024-05-13 19:47:35 WARNING: No new file uploaded
2024-05-13 19:47:45 WARNING: No new file uploaded
2024-05-13 19:47:56 WARNING: No new file uploaded
2024-05-13 19:48:06 WARNING: No new file uploaded
2024-05-13 19:48:16 WARNING: No new file uploaded
2024-05-13 19:48:26 WARNING: No new file uploaded
2024-05-13 19:48:36 WARNING: No new file uploaded
2024-05-13 19:48:47 WARNING: No new file uploaded
2024-05-13 19:48:57 WARNING: No new file uploaded
2024-05-13 19:49:07 WARNING: No new file uploaded
2024-05-13 19:49:17 WARNING: No new file uploaded
2024-05-13 19:49:28 WARNING: No new file uploaded
2024-05-13 19:49:38 WARNING: No new file uploaded
2024-05-13 19:49:48 WARNING: No new file uploaded
2024-05-13 19:49:58 WARNING: No new file uploaded
2024-05-13 19:50:09 WARNING: No new file uploaded
2024-05-13 19:50:19 WARNING: No new file uploaded
2024-05-13 19:50:29 WARNING: No new file uploaded
2024-05-13 19:50:39 WARNING: No new file uploaded
2024-05-13 19:50:50 WARNING: No new file uploaded
2024-05-13 19:51:00 WARNING: No new file uploaded
2024-05-13 19:51:10 WARNING: No new file uploaded
2024-05-13 19:51:20 WARNING: No new file uploaded
2024-05-13 19:51:31 WARNING: No new file uploaded
2024-05-13 19:51:41 WARNING: No new file uploaded
2024-05-13 19:51:51 WARNING: No new file uploaded
2024-05-13 19:52:01 WARNING: No new file uploaded
2024-05-13 19:52:11 WARNING: No new file uploaded
2024-05-13 19:52:22 WARNING: No new file uploaded
2024-05-13 19:52:32 WARNING: No new file uploaded
2024-05-13 19:52:42 WARNING: No new file uploaded
2024-05-13 19:52:52 WARNING: No new file uploaded
2024-05-13 19:53:03 WARNING: No new file uploaded
2024-05-13 19:53:13 WARNING: No new file uploaded
2024-05-13 19:53:23 WARNING: No new file uploaded
2024-05-13 19:53:33 WARNING: No new file uploaded
2024-05-13 19:53:44 WARNING: No new file uploaded
2024-05-13 19:53:54 WARNING: No new file uploaded
2024-05-13 19:54:04 WARNING: No new file uploaded
2024-05-13 19:54:14 WARNING: No new file uploaded
2024-05-13 19:54:25 WARNING: No new file uploaded
2024-05-13 19:54:35 WARNING: No new file uploaded
2024-05-13 19:54:45 WARNING: No new file uploaded
2024-05-13 19:54:55 WARNING: No new file uploaded
2024-05-13 19:55:06 WARNING: No new file uploaded
2024-05-13 19:55:16 WARNING: No new file uploaded
2024-05-13 19:55:26 WARNING: No new file uploaded
2024-05-13 19:55:36 WARNING: No new file uploaded
2024-05-13 19:55:47 WARNING: No new file uploaded
2024-05-13 19:55:57 WARNING: No new file uploaded
2024-05-13 19:56:07 WARNING: No new file uploaded
2024-05-13 19:56:17 WARNING: No new file uploaded
2024-05-13 19:56:28 WARNING: No new file uploaded
2024-05-13 19:56:38 WARNING: No new file uploaded
2024-05-13 19:56:48 WARNING: No new file uploaded
2024-05-13 19:56:58 WARNING: No new file uploaded
2024-05-13 19:57:08 WARNING: No new file uploaded
2024-05-13 19:57:19 WARNING: No new file uploaded
2024-05-13 19:57:29 WARNING: No new file uploaded
2024-05-13 19:57:39 WARNING: No new file uploaded
2024-05-13 19:57:49 WARNING: No new file uploaded
2024-05-13 19:58:00 WARNING: No new file uploaded
2024-05-13 19:58:10 WARNING: No new file uploaded
2024-05-13 19:58:20 WARNING: No new file uploaded
2024-05-13 19:58:30 WARNING: No new file uploaded
2024-05-13 19:58:41 WARNING: No new file uploaded
2024-05-13 19:58:51 WARNING: No new file uploaded
2024-05-13 19:59:01 WARNING: No new file uploaded
2024-05-13 19:59:11 WARNING: No new file uploaded
2024-05-13 19:59:22 WARNING: No new file uploaded
2024-05-13 19:59:32 WARNING: No new file uploaded
2024-05-13 19:59:42 WARNING: No new file uploaded
2024-05-13 19:59:52 WARNING: No new file uploaded
2024-05-13 20:00:03 WARNING: No new file uploaded
2024-05-13 20:00:13 WARNING: No new file uploaded
2024-05-13 20:00:23 WARNING: No new file uploaded
2024-05-13 20:00:33 WARNING: No new file uploaded
2024-05-13 20:00:44 WARNING: No new file uploaded
2024-05-13 20:00:54 WARNING: No new file uploaded
2024-05-13 20:01:04 WARNING: No new file uploaded
2024-05-13 20:01:14 WARNING: No new file uploaded
2024-05-13 20:01:24 WARNING: No new file uploaded
2024-05-13 20:01:35 WARNING: No new file uploaded
2024-05-13 20:01:45 WARNING: No new file uploaded
2024-05-13 20:01:55 WARNING: No new file uploaded
2024-05-13 20:02:05 WARNING: No new file uploaded
2024-05-13 20:02:16 WARNING: No new file uploaded
2024-05-13 20:02:26 WARNING: No new file uploaded
2024-05-13 20:02:36 WARNING: No new file uploaded
2024-05-13 20:02:46 WARNING: No new file uploaded
2024-05-13 20:02:57 WARNING: No new file uploaded
2024-05-13 20:03:07 WARNING: No new file uploaded
2024-05-13 20:03:17 WARNING: No new file uploaded
2024-05-13 20:03:27 WARNING: No new file uploaded
2024-05-13 20:03:38 WARNING: No new file uploaded
2024-05-13 20:03:48 WARNING: No new file uploaded
2024-05-13 20:03:58 WARNING: No new file uploaded
2024-05-13 20:04:08 WARNING: No new file uploaded
2024-05-13 20:04:19 WARNING: No new file uploaded
2024-05-13 20:04:29 WARNING: No new file uploaded
2024-05-13 20:04:39 WARNING: No new file uploaded
2024-05-13 20:04:49 WARNING: No new file uploaded
2024-05-13 20:05:00 WARNING: No new file uploaded
2024-05-13 20:05:10 WARNING: No new file uploaded
2024-05-13 20:05:20 WARNING: No new file uploaded
2024-05-13 20:05:30 WARNING: No new file uploaded
2024-05-13 20:05:41 WARNING: No new file uploaded
2024-05-13 20:05:51 WARNING: No new file uploaded
2024-05-13 20:06:01 WARNING: No new file uploaded
2024-05-13 20:06:11 WARNING: No new file uploaded
2024-05-13 20:06:21 WARNING: No new file uploaded
2024-05-13 20:06:32 WARNING: No new file uploaded
2024-05-13 20:06:42 WARNING: No new file uploaded
2024-05-13 20:06:52 WARNING: No new file uploaded
2024-05-13 20:07:02 WARNING: No new file uploaded
2024-05-13 20:07:13 WARNING: No new file uploaded
2024-05-13 20:07:23 WARNING: No new file uploaded
2024-05-13 20:07:33 WARNING: No new file uploaded
2024-05-13 20:07:43 WARNING: No new file uploaded
2024-05-13 20:07:54 WARNING: No new file uploaded
2024-05-13 20:08:04 WARNING: No new file uploaded
2024-05-13 20:08:14 WARNING: No new file uploaded
2024-05-13 20:08:24 WARNING: No new file uploaded
2024-05-13 20:08:35 WARNING: No new file uploaded
2024-05-13 20:08:45 WARNING: No new file uploaded
2024-05-13 20:08:55 WARNING: No new file uploaded
2024-05-13 20:09:05 WARNING: No new file uploaded
2024-05-13 20:09:16 WARNING: No new file uploaded
2024-05-13 20:09:26 WARNING: No new file uploaded
2024-05-13 20:09:36 WARNING: No new file uploaded
2024-05-13 20:09:46 WARNING: No new file uploaded
2024-05-13 20:09:57 WARNING: No new file uploaded
2024-05-13 20:10:07 WARNING: No new file uploaded
2024-05-13 20:10:17 WARNING: No new file uploaded
2024-05-13 20:10:27 WARNING: No new file uploaded
2024-05-13 20:10:38 WARNING: No new file uploaded
2024-05-13 20:10:48 WARNING: No new file uploaded
2024-05-13 20:10:58 WARNING: No new file uploaded
2024-05-13 20:11:08 WARNING: No new file uploaded
2024-05-13 20:11:19 WARNING: No new file uploaded
2024-05-13 20:11:29 WARNING: No new file uploaded
2024-05-13 20:11:39 WARNING: No new file uploaded
2024-05-13 20:11:49 WARNING: No new file uploaded
2024-05-13 20:11:59 WARNING: No new file uploaded
2024-05-13 20:12:10 WARNING: No new file uploaded
2024-05-13 20:12:20 WARNING: No new file uploaded
2024-05-13 20:12:30 WARNING: No new file uploaded
2024-05-13 20:12:40 WARNING: No new file uploaded
2024-05-13 20:12:51 WARNING: No new file uploaded
2024-05-13 20:13:01 WARNING: No new file uploaded
2024-05-13 20:13:11 WARNING: No new file uploaded
2024-05-13 20:13:21 WARNING: No new file uploaded
2024-05-13 20:13:32 WARNING: No new file uploaded
2024-05-13 20:13:42 WARNING: No new file uploaded
2024-05-13 20:13:52 WARNING: No new file uploaded
2024-05-13 20:14:02 WARNING: No new file uploaded
2024-05-13 20:14:13 WARNING: No new file uploaded
2024-05-13 20:14:23 WARNING: No new file uploaded
2024-05-13 20:14:33 WARNING: No new file uploaded
2024-05-13 20:14:43 WARNING: No new file uploaded
2024-05-13 20:14:54 WARNING: No new file uploaded
2024-05-13 20:15:04 WARNING: No new file uploaded
2024-05-13 20:15:14 WARNING: No new file uploaded
2024-05-13 20:15:24 WARNING: No new file uploaded
2024-05-13 20:15:35 WARNING: No new file uploaded
2024-05-13 20:15:45 WARNING: No new file uploaded
2024-05-13 20:15:55 WARNING: No new file uploaded
2024-05-13 20:16:05 WARNING: No new file uploaded
2024-05-13 20:16:15 WARNING: No new file uploaded
2024-05-13 20:16:26 WARNING: No new file uploaded
2024-05-13 20:16:36 WARNING: No new file uploaded
2024-05-13 20:16:46 WARNING: No new file uploaded
2024-05-13 20:16:56 WARNING: No new file uploaded
2024-05-13 20:17:07 WARNING: No new file uploaded
2024-05-13 20:17:17 WARNING: No new file uploaded
2024-05-13 20:17:27 WARNING: No new file uploaded
2024-05-13 20:17:37 WARNING: No new file uploaded
2024-05-13 20:17:48 WARNING: No new file uploaded
2024-05-13 20:17:58 WARNING: No new file uploaded
2024-05-13 20:18:08 WARNING: No new file uploaded
2024-05-13 20:18:18 WARNING: No new file uploaded
2024-05-13 20:18:29 WARNING: No new file uploaded
2024-05-13 20:18:39 WARNING: No new file uploaded
2024-05-13 20:18:49 WARNING: No new file uploaded
2024-05-13 20:18:59 WARNING: No new file uploaded
2024-05-13 20:19:10 WARNING: No new file uploaded
2024-05-13 20:19:20 WARNING: No new file uploaded
2024-05-13 20:19:30 WARNING: No new file uploaded
2024-05-13 20:19:40 WARNING: No new file uploaded
2024-05-13 20:19:51 WARNING: No new file uploaded
2024-05-13 20:20:01 WARNING: No new file uploaded
2024-05-13 20:20:11 WARNING: No new file uploaded
2024-05-13 20:20:21 WARNING: No new file uploaded
2024-05-13 20:20:32 WARNING: No new file uploaded
2024-05-13 20:20:42 WARNING: No new file uploaded
2024-05-13 20:20:52 WARNING: No new file uploaded
2024-05-13 20:21:02 WARNING: No new file uploaded
2024-05-13 20:21:12 WARNING: No new file uploaded
2024-05-13 20:21:23 WARNING: No new file uploaded
2024-05-13 20:21:33 WARNING: No new file uploaded
2024-05-13 20:21:43 WARNING: No new file uploaded
2024-05-13 20:21:53 WARNING: No new file uploaded
2024-05-13 20:22:04 WARNING: No new file uploaded
2024-05-13 20:22:14 WARNING: No new file uploaded
2024-05-13 20:22:24 WARNING: No new file uploaded
2024-05-13 20:22:34 WARNING: No new file uploaded
2024-05-13 20:22:45 WARNING: No new file uploaded
2024-05-13 20:22:55 WARNING: No new file uploaded
2024-05-13 20:23:05 WARNING: No new file uploaded
2024-05-13 20:23:15 WARNING: No new file uploaded
2024-05-13 20:23:26 WARNING: No new file uploaded
2024-05-13 20:23:36 WARNING: No new file uploaded
2024-05-13 20:23:46 WARNING: No new file uploaded
2024-05-13 20:23:56 WARNING: No new file uploaded
2024-05-13 20:24:07 WARNING: No new file uploaded
2024-05-13 20:24:17 WARNING: No new file uploaded
2024-05-13 20:24:27 WARNING: No new file uploaded
2024-05-13 20:24:37 WARNING: No new file uploaded
2024-05-13 20:24:48 WARNING: No new file uploaded
2024-05-13 20:24:58 WARNING: No new file uploaded
2024-05-13 20:25:08 WARNING: No new file uploaded
2024-05-13 20:25:18 WARNING: No new file uploaded
2024-05-13 20:25:29 WARNING: No new file uploaded
2024-05-13 20:25:39 WARNING: No new file uploaded
2024-05-13 20:25:49 WARNING: No new file uploaded
2024-05-13 20:25:59 WARNING: No new file uploaded
2024-05-13 20:26:10 WARNING: No new file uploaded
2024-05-13 20:26:20 WARNING: No new file uploaded
2024-05-13 20:26:30 WARNING: No new file uploaded
2024-05-13 20:26:40 WARNING: No new file uploaded
2024-05-13 20:26:50 WARNING: No new file uploaded
2024-05-13 20:27:01 WARNING: No new file uploaded
2024-05-13 20:27:11 WARNING: No new file uploaded
2024-05-13 20:27:21 WARNING: No new file uploaded
2024-05-13 20:27:31 WARNING: No new file uploaded
2024-05-13 20:27:42 WARNING: No new file uploaded
2024-05-13 20:27:52 WARNING: No new file uploaded
2024-05-13 20:28:02 WARNING: No new file uploaded
2024-05-13 20:28:12 WARNING: No new file uploaded
2024-05-13 20:28:23 WARNING: No new file uploaded
2024-05-13 20:28:33 WARNING: No new file uploaded
2024-05-13 20:28:43 WARNING: No new file uploaded
2024-05-13 20:28:53 WARNING: No new file uploaded
2024-05-13 20:29:04 WARNING: No new file uploaded
2024-05-13 20:29:14 WARNING: No new file uploaded
2024-05-13 20:29:24 WARNING: No new file uploaded
2024-05-13 20:29:34 WARNING: No new file uploaded
2024-05-13 20:29:45 WARNING: No new file uploaded
2024-05-13 20:29:55 WARNING: No new file uploaded
2024-05-13 20:30:05 WARNING: No new file uploaded
2024-05-13 20:30:15 WARNING: No new file uploaded
2024-05-13 20:30:26 WARNING: No new file uploaded
2024-05-13 20:30:36 WARNING: No new file uploaded
2024-05-13 20:30:46 WARNING: No new file uploaded
2024-05-13 20:30:56 WARNING: No new file uploaded
2024-05-13 20:31:06 WARNING: No new file uploaded
2024-05-13 20:31:17 WARNING: No new file uploaded
2024-05-13 20:31:27 WARNING: No new file uploaded
2024-05-13 20:31:37 WARNING: No new file uploaded
2024-05-13 20:31:47 WARNING: No new file uploaded
2024-05-13 20:31:58 WARNING: No new file uploaded
2024-05-13 20:32:08 WARNING: No new file uploaded
2024-05-13 20:32:18 WARNING: No new file uploaded
2024-05-13 20:32:28 WARNING: No new file uploaded
2024-05-13 20:32:39 WARNING: No new file uploaded
2024-05-13 20:32:49 WARNING: No new file uploaded
2024-05-13 20:32:59 WARNING: No new file uploaded
2024-05-13 20:33:09 WARNING: No new file uploaded
2024-05-13 20:33:20 WARNING: No new file uploaded
2024-05-13 20:33:30 WARNING: No new file uploaded
2024-05-13 20:33:40 WARNING: No new file uploaded
2024-05-13 20:33:50 WARNING: No new file uploaded
2024-05-13 20:34:01 WARNING: No new file uploaded
2024-05-13 20:34:11 WARNING: No new file uploaded
2024-05-13 20:34:21 WARNING: No new file uploaded
2024-05-13 20:34:31 WARNING: No new file uploaded
2024-05-13 20:34:42 WARNING: No new file uploaded
2024-05-13 20:34:52 WARNING: No new file uploaded
2024-05-13 20:35:02 WARNING: No new file uploaded
2024-05-13 20:35:12 WARNING: No new file uploaded
2024-05-13 20:35:22 WARNING: No new file uploaded
2024-05-13 20:35:33 WARNING: No new file uploaded
2024-05-13 20:35:43 WARNING: No new file uploaded
2024-05-13 20:35:53 WARNING: No new file uploaded
2024-05-13 20:36:03 WARNING: No new file uploaded
2024-05-13 20:36:14 WARNING: No new file uploaded
2024-05-13 20:36:24 WARNING: No new file uploaded
2024-05-13 20:36:34 WARNING: No new file uploaded
2024-05-13 20:36:44 WARNING: No new file uploaded
2024-05-13 20:36:55 WARNING: No new file uploaded
2024-05-13 20:37:05 WARNING: No new file uploaded
2024-05-13 20:37:15 WARNING: No new file uploaded
2024-05-13 20:37:25 WARNING: No new file uploaded
2024-05-13 20:37:36 WARNING: No new file uploaded
2024-05-13 20:37:46 WARNING: No new file uploaded
2024-05-13 20:37:56 WARNING: No new file uploaded
2024-05-13 20:38:06 WARNING: No new file uploaded
2024-05-13 20:38:17 WARNING: No new file uploaded
2024-05-13 20:38:27 WARNING: No new file uploaded
2024-05-13 20:38:37 WARNING: No new file uploaded
2024-05-13 20:38:47 WARNING: No new file uploaded
2024-05-13 20:38:58 WARNING: No new file uploaded
2024-05-13 20:39:08 WARNING: No new file uploaded
2024-05-13 20:39:18 WARNING: No new file uploaded
2024-05-13 20:39:28 WARNING: No new file uploaded
2024-05-13 20:39:39 WARNING: No new file uploaded
2024-05-13 20:39:49 WARNING: No new file uploaded
2024-05-13 20:39:59 WARNING: No new file uploaded
2024-05-13 20:40:09 WARNING: No new file uploaded
2024-05-13 20:40:20 WARNING: No new file uploaded
2024-05-13 20:40:30 WARNING: No new file uploaded
2024-05-13 20:40:40 WARNING: No new file uploaded
2024-05-13 20:40:50 WARNING: No new file uploaded
2024-05-13 20:41:00 WARNING: No new file uploaded
2024-05-13 20:41:11 WARNING: No new file uploaded
2024-05-13 20:41:21 WARNING: No new file uploaded
2024-05-13 20:41:31 WARNING: No new file uploaded
2024-05-13 20:41:41 WARNING: No new file uploaded
2024-05-13 20:41:52 WARNING: No new file uploaded
2024-05-13 20:42:02 WARNING: No new file uploaded
2024-05-13 20:42:12 WARNING: No new file uploaded
2024-05-13 20:42:22 WARNING: No new file uploaded
2024-05-13 20:42:33 WARNING: No new file uploaded
2024-05-13 20:42:43 WARNING: No new file uploaded
2024-05-13 20:42:53 WARNING: No new file uploaded
2024-05-13 20:43:03 WARNING: No new file uploaded
2024-05-13 20:43:14 WARNING: No new file uploaded
2024-05-13 20:43:24 WARNING: No new file uploaded
2024-05-13 20:43:34 WARNING: No new file uploaded
2024-05-13 20:43:44 WARNING: No new file uploaded
2024-05-13 20:43:55 WARNING: No new file uploaded
2024-05-13 20:44:05 WARNING: No new file uploaded
2024-05-13 20:44:15 WARNING: No new file uploaded
2024-05-13 20:44:25 WARNING: No new file uploaded
2024-05-13 20:44:36 WARNING: No new file uploaded
2024-05-13 20:44:46 WARNING: No new file uploaded
2024-05-13 20:44:56 WARNING: No new file uploaded
2024-05-13 20:45:06 WARNING: No new file uploaded
2024-05-13 20:45:16 WARNING: No new file uploaded
2024-05-13 20:45:27 WARNING: No new file uploaded
2024-05-13 20:45:37 WARNING: No new file uploaded
2024-05-13 20:45:47 WARNING: No new file uploaded
2024-05-13 20:45:57 WARNING: No new file uploaded
2024-05-13 20:46:08 WARNING: No new file uploaded
2024-05-13 20:46:18 WARNING: No new file uploaded
2024-05-13 20:46:28 WARNING: No new file uploaded
2024-05-13 20:46:38 WARNING: No new file uploaded
2024-05-13 20:46:49 WARNING: No new file uploaded
2024-05-13 20:46:59 WARNING: No new file uploaded
2024-05-13 20:47:09 WARNING: No new file uploaded
2024-05-13 20:47:19 WARNING: No new file uploaded
2024-05-13 20:47:30 WARNING: No new file uploaded
2024-05-13 20:47:40 WARNING: No new file uploaded
2024-05-13 20:47:50 WARNING: No new file uploaded
2024-05-13 20:48:00 WARNING: No new file uploaded
2024-05-13 20:48:11 WARNING: No new file uploaded
2024-05-13 20:48:21 WARNING: No new file uploaded
2024-05-13 20:48:31 WARNING: No new file uploaded
2024-05-13 20:48:41 WARNING: No new file uploaded
2024-05-13 20:48:52 WARNING: No new file uploaded
2024-05-13 20:49:02 WARNING: No new file uploaded
2024-05-13 20:49:12 WARNING: No new file uploaded
2024-05-13 20:49:22 WARNING: No new file uploaded
2024-05-13 20:49:32 WARNING: No new file uploaded
2024-05-13 20:49:43 WARNING: No new file uploaded
2024-05-13 20:49:53 WARNING: No new file uploaded
2024-05-13 20:50:03 WARNING: No new file uploaded
2024-05-13 20:50:13 WARNING: No new file uploaded
2024-05-13 20:50:24 WARNING: No new file uploaded
2024-05-13 20:50:34 WARNING: No new file uploaded
2024-05-13 20:50:44 WARNING: No new file uploaded
2024-05-13 20:50:54 WARNING: No new file uploaded
2024-05-13 20:51:05 WARNING: No new file uploaded
2024-05-13 20:51:15 WARNING: No new file uploaded
2024-05-13 20:51:25 WARNING: No new file uploaded
2024-05-13 20:51:35 WARNING: No new file uploaded
2024-05-13 20:51:46 WARNING: No new file uploaded
2024-05-13 20:51:56 WARNING: No new file uploaded
2024-05-13 20:52:06 WARNING: No new file uploaded
2024-05-13 20:52:16 WARNING: No new file uploaded
2024-05-13 20:52:27 WARNING: No new file uploaded
2024-05-13 20:52:37 WARNING: No new file uploaded
2024-05-13 20:52:47 WARNING: No new file uploaded
2024-05-13 20:52:57 WARNING: No new file uploaded
2024-05-13 20:53:08 WARNING: No new file uploaded
2024-05-13 20:53:18 WARNING: No new file uploaded
2024-05-13 20:53:28 WARNING: No new file uploaded
2024-05-13 20:53:38 WARNING: No new file uploaded
2024-05-13 20:53:49 WARNING: No new file uploaded
2024-05-13 20:53:59 WARNING: No new file uploaded
2024-05-13 20:54:09 WARNING: No new file uploaded
2024-05-13 20:54:19 WARNING: No new file uploaded
2024-05-13 20:54:29 WARNING: No new file uploaded
2024-05-13 20:54:40 WARNING: No new file uploaded
2024-05-13 20:54:50 WARNING: No new file uploaded
2024-05-13 20:55:00 WARNING: No new file uploaded
2024-05-13 20:55:10 WARNING: No new file uploaded
2024-05-13 20:55:21 WARNING: No new file uploaded
2024-05-13 20:55:31 WARNING: No new file uploaded
2024-05-13 20:55:41 WARNING: No new file uploaded
2024-05-13 20:55:51 WARNING: No new file uploaded
2024-05-13 20:56:02 WARNING: No new file uploaded
2024-05-13 20:56:12 WARNING: No new file uploaded
2024-05-13 20:56:22 WARNING: No new file uploaded
2024-05-13 20:56:32 WARNING: No new file uploaded
2024-05-13 20:56:43 WARNING: No new file uploaded
2024-05-13 20:56:53 WARNING: No new file uploaded
2024-05-13 20:57:03 WARNING: No new file uploaded
2024-05-13 20:57:13 WARNING: No new file uploaded
2024-05-13 20:57:24 WARNING: No new file uploaded
2024-05-13 20:57:34 WARNING: No new file uploaded
2024-05-13 20:57:44 WARNING: No new file uploaded
2024-05-13 20:57:54 WARNING: No new file uploaded
2024-05-13 20:58:05 WARNING: No new file uploaded
2024-05-13 20:58:15 WARNING: No new file uploaded
2024-05-13 20:58:25 WARNING: No new file uploaded
2024-05-13 20:58:35 WARNING: No new file uploaded
2024-05-13 20:58:45 WARNING: No new file uploaded
2024-05-13 20:58:56 WARNING: No new file uploaded
2024-05-13 20:59:06 WARNING: No new file uploaded
2024-05-13 20:59:16 WARNING: No new file uploaded
2024-05-13 20:59:26 WARNING: No new file uploaded
2024-05-13 20:59:37 WARNING: No new file uploaded
2024-05-13 20:59:47 WARNING: No new file uploaded
2024-05-13 20:59:57 WARNING: No new file uploaded
2024-05-13 21:00:07 WARNING: No new file uploaded
2024-05-13 21:00:18 WARNING: No new file uploaded
2024-05-13 21:00:28 WARNING: No new file uploaded
2024-05-13 21:00:38 WARNING: No new file uploaded
2024-05-13 21:00:48 WARNING: No new file uploaded
2024-05-13 21:00:59 WARNING: No new file uploaded
2024-05-13 21:01:09 WARNING: No new file uploaded
2024-05-13 21:01:19 WARNING: No new file uploaded
2024-05-13 21:01:29 WARNING: No new file uploaded
2024-05-13 21:01:40 WARNING: No new file uploaded
2024-05-13 21:01:50 WARNING: No new file uploaded
2024-05-13 21:02:00 WARNING: No new file uploaded
2024-05-13 21:02:10 WARNING: No new file uploaded
2024-05-13 21:02:21 WARNING: No new file uploaded
2024-05-13 21:02:31 WARNING: No new file uploaded
2024-05-13 21:02:41 WARNING: No new file uploaded
2024-05-13 21:02:51 WARNING: No new file uploaded
2024-05-13 21:03:02 WARNING: No new file uploaded
2024-05-13 21:03:12 WARNING: No new file uploaded
2024-05-13 21:03:22 WARNING: No new file uploaded
2024-05-13 21:03:32 WARNING: No new file uploaded
2024-05-13 21:03:43 WARNING: No new file uploaded
2024-05-13 21:03:53 WARNING: No new file uploaded
2024-05-13 21:04:03 WARNING: No new file uploaded
2024-05-13 21:04:13 WARNING: No new file uploaded
2024-05-13 21:04:23 WARNING: No new file uploaded
2024-05-13 21:04:34 WARNING: No new file uploaded
2024-05-13 21:04:44 WARNING: No new file uploaded
2024-05-13 21:04:54 WARNING: No new file uploaded
2024-05-13 21:05:04 WARNING: No new file uploaded
2024-05-13 21:05:15 WARNING: No new file uploaded
2024-05-13 21:05:25 WARNING: No new file uploaded
2024-05-13 21:05:35 WARNING: No new file uploaded
2024-05-13 21:05:45 WARNING: No new file uploaded
2024-05-13 21:05:56 WARNING: No new file uploaded
2024-05-13 21:06:06 WARNING: No new file uploaded
2024-05-13 21:06:16 WARNING: No new file uploaded
2024-05-13 21:06:26 WARNING: No new file uploaded
2024-05-13 21:06:37 WARNING: No new file uploaded
2024-05-13 21:06:47 WARNING: No new file uploaded
2024-05-13 21:06:57 WARNING: No new file uploaded
2024-05-13 21:07:07 WARNING: No new file uploaded
2024-05-13 21:07:18 WARNING: No new file uploaded
2024-05-13 21:07:28 WARNING: No new file uploaded
2024-05-13 21:07:38 WARNING: No new file uploaded
2024-05-13 21:07:48 WARNING: No new file uploaded
2024-05-13 21:07:59 WARNING: No new file uploaded
2024-05-13 21:08:09 WARNING: No new file uploaded
2024-05-13 21:08:19 WARNING: No new file uploaded
2024-05-13 21:08:29 WARNING: No new file uploaded
2024-05-13 21:08:39 WARNING: No new file uploaded
2024-05-13 21:08:50 WARNING: No new file uploaded
2024-05-13 21:09:00 WARNING: No new file uploaded
2024-05-13 21:09:10 WARNING: No new file uploaded
2024-05-13 21:09:20 WARNING: No new file uploaded
2024-05-13 21:09:31 WARNING: No new file uploaded
2024-05-13 21:09:41 WARNING: No new file uploaded
2024-05-13 21:09:51 WARNING: No new file uploaded
2024-05-13 21:10:01 WARNING: No new file uploaded
2024-05-13 21:10:12 WARNING: No new file uploaded
2024-05-13 21:10:22 WARNING: No new file uploaded
2024-05-13 21:10:32 WARNING: No new file uploaded
2024-05-13 21:10:42 WARNING: No new file uploaded
2024-05-13 21:10:53 WARNING: No new file uploaded
2024-05-13 21:11:03 WARNING: No new file uploaded
2024-05-13 21:11:13 WARNING: No new file uploaded
2024-05-13 21:11:23 WARNING: No new file uploaded
2024-05-13 21:11:34 WARNING: No new file uploaded
2024-05-13 21:11:44 WARNING: No new file uploaded
2024-05-13 21:11:54 WARNING: No new file uploaded
2024-05-13 21:12:04 WARNING: No new file uploaded
2024-05-13 21:12:15 WARNING: No new file uploaded
2024-05-13 21:12:25 WARNING: No new file uploaded
2024-05-13 21:12:35 WARNING: No new file uploaded
2024-05-13 21:12:45 WARNING: No new file uploaded
2024-05-13 21:12:56 WARNING: No new file uploaded
2024-05-13 21:13:06 WARNING: No new file uploaded
2024-05-13 21:13:16 WARNING: No new file uploaded
2024-05-13 21:13:26 WARNING: No new file uploaded
2024-05-13 21:13:37 WARNING: No new file uploaded
2024-05-13 21:13:47 WARNING: No new file uploaded
2024-05-13 21:13:57 WARNING: No new file uploaded
2024-05-13 21:14:07 WARNING: No new file uploaded
2024-05-13 21:14:17 WARNING: No new file uploaded
2024-05-13 21:14:28 WARNING: No new file uploaded
2024-05-13 21:14:38 WARNING: No new file uploaded
2024-05-13 21:14:48 WARNING: No new file uploaded
2024-05-13 21:14:58 WARNING: No new file uploaded
2024-05-13 21:15:09 WARNING: No new file uploaded
2024-05-13 21:15:19 WARNING: No new file uploaded
2024-05-13 21:15:29 WARNING: No new file uploaded
2024-05-13 21:15:39 WARNING: No new file uploaded
2024-05-13 21:15:50 WARNING: No new file uploaded
2024-05-13 21:16:00 WARNING: No new file uploaded
2024-05-13 21:16:10 WARNING: No new file uploaded
2024-05-13 21:16:20 WARNING: No new file uploaded
2024-05-13 21:16:31 WARNING: No new file uploaded
2024-05-13 21:16:41 WARNING: No new file uploaded
2024-05-13 21:16:51 WARNING: No new file uploaded
2024-05-13 21:17:01 WARNING: No new file uploaded
2024-05-13 21:17:12 WARNING: No new file uploaded
2024-05-13 21:17:22 WARNING: No new file uploaded
2024-05-13 21:17:32 WARNING: No new file uploaded
2024-05-13 21:17:42 WARNING: No new file uploaded
2024-05-13 21:17:53 WARNING: No new file uploaded
2024-05-13 21:18:03 WARNING: No new file uploaded
2024-05-13 21:18:13 WARNING: No new file uploaded
2024-05-13 21:18:23 WARNING: No new file uploaded
2024-05-13 21:18:33 WARNING: No new file uploaded
2024-05-13 21:18:44 WARNING: No new file uploaded
2024-05-13 21:18:54 WARNING: No new file uploaded
2024-05-13 21:19:04 WARNING: No new file uploaded
2024-05-13 21:19:14 WARNING: No new file uploaded
2024-05-13 21:19:25 WARNING: No new file uploaded
2024-05-13 21:19:35 WARNING: No new file uploaded
2024-05-13 21:19:45 WARNING: No new file uploaded
2024-05-13 21:19:55 WARNING: No new file uploaded
2024-05-13 21:20:06 WARNING: No new file uploaded
2024-05-13 21:20:16 WARNING: No new file uploaded
2024-05-13 21:20:26 WARNING: No new file uploaded
2024-05-13 21:20:36 WARNING: No new file uploaded
2024-05-13 21:20:47 WARNING: No new file uploaded
2024-05-13 21:20:57 WARNING: No new file uploaded
2024-05-13 21:21:07 WARNING: No new file uploaded
2024-05-13 21:21:17 WARNING: No new file uploaded
2024-05-13 21:21:28 WARNING: No new file uploaded
2024-05-13 21:21:38 WARNING: No new file uploaded
2024-05-13 21:21:48 WARNING: No new file uploaded
2024-05-13 21:21:58 WARNING: No new file uploaded
2024-05-13 21:22:09 WARNING: No new file uploaded
2024-05-13 21:22:19 WARNING: No new file uploaded
2024-05-13 21:22:29 WARNING: No new file uploaded
2024-05-13 21:22:39 WARNING: No new file uploaded
2024-05-13 21:22:49 WARNING: No new file uploaded
2024-05-13 21:23:00 WARNING: No new file uploaded
2024-05-13 21:23:10 WARNING: No new file uploaded
2024-05-13 21:23:20 WARNING: No new file uploaded
2024-05-13 21:23:30 WARNING: No new file uploaded
2024-05-13 21:23:41 WARNING: No new file uploaded
2024-05-13 21:23:51 WARNING: No new file uploaded
2024-05-13 21:24:01 WARNING: No new file uploaded
2024-05-13 21:24:11 WARNING: No new file uploaded
2024-05-13 21:24:22 WARNING: No new file uploaded
2024-05-13 21:24:32 WARNING: No new file uploaded
2024-05-13 21:24:42 WARNING: No new file uploaded
2024-05-13 21:24:52 WARNING: No new file uploaded
2024-05-13 21:25:03 WARNING: No new file uploaded
2024-05-13 21:25:13 WARNING: No new file uploaded
2024-05-13 21:25:23 WARNING: No new file uploaded
2024-05-13 21:25:33 WARNING: No new file uploaded
2024-05-13 21:25:44 WARNING: No new file uploaded
2024-05-13 21:25:54 WARNING: No new file uploaded
2024-05-13 21:26:04 WARNING: No new file uploaded
2024-05-13 21:26:14 WARNING: No new file uploaded
2024-05-13 21:26:25 WARNING: No new file uploaded
2024-05-13 21:26:35 WARNING: No new file uploaded
2024-05-13 21:26:45 WARNING: No new file uploaded
2024-05-13 21:26:55 WARNING: No new file uploaded
2024-05-13 21:27:05 WARNING: No new file uploaded
2024-05-13 21:27:16 WARNING: No new file uploaded
2024-05-13 21:27:26 WARNING: No new file uploaded
2024-05-13 21:27:36 WARNING: No new file uploaded
2024-05-13 21:27:46 WARNING: No new file uploaded
2024-05-13 21:27:57 WARNING: No new file uploaded
2024-05-13 21:28:07 WARNING: No new file uploaded
2024-05-13 21:28:17 WARNING: No new file uploaded
2024-05-13 21:28:27 WARNING: No new file uploaded
2024-05-13 21:28:38 WARNING: No new file uploaded
2024-05-13 21:28:48 WARNING: No new file uploaded
2024-05-13 21:28:58 WARNING: No new file uploaded
2024-05-13 21:29:08 WARNING: No new file uploaded
2024-05-13 21:29:19 WARNING: No new file uploaded
2024-05-13 21:29:29 WARNING: No new file uploaded
2024-05-13 21:29:39 WARNING: No new file uploaded
2024-05-13 21:29:49 WARNING: No new file uploaded
2024-05-13 21:30:00 WARNING: No new file uploaded
2024-05-13 21:30:10 WARNING: No new file uploaded
2024-05-13 21:30:20 WARNING: No new file uploaded
2024-05-13 21:30:30 WARNING: No new file uploaded
2024-05-13 21:30:41 WARNING: No new file uploaded
2024-05-13 21:30:51 WARNING: No new file uploaded
2024-05-13 21:31:01 WARNING: No new file uploaded
2024-05-13 21:31:11 WARNING: No new file uploaded
2024-05-13 21:31:21 WARNING: No new file uploaded
2024-05-13 21:31:32 WARNING: No new file uploaded
2024-05-13 21:31:42 WARNING: No new file uploaded
2024-05-13 21:31:52 WARNING: No new file uploaded
2024-05-13 21:32:02 WARNING: No new file uploaded
2024-05-13 21:32:13 WARNING: No new file uploaded
2024-05-13 21:32:23 WARNING: No new file uploaded
2024-05-13 21:32:33 WARNING: No new file uploaded
2024-05-13 21:32:43 WARNING: No new file uploaded
2024-05-13 21:32:54 WARNING: No new file uploaded
2024-05-13 21:33:04 WARNING: No new file uploaded
2024-05-13 21:33:14 WARNING: No new file uploaded
2024-05-13 21:33:24 WARNING: No new file uploaded
2024-05-13 21:33:35 WARNING: No new file uploaded
2024-05-13 21:33:45 WARNING: No new file uploaded
2024-05-13 21:33:55 WARNING: No new file uploaded
2024-05-13 21:34:05 WARNING: No new file uploaded
2024-05-13 21:34:16 WARNING: No new file uploaded
2024-05-13 21:34:26 WARNING: No new file uploaded
2024-05-13 21:34:36 WARNING: No new file uploaded
2024-05-13 21:34:46 WARNING: No new file uploaded
2024-05-13 21:34:57 WARNING: No new file uploaded
2024-05-13 21:35:07 WARNING: No new file uploaded
2024-05-13 21:35:17 WARNING: No new file uploaded
2024-05-13 21:35:27 WARNING: No new file uploaded
2024-05-13 21:35:38 WARNING: No new file uploaded
2024-05-13 21:35:48 WARNING: No new file uploaded
2024-05-13 21:35:58 WARNING: No new file uploaded
2024-05-13 21:36:08 WARNING: No new file uploaded
2024-05-13 21:36:18 WARNING: No new file uploaded
2024-05-13 21:36:29 WARNING: No new file uploaded
2024-05-13 21:36:39 WARNING: No new file uploaded
2024-05-13 21:36:49 WARNING: No new file uploaded
2024-05-13 21:36:59 WARNING: No new file uploaded
2024-05-13 21:37:10 WARNING: No new file uploaded
2024-05-13 21:37:20 WARNING: No new file uploaded
2024-05-13 21:37:30 WARNING: No new file uploaded
2024-05-13 21:37:40 WARNING: No new file uploaded
2024-05-13 21:37:51 WARNING: No new file uploaded
2024-05-13 21:38:01 WARNING: No new file uploaded
2024-05-13 21:38:11 WARNING: No new file uploaded
2024-05-13 21:38:21 WARNING: No new file uploaded
2024-05-13 21:38:32 WARNING: No new file uploaded
2024-05-13 21:38:42 WARNING: No new file uploaded
2024-05-13 21:38:52 WARNING: No new file uploaded
2024-05-13 21:39:02 WARNING: No new file uploaded
2024-05-13 21:39:13 WARNING: No new file uploaded
2024-05-13 21:39:23 WARNING: No new file uploaded
2024-05-13 21:39:33 WARNING: No new file uploaded
2024-05-13 21:39:43 WARNING: No new file uploaded
2024-05-13 21:39:53 WARNING: No new file uploaded
2024-05-13 21:40:04 WARNING: No new file uploaded
2024-05-13 21:40:14 WARNING: No new file uploaded
2024-05-13 21:40:24 WARNING: No new file uploaded
2024-05-13 21:40:34 WARNING: No new file uploaded
2024-05-13 21:40:45 WARNING: No new file uploaded
2024-05-13 21:40:55 WARNING: No new file uploaded
2024-05-13 21:41:05 WARNING: No new file uploaded
2024-05-13 21:41:15 WARNING: No new file uploaded
2024-05-13 21:41:26 WARNING: No new file uploaded
2024-05-13 21:41:36 WARNING: No new file uploaded
2024-05-13 21:41:46 WARNING: No new file uploaded
2024-05-13 21:41:56 WARNING: No new file uploaded
2024-05-13 21:42:07 WARNING: No new file uploaded
2024-05-13 21:42:17 WARNING: No new file uploaded
2024-05-13 21:42:27 WARNING: No new file uploaded
2024-05-13 21:42:37 WARNING: No new file uploaded
2024-05-13 21:42:48 WARNING: No new file uploaded
2024-05-13 21:42:58 WARNING: No new file uploaded
2024-05-13 21:43:08 WARNING: No new file uploaded
2024-05-13 21:43:18 WARNING: No new file uploaded
2024-05-13 21:43:29 WARNING: No new file uploaded
2024-05-13 21:43:39 WARNING: No new file uploaded
2024-05-13 21:43:49 WARNING: No new file uploaded
2024-05-13 21:43:59 WARNING: No new file uploaded
2024-05-13 21:44:10 WARNING: No new file uploaded
2024-05-13 21:44:20 WARNING: No new file uploaded
2024-05-13 21:44:30 WARNING: No new file uploaded
2024-05-13 21:44:40 WARNING: No new file uploaded
2024-05-13 21:44:50 WARNING: No new file uploaded
2024-05-13 21:45:01 WARNING: No new file uploaded
2024-05-13 21:45:11 WARNING: No new file uploaded
2024-05-13 21:45:21 WARNING: No new file uploaded
2024-05-13 21:45:31 WARNING: No new file uploaded
2024-05-13 21:45:42 WARNING: No new file uploaded
2024-05-13 21:45:52 WARNING: No new file uploaded
2024-05-13 21:46:02 WARNING: No new file uploaded
2024-05-13 21:46:12 WARNING: No new file uploaded
2024-05-13 21:46:23 WARNING: No new file uploaded
2024-05-13 21:46:33 WARNING: No new file uploaded
2024-05-13 21:46:43 WARNING: No new file uploaded
2024-05-13 21:46:53 WARNING: No new file uploaded
2024-05-13 21:47:04 WARNING: No new file uploaded
2024-05-13 21:47:14 WARNING: No new file uploaded
2024-05-13 21:47:24 WARNING: No new file uploaded
2024-05-13 21:47:34 WARNING: No new file uploaded
2024-05-13 21:47:44 WARNING: No new file uploaded
2024-05-13 21:47:55 WARNING: No new file uploaded
2024-05-13 21:48:05 WARNING: No new file uploaded
2024-05-13 21:48:15 WARNING: No new file uploaded
2024-05-13 21:48:25 WARNING: No new file uploaded
2024-05-13 21:48:36 WARNING: No new file uploaded
2024-05-13 21:48:46 WARNING: No new file uploaded
2024-05-13 21:48:56 WARNING: No new file uploaded
2024-05-13 21:49:06 WARNING: No new file uploaded
2024-05-13 21:49:17 WARNING: No new file uploaded
2024-05-13 21:49:27 WARNING: No new file uploaded
2024-05-13 21:49:37 WARNING: No new file uploaded
2024-05-13 21:49:47 WARNING: No new file uploaded
2024-05-13 21:49:58 WARNING: No new file uploaded
2024-05-13 21:50:08 WARNING: No new file uploaded
2024-05-13 21:50:18 WARNING: No new file uploaded
2024-05-13 21:50:28 WARNING: No new file uploaded
2024-05-13 21:50:39 WARNING: No new file uploaded
2024-05-13 21:50:49 WARNING: No new file uploaded
2024-05-13 21:50:59 WARNING: No new file uploaded
2024-05-13 21:51:09 WARNING: No new file uploaded
2024-05-13 21:51:20 WARNING: No new file uploaded
2024-05-13 21:51:30 WARNING: No new file uploaded
2024-05-13 21:51:40 WARNING: No new file uploaded
2024-05-13 21:51:50 WARNING: No new file uploaded
2024-05-13 21:52:00 WARNING: No new file uploaded
2024-05-13 21:52:11 WARNING: No new file uploaded
2024-05-13 21:52:21 WARNING: No new file uploaded
2024-05-13 21:52:31 WARNING: No new file uploaded
2024-05-13 21:52:41 WARNING: No new file uploaded
2024-05-13 21:52:52 WARNING: No new file uploaded
2024-05-13 21:53:02 WARNING: No new file uploaded
2024-05-13 21:53:12 WARNING: No new file uploaded
2024-05-13 21:53:22 WARNING: No new file uploaded
2024-05-13 21:53:33 WARNING: No new file uploaded
2024-05-13 21:53:43 WARNING: No new file uploaded
2024-05-13 21:53:53 WARNING: No new file uploaded
2024-05-13 21:54:03 WARNING: No new file uploaded
2024-05-13 21:54:14 WARNING: No new file uploaded
2024-05-13 21:54:24 WARNING: No new file uploaded
2024-05-13 21:54:34 WARNING: No new file uploaded
2024-05-13 21:54:44 WARNING: No new file uploaded
2024-05-13 21:54:55 WARNING: No new file uploaded
2024-05-13 21:55:05 WARNING: No new file uploaded
2024-05-13 21:55:15 WARNING: No new file uploaded
2024-05-13 21:55:25 WARNING: No new file uploaded
2024-05-13 21:55:36 WARNING: No new file uploaded
2024-05-13 21:55:46 WARNING: No new file uploaded
2024-05-13 21:55:56 WARNING: No new file uploaded
2024-05-13 21:56:06 WARNING: No new file uploaded
2024-05-13 21:56:17 WARNING: No new file uploaded
2024-05-13 21:56:27 WARNING: No new file uploaded
2024-05-13 21:56:37 WARNING: No new file uploaded
2024-05-13 21:56:47 WARNING: No new file uploaded
2024-05-13 21:56:57 WARNING: No new file uploaded
2024-05-13 21:57:08 WARNING: No new file uploaded
2024-05-13 21:57:18 WARNING: No new file uploaded
2024-05-13 21:57:28 WARNING: No new file uploaded
2024-05-13 21:57:38 WARNING: No new file uploaded
2024-05-13 21:57:49 WARNING: No new file uploaded
2024-05-13 21:57:59 WARNING: No new file uploaded
2024-05-13 21:58:09 WARNING: No new file uploaded
2024-05-13 21:58:19 WARNING: No new file uploaded
2024-05-13 21:58:30 WARNING: No new file uploaded
2024-05-13 21:58:40 WARNING: No new file uploaded
2024-05-13 21:58:50 WARNING: No new file uploaded
2024-05-13 21:59:00 WARNING: No new file uploaded
2024-05-13 21:59:11 WARNING: No new file uploaded
2024-05-13 21:59:21 WARNING: No new file uploaded
2024-05-13 21:59:31 WARNING: No new file uploaded
2024-05-13 21:59:41 WARNING: No new file uploaded
2024-05-13 21:59:52 WARNING: No new file uploaded
2024-05-13 22:00:02 WARNING: No new file uploaded
2024-05-13 22:00:12 WARNING: No new file uploaded
2024-05-13 22:00:22 WARNING: No new file uploaded
2024-05-13 22:00:32 WARNING: No new file uploaded
2024-05-13 22:00:43 WARNING: No new file uploaded
2024-05-13 22:00:53 WARNING: No new file uploaded
2024-05-13 22:01:03 WARNING: No new file uploaded
2024-05-13 22:01:13 WARNING: No new file uploaded
2024-05-13 22:01:24 WARNING: No new file uploaded
2024-05-13 22:01:34 WARNING: No new file uploaded
2024-05-13 22:01:44 WARNING: No new file uploaded
2024-05-13 22:01:54 WARNING: No new file uploaded
2024-05-13 22:02:05 WARNING: No new file uploaded
2024-05-13 22:02:15 WARNING: No new file uploaded
2024-05-13 22:02:25 WARNING: No new file uploaded
2024-05-13 22:02:35 WARNING: No new file uploaded
2024-05-13 22:02:46 WARNING: No new file uploaded
2024-05-13 22:02:56 WARNING: No new file uploaded
2024-05-13 22:03:06 WARNING: No new file uploaded
2024-05-13 22:03:16 WARNING: No new file uploaded
2024-05-13 22:03:27 WARNING: No new file uploaded
2024-05-13 22:03:37 WARNING: No new file uploaded
2024-05-13 22:03:47 WARNING: No new file uploaded
2024-05-13 22:03:57 WARNING: No new file uploaded
2024-05-13 22:04:08 WARNING: No new file uploaded
2024-05-13 22:04:18 WARNING: No new file uploaded
2024-05-13 22:04:28 WARNING: No new file uploaded
2024-05-13 22:04:38 WARNING: No new file uploaded
2024-05-13 22:04:49 WARNING: No new file uploaded
2024-05-13 22:04:59 WARNING: No new file uploaded
2024-05-13 22:05:09 WARNING: No new file uploaded
2024-05-13 22:05:19 WARNING: No new file uploaded
2024-05-13 22:05:30 WARNING: No new file uploaded
2024-05-13 22:05:40 WARNING: No new file uploaded
2024-05-13 22:05:50 WARNING: No new file uploaded
2024-05-13 22:06:00 WARNING: No new file uploaded
2024-05-13 22:06:10 WARNING: No new file uploaded
2024-05-13 22:06:21 WARNING: No new file uploaded
2024-05-13 22:06:31 WARNING: No new file uploaded
2024-05-13 22:06:41 WARNING: No new file uploaded
2024-05-13 22:06:51 WARNING: No new file uploaded
2024-05-13 22:07:02 WARNING: No new file uploaded
2024-05-13 22:07:12 WARNING: No new file uploaded
2024-05-13 22:07:22 WARNING: No new file uploaded
2024-05-13 22:07:32 WARNING: No new file uploaded
2024-05-13 22:07:43 WARNING: No new file uploaded
2024-05-13 22:07:53 WARNING: No new file uploaded
2024-05-13 22:08:03 WARNING: No new file uploaded
2024-05-13 22:08:13 WARNING: No new file uploaded
2024-05-13 22:08:24 WARNING: No new file uploaded
2024-05-13 22:08:34 WARNING: No new file uploaded
2024-05-13 22:08:44 WARNING: No new file uploaded
2024-05-13 22:08:54 WARNING: No new file uploaded
2024-05-13 22:09:05 WARNING: No new file uploaded
2024-05-13 22:09:15 WARNING: No new file uploaded
2024-05-13 22:09:25 WARNING: No new file uploaded
2024-05-13 22:09:35 WARNING: No new file uploaded
2024-05-13 22:09:46 WARNING: No new file uploaded
2024-05-13 22:09:56 WARNING: No new file uploaded
2024-05-13 22:10:06 WARNING: No new file uploaded
2024-05-13 22:10:16 WARNING: No new file uploaded
2024-05-13 22:10:26 WARNING: No new file uploaded
2024-05-13 22:10:37 WARNING: No new file uploaded
2024-05-13 22:10:47 WARNING: No new file uploaded
2024-05-13 22:10:57 WARNING: No new file uploaded
2024-05-13 22:11:07 WARNING: No new file uploaded
2024-05-13 22:11:18 WARNING: No new file uploaded
2024-05-13 22:11:28 WARNING: No new file uploaded
2024-05-13 22:11:38 WARNING: No new file uploaded
2024-05-13 22:11:48 WARNING: No new file uploaded
2024-05-13 22:11:59 WARNING: No new file uploaded
2024-05-13 22:12:09 WARNING: No new file uploaded
2024-05-13 22:12:19 WARNING: No new file uploaded
2024-05-13 22:12:29 WARNING: No new file uploaded
2024-05-13 22:12:40 WARNING: No new file uploaded
2024-05-13 22:12:50 WARNING: No new file uploaded
2024-05-13 22:13:00 WARNING: No new file uploaded
2024-05-13 22:13:10 WARNING: No new file uploaded
2024-05-13 22:13:21 WARNING: No new file uploaded
2024-05-13 22:13:31 WARNING: No new file uploaded
2024-05-13 22:13:41 WARNING: No new file uploaded
2024-05-13 22:13:51 WARNING: No new file uploaded
2024-05-13 22:14:02 WARNING: No new file uploaded
2024-05-13 22:14:12 WARNING: No new file uploaded
2024-05-13 22:14:22 WARNING: No new file uploaded
2024-05-13 22:14:32 WARNING: No new file uploaded
2024-05-13 22:14:43 WARNING: No new file uploaded
2024-05-13 22:14:53 WARNING: No new file uploaded
2024-05-13 22:15:03 WARNING: No new file uploaded
2024-05-13 22:15:13 WARNING: No new file uploaded
2024-05-13 22:15:24 WARNING: No new file uploaded
2024-05-13 22:15:34 WARNING: No new file uploaded
2024-05-13 22:15:44 WARNING: No new file uploaded
2024-05-13 22:15:54 WARNING: No new file uploaded
2024-05-13 22:16:04 WARNING: No new file uploaded
2024-05-13 22:16:15 WARNING: No new file uploaded
2024-05-13 22:16:25 WARNING: No new file uploaded
2024-05-13 22:16:35 WARNING: No new file uploaded
2024-05-13 22:16:45 WARNING: No new file uploaded
2024-05-13 22:16:56 WARNING: No new file uploaded
2024-05-13 22:17:06 WARNING: No new file uploaded
2024-05-13 22:17:16 WARNING: No new file uploaded
2024-05-13 22:17:26 WARNING: No new file uploaded
2024-05-13 22:17:37 WARNING: No new file uploaded
2024-05-13 22:17:47 WARNING: No new file uploaded
2024-05-13 22:17:57 WARNING: No new file uploaded
2024-05-13 22:18:07 WARNING: No new file uploaded
2024-05-13 22:18:18 WARNING: No new file uploaded
2024-05-13 22:18:28 WARNING: No new file uploaded
2024-05-13 22:18:38 WARNING: No new file uploaded
2024-05-13 22:18:48 WARNING: No new file uploaded
2024-05-13 22:18:59 WARNING: No new file uploaded
2024-05-13 22:19:09 WARNING: No new file uploaded
2024-05-13 22:19:19 WARNING: No new file uploaded
2024-05-13 22:19:29 WARNING: No new file uploaded
2024-05-13 22:19:39 WARNING: No new file uploaded
2024-05-13 22:19:50 WARNING: No new file uploaded
2024-05-13 22:20:00 WARNING: No new file uploaded
2024-05-13 22:20:10 WARNING: No new file uploaded
2024-05-13 22:20:20 WARNING: No new file uploaded
2024-05-13 22:20:31 WARNING: No new file uploaded
2024-05-13 22:20:41 WARNING: No new file uploaded
2024-05-13 22:20:51 WARNING: No new file uploaded
2024-05-13 22:21:01 WARNING: No new file uploaded
2024-05-13 22:21:12 WARNING: No new file uploaded
2024-05-13 22:21:22 WARNING: No new file uploaded
2024-05-13 22:21:32 WARNING: No new file uploaded
2024-05-13 22:21:42 WARNING: No new file uploaded
2024-05-13 22:21:53 WARNING: No new file uploaded
2024-05-13 22:22:03 WARNING: No new file uploaded
2024-05-13 22:22:13 WARNING: No new file uploaded
2024-05-13 22:22:23 WARNING: No new file uploaded
2024-05-13 22:22:34 WARNING: No new file uploaded
2024-05-13 22:22:44 WARNING: No new file uploaded
2024-05-13 22:22:54 WARNING: No new file uploaded
2024-05-13 22:23:04 WARNING: No new file uploaded
2024-05-13 22:23:15 WARNING: No new file uploaded
2024-05-13 22:23:25 WARNING: No new file uploaded
2024-05-13 22:23:35 WARNING: No new file uploaded
2024-05-13 22:23:45 WARNING: No new file uploaded
2024-05-13 22:23:56 WARNING: No new file uploaded
2024-05-13 22:24:06 WARNING: No new file uploaded
2024-05-13 22:24:16 WARNING: No new file uploaded
2024-05-13 22:24:26 WARNING: No new file uploaded
2024-05-13 22:24:36 WARNING: No new file uploaded
2024-05-13 22:24:47 WARNING: No new file uploaded
2024-05-13 22:24:57 WARNING: No new file uploaded
2024-05-13 22:25:07 WARNING: No new file uploaded
2024-05-13 22:25:18 WARNING: No new file uploaded
2024-05-13 22:25:28 WARNING: No new file uploaded
2024-05-13 22:25:38 WARNING: No new file uploaded
2024-05-13 22:25:48 WARNING: No new file uploaded
2024-05-13 22:25:58 WARNING: No new file uploaded
2024-05-13 22:26:09 WARNING: No new file uploaded
2024-05-13 22:26:19 WARNING: No new file uploaded
2024-05-13 22:26:29 WARNING: No new file uploaded
2024-05-13 22:26:39 WARNING: No new file uploaded
2024-05-13 22:26:50 WARNING: No new file uploaded
2024-05-13 22:27:00 WARNING: No new file uploaded
2024-05-13 22:27:10 WARNING: No new file uploaded
2024-05-13 22:27:20 WARNING: No new file uploaded
2024-05-13 22:27:31 WARNING: No new file uploaded
2024-05-13 22:27:41 WARNING: No new file uploaded
2024-05-13 22:27:51 WARNING: No new file uploaded
2024-05-13 22:28:01 WARNING: No new file uploaded
2024-05-13 22:28:12 WARNING: No new file uploaded
2024-05-13 22:28:22 WARNING: No new file uploaded
2024-05-13 22:28:32 WARNING: No new file uploaded
2024-05-13 22:28:42 WARNING: No new file uploaded
2024-05-13 22:28:53 WARNING: No new file uploaded
2024-05-13 22:29:03 WARNING: No new file uploaded
2024-05-13 22:29:13 WARNING: No new file uploaded
2024-05-13 22:29:23 WARNING: No new file uploaded
2024-05-13 22:29:34 WARNING: No new file uploaded
2024-05-13 22:29:44 WARNING: No new file uploaded
2024-05-13 22:29:54 WARNING: No new file uploaded
2024-05-13 22:30:04 WARNING: No new file uploaded
2024-05-13 22:30:14 WARNING: No new file uploaded
2024-05-13 22:30:25 WARNING: No new file uploaded
2024-05-13 22:30:35 WARNING: No new file uploaded
2024-05-13 22:30:45 WARNING: No new file uploaded
2024-05-13 22:30:55 WARNING: No new file uploaded
2024-05-13 22:31:06 WARNING: No new file uploaded
2024-05-13 22:31:16 WARNING: No new file uploaded
2024-05-13 22:31:26 WARNING: No new file uploaded
2024-05-13 22:31:36 WARNING: No new file uploaded
2024-05-13 22:31:47 WARNING: No new file uploaded
2024-05-13 22:31:57 WARNING: No new file uploaded
2024-05-13 22:32:07 WARNING: No new file uploaded
2024-05-13 22:32:17 WARNING: No new file uploaded
2024-05-13 22:32:28 WARNING: No new file uploaded
2024-05-13 22:32:38 WARNING: No new file uploaded
2024-05-13 22:32:48 WARNING: No new file uploaded
2024-05-13 22:32:58 WARNING: No new file uploaded
2024-05-13 22:33:09 WARNING: No new file uploaded
2024-05-13 22:33:19 WARNING: No new file uploaded
2024-05-13 22:33:29 WARNING: No new file uploaded
2024-05-13 22:33:39 WARNING: No new file uploaded
2024-05-13 22:33:50 WARNING: No new file uploaded
2024-05-13 22:34:00 WARNING: No new file uploaded
2024-05-13 22:34:10 WARNING: No new file uploaded
2024-05-13 22:34:20 WARNING: No new file uploaded
2024-05-13 22:34:31 WARNING: No new file uploaded
2024-05-13 22:34:41 WARNING: No new file uploaded
2024-05-13 22:34:51 WARNING: No new file uploaded
2024-05-13 22:35:01 WARNING: No new file uploaded
2024-05-13 22:35:11 WARNING: No new file uploaded
2024-05-13 22:35:22 WARNING: No new file uploaded
2024-05-13 22:35:32 WARNING: No new file uploaded
2024-05-13 22:35:42 WARNING: No new file uploaded
2024-05-13 22:35:52 WARNING: No new file uploaded
2024-05-13 22:36:03 WARNING: No new file uploaded
2024-05-13 22:36:13 WARNING: No new file uploaded
2024-05-13 22:36:23 WARNING: No new file uploaded
2024-05-13 22:36:33 WARNING: No new file uploaded
2024-05-13 22:36:44 WARNING: No new file uploaded
2024-05-13 22:36:54 WARNING: No new file uploaded
2024-05-13 22:37:04 WARNING: No new file uploaded
2024-05-13 22:37:14 WARNING: No new file uploaded
2024-05-13 22:37:25 WARNING: No new file uploaded
2024-05-13 22:37:35 WARNING: No new file uploaded
2024-05-13 22:37:45 WARNING: No new file uploaded
2024-05-13 22:37:55 WARNING: No new file uploaded
2024-05-13 22:38:06 WARNING: No new file uploaded
2024-05-13 22:38:16 WARNING: No new file uploaded
2024-05-13 22:38:26 WARNING: No new file uploaded
2024-05-13 22:38:36 WARNING: No new file uploaded
2024-05-13 22:38:47 WARNING: No new file uploaded
2024-05-13 22:38:57 WARNING: No new file uploaded
2024-05-13 22:39:07 WARNING: No new file uploaded
2024-05-13 22:39:17 WARNING: No new file uploaded
2024-05-13 22:39:28 WARNING: No new file uploaded
2024-05-13 22:39:38 WARNING: No new file uploaded
2024-05-13 22:39:48 WARNING: No new file uploaded
2024-05-13 22:39:58 WARNING: No new file uploaded
2024-05-13 22:40:08 WARNING: No new file uploaded
2024-05-13 22:40:19 WARNING: No new file uploaded
2024-05-13 22:40:29 WARNING: No new file uploaded
2024-05-13 22:40:39 WARNING: No new file uploaded
2024-05-13 22:40:49 WARNING: No new file uploaded
2024-05-13 22:41:00 WARNING: No new file uploaded
2024-05-13 22:41:10 WARNING: No new file uploaded
2024-05-13 22:41:20 WARNING: No new file uploaded
2024-05-13 22:41:30 WARNING: No new file uploaded
2024-05-13 22:41:41 WARNING: No new file uploaded
2024-05-13 22:41:51 WARNING: No new file uploaded
2024-05-13 22:42:01 WARNING: No new file uploaded
2024-05-13 22:42:11 WARNING: No new file uploaded
2024-05-13 22:42:22 WARNING: No new file uploaded
2024-05-13 22:42:32 WARNING: No new file uploaded
2024-05-13 22:42:42 WARNING: No new file uploaded
2024-05-13 22:42:52 WARNING: No new file uploaded
2024-05-13 22:43:03 WARNING: No new file uploaded
2024-05-13 22:43:13 WARNING: No new file uploaded
2024-05-13 22:43:23 WARNING: No new file uploaded
2024-05-13 22:43:33 WARNING: No new file uploaded
2024-05-13 22:43:44 WARNING: No new file uploaded
2024-05-13 22:43:54 WARNING: No new file uploaded
2024-05-13 22:44:04 WARNING: No new file uploaded
2024-05-13 22:44:14 WARNING: No new file uploaded
2024-05-13 22:44:25 WARNING: No new file uploaded
2024-05-13 22:44:35 WARNING: No new file uploaded
2024-05-13 22:44:45 WARNING: No new file uploaded
2024-05-13 22:44:55 WARNING: No new file uploaded
2024-05-13 22:45:05 WARNING: No new file uploaded
2024-05-13 22:45:16 WARNING: No new file uploaded
2024-05-13 22:45:26 WARNING: No new file uploaded
2024-05-13 22:45:36 WARNING: No new file uploaded
2024-05-13 22:45:46 WARNING: No new file uploaded
2024-05-13 22:45:57 WARNING: No new file uploaded
2024-05-13 22:46:07 WARNING: No new file uploaded
2024-05-13 22:46:17 WARNING: No new file uploaded
2024-05-13 22:46:27 WARNING: No new file uploaded
2024-05-13 22:46:38 WARNING: No new file uploaded
2024-05-13 22:46:48 WARNING: No new file uploaded
2024-05-13 22:46:58 WARNING: No new file uploaded
2024-05-13 22:47:08 WARNING: No new file uploaded
2024-05-13 22:47:19 WARNING: No new file uploaded
2024-05-13 22:47:29 WARNING: No new file uploaded
2024-05-13 22:47:39 WARNING: No new file uploaded
2024-05-13 22:47:49 WARNING: No new file uploaded
2024-05-13 22:48:00 WARNING: No new file uploaded
2024-05-13 22:48:10 WARNING: No new file uploaded
2024-05-13 22:48:20 WARNING: No new file uploaded
2024-05-13 22:48:30 WARNING: No new file uploaded
2024-05-13 22:48:41 WARNING: No new file uploaded
2024-05-13 22:48:51 WARNING: No new file uploaded
2024-05-13 22:49:01 WARNING: No new file uploaded
2024-05-13 22:49:11 WARNING: No new file uploaded
2024-05-13 22:49:22 WARNING: No new file uploaded
2024-05-13 22:49:32 WARNING: No new file uploaded
2024-05-13 22:49:42 WARNING: No new file uploaded
2024-05-13 22:49:52 WARNING: No new file uploaded
2024-05-13 22:50:02 WARNING: No new file uploaded
2024-05-13 22:50:13 WARNING: No new file uploaded
2024-05-13 22:50:23 WARNING: No new file uploaded
2024-05-13 22:50:33 WARNING: No new file uploaded
2024-05-13 22:50:43 WARNING: No new file uploaded
2024-05-13 22:50:54 WARNING: No new file uploaded
2024-05-13 22:51:04 WARNING: No new file uploaded
2024-05-13 22:51:14 WARNING: No new file uploaded
2024-05-13 22:51:24 WARNING: No new file uploaded
2024-05-13 22:51:35 WARNING: No new file uploaded
2024-05-13 22:51:45 WARNING: No new file uploaded
2024-05-13 22:51:55 WARNING: No new file uploaded
2024-05-13 22:52:05 WARNING: No new file uploaded
2024-05-13 22:52:16 WARNING: No new file uploaded
2024-05-13 22:52:26 WARNING: No new file uploaded
2024-05-13 22:52:36 WARNING: No new file uploaded
2024-05-13 22:52:46 WARNING: No new file uploaded
2024-05-13 22:52:57 WARNING: No new file uploaded
2024-05-13 22:53:07 WARNING: No new file uploaded
2024-05-13 22:53:17 WARNING: No new file uploaded
2024-05-13 22:53:27 WARNING: No new file uploaded
2024-05-13 22:53:38 WARNING: No new file uploaded
2024-05-13 22:53:48 WARNING: No new file uploaded
2024-05-13 22:53:58 WARNING: No new file uploaded
2024-05-13 22:54:08 WARNING: No new file uploaded
2024-05-13 22:54:18 WARNING: No new file uploaded
2024-05-13 22:54:29 WARNING: No new file uploaded
2024-05-13 22:54:39 WARNING: No new file uploaded
2024-05-13 22:54:49 WARNING: No new file uploaded
2024-05-13 22:54:59 WARNING: No new file uploaded
2024-05-13 22:55:10 WARNING: No new file uploaded
2024-05-13 22:55:20 WARNING: No new file uploaded
2024-05-13 22:55:30 WARNING: No new file uploaded
2024-05-13 22:55:40 WARNING: No new file uploaded
2024-05-13 22:55:51 WARNING: No new file uploaded
2024-05-13 22:56:01 WARNING: No new file uploaded
2024-05-13 22:56:11 WARNING: No new file uploaded
2024-05-13 22:56:21 WARNING: No new file uploaded
2024-05-13 22:56:32 WARNING: No new file uploaded
2024-05-13 22:56:42 WARNING: No new file uploaded
2024-05-13 22:56:52 WARNING: No new file uploaded
2024-05-13 22:57:02 WARNING: No new file uploaded
2024-05-13 22:57:13 WARNING: No new file uploaded
2024-05-13 22:57:23 WARNING: No new file uploaded
2024-05-13 22:57:33 WARNING: No new file uploaded
2024-05-13 22:57:43 WARNING: No new file uploaded
2024-05-13 22:57:54 WARNING: No new file uploaded
2024-05-13 22:58:04 WARNING: No new file uploaded
2024-05-13 22:58:14 WARNING: No new file uploaded
2024-05-13 22:58:24 WARNING: No new file uploaded
2024-05-13 22:58:35 WARNING: No new file uploaded
2024-05-13 22:58:45 WARNING: No new file uploaded
2024-05-13 22:58:55 WARNING: No new file uploaded
2024-05-13 22:59:05 WARNING: No new file uploaded
2024-05-13 22:59:15 WARNING: No new file uploaded
2024-05-13 22:59:26 WARNING: No new file uploaded
2024-05-13 22:59:36 WARNING: No new file uploaded
2024-05-13 22:59:46 WARNING: No new file uploaded
2024-05-13 22:59:56 WARNING: No new file uploaded
2024-05-13 23:00:07 WARNING: No new file uploaded
2024-05-13 23:00:17 WARNING: No new file uploaded
2024-05-13 23:00:27 WARNING: No new file uploaded
2024-05-13 23:00:37 WARNING: No new file uploaded
2024-05-13 23:00:48 WARNING: No new file uploaded
2024-05-13 23:00:58 WARNING: No new file uploaded
2024-05-13 23:01:08 WARNING: No new file uploaded
2024-05-13 23:01:18 WARNING: No new file uploaded
2024-05-13 23:01:29 WARNING: No new file uploaded
2024-05-13 23:01:39 WARNING: No new file uploaded
2024-05-13 23:01:49 WARNING: No new file uploaded
2024-05-13 23:01:59 WARNING: No new file uploaded
2024-05-13 23:02:10 WARNING: No new file uploaded
2024-05-13 23:02:20 WARNING: No new file uploaded
2024-05-13 23:02:30 WARNING: No new file uploaded
2024-05-13 23:02:40 WARNING: No new file uploaded
2024-05-13 23:02:51 WARNING: No new file uploaded
2024-05-13 23:03:01 WARNING: No new file uploaded
2024-05-13 23:03:11 WARNING: No new file uploaded
2024-05-13 23:03:21 WARNING: No new file uploaded
2024-05-13 23:03:32 WARNING: No new file uploaded
2024-05-13 23:03:42 WARNING: No new file uploaded
2024-05-13 23:03:52 WARNING: No new file uploaded
2024-05-13 23:04:02 WARNING: No new file uploaded
2024-05-13 23:04:13 WARNING: No new file uploaded
2024-05-13 23:04:23 WARNING: No new file uploaded
2024-05-13 23:04:33 WARNING: No new file uploaded
2024-05-13 23:04:43 WARNING: No new file uploaded
2024-05-13 23:04:53 WARNING: No new file uploaded
2024-05-13 23:05:04 WARNING: No new file uploaded
2024-05-13 23:05:14 WARNING: No new file uploaded
2024-05-13 23:05:24 WARNING: No new file uploaded
2024-05-13 23:05:34 WARNING: No new file uploaded
2024-05-13 23:05:45 WARNING: No new file uploaded
2024-05-13 23:05:55 WARNING: No new file uploaded
2024-05-13 23:06:05 WARNING: No new file uploaded
2024-05-13 23:06:15 WARNING: No new file uploaded
2024-05-13 23:06:26 WARNING: No new file uploaded
2024-05-13 23:06:36 WARNING: No new file uploaded
2024-05-13 23:06:46 WARNING: No new file uploaded
2024-05-13 23:06:56 WARNING: No new file uploaded
2024-05-13 23:07:07 WARNING: No new file uploaded
2024-05-13 23:07:17 WARNING: No new file uploaded
2024-05-13 23:07:27 WARNING: No new file uploaded
2024-05-13 23:07:37 WARNING: No new file uploaded
2024-05-13 23:07:48 WARNING: No new file uploaded
2024-05-13 23:07:58 WARNING: No new file uploaded
2024-05-13 23:08:08 WARNING: No new file uploaded
2024-05-13 23:08:18 WARNING: No new file uploaded
2024-05-13 23:08:29 WARNING: No new file uploaded
2024-05-13 23:08:39 WARNING: No new file uploaded
2024-05-13 23:08:49 WARNING: No new file uploaded
2024-05-13 23:08:59 WARNING: No new file uploaded
2024-05-13 23:09:10 WARNING: No new file uploaded
2024-05-13 23:09:20 WARNING: No new file uploaded
2024-05-13 23:09:30 WARNING: No new file uploaded
2024-05-13 23:09:40 WARNING: No new file uploaded
2024-05-13 23:09:50 WARNING: No new file uploaded
2024-05-13 23:10:01 WARNING: No new file uploaded
2024-05-13 23:10:11 WARNING: No new file uploaded
2024-05-13 23:10:21 WARNING: No new file uploaded
2024-05-13 23:10:31 WARNING: No new file uploaded
2024-05-13 23:10:42 WARNING: No new file uploaded
2024-05-13 23:10:52 WARNING: No new file uploaded
2024-05-13 23:11:02 WARNING: No new file uploaded
2024-05-13 23:11:12 WARNING: No new file uploaded
2024-05-13 23:11:23 WARNING: No new file uploaded
2024-05-13 23:11:33 WARNING: No new file uploaded
2024-05-13 23:11:43 WARNING: No new file uploaded
2024-05-13 23:11:53 WARNING: No new file uploaded
2024-05-13 23:12:04 WARNING: No new file uploaded
2024-05-13 23:12:14 WARNING: No new file uploaded
2024-05-13 23:12:24 WARNING: No new file uploaded
2024-05-13 23:12:34 WARNING: No new file uploaded
2024-05-13 23:12:45 WARNING: No new file uploaded
2024-05-13 23:12:55 WARNING: No new file uploaded
2024-05-13 23:13:05 WARNING: No new file uploaded
2024-05-13 23:13:15 WARNING: No new file uploaded
2024-05-13 23:13:26 WARNING: No new file uploaded
2024-05-13 23:13:36 WARNING: No new file uploaded
2024-05-13 23:13:46 WARNING: No new file uploaded
2024-05-13 23:13:56 WARNING: No new file uploaded
2024-05-13 23:14:07 WARNING: No new file uploaded
2024-05-13 23:14:17 WARNING: No new file uploaded
2024-05-13 23:14:27 WARNING: No new file uploaded
2024-05-13 23:14:37 WARNING: No new file uploaded
2024-05-13 23:14:48 WARNING: No new file uploaded
2024-05-13 23:14:58 WARNING: No new file uploaded
2024-05-13 23:15:08 WARNING: No new file uploaded
2024-05-13 23:15:18 WARNING: No new file uploaded
2024-05-13 23:15:29 WARNING: No new file uploaded
2024-05-13 23:15:39 WARNING: No new file uploaded
2024-05-13 23:15:49 WARNING: No new file uploaded
2024-05-13 23:15:59 WARNING: No new file uploaded
2024-05-13 23:16:09 WARNING: No new file uploaded
2024-05-13 23:16:20 WARNING: No new file uploaded
2024-05-13 23:16:30 WARNING: No new file uploaded
2024-05-13 23:16:40 WARNING: No new file uploaded
2024-05-13 23:16:50 WARNING: No new file uploaded
2024-05-13 23:17:01 WARNING: No new file uploaded
2024-05-13 23:17:11 WARNING: No new file uploaded
2024-05-13 23:17:21 WARNING: No new file uploaded
2024-05-13 23:17:31 WARNING: No new file uploaded
2024-05-13 23:17:42 WARNING: No new file uploaded
2024-05-13 23:17:52 WARNING: No new file uploaded
2024-05-13 23:18:02 WARNING: No new file uploaded
2024-05-13 23:18:12 WARNING: No new file uploaded
2024-05-13 23:18:23 WARNING: No new file uploaded
2024-05-13 23:18:33 WARNING: No new file uploaded
2024-05-13 23:18:43 WARNING: No new file uploaded
2024-05-13 23:18:53 WARNING: No new file uploaded
2024-05-13 23:19:04 WARNING: No new file uploaded
2024-05-13 23:19:14 WARNING: No new file uploaded
2024-05-13 23:19:24 WARNING: No new file uploaded
2024-05-13 23:19:34 WARNING: No new file uploaded
2024-05-13 23:19:45 WARNING: No new file uploaded
2024-05-13 23:19:55 WARNING: No new file uploaded
2024-05-13 23:20:05 WARNING: No new file uploaded
2024-05-13 23:20:15 WARNING: No new file uploaded
2024-05-13 23:20:26 WARNING: No new file uploaded
2024-05-13 23:20:36 WARNING: No new file uploaded
2024-05-13 23:20:46 WARNING: No new file uploaded
2024-05-13 23:20:56 WARNING: No new file uploaded
2024-05-13 23:21:07 WARNING: No new file uploaded
2024-05-13 23:21:17 WARNING: No new file uploaded
2024-05-13 23:21:27 WARNING: No new file uploaded
2024-05-13 23:21:37 WARNING: No new file uploaded
2024-05-13 23:21:48 WARNING: No new file uploaded
2024-05-13 23:21:58 WARNING: No new file uploaded
2024-05-13 23:22:08 WARNING: No new file uploaded
2024-05-13 23:22:18 WARNING: No new file uploaded
2024-05-13 23:22:28 WARNING: No new file uploaded
2024-05-13 23:22:39 WARNING: No new file uploaded
2024-05-13 23:22:49 WARNING: No new file uploaded
2024-05-13 23:22:59 WARNING: No new file uploaded
2024-05-13 23:23:09 WARNING: No new file uploaded
2024-05-13 23:23:20 WARNING: No new file uploaded
2024-05-13 23:23:30 WARNING: No new file uploaded
2024-05-13 23:23:40 WARNING: No new file uploaded
2024-05-13 23:23:50 WARNING: No new file uploaded
2024-05-13 23:24:01 WARNING: No new file uploaded
2024-05-13 23:24:11 WARNING: No new file uploaded
2024-05-13 23:24:21 WARNING: No new file uploaded
2024-05-13 23:24:31 WARNING: No new file uploaded
2024-05-13 23:24:42 WARNING: No new file uploaded
2024-05-13 23:24:52 WARNING: No new file uploaded
2024-05-13 23:25:02 WARNING: No new file uploaded
2024-05-13 23:25:12 WARNING: No new file uploaded
2024-05-13 23:25:23 WARNING: No new file uploaded
2024-05-13 23:25:33 WARNING: No new file uploaded
2024-05-13 23:25:43 WARNING: No new file uploaded
2024-05-13 23:25:53 WARNING: No new file uploaded
2024-05-13 23:26:04 WARNING: No new file uploaded
2024-05-13 23:26:14 WARNING: No new file uploaded
2024-05-13 23:26:24 WARNING: No new file uploaded
2024-05-13 23:26:34 WARNING: No new file uploaded
2024-05-13 23:26:45 WARNING: No new file uploaded
2024-05-13 23:26:55 WARNING: No new file uploaded
2024-05-13 23:27:05 WARNING: No new file uploaded
2024-05-13 23:27:15 WARNING: No new file uploaded
2024-05-13 23:27:25 WARNING: No new file uploaded
2024-05-13 23:27:36 WARNING: No new file uploaded
2024-05-13 23:27:46 WARNING: No new file uploaded
2024-05-13 23:27:56 WARNING: No new file uploaded
2024-05-13 23:28:06 WARNING: No new file uploaded
2024-05-13 23:28:17 WARNING: No new file uploaded
2024-05-13 23:28:27 WARNING: No new file uploaded
2024-05-13 23:28:37 WARNING: No new file uploaded
2024-05-13 23:28:47 WARNING: No new file uploaded
2024-05-13 23:28:58 WARNING: No new file uploaded
2024-05-13 23:29:08 WARNING: No new file uploaded
2024-05-13 23:29:18 WARNING: No new file uploaded
2024-05-13 23:29:28 WARNING: No new file uploaded
2024-05-13 23:29:39 WARNING: No new file uploaded
2024-05-13 23:29:49 WARNING: No new file uploaded
2024-05-13 23:29:59 WARNING: No new file uploaded
2024-05-13 23:30:09 WARNING: No new file uploaded
2024-05-13 23:30:20 WARNING: No new file uploaded
2024-05-13 23:30:30 WARNING: No new file uploaded
2024-05-13 23:30:40 WARNING: No new file uploaded
2024-05-13 23:30:50 WARNING: No new file uploaded
2024-05-13 23:31:01 WARNING: No new file uploaded
2024-05-13 23:31:11 WARNING: No new file uploaded
2024-05-13 23:31:21 WARNING: No new file uploaded
2024-05-13 23:31:31 WARNING: No new file uploaded
2024-05-13 23:31:42 WARNING: No new file uploaded
2024-05-13 23:31:52 WARNING: No new file uploaded
2024-05-13 23:32:02 WARNING: No new file uploaded
2024-05-13 23:32:12 WARNING: No new file uploaded
2024-05-13 23:32:22 WARNING: No new file uploaded
2024-05-13 23:32:33 WARNING: No new file uploaded
2024-05-13 23:32:43 WARNING: No new file uploaded
2024-05-13 23:32:53 WARNING: No new file uploaded
2024-05-13 23:33:03 WARNING: No new file uploaded
2024-05-13 23:33:14 WARNING: No new file uploaded
2024-05-13 23:33:24 WARNING: No new file uploaded
2024-05-13 23:33:34 WARNING: No new file uploaded
2024-05-13 23:33:44 WARNING: No new file uploaded
2024-05-13 23:33:55 WARNING: No new file uploaded
2024-05-13 23:34:05 WARNING: No new file uploaded
2024-05-13 23:34:15 WARNING: No new file uploaded
2024-05-13 23:34:25 WARNING: No new file uploaded
2024-05-13 23:34:36 WARNING: No new file uploaded
2024-05-13 23:34:46 WARNING: No new file uploaded
2024-05-13 23:34:56 WARNING: No new file uploaded
2024-05-13 23:35:06 WARNING: No new file uploaded
2024-05-13 23:35:17 WARNING: No new file uploaded
2024-05-13 23:35:27 WARNING: No new file uploaded
2024-05-13 23:35:37 WARNING: No new file uploaded
2024-05-13 23:35:47 WARNING: No new file uploaded
2024-05-13 23:35:58 WARNING: No new file uploaded
2024-05-13 23:36:08 WARNING: No new file uploaded
2024-05-13 23:36:18 WARNING: No new file uploaded
2024-05-13 23:36:28 WARNING: No new file uploaded
2024-05-13 23:36:39 WARNING: No new file uploaded
2024-05-13 23:36:49 WARNING: No new file uploaded
2024-05-13 23:36:59 WARNING: No new file uploaded
2024-05-13 23:37:09 WARNING: No new file uploaded
2024-05-13 23:37:19 WARNING: No new file uploaded
2024-05-13 23:37:30 WARNING: No new file uploaded
2024-05-13 23:37:40 WARNING: No new file uploaded
2024-05-13 23:37:50 WARNING: No new file uploaded
2024-05-13 23:38:00 WARNING: No new file uploaded
2024-05-13 23:38:11 WARNING: No new file uploaded
2024-05-13 23:38:21 WARNING: No new file uploaded
2024-05-13 23:38:31 WARNING: No new file uploaded
2024-05-13 23:38:41 WARNING: No new file uploaded
2024-05-13 23:38:52 WARNING: No new file uploaded
2024-05-13 23:39:02 WARNING: No new file uploaded
2024-05-13 23:39:12 WARNING: No new file uploaded
2024-05-13 23:39:22 WARNING: No new file uploaded
2024-05-13 23:39:33 WARNING: No new file uploaded
2024-05-13 23:39:43 WARNING: No new file uploaded
2024-05-13 23:39:53 WARNING: No new file uploaded
2024-05-13 23:40:03 WARNING: No new file uploaded
2024-05-13 23:40:14 WARNING: No new file uploaded
2024-05-13 23:40:24 WARNING: No new file uploaded
2024-05-13 23:40:34 WARNING: No new file uploaded
2024-05-13 23:40:44 WARNING: No new file uploaded
2024-05-13 23:40:55 WARNING: No new file uploaded
2024-05-13 23:41:05 WARNING: No new file uploaded
2024-05-13 23:41:15 WARNING: No new file uploaded
2024-05-13 23:41:25 WARNING: No new file uploaded
2024-05-13 23:41:36 WARNING: No new file uploaded
2024-05-13 23:41:46 WARNING: No new file uploaded
2024-05-13 23:41:56 WARNING: No new file uploaded
2024-05-13 23:42:06 WARNING: No new file uploaded
2024-05-13 23:42:16 WARNING: No new file uploaded
2024-05-13 23:42:27 WARNING: No new file uploaded
2024-05-13 23:42:37 WARNING: No new file uploaded
2024-05-13 23:42:47 WARNING: No new file uploaded
2024-05-13 23:42:57 WARNING: No new file uploaded
2024-05-13 23:43:08 WARNING: No new file uploaded
2024-05-13 23:43:18 WARNING: No new file uploaded
2024-05-13 23:43:28 WARNING: No new file uploaded
2024-05-13 23:43:38 WARNING: No new file uploaded
2024-05-13 23:43:49 WARNING: No new file uploaded
2024-05-13 23:43:59 WARNING: No new file uploaded
2024-05-13 23:44:09 WARNING: No new file uploaded
2024-05-13 23:44:19 WARNING: No new file uploaded
2024-05-13 23:44:30 WARNING: No new file uploaded
2024-05-13 23:44:40 WARNING: No new file uploaded
2024-05-13 23:44:50 WARNING: No new file uploaded
2024-05-13 23:45:00 WARNING: No new file uploaded
2024-05-13 23:45:11 WARNING: No new file uploaded
2024-05-13 23:45:21 WARNING: No new file uploaded
2024-05-13 23:45:31 WARNING: No new file uploaded
2024-05-13 23:45:41 WARNING: No new file uploaded
2024-05-13 23:45:52 WARNING: No new file uploaded
2024-05-13 23:46:02 WARNING: No new file uploaded
2024-05-13 23:46:12 WARNING: No new file uploaded
2024-05-13 23:46:22 WARNING: No new file uploaded
2024-05-13 23:46:33 WARNING: No new file uploaded
2024-05-13 23:46:43 WARNING: No new file uploaded
2024-05-13 23:46:53 WARNING: No new file uploaded
2024-05-13 23:47:03 WARNING: No new file uploaded
2024-05-13 23:47:14 WARNING: No new file uploaded
2024-05-13 23:47:24 WARNING: No new file uploaded
2024-05-13 23:47:34 WARNING: No new file uploaded
2024-05-13 23:47:44 WARNING: No new file uploaded
2024-05-13 23:47:55 WARNING: No new file uploaded
2024-05-13 23:48:05 WARNING: No new file uploaded
2024-05-13 23:48:15 WARNING: No new file uploaded
2024-05-13 23:48:25 WARNING: No new file uploaded
2024-05-13 23:48:35 WARNING: No new file uploaded
2024-05-13 23:48:46 WARNING: No new file uploaded
2024-05-13 23:48:56 WARNING: No new file uploaded
2024-05-13 23:49:06 WARNING: No new file uploaded
2024-05-13 23:49:16 WARNING: No new file uploaded
2024-05-13 23:49:27 WARNING: No new file uploaded
2024-05-13 23:49:37 WARNING: No new file uploaded
2024-05-13 23:49:47 WARNING: No new file uploaded
2024-05-13 23:49:57 WARNING: No new file uploaded
2024-05-13 23:50:08 WARNING: No new file uploaded
2024-05-13 23:50:18 WARNING: No new file uploaded
2024-05-13 23:50:28 WARNING: No new file uploaded
2024-05-13 23:50:38 WARNING: No new file uploaded
2024-05-13 23:50:49 WARNING: No new file uploaded
2024-05-13 23:50:59 WARNING: No new file uploaded
2024-05-13 23:51:09 WARNING: No new file uploaded
2024-05-13 23:51:19 WARNING: No new file uploaded
2024-05-13 23:51:30 WARNING: No new file uploaded
2024-05-13 23:51:40 WARNING: No new file uploaded
2024-05-13 23:51:50 WARNING: No new file uploaded
2024-05-13 23:52:00 WARNING: No new file uploaded
2024-05-13 23:52:11 WARNING: No new file uploaded
2024-05-13 23:52:21 WARNING: No new file uploaded
2024-05-13 23:52:31 WARNING: No new file uploaded
2024-05-13 23:52:41 WARNING: No new file uploaded
2024-05-13 23:52:52 WARNING: No new file uploaded
2024-05-13 23:53:02 WARNING: No new file uploaded
2024-05-13 23:53:12 WARNING: No new file uploaded
2024-05-13 23:53:22 WARNING: No new file uploaded
2024-05-13 23:53:33 WARNING: No new file uploaded
2024-05-13 23:53:43 WARNING: No new file uploaded
2024-05-13 23:53:53 WARNING: No new file uploaded
2024-05-13 23:54:03 WARNING: No new file uploaded
2024-05-13 23:54:13 WARNING: No new file uploaded
2024-05-13 23:54:24 WARNING: No new file uploaded
2024-05-13 23:54:34 WARNING: No new file uploaded
2024-05-13 23:54:44 WARNING: No new file uploaded
2024-05-13 23:54:54 WARNING: No new file uploaded
2024-05-13 23:55:05 WARNING: No new file uploaded
2024-05-13 23:55:15 WARNING: No new file uploaded
2024-05-13 23:55:25 WARNING: No new file uploaded
2024-05-13 23:55:35 WARNING: No new file uploaded
2024-05-13 23:55:46 WARNING: No new file uploaded
2024-05-13 23:55:56 WARNING: No new file uploaded
2024-05-13 23:56:06 WARNING: No new file uploaded
2024-05-13 23:56:16 WARNING: No new file uploaded
2024-05-13 23:56:27 WARNING: No new file uploaded
2024-05-13 23:56:37 WARNING: No new file uploaded
2024-05-13 23:56:47 WARNING: No new file uploaded
2024-05-13 23:56:57 WARNING: No new file uploaded
2024-05-13 23:57:08 WARNING: No new file uploaded
2024-05-13 23:57:18 WARNING: No new file uploaded
2024-05-13 23:57:28 WARNING: No new file uploaded
2024-05-13 23:57:38 WARNING: No new file uploaded
2024-05-13 23:57:49 WARNING: No new file uploaded
2024-05-13 23:57:59 WARNING: No new file uploaded
2024-05-13 23:58:09 WARNING: No new file uploaded
2024-05-13 23:58:19 WARNING: No new file uploaded
2024-05-13 23:58:30 WARNING: No new file uploaded
2024-05-13 23:58:40 WARNING: No new file uploaded
2024-05-13 23:58:50 WARNING: No new file uploaded
2024-05-13 23:59:00 WARNING: No new file uploaded
2024-05-13 23:59:10 WARNING: No new file uploaded
2024-05-13 23:59:21 WARNING: No new file uploaded
2024-05-13 23:59:31 WARNING: No new file uploaded
2024-05-13 23:59:41 WARNING: No new file uploaded
2024-05-13 23:59:51 WARNING: No new file uploaded
2024-05-14 00:00:02 WARNING: No new file uploaded
2024-05-14 00:00:12 WARNING: No new file uploaded
2024-05-14 00:00:22 WARNING: No new file uploaded
2024-05-14 00:00:32 WARNING: No new file uploaded
2024-05-14 00:00:43 WARNING: No new file uploaded
2024-05-14 00:00:53 WARNING: No new file uploaded
2024-05-14 00:01:03 WARNING: No new file uploaded
2024-05-14 00:01:13 WARNING: No new file uploaded
2024-05-14 00:01:24 WARNING: No new file uploaded
2024-05-14 00:01:34 WARNING: No new file uploaded
2024-05-14 00:01:44 WARNING: No new file uploaded
2024-05-14 00:01:54 WARNING: No new file uploaded
2024-05-14 00:02:05 WARNING: No new file uploaded
2024-05-14 00:02:15 WARNING: No new file uploaded
2024-05-14 00:02:25 WARNING: No new file uploaded
2024-05-14 00:02:35 WARNING: No new file uploaded
2024-05-14 00:02:46 WARNING: No new file uploaded
2024-05-14 00:02:56 WARNING: No new file uploaded
2024-05-14 00:03:06 WARNING: No new file uploaded
2024-05-14 00:03:16 WARNING: No new file uploaded
2024-05-14 00:03:27 WARNING: No new file uploaded
2024-05-14 00:03:37 WARNING: No new file uploaded
2024-05-14 00:03:47 WARNING: No new file uploaded
2024-05-14 00:03:57 WARNING: No new file uploaded
2024-05-14 00:04:07 WARNING: No new file uploaded
2024-05-14 00:04:18 WARNING: No new file uploaded
2024-05-14 00:04:28 WARNING: No new file uploaded
2024-05-14 00:04:38 WARNING: No new file uploaded
2024-05-14 00:04:48 WARNING: No new file uploaded
2024-05-14 00:04:59 WARNING: No new file uploaded
2024-05-14 00:05:09 WARNING: No new file uploaded
2024-05-14 00:05:19 WARNING: No new file uploaded
2024-05-14 00:05:29 WARNING: No new file uploaded
2024-05-14 00:05:40 WARNING: No new file uploaded
2024-05-14 00:05:50 WARNING: No new file uploaded
2024-05-14 00:06:00 WARNING: No new file uploaded
2024-05-14 00:06:10 WARNING: No new file uploaded
2024-05-14 00:06:21 WARNING: No new file uploaded
2024-05-14 00:06:31 WARNING: No new file uploaded
2024-05-14 00:06:41 WARNING: No new file uploaded
2024-05-14 00:06:51 WARNING: No new file uploaded
2024-05-14 00:07:02 WARNING: No new file uploaded
2024-05-14 00:07:12 WARNING: No new file uploaded
2024-05-14 00:07:22 WARNING: No new file uploaded
2024-05-14 00:07:32 WARNING: No new file uploaded
2024-05-14 00:07:43 WARNING: No new file uploaded
2024-05-14 00:07:53 WARNING: No new file uploaded
2024-05-14 00:08:03 WARNING: No new file uploaded
2024-05-14 00:08:13 WARNING: No new file uploaded
2024-05-14 00:08:24 WARNING: No new file uploaded
2024-05-14 00:08:34 WARNING: No new file uploaded
2024-05-14 00:08:44 WARNING: No new file uploaded
2024-05-14 00:08:54 WARNING: No new file uploaded
2024-05-14 00:09:04 WARNING: No new file uploaded
2024-05-14 00:09:15 WARNING: No new file uploaded
2024-05-14 00:09:25 WARNING: No new file uploaded
2024-05-14 00:09:35 WARNING: No new file uploaded
2024-05-14 00:09:45 WARNING: No new file uploaded
2024-05-14 00:09:56 WARNING: No new file uploaded
2024-05-14 00:10:06 WARNING: No new file uploaded
2024-05-14 00:10:16 WARNING: No new file uploaded
2024-05-14 00:10:26 WARNING: No new file uploaded
2024-05-14 00:10:37 WARNING: No new file uploaded
2024-05-14 00:10:47 WARNING: No new file uploaded
2024-05-14 00:10:57 WARNING: No new file uploaded
2024-05-14 00:11:07 WARNING: No new file uploaded
2024-05-14 00:11:18 WARNING: No new file uploaded
2024-05-14 00:11:28 WARNING: No new file uploaded
2024-05-14 00:11:38 WARNING: No new file uploaded
2024-05-14 00:11:48 WARNING: No new file uploaded
2024-05-14 00:11:59 WARNING: No new file uploaded
2024-05-14 00:12:09 WARNING: No new file uploaded
2024-05-14 00:12:19 WARNING: No new file uploaded
2024-05-14 00:12:29 WARNING: No new file uploaded
2024-05-14 00:12:40 WARNING: No new file uploaded
2024-05-14 00:12:50 WARNING: No new file uploaded
2024-05-14 00:13:00 WARNING: No new file uploaded
2024-05-14 00:13:10 WARNING: No new file uploaded
2024-05-14 00:13:20 WARNING: No new file uploaded
2024-05-14 00:13:31 WARNING: No new file uploaded
2024-05-14 00:13:41 WARNING: No new file uploaded
2024-05-14 00:13:51 WARNING: No new file uploaded
2024-05-14 00:14:01 WARNING: No new file uploaded
2024-05-14 00:14:12 WARNING: No new file uploaded
2024-05-14 00:14:22 WARNING: No new file uploaded
2024-05-14 00:14:32 WARNING: No new file uploaded
2024-05-14 00:14:42 WARNING: No new file uploaded
2024-05-14 00:14:53 WARNING: No new file uploaded
2024-05-14 00:15:03 WARNING: No new file uploaded
2024-05-14 00:15:13 WARNING: No new file uploaded
2024-05-14 00:15:23 WARNING: No new file uploaded
2024-05-14 00:15:34 WARNING: No new file uploaded
2024-05-14 00:15:44 WARNING: No new file uploaded
2024-05-14 00:15:54 WARNING: No new file uploaded
2024-05-14 00:16:04 WARNING: No new file uploaded
2024-05-14 00:16:15 WARNING: No new file uploaded
2024-05-14 00:16:25 WARNING: No new file uploaded
2024-05-14 00:16:35 WARNING: No new file uploaded
2024-05-14 00:16:45 WARNING: No new file uploaded
2024-05-14 00:16:55 WARNING: No new file uploaded
2024-05-14 00:17:06 WARNING: No new file uploaded
2024-05-14 00:17:16 WARNING: No new file uploaded
2024-05-14 00:17:26 WARNING: No new file uploaded
2024-05-14 00:17:36 WARNING: No new file uploaded
2024-05-14 00:17:47 WARNING: No new file uploaded
2024-05-14 00:17:57 WARNING: No new file uploaded
2024-05-14 00:18:07 WARNING: No new file uploaded
2024-05-14 00:18:17 WARNING: No new file uploaded
2024-05-14 00:18:28 WARNING: No new file uploaded
2024-05-14 00:18:38 WARNING: No new file uploaded
2024-05-14 00:18:48 WARNING: No new file uploaded
2024-05-14 00:18:58 WARNING: No new file uploaded
2024-05-14 00:19:09 WARNING: No new file uploaded
2024-05-14 00:19:19 WARNING: No new file uploaded
2024-05-14 00:19:29 WARNING: No new file uploaded
2024-05-14 00:19:39 WARNING: No new file uploaded
2024-05-14 00:19:50 WARNING: No new file uploaded
2024-05-14 00:20:00 WARNING: No new file uploaded
2024-05-14 00:20:10 WARNING: No new file uploaded
2024-05-14 00:20:20 WARNING: No new file uploaded
2024-05-14 00:20:31 WARNING: No new file uploaded
2024-05-14 00:20:41 WARNING: No new file uploaded
2024-05-14 00:20:51 WARNING: No new file uploaded
2024-05-14 00:21:01 WARNING: No new file uploaded
2024-05-14 00:21:11 WARNING: No new file uploaded
2024-05-14 00:21:22 WARNING: No new file uploaded
2024-05-14 00:21:32 WARNING: No new file uploaded
2024-05-14 00:21:42 WARNING: No new file uploaded
2024-05-14 00:21:52 WARNING: No new file uploaded
2024-05-14 00:22:03 WARNING: No new file uploaded
2024-05-14 00:22:13 WARNING: No new file uploaded
2024-05-14 00:22:23 WARNING: No new file uploaded
2024-05-14 00:22:33 WARNING: No new file uploaded
2024-05-14 00:22:44 WARNING: No new file uploaded
2024-05-14 00:22:54 WARNING: No new file uploaded
2024-05-14 00:23:04 WARNING: No new file uploaded
2024-05-14 00:23:14 WARNING: No new file uploaded
2024-05-14 00:23:25 WARNING: No new file uploaded
2024-05-14 00:23:35 WARNING: No new file uploaded
2024-05-14 00:23:45 WARNING: No new file uploaded
2024-05-14 00:23:55 WARNING: No new file uploaded
2024-05-14 00:24:06 WARNING: No new file uploaded
2024-05-14 00:24:16 WARNING: No new file uploaded
2024-05-14 00:24:26 WARNING: No new file uploaded
2024-05-14 00:24:36 WARNING: No new file uploaded
2024-05-14 00:24:47 WARNING: No new file uploaded
2024-05-14 00:24:57 WARNING: No new file uploaded
2024-05-14 00:25:07 WARNING: No new file uploaded
2024-05-14 00:25:17 WARNING: No new file uploaded
2024-05-14 00:25:27 WARNING: No new file uploaded
2024-05-14 00:25:38 WARNING: No new file uploaded
2024-05-14 00:25:48 WARNING: No new file uploaded
2024-05-14 00:25:58 WARNING: No new file uploaded
2024-05-14 00:26:08 WARNING: No new file uploaded
2024-05-14 00:26:19 WARNING: No new file uploaded
2024-05-14 00:26:29 WARNING: No new file uploaded
2024-05-14 00:26:39 WARNING: No new file uploaded
2024-05-14 00:26:49 WARNING: No new file uploaded
2024-05-14 00:27:00 WARNING: No new file uploaded
2024-05-14 00:27:10 WARNING: No new file uploaded
2024-05-14 00:27:20 WARNING: No new file uploaded
2024-05-14 00:27:30 WARNING: No new file uploaded
2024-05-14 00:27:41 WARNING: No new file uploaded
2024-05-14 00:27:51 WARNING: No new file uploaded
2024-05-14 00:28:01 WARNING: No new file uploaded
2024-05-14 00:28:11 WARNING: No new file uploaded
2024-05-14 00:28:22 WARNING: No new file uploaded
2024-05-14 00:28:32 WARNING: No new file uploaded
2024-05-14 00:28:42 WARNING: No new file uploaded
2024-05-14 00:28:52 WARNING: No new file uploaded
2024-05-14 00:29:03 WARNING: No new file uploaded
2024-05-14 00:29:13 WARNING: No new file uploaded
2024-05-14 00:29:23 WARNING: No new file uploaded
2024-05-14 00:29:33 WARNING: No new file uploaded
2024-05-14 00:29:43 WARNING: No new file uploaded
2024-05-14 00:29:54 WARNING: No new file uploaded
2024-05-14 00:30:04 WARNING: No new file uploaded
2024-05-14 00:30:14 WARNING: No new file uploaded
2024-05-14 00:30:24 WARNING: No new file uploaded
2024-05-14 00:30:35 WARNING: No new file uploaded
2024-05-14 00:30:45 WARNING: No new file uploaded
2024-05-14 00:30:55 WARNING: No new file uploaded
2024-05-14 00:31:05 WARNING: No new file uploaded
2024-05-14 00:31:16 WARNING: No new file uploaded
2024-05-14 00:31:26 WARNING: No new file uploaded
2024-05-14 00:31:36 WARNING: No new file uploaded
2024-05-14 00:31:46 WARNING: No new file uploaded
2024-05-14 00:31:57 WARNING: No new file uploaded
2024-05-14 00:32:07 WARNING: No new file uploaded
2024-05-14 00:32:17 WARNING: No new file uploaded
2024-05-14 00:32:27 WARNING: No new file uploaded
2024-05-14 00:32:38 WARNING: No new file uploaded
2024-05-14 00:32:48 WARNING: No new file uploaded
2024-05-14 00:32:58 WARNING: No new file uploaded
2024-05-14 00:33:08 WARNING: No new file uploaded
2024-05-14 00:33:19 WARNING: No new file uploaded
2024-05-14 00:33:29 WARNING: No new file uploaded
2024-05-14 00:33:39 WARNING: No new file uploaded
2024-05-14 00:33:49 WARNING: No new file uploaded
2024-05-14 00:34:00 WARNING: No new file uploaded
2024-05-14 00:34:10 WARNING: No new file uploaded
2024-05-14 00:34:20 WARNING: No new file uploaded
2024-05-14 00:34:30 WARNING: No new file uploaded
2024-05-14 00:34:40 WARNING: No new file uploaded
2024-05-14 00:34:51 WARNING: No new file uploaded
2024-05-14 00:35:01 WARNING: No new file uploaded
2024-05-14 00:35:11 WARNING: No new file uploaded
2024-05-14 00:35:21 WARNING: No new file uploaded
2024-05-14 00:35:32 WARNING: No new file uploaded
2024-05-14 00:35:42 WARNING: No new file uploaded
2024-05-14 00:35:52 WARNING: No new file uploaded
2024-05-14 00:36:02 WARNING: No new file uploaded
2024-05-14 00:36:13 WARNING: No new file uploaded
2024-05-14 00:36:23 WARNING: No new file uploaded
2024-05-14 00:36:33 WARNING: No new file uploaded
2024-05-14 00:36:43 WARNING: No new file uploaded
2024-05-14 00:36:54 WARNING: No new file uploaded
2024-05-14 00:37:04 WARNING: No new file uploaded
2024-05-14 00:37:14 WARNING: No new file uploaded
2024-05-14 00:37:24 WARNING: No new file uploaded
2024-05-14 00:37:35 WARNING: No new file uploaded
2024-05-14 00:37:45 WARNING: No new file uploaded
2024-05-14 00:37:55 WARNING: No new file uploaded
2024-05-14 00:38:05 WARNING: No new file uploaded
2024-05-14 00:38:16 WARNING: No new file uploaded
2024-05-14 00:38:26 WARNING: No new file uploaded
2024-05-14 00:38:36 WARNING: No new file uploaded
2024-05-14 00:38:46 WARNING: No new file uploaded
2024-05-14 00:38:56 WARNING: No new file uploaded
2024-05-14 00:39:07 WARNING: No new file uploaded
2024-05-14 00:39:17 WARNING: No new file uploaded
2024-05-14 00:39:27 WARNING: No new file uploaded
2024-05-14 00:39:37 WARNING: No new file uploaded
2024-05-14 00:39:48 WARNING: No new file uploaded
2024-05-14 00:39:58 WARNING: No new file uploaded
2024-05-14 00:40:08 WARNING: No new file uploaded
2024-05-14 00:40:18 WARNING: No new file uploaded
2024-05-14 00:40:29 WARNING: No new file uploaded
2024-05-14 00:40:39 WARNING: No new file uploaded
2024-05-14 00:40:49 WARNING: No new file uploaded
2024-05-14 00:40:59 WARNING: No new file uploaded
2024-05-14 00:41:10 WARNING: No new file uploaded
2024-05-14 00:41:20 WARNING: No new file uploaded
2024-05-14 00:41:30 WARNING: No new file uploaded
2024-05-14 00:41:40 WARNING: No new file uploaded
2024-05-14 00:41:51 WARNING: No new file uploaded
2024-05-14 00:42:01 WARNING: No new file uploaded
2024-05-14 00:42:11 WARNING: No new file uploaded
2024-05-14 00:42:21 WARNING: No new file uploaded
2024-05-14 00:42:32 WARNING: No new file uploaded
2024-05-14 00:42:42 WARNING: No new file uploaded
2024-05-14 00:42:52 WARNING: No new file uploaded
2024-05-14 00:43:02 WARNING: No new file uploaded
2024-05-14 00:43:12 WARNING: No new file uploaded
2024-05-14 00:43:23 WARNING: No new file uploaded
2024-05-14 00:43:33 WARNING: No new file uploaded
2024-05-14 00:43:43 WARNING: No new file uploaded
2024-05-14 00:43:53 WARNING: No new file uploaded
2024-05-14 00:44:04 WARNING: No new file uploaded
2024-05-14 00:44:14 WARNING: No new file uploaded
2024-05-14 00:44:24 WARNING: No new file uploaded
2024-05-14 00:44:34 WARNING: No new file uploaded
2024-05-14 00:44:45 WARNING: No new file uploaded
2024-05-14 00:44:55 WARNING: No new file uploaded
2024-05-14 00:45:05 WARNING: No new file uploaded
2024-05-14 00:45:15 WARNING: No new file uploaded
2024-05-14 00:45:26 WARNING: No new file uploaded
2024-05-14 00:45:36 WARNING: No new file uploaded
2024-05-14 00:45:46 WARNING: No new file uploaded
2024-05-14 00:45:56 WARNING: No new file uploaded
2024-05-14 00:46:07 WARNING: No new file uploaded
2024-05-14 00:46:17 WARNING: No new file uploaded
2024-05-14 00:46:27 WARNING: No new file uploaded
2024-05-14 00:46:37 WARNING: No new file uploaded
2024-05-14 00:46:48 WARNING: No new file uploaded
2024-05-14 00:46:58 WARNING: No new file uploaded
2024-05-14 00:47:08 WARNING: No new file uploaded
2024-05-14 00:47:18 WARNING: No new file uploaded
2024-05-14 00:47:28 WARNING: No new file uploaded
2024-05-14 00:47:39 WARNING: No new file uploaded
2024-05-14 00:47:49 WARNING: No new file uploaded
2024-05-14 00:47:59 WARNING: No new file uploaded
2024-05-14 00:48:09 WARNING: No new file uploaded
2024-05-14 00:48:20 WARNING: No new file uploaded
2024-05-14 00:48:30 WARNING: No new file uploaded
2024-05-14 00:48:40 WARNING: No new file uploaded
2024-05-14 00:48:50 WARNING: No new file uploaded
2024-05-14 00:49:01 WARNING: No new file uploaded
2024-05-14 00:49:11 WARNING: No new file uploaded
2024-05-14 00:49:21 WARNING: No new file uploaded
2024-05-14 00:49:31 WARNING: No new file uploaded
2024-05-14 00:49:42 WARNING: No new file uploaded
2024-05-14 00:49:52 WARNING: No new file uploaded
2024-05-14 00:50:02 WARNING: No new file uploaded
2024-05-14 00:50:12 WARNING: No new file uploaded
2024-05-14 00:50:23 WARNING: No new file uploaded
2024-05-14 00:50:33 WARNING: No new file uploaded
2024-05-14 00:50:43 WARNING: No new file uploaded
2024-05-14 00:50:53 WARNING: No new file uploaded
2024-05-14 00:51:04 WARNING: No new file uploaded
2024-05-14 00:51:14 WARNING: No new file uploaded
2024-05-14 00:51:24 WARNING: No new file uploaded
2024-05-14 00:51:34 WARNING: No new file uploaded
2024-05-14 00:51:45 WARNING: No new file uploaded
2024-05-14 00:51:55 WARNING: No new file uploaded
2024-05-14 00:52:05 WARNING: No new file uploaded
2024-05-14 00:52:15 WARNING: No new file uploaded
2024-05-14 00:52:25 WARNING: No new file uploaded
2024-05-14 00:52:36 WARNING: No new file uploaded
2024-05-14 00:52:46 WARNING: No new file uploaded
2024-05-14 00:52:56 WARNING: No new file uploaded
2024-05-14 00:53:06 WARNING: No new file uploaded
2024-05-14 00:53:17 WARNING: No new file uploaded
2024-05-14 00:53:27 WARNING: No new file uploaded
2024-05-14 00:53:37 WARNING: No new file uploaded
2024-05-14 00:53:47 WARNING: No new file uploaded
2024-05-14 00:53:58 WARNING: No new file uploaded
2024-05-14 00:54:08 WARNING: No new file uploaded
2024-05-14 00:54:18 WARNING: No new file uploaded
2024-05-14 00:54:28 WARNING: No new file uploaded
2024-05-14 00:54:39 WARNING: No new file uploaded
2024-05-14 00:54:49 WARNING: No new file uploaded
2024-05-14 00:54:59 WARNING: No new file uploaded
2024-05-14 00:55:09 WARNING: No new file uploaded
2024-05-14 00:55:20 WARNING: No new file uploaded
2024-05-14 00:55:30 WARNING: No new file uploaded
2024-05-14 00:55:40 WARNING: No new file uploaded
2024-05-14 00:55:50 WARNING: No new file uploaded
2024-05-14 00:56:01 WARNING: No new file uploaded
2024-05-14 00:56:11 WARNING: No new file uploaded
2024-05-14 00:56:21 WARNING: No new file uploaded
2024-05-14 00:56:31 WARNING: No new file uploaded
2024-05-14 00:56:41 WARNING: No new file uploaded
2024-05-14 00:56:52 WARNING: No new file uploaded
2024-05-14 00:57:02 WARNING: No new file uploaded
2024-05-14 00:57:12 WARNING: No new file uploaded
2024-05-14 00:57:22 WARNING: No new file uploaded
2024-05-14 00:57:33 WARNING: No new file uploaded
2024-05-14 00:57:43 WARNING: No new file uploaded
2024-05-14 00:57:53 WARNING: No new file uploaded
2024-05-14 00:58:03 WARNING: No new file uploaded
2024-05-14 00:58:14 WARNING: No new file uploaded
2024-05-14 00:58:24 WARNING: No new file uploaded
2024-05-14 00:58:34 WARNING: No new file uploaded
2024-05-14 00:58:44 WARNING: No new file uploaded
2024-05-14 00:58:55 WARNING: No new file uploaded
2024-05-14 00:59:05 WARNING: No new file uploaded
2024-05-14 00:59:15 WARNING: No new file uploaded
2024-05-14 00:59:25 WARNING: No new file uploaded
2024-05-14 00:59:36 WARNING: No new file uploaded
2024-05-14 00:59:46 WARNING: No new file uploaded
2024-05-14 00:59:56 WARNING: No new file uploaded
2024-05-14 01:00:06 WARNING: No new file uploaded
2024-05-14 01:00:17 WARNING: No new file uploaded
2024-05-14 01:00:27 WARNING: No new file uploaded
2024-05-14 01:00:37 WARNING: No new file uploaded
2024-05-14 01:00:47 WARNING: No new file uploaded
2024-05-14 01:00:58 WARNING: No new file uploaded
2024-05-14 01:01:08 WARNING: No new file uploaded
2024-05-14 01:01:18 WARNING: No new file uploaded
2024-05-14 01:01:28 WARNING: No new file uploaded
2024-05-14 01:01:38 WARNING: No new file uploaded
2024-05-14 01:01:49 WARNING: No new file uploaded
2024-05-14 01:01:59 WARNING: No new file uploaded
2024-05-14 01:02:09 WARNING: No new file uploaded
2024-05-14 01:02:19 WARNING: No new file uploaded
2024-05-14 01:02:30 WARNING: No new file uploaded
2024-05-14 01:02:40 WARNING: No new file uploaded
2024-05-14 01:02:50 WARNING: No new file uploaded
2024-05-14 01:03:00 WARNING: No new file uploaded
2024-05-14 01:03:11 WARNING: No new file uploaded
2024-05-14 01:03:21 WARNING: No new file uploaded
2024-05-14 01:03:31 WARNING: No new file uploaded
2024-05-14 01:03:41 WARNING: No new file uploaded
2024-05-14 01:03:52 WARNING: No new file uploaded
2024-05-14 01:04:02 WARNING: No new file uploaded
2024-05-14 01:04:12 WARNING: No new file uploaded
2024-05-14 01:04:22 WARNING: No new file uploaded
2024-05-14 01:04:33 WARNING: No new file uploaded
2024-05-14 01:04:43 WARNING: No new file uploaded
2024-05-14 01:04:53 WARNING: No new file uploaded
2024-05-14 01:05:03 WARNING: No new file uploaded
2024-05-14 01:05:14 WARNING: No new file uploaded
2024-05-14 01:05:24 WARNING: No new file uploaded
2024-05-14 01:05:34 WARNING: No new file uploaded
2024-05-14 01:05:44 WARNING: No new file uploaded
2024-05-14 01:05:54 WARNING: No new file uploaded
2024-05-14 01:06:05 WARNING: No new file uploaded
2024-05-14 01:06:15 WARNING: No new file uploaded
2024-05-14 01:06:25 WARNING: No new file uploaded
2024-05-14 01:06:35 WARNING: No new file uploaded
2024-05-14 01:06:46 WARNING: No new file uploaded
2024-05-14 01:06:56 WARNING: No new file uploaded
2024-05-14 01:07:06 WARNING: No new file uploaded
2024-05-14 01:07:16 WARNING: No new file uploaded
2024-05-14 01:07:27 WARNING: No new file uploaded
2024-05-14 01:07:37 WARNING: No new file uploaded
2024-05-14 01:07:47 WARNING: No new file uploaded
2024-05-14 01:07:57 WARNING: No new file uploaded
2024-05-14 01:08:08 WARNING: No new file uploaded
2024-05-14 01:08:18 WARNING: No new file uploaded
2024-05-14 01:08:28 WARNING: No new file uploaded
2024-05-14 01:08:38 WARNING: No new file uploaded
2024-05-14 01:08:49 WARNING: No new file uploaded
2024-05-14 01:08:59 WARNING: No new file uploaded
2024-05-14 01:09:09 WARNING: No new file uploaded
2024-05-14 01:09:19 WARNING: No new file uploaded
2024-05-14 01:09:30 WARNING: No new file uploaded
2024-05-14 01:09:40 WARNING: No new file uploaded
2024-05-14 01:09:50 WARNING: No new file uploaded
2024-05-14 01:10:00 WARNING: No new file uploaded
2024-05-14 01:10:10 WARNING: No new file uploaded
2024-05-14 01:10:21 WARNING: No new file uploaded
2024-05-14 01:10:31 WARNING: No new file uploaded
2024-05-14 01:10:41 WARNING: No new file uploaded
2024-05-14 01:10:51 WARNING: No new file uploaded
2024-05-14 01:11:02 WARNING: No new file uploaded
2024-05-14 01:11:12 WARNING: No new file uploaded
2024-05-14 01:11:22 WARNING: No new file uploaded
2024-05-14 01:11:32 WARNING: No new file uploaded
2024-05-14 01:11:43 WARNING: No new file uploaded
2024-05-14 01:11:53 WARNING: No new file uploaded
2024-05-14 01:12:03 WARNING: No new file uploaded
2024-05-14 01:12:13 WARNING: No new file uploaded
2024-05-14 01:12:24 WARNING: No new file uploaded
2024-05-14 01:12:34 WARNING: No new file uploaded
2024-05-14 01:12:44 WARNING: No new file uploaded
2024-05-14 01:12:54 WARNING: No new file uploaded
2024-05-14 01:13:05 WARNING: No new file uploaded
2024-05-14 01:13:15 WARNING: No new file uploaded
2024-05-14 01:13:25 WARNING: No new file uploaded
2024-05-14 01:13:35 WARNING: No new file uploaded
2024-05-14 01:13:46 WARNING: No new file uploaded
2024-05-14 01:13:56 WARNING: No new file uploaded
2024-05-14 01:14:06 WARNING: No new file uploaded
2024-05-14 01:14:16 WARNING: No new file uploaded
2024-05-14 01:14:26 WARNING: No new file uploaded
2024-05-14 01:14:37 WARNING: No new file uploaded
2024-05-14 01:14:47 WARNING: No new file uploaded
2024-05-14 01:14:57 WARNING: No new file uploaded
2024-05-14 01:15:07 WARNING: No new file uploaded
2024-05-14 01:15:18 WARNING: No new file uploaded
2024-05-14 01:15:28 WARNING: No new file uploaded
2024-05-14 01:15:38 WARNING: No new file uploaded
2024-05-14 01:15:48 WARNING: No new file uploaded
2024-05-14 01:15:59 WARNING: No new file uploaded
2024-05-14 01:16:09 WARNING: No new file uploaded
2024-05-14 01:16:19 WARNING: No new file uploaded
2024-05-14 01:16:29 WARNING: No new file uploaded
2024-05-14 01:16:40 WARNING: No new file uploaded
2024-05-14 01:16:50 WARNING: No new file uploaded
2024-05-14 01:17:00 WARNING: No new file uploaded
2024-05-14 01:17:10 WARNING: No new file uploaded
2024-05-14 01:17:21 WARNING: No new file uploaded
2024-05-14 01:17:31 WARNING: No new file uploaded
2024-05-14 01:17:41 WARNING: No new file uploaded
2024-05-14 01:17:51 WARNING: No new file uploaded
2024-05-14 01:18:02 WARNING: No new file uploaded
2024-05-14 01:18:12 WARNING: No new file uploaded
2024-05-14 01:18:22 WARNING: No new file uploaded
2024-05-14 01:18:32 WARNING: No new file uploaded
2024-05-14 01:18:42 WARNING: No new file uploaded
2024-05-14 01:18:53 WARNING: No new file uploaded
2024-05-14 01:19:03 WARNING: No new file uploaded
2024-05-14 01:19:13 WARNING: No new file uploaded
2024-05-14 01:19:23 WARNING: No new file uploaded
2024-05-14 01:19:34 WARNING: No new file uploaded
2024-05-14 01:19:44 WARNING: No new file uploaded
2024-05-14 01:19:54 WARNING: No new file uploaded
2024-05-14 01:20:04 WARNING: No new file uploaded
2024-05-14 01:20:15 WARNING: No new file uploaded
2024-05-14 01:20:25 WARNING: No new file uploaded
2024-05-14 01:20:35 WARNING: No new file uploaded
2024-05-14 01:20:45 WARNING: No new file uploaded
2024-05-14 01:20:56 WARNING: No new file uploaded
2024-05-14 01:21:06 WARNING: No new file uploaded
2024-05-14 01:21:16 WARNING: No new file uploaded
2024-05-14 01:21:26 WARNING: No new file uploaded
2024-05-14 01:21:36 WARNING: No new file uploaded
2024-05-14 01:21:47 WARNING: No new file uploaded
2024-05-14 01:21:57 WARNING: No new file uploaded
2024-05-14 01:22:07 WARNING: No new file uploaded
2024-05-14 01:22:17 WARNING: No new file uploaded
2024-05-14 01:22:28 WARNING: No new file uploaded
2024-05-14 01:22:38 WARNING: No new file uploaded
2024-05-14 01:22:48 WARNING: No new file uploaded
2024-05-14 01:22:58 WARNING: No new file uploaded
2024-05-14 01:23:09 WARNING: No new file uploaded
2024-05-14 01:23:19 WARNING: No new file uploaded
2024-05-14 01:23:29 WARNING: No new file uploaded
2024-05-14 01:23:39 WARNING: No new file uploaded
2024-05-14 01:23:50 WARNING: No new file uploaded
2024-05-14 01:24:00 WARNING: No new file uploaded
2024-05-14 01:24:10 WARNING: No new file uploaded
2024-05-14 01:24:20 WARNING: No new file uploaded
2024-05-14 01:24:30 WARNING: No new file uploaded
2024-05-14 01:24:41 WARNING: No new file uploaded
2024-05-14 01:24:51 WARNING: No new file uploaded
2024-05-14 01:25:01 WARNING: No new file uploaded
2024-05-14 01:25:11 WARNING: No new file uploaded
2024-05-14 01:25:22 WARNING: No new file uploaded
2024-05-14 01:25:32 WARNING: No new file uploaded
2024-05-14 01:25:42 WARNING: No new file uploaded
2024-05-14 01:25:52 WARNING: No new file uploaded
2024-05-14 01:26:03 WARNING: No new file uploaded
2024-05-14 01:26:13 WARNING: No new file uploaded
2024-05-14 01:26:23 WARNING: No new file uploaded
2024-05-14 01:26:33 WARNING: No new file uploaded
2024-05-14 01:26:44 WARNING: No new file uploaded
2024-05-14 01:26:54 WARNING: No new file uploaded
2024-05-14 01:27:04 WARNING: No new file uploaded
2024-05-14 01:27:14 WARNING: No new file uploaded
2024-05-14 01:27:25 WARNING: No new file uploaded
2024-05-14 01:27:35 WARNING: No new file uploaded
2024-05-14 01:27:45 WARNING: No new file uploaded
2024-05-14 01:27:55 WARNING: No new file uploaded
2024-05-14 01:28:05 WARNING: No new file uploaded
2024-05-14 01:28:16 WARNING: No new file uploaded
2024-05-14 01:28:26 WARNING: No new file uploaded
2024-05-14 01:28:36 WARNING: No new file uploaded
2024-05-14 01:28:46 WARNING: No new file uploaded
2024-05-14 01:28:57 WARNING: No new file uploaded
2024-05-14 01:29:07 WARNING: No new file uploaded
2024-05-14 01:29:17 WARNING: No new file uploaded
2024-05-14 01:29:27 WARNING: No new file uploaded
2024-05-14 01:29:38 WARNING: No new file uploaded
2024-05-14 01:29:48 WARNING: No new file uploaded
2024-05-14 01:29:58 WARNING: No new file uploaded
2024-05-14 01:30:08 WARNING: No new file uploaded
2024-05-14 01:30:19 WARNING: No new file uploaded
2024-05-14 01:30:29 WARNING: No new file uploaded
2024-05-14 01:30:39 WARNING: No new file uploaded
2024-05-14 01:30:49 WARNING: No new file uploaded
2024-05-14 01:31:00 WARNING: No new file uploaded
2024-05-14 01:31:10 WARNING: No new file uploaded
2024-05-14 01:31:20 WARNING: No new file uploaded
2024-05-14 01:31:30 WARNING: No new file uploaded
2024-05-14 01:31:40 WARNING: No new file uploaded
2024-05-14 01:31:51 WARNING: No new file uploaded
2024-05-14 01:32:01 WARNING: No new file uploaded
2024-05-14 01:32:11 WARNING: No new file uploaded
2024-05-14 01:32:21 WARNING: No new file uploaded
2024-05-14 01:32:32 WARNING: No new file uploaded
2024-05-14 01:32:42 WARNING: No new file uploaded
2024-05-14 01:32:52 WARNING: No new file uploaded
2024-05-14 01:33:02 WARNING: No new file uploaded
2024-05-14 01:33:13 WARNING: No new file uploaded
2024-05-14 01:33:23 WARNING: No new file uploaded
2024-05-14 01:33:33 WARNING: No new file uploaded
2024-05-14 01:33:43 WARNING: No new file uploaded
2024-05-14 01:33:54 WARNING: No new file uploaded
2024-05-14 01:34:04 WARNING: No new file uploaded
2024-05-14 01:34:14 WARNING: No new file uploaded
2024-05-14 01:34:24 WARNING: No new file uploaded
2024-05-14 01:34:35 WARNING: No new file uploaded
2024-05-14 01:34:45 WARNING: No new file uploaded
2024-05-14 01:34:55 WARNING: No new file uploaded
2024-05-14 01:35:05 WARNING: No new file uploaded
2024-05-14 01:35:15 WARNING: No new file uploaded
2024-05-14 01:35:26 WARNING: No new file uploaded
2024-05-14 01:35:36 WARNING: No new file uploaded
2024-05-14 01:35:46 WARNING: No new file uploaded
2024-05-14 01:35:56 WARNING: No new file uploaded
2024-05-14 01:36:07 WARNING: No new file uploaded
2024-05-14 01:36:17 WARNING: No new file uploaded
2024-05-14 01:36:27 WARNING: No new file uploaded
2024-05-14 01:36:37 WARNING: No new file uploaded
2024-05-14 01:36:48 WARNING: No new file uploaded
2024-05-14 01:36:58 WARNING: No new file uploaded
2024-05-14 01:37:08 WARNING: No new file uploaded
2024-05-14 01:37:18 WARNING: No new file uploaded
2024-05-14 01:37:29 WARNING: No new file uploaded
2024-05-14 01:37:39 WARNING: No new file uploaded
2024-05-14 01:37:49 WARNING: No new file uploaded
2024-05-14 01:37:59 WARNING: No new file uploaded
2024-05-14 01:38:09 WARNING: No new file uploaded
2024-05-14 01:38:20 WARNING: No new file uploaded
2024-05-14 01:38:30 WARNING: No new file uploaded
2024-05-14 01:38:40 WARNING: No new file uploaded
2024-05-14 01:38:50 WARNING: No new file uploaded
2024-05-14 01:39:01 WARNING: No new file uploaded
2024-05-14 01:39:11 WARNING: No new file uploaded
2024-05-14 01:39:21 WARNING: No new file uploaded
2024-05-14 01:39:31 WARNING: No new file uploaded
2024-05-14 01:39:42 WARNING: No new file uploaded
2024-05-14 01:39:52 WARNING: No new file uploaded
2024-05-14 01:40:02 WARNING: No new file uploaded
2024-05-14 01:40:12 WARNING: No new file uploaded
2024-05-14 01:40:23 WARNING: No new file uploaded
2024-05-14 01:40:33 WARNING: No new file uploaded
2024-05-14 01:40:43 WARNING: No new file uploaded
2024-05-14 01:40:53 WARNING: No new file uploaded
2024-05-14 01:41:04 WARNING: No new file uploaded
2024-05-14 01:41:14 WARNING: No new file uploaded
2024-05-14 01:41:24 WARNING: No new file uploaded
2024-05-14 01:41:34 WARNING: No new file uploaded
2024-05-14 01:41:45 WARNING: No new file uploaded
2024-05-14 01:41:55 WARNING: No new file uploaded
2024-05-14 01:42:05 WARNING: No new file uploaded
2024-05-14 01:42:15 WARNING: No new file uploaded
2024-05-14 01:42:25 WARNING: No new file uploaded
2024-05-14 01:42:36 WARNING: No new file uploaded
2024-05-14 01:42:46 WARNING: No new file uploaded
2024-05-14 01:42:56 WARNING: No new file uploaded
2024-05-14 01:43:06 WARNING: No new file uploaded
2024-05-14 01:43:17 WARNING: No new file uploaded
2024-05-14 01:43:27 WARNING: No new file uploaded
2024-05-14 01:43:37 WARNING: No new file uploaded
2024-05-14 01:43:47 WARNING: No new file uploaded
2024-05-14 01:43:58 WARNING: No new file uploaded
2024-05-14 01:44:08 WARNING: No new file uploaded
2024-05-14 01:44:18 WARNING: No new file uploaded
2024-05-14 01:44:28 WARNING: No new file uploaded
2024-05-14 01:44:38 WARNING: No new file uploaded
2024-05-14 01:44:49 WARNING: No new file uploaded
2024-05-14 01:44:59 WARNING: No new file uploaded
2024-05-14 01:45:09 WARNING: No new file uploaded
2024-05-14 01:45:19 WARNING: No new file uploaded
2024-05-14 01:45:30 WARNING: No new file uploaded
2024-05-14 01:45:40 WARNING: No new file uploaded
2024-05-14 01:45:50 WARNING: No new file uploaded
2024-05-14 01:46:00 WARNING: No new file uploaded
2024-05-14 01:46:11 WARNING: No new file uploaded
2024-05-14 01:46:21 WARNING: No new file uploaded
2024-05-14 01:46:31 WARNING: No new file uploaded
2024-05-14 01:46:41 WARNING: No new file uploaded
2024-05-14 01:46:52 WARNING: No new file uploaded
2024-05-14 01:47:02 WARNING: No new file uploaded
2024-05-14 01:47:12 WARNING: No new file uploaded
2024-05-14 01:47:22 WARNING: No new file uploaded
2024-05-14 01:47:33 WARNING: No new file uploaded
2024-05-14 01:47:43 WARNING: No new file uploaded
2024-05-14 01:47:53 WARNING: No new file uploaded
2024-05-14 01:48:03 WARNING: No new file uploaded
2024-05-14 01:48:13 WARNING: No new file uploaded
2024-05-14 01:48:24 WARNING: No new file uploaded
2024-05-14 01:48:34 WARNING: No new file uploaded
2024-05-14 01:48:44 WARNING: No new file uploaded
2024-05-14 01:48:54 WARNING: No new file uploaded
2024-05-14 01:49:05 WARNING: No new file uploaded
2024-05-14 01:49:15 WARNING: No new file uploaded
2024-05-14 01:49:25 WARNING: No new file uploaded
2024-05-14 01:49:35 WARNING: No new file uploaded
2024-05-14 01:49:46 WARNING: No new file uploaded
2024-05-14 01:49:56 WARNING: No new file uploaded
2024-05-14 01:50:06 WARNING: No new file uploaded
2024-05-14 01:50:16 WARNING: No new file uploaded
2024-05-14 01:50:27 WARNING: No new file uploaded
2024-05-14 01:50:37 WARNING: No new file uploaded
2024-05-14 01:50:47 WARNING: No new file uploaded
2024-05-14 01:50:57 WARNING: No new file uploaded
2024-05-14 01:51:08 WARNING: No new file uploaded
2024-05-14 01:51:18 WARNING: No new file uploaded
2024-05-14 01:51:28 WARNING: No new file uploaded
2024-05-14 01:51:38 WARNING: No new file uploaded
2024-05-14 01:51:48 WARNING: No new file uploaded
2024-05-14 01:51:59 WARNING: No new file uploaded
2024-05-14 01:52:09 WARNING: No new file uploaded
2024-05-14 01:52:19 WARNING: No new file uploaded
2024-05-14 01:52:29 WARNING: No new file uploaded
2024-05-14 01:52:40 WARNING: No new file uploaded
2024-05-14 01:52:50 WARNING: No new file uploaded
2024-05-14 01:53:00 WARNING: No new file uploaded
2024-05-14 01:53:10 WARNING: No new file uploaded
2024-05-14 01:53:21 WARNING: No new file uploaded
2024-05-14 01:53:31 WARNING: No new file uploaded
2024-05-14 01:53:41 WARNING: No new file uploaded
2024-05-14 01:53:51 WARNING: No new file uploaded
2024-05-14 01:54:02 WARNING: No new file uploaded
2024-05-14 01:54:12 WARNING: No new file uploaded
2024-05-14 01:54:22 WARNING: No new file uploaded
2024-05-14 01:54:32 WARNING: No new file uploaded
2024-05-14 01:54:42 WARNING: No new file uploaded
2024-05-14 01:54:53 WARNING: No new file uploaded
2024-05-14 01:55:03 WARNING: No new file uploaded
2024-05-14 01:55:13 WARNING: No new file uploaded
2024-05-14 01:55:23 WARNING: No new file uploaded
2024-05-14 01:55:34 WARNING: No new file uploaded
2024-05-14 01:55:44 WARNING: No new file uploaded
2024-05-14 01:55:54 WARNING: No new file uploaded
2024-05-14 01:56:04 WARNING: No new file uploaded
2024-05-14 01:56:15 WARNING: No new file uploaded
2024-05-14 01:56:25 WARNING: No new file uploaded
2024-05-14 01:56:35 WARNING: No new file uploaded
2024-05-14 01:56:45 WARNING: No new file uploaded
2024-05-14 01:56:56 WARNING: No new file uploaded
2024-05-14 01:57:06 WARNING: No new file uploaded
2024-05-14 01:57:16 WARNING: No new file uploaded
2024-05-14 01:57:26 WARNING: No new file uploaded
2024-05-14 01:57:37 WARNING: No new file uploaded
2024-05-14 01:57:47 WARNING: No new file uploaded
2024-05-14 01:57:57 WARNING: No new file uploaded
2024-05-14 01:58:07 WARNING: No new file uploaded
2024-05-14 01:58:18 WARNING: No new file uploaded
2024-05-14 01:58:28 WARNING: No new file uploaded
2024-05-14 01:58:38 WARNING: No new file uploaded
2024-05-14 01:58:48 WARNING: No new file uploaded
2024-05-14 01:58:58 WARNING: No new file uploaded
2024-05-14 01:59:09 WARNING: No new file uploaded
2024-05-14 01:59:19 WARNING: No new file uploaded
2024-05-14 01:59:29 WARNING: No new file uploaded
2024-05-14 01:59:39 WARNING: No new file uploaded
2024-05-14 01:59:50 WARNING: No new file uploaded
2024-05-14 02:00:00 WARNING: No new file uploaded
2024-05-14 02:00:10 WARNING: No new file uploaded
2024-05-14 02:00:20 WARNING: No new file uploaded
2024-05-14 02:00:31 WARNING: No new file uploaded
2024-05-14 02:00:41 WARNING: No new file uploaded
2024-05-14 02:00:51 WARNING: No new file uploaded
2024-05-14 02:01:01 WARNING: No new file uploaded
2024-05-14 02:01:12 WARNING: No new file uploaded
2024-05-14 02:01:22 WARNING: No new file uploaded
2024-05-14 02:01:32 WARNING: No new file uploaded
2024-05-14 02:01:42 WARNING: No new file uploaded
2024-05-14 02:01:53 WARNING: No new file uploaded
2024-05-14 02:02:03 WARNING: No new file uploaded
2024-05-14 02:02:13 WARNING: No new file uploaded
2024-05-14 02:02:23 WARNING: No new file uploaded
2024-05-14 02:02:33 WARNING: No new file uploaded
2024-05-14 02:02:44 WARNING: No new file uploaded
2024-05-14 02:02:54 WARNING: No new file uploaded
2024-05-14 02:03:04 WARNING: No new file uploaded
2024-05-14 02:03:14 WARNING: No new file uploaded
2024-05-14 02:03:25 WARNING: No new file uploaded
2024-05-14 02:03:35 WARNING: No new file uploaded
2024-05-14 02:03:45 WARNING: No new file uploaded
2024-05-14 02:03:55 WARNING: No new file uploaded
2024-05-14 02:04:06 WARNING: No new file uploaded
2024-05-14 02:04:16 WARNING: No new file uploaded
2024-05-14 02:04:26 WARNING: No new file uploaded
2024-05-14 02:04:36 WARNING: No new file uploaded
2024-05-14 02:04:47 WARNING: No new file uploaded
2024-05-14 02:04:57 WARNING: No new file uploaded
2024-05-14 02:05:07 WARNING: No new file uploaded
2024-05-14 02:05:17 WARNING: No new file uploaded
2024-05-14 02:05:28 WARNING: No new file uploaded
2024-05-14 02:05:38 WARNING: No new file uploaded
2024-05-14 02:05:48 WARNING: No new file uploaded
2024-05-14 02:05:58 WARNING: No new file uploaded
2024-05-14 02:06:08 WARNING: No new file uploaded
2024-05-14 02:06:19 WARNING: No new file uploaded
2024-05-14 02:06:29 WARNING: No new file uploaded
2024-05-14 02:06:39 WARNING: No new file uploaded
2024-05-14 02:06:49 WARNING: No new file uploaded
2024-05-14 02:07:00 WARNING: No new file uploaded
2024-05-14 02:07:10 WARNING: No new file uploaded
2024-05-14 02:07:20 WARNING: No new file uploaded
2024-05-14 02:07:30 WARNING: No new file uploaded
2024-05-14 02:07:41 WARNING: No new file uploaded
2024-05-14 02:07:51 WARNING: No new file uploaded
2024-05-14 02:08:01 WARNING: No new file uploaded
2024-05-14 02:08:11 WARNING: No new file uploaded
2024-05-14 02:08:22 WARNING: No new file uploaded
2024-05-14 02:08:32 WARNING: No new file uploaded
2024-05-14 02:08:42 WARNING: No new file uploaded
2024-05-14 02:08:52 WARNING: No new file uploaded
2024-05-14 02:09:02 WARNING: No new file uploaded
2024-05-14 02:09:13 WARNING: No new file uploaded
2024-05-14 02:09:23 WARNING: No new file uploaded
2024-05-14 02:09:33 WARNING: No new file uploaded
2024-05-14 02:09:43 WARNING: No new file uploaded
2024-05-14 02:09:54 WARNING: No new file uploaded
2024-05-14 02:10:04 WARNING: No new file uploaded
2024-05-14 02:10:14 WARNING: No new file uploaded
2024-05-14 02:10:24 WARNING: No new file uploaded
2024-05-14 02:10:35 WARNING: No new file uploaded
2024-05-14 02:10:45 WARNING: No new file uploaded
2024-05-14 02:10:55 WARNING: No new file uploaded
2024-05-14 02:11:05 WARNING: No new file uploaded
2024-05-14 02:11:16 WARNING: No new file uploaded
2024-05-14 02:11:26 WARNING: No new file uploaded
2024-05-14 02:11:36 WARNING: No new file uploaded
2024-05-14 02:11:46 WARNING: No new file uploaded
2024-05-14 02:11:57 WARNING: No new file uploaded
2024-05-14 02:12:07 WARNING: No new file uploaded
2024-05-14 02:12:17 WARNING: No new file uploaded
2024-05-14 02:12:27 WARNING: No new file uploaded
2024-05-14 02:12:37 WARNING: No new file uploaded
2024-05-14 02:12:48 WARNING: No new file uploaded
2024-05-14 02:12:58 WARNING: No new file uploaded
2024-05-14 02:13:08 WARNING: No new file uploaded
2024-05-14 02:13:18 WARNING: No new file uploaded
2024-05-14 02:13:29 WARNING: No new file uploaded
2024-05-14 02:13:39 WARNING: No new file uploaded
2024-05-14 02:13:49 WARNING: No new file uploaded
2024-05-14 02:13:59 WARNING: No new file uploaded
2024-05-14 02:14:10 WARNING: No new file uploaded
2024-05-14 02:14:20 WARNING: No new file uploaded
2024-05-14 02:14:30 WARNING: No new file uploaded
2024-05-14 02:14:40 WARNING: No new file uploaded
2024-05-14 02:14:51 WARNING: No new file uploaded
2024-05-14 02:15:01 WARNING: No new file uploaded
2024-05-14 02:15:11 WARNING: No new file uploaded
2024-05-14 02:15:21 WARNING: No new file uploaded
2024-05-14 02:15:32 WARNING: No new file uploaded
2024-05-14 02:15:42 WARNING: No new file uploaded
2024-05-14 02:15:52 WARNING: No new file uploaded
2024-05-14 02:16:02 WARNING: No new file uploaded
2024-05-14 02:16:13 WARNING: No new file uploaded
2024-05-14 02:16:23 WARNING: No new file uploaded
2024-05-14 02:16:33 WARNING: No new file uploaded
2024-05-14 02:16:43 WARNING: No new file uploaded
2024-05-14 02:16:53 WARNING: No new file uploaded
2024-05-14 02:17:04 WARNING: No new file uploaded
2024-05-14 02:17:14 WARNING: No new file uploaded
2024-05-14 02:17:24 WARNING: No new file uploaded
2024-05-14 02:17:34 WARNING: No new file uploaded
2024-05-14 02:17:45 WARNING: No new file uploaded
2024-05-14 02:17:55 WARNING: No new file uploaded
2024-05-14 02:18:05 WARNING: No new file uploaded
2024-05-14 02:18:15 WARNING: No new file uploaded
2024-05-14 02:18:26 WARNING: No new file uploaded
2024-05-14 02:18:36 WARNING: No new file uploaded
2024-05-14 02:18:46 WARNING: No new file uploaded
2024-05-14 02:18:56 WARNING: No new file uploaded
2024-05-14 02:19:07 WARNING: No new file uploaded
2024-05-14 02:19:17 WARNING: No new file uploaded
2024-05-14 02:19:27 WARNING: No new file uploaded
2024-05-14 02:19:37 WARNING: No new file uploaded
2024-05-14 02:19:48 WARNING: No new file uploaded
2024-05-14 02:19:58 WARNING: No new file uploaded
2024-05-14 02:20:08 WARNING: No new file uploaded
2024-05-14 02:20:18 WARNING: No new file uploaded
2024-05-14 02:20:28 WARNING: No new file uploaded
2024-05-14 02:20:39 WARNING: No new file uploaded
2024-05-14 02:20:49 WARNING: No new file uploaded
2024-05-14 02:20:59 WARNING: No new file uploaded
2024-05-14 02:21:09 WARNING: No new file uploaded
2024-05-14 02:21:20 WARNING: No new file uploaded
2024-05-14 02:21:30 WARNING: No new file uploaded
2024-05-14 02:21:40 WARNING: No new file uploaded
2024-05-14 02:21:50 WARNING: No new file uploaded
2024-05-14 02:22:01 WARNING: No new file uploaded
2024-05-14 02:22:11 WARNING: No new file uploaded
2024-05-14 02:22:21 WARNING: No new file uploaded
2024-05-14 02:22:31 WARNING: No new file uploaded
2024-05-14 02:22:42 WARNING: No new file uploaded
2024-05-14 02:22:52 WARNING: No new file uploaded
2024-05-14 02:23:02 WARNING: No new file uploaded
2024-05-14 02:23:12 WARNING: No new file uploaded
2024-05-14 02:23:22 WARNING: No new file uploaded
2024-05-14 02:23:33 WARNING: No new file uploaded
2024-05-14 02:23:43 WARNING: No new file uploaded
2024-05-14 02:23:53 WARNING: No new file uploaded
2024-05-14 02:24:03 WARNING: No new file uploaded
2024-05-14 02:24:14 WARNING: No new file uploaded
2024-05-14 02:24:24 WARNING: No new file uploaded
2024-05-14 02:24:34 WARNING: No new file uploaded
2024-05-14 02:24:44 WARNING: No new file uploaded
2024-05-14 02:24:55 WARNING: No new file uploaded
2024-05-14 02:25:05 WARNING: No new file uploaded
2024-05-14 02:25:15 WARNING: No new file uploaded
2024-05-14 02:25:25 WARNING: No new file uploaded
2024-05-14 02:25:36 WARNING: No new file uploaded
2024-05-14 02:25:46 WARNING: No new file uploaded
2024-05-14 02:25:56 WARNING: No new file uploaded
2024-05-14 02:26:06 WARNING: No new file uploaded
2024-05-14 02:26:17 WARNING: No new file uploaded
2024-05-14 02:26:27 WARNING: No new file uploaded
2024-05-14 02:26:37 WARNING: No new file uploaded
2024-05-14 02:26:47 WARNING: No new file uploaded
2024-05-14 02:26:57 WARNING: No new file uploaded
2024-05-14 02:27:08 WARNING: No new file uploaded
2024-05-14 02:27:18 WARNING: No new file uploaded
2024-05-14 02:27:28 WARNING: No new file uploaded
2024-05-14 02:27:38 WARNING: No new file uploaded
2024-05-14 02:27:49 WARNING: No new file uploaded
2024-05-14 02:27:59 WARNING: No new file uploaded
2024-05-14 02:28:09 WARNING: No new file uploaded
2024-05-14 02:28:19 WARNING: No new file uploaded
2024-05-14 02:28:30 WARNING: No new file uploaded
2024-05-14 02:28:40 WARNING: No new file uploaded
2024-05-14 02:28:50 WARNING: No new file uploaded
2024-05-14 02:29:00 WARNING: No new file uploaded
2024-05-14 02:29:11 WARNING: No new file uploaded
2024-05-14 02:29:21 WARNING: No new file uploaded
2024-05-14 02:29:31 WARNING: No new file uploaded
2024-05-14 02:29:41 WARNING: No new file uploaded
2024-05-14 02:29:51 WARNING: No new file uploaded
2024-05-14 02:30:02 WARNING: No new file uploaded
2024-05-14 02:30:12 WARNING: No new file uploaded
2024-05-14 02:30:22 WARNING: No new file uploaded
2024-05-14 02:30:32 WARNING: No new file uploaded
2024-05-14 02:30:43 WARNING: No new file uploaded
2024-05-14 02:30:53 WARNING: No new file uploaded
2024-05-14 02:31:03 WARNING: No new file uploaded
2024-05-14 02:31:13 WARNING: No new file uploaded
2024-05-14 02:31:24 WARNING: No new file uploaded
2024-05-14 02:31:34 WARNING: No new file uploaded
2024-05-14 02:31:44 WARNING: No new file uploaded
2024-05-14 02:31:54 WARNING: No new file uploaded
2024-05-14 02:32:05 WARNING: No new file uploaded
2024-05-14 02:32:15 WARNING: No new file uploaded
2024-05-14 02:32:25 WARNING: No new file uploaded
2024-05-14 02:32:35 WARNING: No new file uploaded
2024-05-14 02:32:46 WARNING: No new file uploaded
2024-05-14 02:32:56 WARNING: No new file uploaded
2024-05-14 02:33:06 WARNING: No new file uploaded
2024-05-14 02:33:16 WARNING: No new file uploaded
2024-05-14 02:33:26 WARNING: No new file uploaded
2024-05-14 02:33:37 WARNING: No new file uploaded
2024-05-14 02:33:47 WARNING: No new file uploaded
2024-05-14 02:33:57 WARNING: No new file uploaded
2024-05-14 02:34:07 WARNING: No new file uploaded
2024-05-14 02:34:18 WARNING: No new file uploaded
2024-05-14 02:34:28 WARNING: No new file uploaded
2024-05-14 02:34:38 WARNING: No new file uploaded
2024-05-14 02:34:48 WARNING: No new file uploaded
2024-05-14 02:34:59 WARNING: No new file uploaded
2024-05-14 02:35:09 WARNING: No new file uploaded
2024-05-14 02:35:19 WARNING: No new file uploaded
2024-05-14 02:35:29 WARNING: No new file uploaded
2024-05-14 02:35:40 WARNING: No new file uploaded
2024-05-14 02:35:50 WARNING: No new file uploaded
2024-05-14 02:36:00 WARNING: No new file uploaded
2024-05-14 02:36:10 WARNING: No new file uploaded
2024-05-14 02:36:21 WARNING: No new file uploaded
2024-05-14 02:36:31 WARNING: No new file uploaded
2024-05-14 02:36:41 WARNING: No new file uploaded
2024-05-14 02:36:51 WARNING: No new file uploaded
2024-05-14 02:37:01 WARNING: No new file uploaded
2024-05-14 02:37:12 WARNING: No new file uploaded
2024-05-14 02:37:22 WARNING: No new file uploaded
2024-05-14 02:37:32 WARNING: No new file uploaded
2024-05-14 02:37:42 WARNING: No new file uploaded
2024-05-14 02:37:53 WARNING: No new file uploaded
2024-05-14 02:38:03 WARNING: No new file uploaded
2024-05-14 02:38:13 WARNING: No new file uploaded
2024-05-14 02:38:23 WARNING: No new file uploaded
2024-05-14 02:38:34 WARNING: No new file uploaded
2024-05-14 02:38:44 WARNING: No new file uploaded
2024-05-14 02:38:54 WARNING: No new file uploaded
2024-05-14 02:39:04 WARNING: No new file uploaded
2024-05-14 02:39:15 WARNING: No new file uploaded
2024-05-14 02:39:25 WARNING: No new file uploaded
2024-05-14 02:39:35 WARNING: No new file uploaded
2024-05-14 02:39:45 WARNING: No new file uploaded
2024-05-14 02:39:56 WARNING: No new file uploaded
2024-05-14 02:40:06 WARNING: No new file uploaded
2024-05-14 02:40:16 WARNING: No new file uploaded
2024-05-14 02:40:26 WARNING: No new file uploaded
2024-05-14 02:40:36 WARNING: No new file uploaded
2024-05-14 02:40:47 WARNING: No new file uploaded
2024-05-14 02:40:57 WARNING: No new file uploaded
2024-05-14 02:41:07 WARNING: No new file uploaded
2024-05-14 02:41:17 WARNING: No new file uploaded
2024-05-14 02:41:28 WARNING: No new file uploaded
2024-05-14 02:41:38 WARNING: No new file uploaded
2024-05-14 02:41:48 WARNING: No new file uploaded
2024-05-14 02:41:58 WARNING: No new file uploaded
2024-05-14 02:42:09 WARNING: No new file uploaded
2024-05-14 02:42:19 WARNING: No new file uploaded
2024-05-14 02:42:29 WARNING: No new file uploaded
2024-05-14 02:42:39 WARNING: No new file uploaded
2024-05-14 02:42:50 WARNING: No new file uploaded
2024-05-14 02:43:00 WARNING: No new file uploaded
2024-05-14 02:43:10 WARNING: No new file uploaded
2024-05-14 02:43:20 WARNING: No new file uploaded
2024-05-14 02:43:31 WARNING: No new file uploaded
2024-05-14 02:43:41 WARNING: No new file uploaded
2024-05-14 02:43:51 WARNING: No new file uploaded
2024-05-14 02:44:01 WARNING: No new file uploaded
2024-05-14 02:44:11 WARNING: No new file uploaded
2024-05-14 02:44:22 WARNING: No new file uploaded
2024-05-14 02:44:32 WARNING: No new file uploaded
2024-05-14 02:44:42 WARNING: No new file uploaded
2024-05-14 02:44:52 WARNING: No new file uploaded
2024-05-14 02:45:03 WARNING: No new file uploaded
2024-05-14 02:45:13 WARNING: No new file uploaded
2024-05-14 02:45:23 WARNING: No new file uploaded
2024-05-14 02:45:33 WARNING: No new file uploaded
2024-05-14 02:45:44 WARNING: No new file uploaded
2024-05-14 02:45:54 WARNING: No new file uploaded
2024-05-14 02:46:04 WARNING: No new file uploaded
2024-05-14 02:46:14 WARNING: No new file uploaded
2024-05-14 02:46:25 WARNING: No new file uploaded
2024-05-14 02:46:35 WARNING: No new file uploaded
2024-05-14 02:46:45 WARNING: No new file uploaded
2024-05-14 02:46:55 WARNING: No new file uploaded
2024-05-14 02:47:06 WARNING: No new file uploaded
2024-05-14 02:47:16 WARNING: No new file uploaded
2024-05-14 02:47:26 WARNING: No new file uploaded
2024-05-14 02:47:36 WARNING: No new file uploaded
2024-05-14 02:47:46 WARNING: No new file uploaded
2024-05-14 02:47:57 WARNING: No new file uploaded
2024-05-14 02:48:07 WARNING: No new file uploaded
2024-05-14 02:48:17 WARNING: No new file uploaded
2024-05-14 02:48:27 WARNING: No new file uploaded
2024-05-14 02:48:38 WARNING: No new file uploaded
2024-05-14 02:48:48 WARNING: No new file uploaded
2024-05-14 02:48:58 WARNING: No new file uploaded
2024-05-14 02:49:08 WARNING: No new file uploaded
2024-05-14 02:49:19 WARNING: No new file uploaded
2024-05-14 02:49:29 WARNING: No new file uploaded
2024-05-14 02:49:39 WARNING: No new file uploaded
2024-05-14 02:49:49 WARNING: No new file uploaded
2024-05-14 02:50:00 WARNING: No new file uploaded
2024-05-14 02:50:10 WARNING: No new file uploaded
2024-05-14 02:50:20 WARNING: No new file uploaded
2024-05-14 02:50:30 WARNING: No new file uploaded
2024-05-14 02:50:41 WARNING: No new file uploaded
2024-05-14 02:50:51 WARNING: No new file uploaded
2024-05-14 02:51:01 WARNING: No new file uploaded
2024-05-14 02:51:11 WARNING: No new file uploaded
2024-05-14 02:51:21 WARNING: No new file uploaded
2024-05-14 02:51:32 WARNING: No new file uploaded
2024-05-14 02:51:42 WARNING: No new file uploaded
2024-05-14 02:51:52 WARNING: No new file uploaded
2024-05-14 02:52:02 WARNING: No new file uploaded
2024-05-14 02:52:13 WARNING: No new file uploaded
2024-05-14 02:52:23 WARNING: No new file uploaded
2024-05-14 02:52:33 WARNING: No new file uploaded
2024-05-14 02:52:43 WARNING: No new file uploaded
2024-05-14 02:52:54 WARNING: No new file uploaded
2024-05-14 02:53:04 WARNING: No new file uploaded
2024-05-14 02:53:14 WARNING: No new file uploaded
2024-05-14 02:53:24 WARNING: No new file uploaded
2024-05-14 02:53:35 WARNING: No new file uploaded
2024-05-14 02:53:45 WARNING: No new file uploaded
2024-05-14 02:53:55 WARNING: No new file uploaded
2024-05-14 02:54:05 WARNING: No new file uploaded
2024-05-14 02:54:16 WARNING: No new file uploaded
2024-05-14 02:54:26 WARNING: No new file uploaded
2024-05-14 02:54:36 WARNING: No new file uploaded
2024-05-14 02:54:46 WARNING: No new file uploaded
2024-05-14 02:54:56 WARNING: No new file uploaded
2024-05-14 02:55:07 WARNING: No new file uploaded
2024-05-14 02:55:17 WARNING: No new file uploaded
2024-05-14 02:55:27 WARNING: No new file uploaded
2024-05-14 02:55:37 WARNING: No new file uploaded
2024-05-14 02:55:48 WARNING: No new file uploaded
2024-05-14 02:55:58 WARNING: No new file uploaded
2024-05-14 02:56:08 WARNING: No new file uploaded
2024-05-14 02:56:18 WARNING: No new file uploaded
2024-05-14 02:56:29 WARNING: No new file uploaded
2024-05-14 02:56:39 WARNING: No new file uploaded
2024-05-14 02:56:49 WARNING: No new file uploaded
2024-05-14 02:56:59 WARNING: No new file uploaded
2024-05-14 02:57:10 WARNING: No new file uploaded
2024-05-14 02:57:20 WARNING: No new file uploaded
2024-05-14 02:57:30 WARNING: No new file uploaded
2024-05-14 02:57:40 WARNING: No new file uploaded
2024-05-14 02:57:51 WARNING: No new file uploaded
2024-05-14 02:58:01 WARNING: No new file uploaded
2024-05-14 02:58:11 WARNING: No new file uploaded
2024-05-14 02:58:21 WARNING: No new file uploaded
2024-05-14 02:58:31 WARNING: No new file uploaded
2024-05-14 02:58:42 WARNING: No new file uploaded
2024-05-14 02:58:52 WARNING: No new file uploaded
2024-05-14 02:59:02 WARNING: No new file uploaded
2024-05-14 02:59:12 WARNING: No new file uploaded
2024-05-14 02:59:23 WARNING: No new file uploaded
2024-05-14 02:59:33 WARNING: No new file uploaded
2024-05-14 02:59:43 WARNING: No new file uploaded
2024-05-14 02:59:53 WARNING: No new file uploaded
2024-05-14 03:00:04 WARNING: No new file uploaded
2024-05-14 03:00:14 WARNING: No new file uploaded
2024-05-14 03:00:24 WARNING: No new file uploaded
2024-05-14 03:00:34 WARNING: No new file uploaded
2024-05-14 03:00:45 WARNING: No new file uploaded
2024-05-14 03:00:55 WARNING: No new file uploaded
2024-05-14 03:01:05 WARNING: No new file uploaded
2024-05-14 03:01:15 WARNING: No new file uploaded
2024-05-14 03:01:26 WARNING: No new file uploaded
2024-05-14 03:01:36 WARNING: No new file uploaded
2024-05-14 03:01:46 WARNING: No new file uploaded
2024-05-14 03:01:56 WARNING: No new file uploaded
2024-05-14 03:02:06 WARNING: No new file uploaded
2024-05-14 03:02:17 WARNING: No new file uploaded
2024-05-14 03:02:27 WARNING: No new file uploaded
2024-05-14 03:02:37 WARNING: No new file uploaded
2024-05-14 03:02:47 WARNING: No new file uploaded
2024-05-14 03:02:58 WARNING: No new file uploaded
2024-05-14 03:03:08 WARNING: No new file uploaded
2024-05-14 03:03:18 WARNING: No new file uploaded
2024-05-14 03:03:28 WARNING: No new file uploaded
2024-05-14 03:03:39 WARNING: No new file uploaded
2024-05-14 03:03:49 WARNING: No new file uploaded
2024-05-14 03:03:59 WARNING: No new file uploaded
2024-05-14 03:04:09 WARNING: No new file uploaded
2024-05-14 03:04:20 WARNING: No new file uploaded
2024-05-14 03:04:30 WARNING: No new file uploaded
2024-05-14 03:04:40 WARNING: No new file uploaded
2024-05-14 03:04:50 WARNING: No new file uploaded
2024-05-14 03:05:01 WARNING: No new file uploaded
2024-05-14 03:05:11 WARNING: No new file uploaded
2024-05-14 03:05:21 WARNING: No new file uploaded
2024-05-14 03:05:31 WARNING: No new file uploaded
2024-05-14 03:05:41 WARNING: No new file uploaded
2024-05-14 03:05:52 WARNING: No new file uploaded
2024-05-14 03:06:02 WARNING: No new file uploaded
2024-05-14 03:06:12 WARNING: No new file uploaded
2024-05-14 03:06:22 WARNING: No new file uploaded
2024-05-14 03:06:33 WARNING: No new file uploaded
2024-05-14 03:06:43 WARNING: No new file uploaded
2024-05-14 03:06:53 WARNING: No new file uploaded
2024-05-14 03:07:03 WARNING: No new file uploaded
2024-05-14 03:07:14 WARNING: No new file uploaded
2024-05-14 03:07:24 WARNING: No new file uploaded
2024-05-14 03:07:34 WARNING: No new file uploaded
2024-05-14 03:07:44 WARNING: No new file uploaded
2024-05-14 03:07:55 WARNING: No new file uploaded
2024-05-14 03:08:05 WARNING: No new file uploaded
2024-05-14 03:08:15 WARNING: No new file uploaded
2024-05-14 03:08:25 WARNING: No new file uploaded
2024-05-14 03:08:36 WARNING: No new file uploaded
2024-05-14 03:08:46 WARNING: No new file uploaded
2024-05-14 03:08:56 WARNING: No new file uploaded
2024-05-14 03:09:06 WARNING: No new file uploaded
2024-05-14 03:09:16 WARNING: No new file uploaded
2024-05-14 03:09:27 WARNING: No new file uploaded
2024-05-14 03:09:37 WARNING: No new file uploaded
2024-05-14 03:09:47 WARNING: No new file uploaded
2024-05-14 03:09:57 WARNING: No new file uploaded
2024-05-14 03:10:08 WARNING: No new file uploaded
2024-05-14 03:10:18 WARNING: No new file uploaded
2024-05-14 03:10:28 WARNING: No new file uploaded
2024-05-14 03:10:38 WARNING: No new file uploaded
2024-05-14 03:10:49 WARNING: No new file uploaded
2024-05-14 03:10:59 WARNING: No new file uploaded
2024-05-14 03:11:09 WARNING: No new file uploaded
2024-05-14 03:11:19 WARNING: No new file uploaded
2024-05-14 03:11:30 WARNING: No new file uploaded
2024-05-14 03:11:40 WARNING: No new file uploaded
2024-05-14 03:11:50 WARNING: No new file uploaded
2024-05-14 03:12:00 WARNING: No new file uploaded
2024-05-14 03:12:11 WARNING: No new file uploaded
2024-05-14 03:12:21 WARNING: No new file uploaded
2024-05-14 03:12:31 WARNING: No new file uploaded
2024-05-14 03:12:41 WARNING: No new file uploaded
2024-05-14 03:12:51 WARNING: No new file uploaded
2024-05-14 03:13:02 WARNING: No new file uploaded
2024-05-14 03:13:12 WARNING: No new file uploaded
2024-05-14 03:13:22 WARNING: No new file uploaded
2024-05-14 03:13:32 WARNING: No new file uploaded
2024-05-14 03:13:43 WARNING: No new file uploaded
2024-05-14 03:13:53 WARNING: No new file uploaded
2024-05-14 03:14:03 WARNING: No new file uploaded
2024-05-14 03:14:13 WARNING: No new file uploaded
2024-05-14 03:14:24 WARNING: No new file uploaded
2024-05-14 03:14:34 WARNING: No new file uploaded
2024-05-14 03:14:44 WARNING: No new file uploaded
2024-05-14 03:14:54 WARNING: No new file uploaded
2024-05-14 03:15:05 WARNING: No new file uploaded
2024-05-14 03:15:15 WARNING: No new file uploaded
2024-05-14 03:15:25 WARNING: No new file uploaded
2024-05-14 03:15:35 WARNING: No new file uploaded
2024-05-14 03:15:46 WARNING: No new file uploaded
2024-05-14 03:15:56 WARNING: No new file uploaded
2024-05-14 03:16:06 WARNING: No new file uploaded
2024-05-14 03:16:16 WARNING: No new file uploaded
2024-05-14 03:16:26 WARNING: No new file uploaded
2024-05-14 03:16:37 WARNING: No new file uploaded
2024-05-14 03:16:47 WARNING: No new file uploaded
2024-05-14 03:16:57 WARNING: No new file uploaded
2024-05-14 03:17:07 WARNING: No new file uploaded
2024-05-14 03:17:18 WARNING: No new file uploaded
2024-05-14 03:17:28 WARNING: No new file uploaded
2024-05-14 03:17:38 WARNING: No new file uploaded
2024-05-14 03:17:48 WARNING: No new file uploaded
2024-05-14 03:17:59 WARNING: No new file uploaded
2024-05-14 03:18:09 WARNING: No new file uploaded
2024-05-14 03:18:19 WARNING: No new file uploaded
2024-05-14 03:18:29 WARNING: No new file uploaded
2024-05-14 03:18:40 WARNING: No new file uploaded
2024-05-14 03:18:50 WARNING: No new file uploaded
2024-05-14 03:19:00 WARNING: No new file uploaded
2024-05-14 03:19:10 WARNING: No new file uploaded
2024-05-14 03:19:21 WARNING: No new file uploaded
2024-05-14 03:19:31 WARNING: No new file uploaded
2024-05-14 03:19:41 WARNING: No new file uploaded
2024-05-14 03:19:51 WARNING: No new file uploaded
2024-05-14 03:20:02 WARNING: No new file uploaded
2024-05-14 03:20:12 WARNING: No new file uploaded
2024-05-14 03:20:22 WARNING: No new file uploaded
2024-05-14 03:20:32 WARNING: No new file uploaded
2024-05-14 03:20:42 WARNING: No new file uploaded
2024-05-14 03:20:53 WARNING: No new file uploaded
2024-05-14 03:21:03 WARNING: No new file uploaded
2024-05-14 03:21:13 WARNING: No new file uploaded
2024-05-14 03:21:23 WARNING: No new file uploaded
2024-05-14 03:21:34 WARNING: No new file uploaded
2024-05-14 03:21:44 WARNING: No new file uploaded
2024-05-14 03:21:54 WARNING: No new file uploaded
2024-05-14 03:22:04 WARNING: No new file uploaded
2024-05-14 03:22:15 WARNING: No new file uploaded
2024-05-14 03:22:25 WARNING: No new file uploaded
2024-05-14 03:22:35 WARNING: No new file uploaded
2024-05-14 03:22:45 WARNING: No new file uploaded
2024-05-14 03:22:56 WARNING: No new file uploaded
2024-05-14 03:23:06 WARNING: No new file uploaded
2024-05-14 03:23:16 WARNING: No new file uploaded
2024-05-14 03:23:26 WARNING: No new file uploaded
2024-05-14 03:23:37 WARNING: No new file uploaded
2024-05-14 03:23:47 WARNING: No new file uploaded
2024-05-14 03:23:57 WARNING: No new file uploaded
2024-05-14 03:24:07 WARNING: No new file uploaded
2024-05-14 03:24:17 WARNING: No new file uploaded
2024-05-14 03:24:28 WARNING: No new file uploaded
2024-05-14 03:24:38 WARNING: No new file uploaded
2024-05-14 03:24:48 WARNING: No new file uploaded
2024-05-14 03:24:58 WARNING: No new file uploaded
2024-05-14 03:25:09 WARNING: No new file uploaded
2024-05-14 03:25:19 WARNING: No new file uploaded
2024-05-14 03:25:29 WARNING: No new file uploaded
2024-05-14 03:25:39 WARNING: No new file uploaded
2024-05-14 03:25:50 WARNING: No new file uploaded
2024-05-14 03:26:00 WARNING: No new file uploaded
2024-05-14 03:26:10 WARNING: No new file uploaded
2024-05-14 03:26:20 WARNING: No new file uploaded
2024-05-14 03:26:31 WARNING: No new file uploaded
2024-05-14 03:26:41 WARNING: No new file uploaded
2024-05-14 03:26:51 WARNING: No new file uploaded
2024-05-14 03:27:01 WARNING: No new file uploaded
2024-05-14 03:27:12 WARNING: No new file uploaded
2024-05-14 03:27:22 WARNING: No new file uploaded
2024-05-14 03:27:32 WARNING: No new file uploaded
2024-05-14 03:27:42 WARNING: No new file uploaded
2024-05-14 03:27:52 WARNING: No new file uploaded
2024-05-14 03:28:03 WARNING: No new file uploaded
2024-05-14 03:28:13 WARNING: No new file uploaded
2024-05-14 03:28:23 WARNING: No new file uploaded
2024-05-14 03:28:33 WARNING: No new file uploaded
2024-05-14 03:28:44 WARNING: No new file uploaded
2024-05-14 03:28:54 WARNING: No new file uploaded
2024-05-14 03:29:04 WARNING: No new file uploaded
2024-05-14 03:29:14 WARNING: No new file uploaded
2024-05-14 03:29:25 WARNING: No new file uploaded
2024-05-14 03:29:35 WARNING: No new file uploaded
2024-05-14 03:29:45 WARNING: No new file uploaded
2024-05-14 03:29:55 WARNING: No new file uploaded
2024-05-14 03:30:06 WARNING: No new file uploaded
2024-05-14 03:30:16 WARNING: No new file uploaded
2024-05-14 03:30:26 WARNING: No new file uploaded
2024-05-14 03:30:36 WARNING: No new file uploaded
2024-05-14 03:30:47 WARNING: No new file uploaded
2024-05-14 03:30:57 WARNING: No new file uploaded
2024-05-14 03:31:07 WARNING: No new file uploaded
2024-05-14 03:31:17 WARNING: No new file uploaded
2024-05-14 03:31:27 WARNING: No new file uploaded
2024-05-14 03:31:38 WARNING: No new file uploaded
2024-05-14 03:31:48 WARNING: No new file uploaded
2024-05-14 03:31:58 WARNING: No new file uploaded
2024-05-14 03:32:08 WARNING: No new file uploaded
2024-05-14 03:32:19 WARNING: No new file uploaded
2024-05-14 03:32:29 WARNING: No new file uploaded
2024-05-14 03:32:39 WARNING: No new file uploaded
2024-05-14 03:32:49 WARNING: No new file uploaded
2024-05-14 03:33:00 WARNING: No new file uploaded
2024-05-14 03:33:10 WARNING: No new file uploaded
2024-05-14 03:33:20 WARNING: No new file uploaded
2024-05-14 03:33:30 WARNING: No new file uploaded
2024-05-14 03:33:41 WARNING: No new file uploaded
2024-05-14 03:33:51 WARNING: No new file uploaded
2024-05-14 03:34:01 WARNING: No new file uploaded
2024-05-14 03:34:11 WARNING: No new file uploaded
2024-05-14 03:34:21 WARNING: No new file uploaded
2024-05-14 03:34:32 WARNING: No new file uploaded
2024-05-14 03:34:42 WARNING: No new file uploaded
2024-05-14 03:34:52 WARNING: No new file uploaded
2024-05-14 03:35:02 WARNING: No new file uploaded
2024-05-14 03:35:13 WARNING: No new file uploaded
2024-05-14 03:35:23 WARNING: No new file uploaded
2024-05-14 03:35:33 WARNING: No new file uploaded
2024-05-14 03:35:43 WARNING: No new file uploaded
2024-05-14 03:35:54 WARNING: No new file uploaded
2024-05-14 03:36:04 WARNING: No new file uploaded
2024-05-14 03:36:14 WARNING: No new file uploaded
2024-05-14 03:36:24 WARNING: No new file uploaded
2024-05-14 03:36:35 WARNING: No new file uploaded
2024-05-14 03:36:45 WARNING: No new file uploaded
2024-05-14 03:36:55 WARNING: No new file uploaded
2024-05-14 03:37:05 WARNING: No new file uploaded
2024-05-14 03:37:16 WARNING: No new file uploaded
2024-05-14 03:37:26 WARNING: No new file uploaded
2024-05-14 03:37:36 WARNING: No new file uploaded
2024-05-14 03:37:46 WARNING: No new file uploaded
2024-05-14 03:37:57 WARNING: No new file uploaded
2024-05-14 03:38:07 WARNING: No new file uploaded
2024-05-14 03:38:17 WARNING: No new file uploaded
2024-05-14 03:38:27 WARNING: No new file uploaded
2024-05-14 03:38:37 WARNING: No new file uploaded
2024-05-14 03:38:48 WARNING: No new file uploaded
2024-05-14 03:38:58 WARNING: No new file uploaded
2024-05-14 03:39:08 WARNING: No new file uploaded
2024-05-14 03:39:18 WARNING: No new file uploaded
2024-05-14 03:39:29 WARNING: No new file uploaded
2024-05-14 03:39:39 WARNING: No new file uploaded
2024-05-14 03:39:49 WARNING: No new file uploaded
2024-05-14 03:39:59 WARNING: No new file uploaded
2024-05-14 03:40:10 WARNING: No new file uploaded
2024-05-14 03:40:20 WARNING: No new file uploaded
2024-05-14 03:40:30 WARNING: No new file uploaded
2024-05-14 03:40:40 WARNING: No new file uploaded
2024-05-14 03:40:51 WARNING: No new file uploaded
2024-05-14 03:41:01 WARNING: No new file uploaded
2024-05-14 03:41:11 WARNING: No new file uploaded
2024-05-14 03:41:21 WARNING: No new file uploaded
2024-05-14 03:41:32 WARNING: No new file uploaded
2024-05-14 03:41:42 WARNING: No new file uploaded
2024-05-14 03:41:52 WARNING: No new file uploaded
2024-05-14 03:42:02 WARNING: No new file uploaded
2024-05-14 03:42:13 WARNING: No new file uploaded
2024-05-14 03:42:23 WARNING: No new file uploaded
2024-05-14 03:42:33 WARNING: No new file uploaded
2024-05-14 03:42:43 WARNING: No new file uploaded
2024-05-14 03:42:53 WARNING: No new file uploaded
2024-05-14 03:43:04 WARNING: No new file uploaded
2024-05-14 03:43:14 WARNING: No new file uploaded
2024-05-14 03:43:24 WARNING: No new file uploaded
2024-05-14 03:43:34 WARNING: No new file uploaded
2024-05-14 03:43:45 WARNING: No new file uploaded
2024-05-14 03:43:55 WARNING: No new file uploaded
2024-05-14 03:44:05 WARNING: No new file uploaded
2024-05-14 03:44:15 WARNING: No new file uploaded
2024-05-14 03:44:26 WARNING: No new file uploaded
2024-05-14 03:44:36 WARNING: No new file uploaded
2024-05-14 03:44:46 WARNING: No new file uploaded
2024-05-14 03:44:56 WARNING: No new file uploaded
2024-05-14 03:45:07 WARNING: No new file uploaded
2024-05-14 03:45:17 WARNING: No new file uploaded
2024-05-14 03:45:27 WARNING: No new file uploaded
2024-05-14 03:45:37 WARNING: No new file uploaded
2024-05-14 03:45:48 WARNING: No new file uploaded
2024-05-14 03:45:58 WARNING: No new file uploaded
2024-05-14 03:46:08 WARNING: No new file uploaded
2024-05-14 03:46:18 WARNING: No new file uploaded
2024-05-14 03:46:28 WARNING: No new file uploaded
2024-05-14 03:46:39 WARNING: No new file uploaded
2024-05-14 03:46:49 WARNING: No new file uploaded
2024-05-14 03:46:59 WARNING: No new file uploaded
2024-05-14 03:47:09 WARNING: No new file uploaded
2024-05-14 03:47:20 WARNING: No new file uploaded
2024-05-14 03:47:30 WARNING: No new file uploaded
2024-05-14 03:47:40 WARNING: No new file uploaded
2024-05-14 03:47:50 WARNING: No new file uploaded
2024-05-14 03:48:01 WARNING: No new file uploaded
2024-05-14 03:48:11 WARNING: No new file uploaded
2024-05-14 03:48:21 WARNING: No new file uploaded
2024-05-14 03:48:31 WARNING: No new file uploaded
2024-05-14 03:48:42 WARNING: No new file uploaded
2024-05-14 03:48:52 WARNING: No new file uploaded
2024-05-14 03:49:02 WARNING: No new file uploaded
2024-05-14 03:49:12 WARNING: No new file uploaded
2024-05-14 03:49:23 WARNING: No new file uploaded
2024-05-14 03:49:33 WARNING: No new file uploaded
2024-05-14 03:49:43 WARNING: No new file uploaded
2024-05-14 03:49:53 WARNING: No new file uploaded
2024-05-14 03:50:03 WARNING: No new file uploaded
2024-05-14 03:50:14 WARNING: No new file uploaded
2024-05-14 03:50:24 WARNING: No new file uploaded
2024-05-14 03:50:34 WARNING: No new file uploaded
2024-05-14 03:50:44 WARNING: No new file uploaded
2024-05-14 03:50:55 WARNING: No new file uploaded
2024-05-14 03:51:05 WARNING: No new file uploaded
2024-05-14 03:51:15 WARNING: No new file uploaded
2024-05-14 03:51:25 WARNING: No new file uploaded
2024-05-14 03:51:36 WARNING: No new file uploaded
2024-05-14 03:51:46 WARNING: No new file uploaded
2024-05-14 03:51:56 WARNING: No new file uploaded
2024-05-14 03:52:06 WARNING: No new file uploaded
2024-05-14 03:52:17 WARNING: No new file uploaded
2024-05-14 03:52:27 WARNING: No new file uploaded
2024-05-14 03:52:37 WARNING: No new file uploaded
2024-05-14 03:52:47 WARNING: No new file uploaded
2024-05-14 03:52:57 WARNING: No new file uploaded
2024-05-14 03:53:08 WARNING: No new file uploaded
2024-05-14 03:53:18 WARNING: No new file uploaded
2024-05-14 03:53:28 WARNING: No new file uploaded
2024-05-14 03:53:38 WARNING: No new file uploaded
2024-05-14 03:53:49 WARNING: No new file uploaded
2024-05-14 03:53:59 WARNING: No new file uploaded
2024-05-14 03:54:09 WARNING: No new file uploaded
2024-05-14 03:54:19 WARNING: No new file uploaded
2024-05-14 03:54:30 WARNING: No new file uploaded
2024-05-14 03:54:40 WARNING: No new file uploaded
2024-05-14 03:54:50 WARNING: No new file uploaded
2024-05-14 03:55:00 WARNING: No new file uploaded
2024-05-14 03:55:11 WARNING: No new file uploaded
2024-05-14 03:55:21 WARNING: No new file uploaded
2024-05-14 03:55:31 WARNING: No new file uploaded
2024-05-14 03:55:41 WARNING: No new file uploaded
2024-05-14 03:55:51 WARNING: No new file uploaded
2024-05-14 03:56:02 WARNING: No new file uploaded
2024-05-14 03:56:12 WARNING: No new file uploaded
2024-05-14 03:56:22 WARNING: No new file uploaded
2024-05-14 03:56:32 WARNING: No new file uploaded
2024-05-14 03:56:43 WARNING: No new file uploaded
2024-05-14 03:56:53 WARNING: No new file uploaded
2024-05-14 03:57:03 WARNING: No new file uploaded
2024-05-14 03:57:13 WARNING: No new file uploaded
2024-05-14 03:57:24 WARNING: No new file uploaded
2024-05-14 03:57:34 WARNING: No new file uploaded
2024-05-14 03:57:44 WARNING: No new file uploaded
2024-05-14 03:57:54 WARNING: No new file uploaded
2024-05-14 03:58:05 WARNING: No new file uploaded
2024-05-14 03:58:15 WARNING: No new file uploaded
2024-05-14 03:58:25 WARNING: No new file uploaded
2024-05-14 03:58:35 WARNING: No new file uploaded
2024-05-14 03:58:46 WARNING: No new file uploaded
2024-05-14 03:58:56 WARNING: No new file uploaded
2024-05-14 03:59:06 WARNING: No new file uploaded
2024-05-14 03:59:16 WARNING: No new file uploaded
2024-05-14 03:59:26 WARNING: No new file uploaded
2024-05-14 03:59:37 WARNING: No new file uploaded
2024-05-14 03:59:47 WARNING: No new file uploaded
2024-05-14 03:59:57 WARNING: No new file uploaded
2024-05-14 04:00:07 WARNING: No new file uploaded
2024-05-14 04:00:18 WARNING: No new file uploaded
2024-05-14 04:00:28 WARNING: No new file uploaded
2024-05-14 04:00:38 WARNING: No new file uploaded
2024-05-14 04:00:48 WARNING: No new file uploaded
2024-05-14 04:00:59 WARNING: No new file uploaded
2024-05-14 04:01:09 WARNING: No new file uploaded
2024-05-14 04:01:19 WARNING: No new file uploaded
2024-05-14 04:01:29 WARNING: No new file uploaded
2024-05-14 04:01:40 WARNING: No new file uploaded
2024-05-14 04:01:50 WARNING: No new file uploaded
2024-05-14 04:02:00 WARNING: No new file uploaded
2024-05-14 04:02:10 WARNING: No new file uploaded
2024-05-14 04:02:20 WARNING: No new file uploaded
2024-05-14 04:02:31 WARNING: No new file uploaded
2024-05-14 04:02:41 WARNING: No new file uploaded
2024-05-14 04:02:51 WARNING: No new file uploaded
2024-05-14 04:03:01 WARNING: No new file uploaded
2024-05-14 04:03:12 WARNING: No new file uploaded
2024-05-14 04:03:22 WARNING: No new file uploaded
2024-05-14 04:03:32 WARNING: No new file uploaded
2024-05-14 04:03:42 WARNING: No new file uploaded
2024-05-14 04:03:53 WARNING: No new file uploaded
2024-05-14 04:04:03 WARNING: No new file uploaded
2024-05-14 04:04:13 WARNING: No new file uploaded
2024-05-14 04:04:23 WARNING: No new file uploaded
2024-05-14 04:04:34 WARNING: No new file uploaded
2024-05-14 04:04:44 WARNING: No new file uploaded
2024-05-14 04:04:54 WARNING: No new file uploaded
2024-05-14 04:05:04 WARNING: No new file uploaded
2024-05-14 04:05:14 WARNING: No new file uploaded
2024-05-14 04:05:25 WARNING: No new file uploaded
2024-05-14 04:05:35 WARNING: No new file uploaded
2024-05-14 04:05:45 WARNING: No new file uploaded
2024-05-14 04:05:55 WARNING: No new file uploaded
2024-05-14 04:06:06 WARNING: No new file uploaded
2024-05-14 04:06:16 WARNING: No new file uploaded
2024-05-14 04:06:26 WARNING: No new file uploaded
2024-05-14 04:06:36 WARNING: No new file uploaded
2024-05-14 04:06:47 WARNING: No new file uploaded
2024-05-14 04:06:57 WARNING: No new file uploaded
2024-05-14 04:07:07 WARNING: No new file uploaded
2024-05-14 04:07:17 WARNING: No new file uploaded
2024-05-14 04:07:28 WARNING: No new file uploaded
2024-05-14 04:07:38 WARNING: No new file uploaded
2024-05-14 04:07:48 WARNING: No new file uploaded
2024-05-14 04:07:58 WARNING: No new file uploaded
2024-05-14 04:08:08 WARNING: No new file uploaded
2024-05-14 04:08:19 WARNING: No new file uploaded
2024-05-14 04:08:29 WARNING: No new file uploaded
2024-05-14 04:08:39 WARNING: No new file uploaded
2024-05-14 04:08:49 WARNING: No new file uploaded
2024-05-14 04:09:00 WARNING: No new file uploaded
2024-05-14 04:09:10 WARNING: No new file uploaded
2024-05-14 04:09:20 WARNING: No new file uploaded
2024-05-14 04:09:30 WARNING: No new file uploaded
2024-05-14 04:09:41 WARNING: No new file uploaded
2024-05-14 04:09:51 WARNING: No new file uploaded
2024-05-14 04:10:01 WARNING: No new file uploaded
2024-05-14 04:10:11 WARNING: No new file uploaded
2024-05-14 04:10:22 WARNING: No new file uploaded
2024-05-14 04:10:32 WARNING: No new file uploaded
2024-05-14 04:10:42 WARNING: No new file uploaded
2024-05-14 04:10:52 WARNING: No new file uploaded
2024-05-14 04:11:03 WARNING: No new file uploaded
2024-05-14 04:11:13 WARNING: No new file uploaded
2024-05-14 04:11:23 WARNING: No new file uploaded
2024-05-14 04:11:33 WARNING: No new file uploaded
2024-05-14 04:11:43 WARNING: No new file uploaded
2024-05-14 04:11:54 WARNING: No new file uploaded
2024-05-14 04:12:04 WARNING: No new file uploaded
2024-05-14 04:12:14 WARNING: No new file uploaded
2024-05-14 04:12:24 WARNING: No new file uploaded
2024-05-14 04:12:35 WARNING: No new file uploaded
2024-05-14 04:12:45 WARNING: No new file uploaded
2024-05-14 04:12:55 WARNING: No new file uploaded
2024-05-14 04:13:05 WARNING: No new file uploaded
2024-05-14 04:13:16 WARNING: No new file uploaded
2024-05-14 04:13:26 WARNING: No new file uploaded
2024-05-14 04:13:36 WARNING: No new file uploaded
2024-05-14 04:13:46 WARNING: No new file uploaded
2024-05-14 04:13:57 WARNING: No new file uploaded
2024-05-14 04:14:07 WARNING: No new file uploaded
2024-05-14 04:14:17 WARNING: No new file uploaded
2024-05-14 04:14:27 WARNING: No new file uploaded
2024-05-14 04:14:38 WARNING: No new file uploaded
2024-05-14 04:14:48 WARNING: No new file uploaded
2024-05-14 04:14:58 WARNING: No new file uploaded
2024-05-14 04:15:08 WARNING: No new file uploaded
2024-05-14 04:15:18 WARNING: No new file uploaded
2024-05-14 04:15:29 WARNING: No new file uploaded
2024-05-14 04:15:39 WARNING: No new file uploaded
2024-05-14 04:15:49 WARNING: No new file uploaded
2024-05-14 04:15:59 WARNING: No new file uploaded
2024-05-14 04:16:10 WARNING: No new file uploaded
2024-05-14 04:16:20 WARNING: No new file uploaded
2024-05-14 04:16:30 WARNING: No new file uploaded
2024-05-14 04:16:40 WARNING: No new file uploaded
2024-05-14 04:16:51 WARNING: No new file uploaded
2024-05-14 04:17:01 WARNING: No new file uploaded
2024-05-14 04:17:11 WARNING: No new file uploaded
2024-05-14 04:17:21 WARNING: No new file uploaded
2024-05-14 04:17:32 WARNING: No new file uploaded
2024-05-14 04:17:42 WARNING: No new file uploaded
2024-05-14 04:17:52 WARNING: No new file uploaded
2024-05-14 04:18:02 WARNING: No new file uploaded
2024-05-14 04:18:13 WARNING: No new file uploaded
2024-05-14 04:18:23 WARNING: No new file uploaded
2024-05-14 04:18:33 WARNING: No new file uploaded
2024-05-14 04:18:43 WARNING: No new file uploaded
2024-05-14 04:18:53 WARNING: No new file uploaded
2024-05-14 04:19:04 WARNING: No new file uploaded
2024-05-14 04:19:14 WARNING: No new file uploaded
2024-05-14 04:19:24 WARNING: No new file uploaded
2024-05-14 04:19:34 WARNING: No new file uploaded
2024-05-14 04:19:45 WARNING: No new file uploaded
2024-05-14 04:19:55 WARNING: No new file uploaded
2024-05-14 04:20:05 WARNING: No new file uploaded
2024-05-14 04:20:15 WARNING: No new file uploaded
2024-05-14 04:20:26 WARNING: No new file uploaded
2024-05-14 04:20:36 WARNING: No new file uploaded
2024-05-14 04:20:46 WARNING: No new file uploaded
2024-05-14 04:20:56 WARNING: No new file uploaded
2024-05-14 04:21:07 WARNING: No new file uploaded
2024-05-14 04:21:17 WARNING: No new file uploaded
2024-05-14 04:21:27 WARNING: No new file uploaded
2024-05-14 04:21:37 WARNING: No new file uploaded
2024-05-14 04:21:48 WARNING: No new file uploaded
2024-05-14 04:21:58 WARNING: No new file uploaded
2024-05-14 04:22:08 WARNING: No new file uploaded
2024-05-14 04:22:18 WARNING: No new file uploaded
2024-05-14 04:22:28 WARNING: No new file uploaded
2024-05-14 04:22:39 WARNING: No new file uploaded
2024-05-14 04:22:49 WARNING: No new file uploaded
2024-05-14 04:22:59 WARNING: No new file uploaded
2024-05-14 04:23:09 WARNING: No new file uploaded
2024-05-14 04:23:20 WARNING: No new file uploaded
2024-05-14 04:23:30 WARNING: No new file uploaded
2024-05-14 04:23:40 WARNING: No new file uploaded
2024-05-14 04:23:50 WARNING: No new file uploaded
2024-05-14 04:24:01 WARNING: No new file uploaded
2024-05-14 04:24:11 WARNING: No new file uploaded
2024-05-14 04:24:21 WARNING: No new file uploaded
2024-05-14 04:24:31 WARNING: No new file uploaded
2024-05-14 04:24:42 WARNING: No new file uploaded
2024-05-14 04:24:52 WARNING: No new file uploaded
2024-05-14 04:25:02 WARNING: No new file uploaded
2024-05-14 04:25:12 WARNING: No new file uploaded
2024-05-14 04:25:22 WARNING: No new file uploaded
2024-05-14 04:25:33 WARNING: No new file uploaded
2024-05-14 04:25:43 WARNING: No new file uploaded
2024-05-14 04:25:53 WARNING: No new file uploaded
2024-05-14 04:26:03 WARNING: No new file uploaded
2024-05-14 04:26:14 WARNING: No new file uploaded
2024-05-14 04:26:24 WARNING: No new file uploaded
2024-05-14 04:26:34 WARNING: No new file uploaded
2024-05-14 04:26:44 WARNING: No new file uploaded
2024-05-14 04:26:55 WARNING: No new file uploaded
2024-05-14 04:27:05 WARNING: No new file uploaded
2024-05-14 04:27:15 WARNING: No new file uploaded
2024-05-14 04:27:25 WARNING: No new file uploaded
2024-05-14 04:27:36 WARNING: No new file uploaded
2024-05-14 04:27:46 WARNING: No new file uploaded
2024-05-14 04:27:56 WARNING: No new file uploaded
2024-05-14 04:28:06 WARNING: No new file uploaded
2024-05-14 04:28:17 WARNING: No new file uploaded
2024-05-14 04:28:27 WARNING: No new file uploaded
2024-05-14 04:28:37 WARNING: No new file uploaded
2024-05-14 04:28:47 WARNING: No new file uploaded
2024-05-14 04:28:57 WARNING: No new file uploaded
2024-05-14 04:29:08 WARNING: No new file uploaded
2024-05-14 04:29:18 WARNING: No new file uploaded
2024-05-14 04:29:28 WARNING: No new file uploaded
2024-05-14 04:29:38 WARNING: No new file uploaded
2024-05-14 04:29:49 WARNING: No new file uploaded
2024-05-14 04:29:59 WARNING: No new file uploaded
2024-05-14 04:30:09 WARNING: No new file uploaded
2024-05-14 04:30:19 WARNING: No new file uploaded
2024-05-14 04:30:30 WARNING: No new file uploaded
2024-05-14 04:30:40 WARNING: No new file uploaded
2024-05-14 04:30:50 WARNING: No new file uploaded
2024-05-14 04:31:00 WARNING: No new file uploaded
2024-05-14 04:31:11 WARNING: No new file uploaded
2024-05-14 04:31:21 WARNING: No new file uploaded
2024-05-14 04:31:31 WARNING: No new file uploaded
2024-05-14 04:31:41 WARNING: No new file uploaded
2024-05-14 04:31:52 WARNING: No new file uploaded
2024-05-14 04:32:02 WARNING: No new file uploaded
2024-05-14 04:32:12 WARNING: No new file uploaded
2024-05-14 04:32:22 WARNING: No new file uploaded
2024-05-14 04:32:32 WARNING: No new file uploaded
2024-05-14 04:32:43 WARNING: No new file uploaded
2024-05-14 04:32:53 WARNING: No new file uploaded
2024-05-14 04:33:03 WARNING: No new file uploaded
2024-05-14 04:33:13 WARNING: No new file uploaded
2024-05-14 04:33:24 WARNING: No new file uploaded
2024-05-14 04:33:34 WARNING: No new file uploaded
2024-05-14 04:33:44 WARNING: No new file uploaded
2024-05-14 04:33:54 WARNING: No new file uploaded
2024-05-14 04:34:05 WARNING: No new file uploaded
2024-05-14 04:34:15 WARNING: No new file uploaded
2024-05-14 04:34:25 WARNING: No new file uploaded
2024-05-14 04:34:35 WARNING: No new file uploaded
2024-05-14 04:34:46 WARNING: No new file uploaded
2024-05-14 04:34:56 WARNING: No new file uploaded
2024-05-14 04:35:06 WARNING: No new file uploaded
2024-05-14 04:35:16 WARNING: No new file uploaded
2024-05-14 04:35:27 WARNING: No new file uploaded
2024-05-14 04:35:37 WARNING: No new file uploaded
2024-05-14 04:35:47 WARNING: No new file uploaded
2024-05-14 04:35:57 WARNING: No new file uploaded
2024-05-14 04:36:07 WARNING: No new file uploaded
2024-05-14 04:36:18 WARNING: No new file uploaded
2024-05-14 04:36:28 WARNING: No new file uploaded
2024-05-14 04:36:38 WARNING: No new file uploaded
2024-05-14 04:36:48 WARNING: No new file uploaded
2024-05-14 04:36:59 WARNING: No new file uploaded
2024-05-14 04:37:09 WARNING: No new file uploaded
2024-05-14 04:37:19 WARNING: No new file uploaded
2024-05-14 04:37:29 WARNING: No new file uploaded
2024-05-14 04:37:40 WARNING: No new file uploaded
2024-05-14 04:37:50 WARNING: No new file uploaded
2024-05-14 04:38:00 WARNING: No new file uploaded
2024-05-14 04:38:10 WARNING: No new file uploaded
2024-05-14 04:38:21 WARNING: No new file uploaded
2024-05-14 04:38:31 WARNING: No new file uploaded
2024-05-14 04:38:41 WARNING: No new file uploaded
2024-05-14 04:38:51 WARNING: No new file uploaded
2024-05-14 04:39:01 WARNING: No new file uploaded
2024-05-14 04:39:12 WARNING: No new file uploaded
2024-05-14 04:39:22 WARNING: No new file uploaded
2024-05-14 04:39:32 WARNING: No new file uploaded
2024-05-14 04:39:42 WARNING: No new file uploaded
2024-05-14 04:39:53 WARNING: No new file uploaded
2024-05-14 04:40:03 WARNING: No new file uploaded
2024-05-14 04:40:13 WARNING: No new file uploaded
2024-05-14 04:40:23 WARNING: No new file uploaded
2024-05-14 04:40:34 WARNING: No new file uploaded
2024-05-14 04:40:44 WARNING: No new file uploaded
2024-05-14 04:40:54 WARNING: No new file uploaded
2024-05-14 04:41:04 WARNING: No new file uploaded
2024-05-14 04:41:15 WARNING: No new file uploaded
2024-05-14 04:41:25 WARNING: No new file uploaded
2024-05-14 04:41:35 WARNING: No new file uploaded
2024-05-14 04:41:45 WARNING: No new file uploaded
2024-05-14 04:41:56 WARNING: No new file uploaded
2024-05-14 04:42:06 WARNING: No new file uploaded
2024-05-14 04:42:16 WARNING: No new file uploaded
2024-05-14 04:42:26 WARNING: No new file uploaded
2024-05-14 04:42:36 WARNING: No new file uploaded
2024-05-14 04:42:47 WARNING: No new file uploaded
2024-05-14 04:42:57 WARNING: No new file uploaded
2024-05-14 04:43:07 WARNING: No new file uploaded
2024-05-14 04:43:17 WARNING: No new file uploaded
2024-05-14 04:43:28 WARNING: No new file uploaded
2024-05-14 04:43:38 WARNING: No new file uploaded
2024-05-14 04:43:48 WARNING: No new file uploaded
2024-05-14 04:43:58 WARNING: No new file uploaded
2024-05-14 04:44:09 WARNING: No new file uploaded
2024-05-14 04:44:19 WARNING: No new file uploaded
2024-05-14 04:44:29 WARNING: No new file uploaded
2024-05-14 04:44:39 WARNING: No new file uploaded
2024-05-14 04:44:50 WARNING: No new file uploaded
2024-05-14 04:45:00 WARNING: No new file uploaded
2024-05-14 04:45:10 WARNING: No new file uploaded
2024-05-14 04:45:20 WARNING: No new file uploaded
2024-05-14 04:45:30 WARNING: No new file uploaded
2024-05-14 04:45:41 WARNING: No new file uploaded
2024-05-14 04:45:51 WARNING: No new file uploaded
2024-05-14 04:46:01 WARNING: No new file uploaded
2024-05-14 04:46:11 WARNING: No new file uploaded
2024-05-14 04:46:22 WARNING: No new file uploaded
2024-05-14 04:46:32 WARNING: No new file uploaded
2024-05-14 04:46:42 WARNING: No new file uploaded
2024-05-14 04:46:52 WARNING: No new file uploaded
2024-05-14 04:47:03 WARNING: No new file uploaded
2024-05-14 04:47:13 WARNING: No new file uploaded
2024-05-14 04:47:23 WARNING: No new file uploaded
2024-05-14 04:47:33 WARNING: No new file uploaded
2024-05-14 04:47:44 WARNING: No new file uploaded
2024-05-14 04:47:54 WARNING: No new file uploaded
2024-05-14 04:48:04 WARNING: No new file uploaded
2024-05-14 04:48:14 WARNING: No new file uploaded
2024-05-14 04:48:25 WARNING: No new file uploaded
2024-05-14 04:48:35 WARNING: No new file uploaded
2024-05-14 04:48:45 WARNING: No new file uploaded
2024-05-14 04:48:55 WARNING: No new file uploaded
2024-05-14 04:49:05 WARNING: No new file uploaded
2024-05-14 04:49:16 WARNING: No new file uploaded
2024-05-14 04:49:26 WARNING: No new file uploaded
2024-05-14 04:49:36 WARNING: No new file uploaded
2024-05-14 04:49:46 WARNING: No new file uploaded
2024-05-14 04:49:57 WARNING: No new file uploaded
2024-05-14 04:50:07 WARNING: No new file uploaded
2024-05-14 04:50:17 WARNING: No new file uploaded
2024-05-14 04:50:27 WARNING: No new file uploaded
2024-05-14 04:50:38 WARNING: No new file uploaded
2024-05-14 04:50:48 WARNING: No new file uploaded
2024-05-14 04:50:58 WARNING: No new file uploaded
2024-05-14 04:51:08 WARNING: No new file uploaded
2024-05-14 04:51:19 WARNING: No new file uploaded
2024-05-14 04:51:29 WARNING: No new file uploaded
2024-05-14 04:51:39 WARNING: No new file uploaded
2024-05-14 04:51:49 WARNING: No new file uploaded
2024-05-14 04:52:00 WARNING: No new file uploaded
2024-05-14 04:52:10 WARNING: No new file uploaded
2024-05-14 04:52:20 WARNING: No new file uploaded
2024-05-14 04:52:30 WARNING: No new file uploaded
2024-05-14 04:52:40 WARNING: No new file uploaded
2024-05-14 04:52:51 WARNING: No new file uploaded
2024-05-14 04:53:01 WARNING: No new file uploaded
2024-05-14 04:53:11 WARNING: No new file uploaded
2024-05-14 04:53:21 WARNING: No new file uploaded
2024-05-14 04:53:32 WARNING: No new file uploaded
2024-05-14 04:53:42 WARNING: No new file uploaded
2024-05-14 04:53:52 WARNING: No new file uploaded
2024-05-14 04:54:02 WARNING: No new file uploaded
2024-05-14 04:54:13 WARNING: No new file uploaded
2024-05-14 04:54:23 WARNING: No new file uploaded
2024-05-14 04:54:33 WARNING: No new file uploaded
2024-05-14 04:54:43 WARNING: No new file uploaded
2024-05-14 04:54:54 WARNING: No new file uploaded
2024-05-14 04:55:04 WARNING: No new file uploaded
2024-05-14 04:55:14 WARNING: No new file uploaded
2024-05-14 04:55:24 WARNING: No new file uploaded
2024-05-14 04:55:35 WARNING: No new file uploaded
2024-05-14 04:55:45 WARNING: No new file uploaded
2024-05-14 04:55:55 WARNING: No new file uploaded
2024-05-14 04:56:05 WARNING: No new file uploaded
2024-05-14 04:56:15 WARNING: No new file uploaded
2024-05-14 04:56:26 WARNING: No new file uploaded
2024-05-14 04:56:36 WARNING: No new file uploaded
2024-05-14 04:56:46 WARNING: No new file uploaded
2024-05-14 04:56:56 WARNING: No new file uploaded
2024-05-14 04:57:07 WARNING: No new file uploaded
2024-05-14 04:57:17 WARNING: No new file uploaded
2024-05-14 04:57:27 WARNING: No new file uploaded
2024-05-14 04:57:37 WARNING: No new file uploaded
2024-05-14 04:57:48 WARNING: No new file uploaded
2024-05-14 04:57:58 WARNING: No new file uploaded
2024-05-14 04:58:08 WARNING: No new file uploaded
2024-05-14 04:58:18 WARNING: No new file uploaded
2024-05-14 04:58:29 WARNING: No new file uploaded
2024-05-14 04:58:39 WARNING: No new file uploaded
2024-05-14 04:58:49 WARNING: No new file uploaded
2024-05-14 04:58:59 WARNING: No new file uploaded
2024-05-14 04:59:10 WARNING: No new file uploaded
2024-05-14 04:59:20 WARNING: No new file uploaded
2024-05-14 04:59:30 WARNING: No new file uploaded
2024-05-14 04:59:40 WARNING: No new file uploaded
2024-05-14 04:59:51 WARNING: No new file uploaded
2024-05-14 05:00:01 WARNING: No new file uploaded
2024-05-14 05:00:11 WARNING: No new file uploaded
2024-05-14 05:00:21 WARNING: No new file uploaded
2024-05-14 05:00:31 WARNING: No new file uploaded
2024-05-14 05:00:42 WARNING: No new file uploaded
2024-05-14 05:00:52 WARNING: No new file uploaded
2024-05-14 05:01:02 WARNING: No new file uploaded
2024-05-14 05:01:12 WARNING: No new file uploaded
2024-05-14 05:01:23 WARNING: No new file uploaded
2024-05-14 05:01:33 WARNING: No new file uploaded
2024-05-14 05:01:43 WARNING: No new file uploaded
2024-05-14 05:01:53 WARNING: No new file uploaded
2024-05-14 05:02:04 WARNING: No new file uploaded
2024-05-14 05:02:14 WARNING: No new file uploaded
2024-05-14 05:02:24 WARNING: No new file uploaded
2024-05-14 05:02:34 WARNING: No new file uploaded
2024-05-14 05:02:45 WARNING: No new file uploaded
2024-05-14 05:02:55 WARNING: No new file uploaded
2024-05-14 05:03:05 WARNING: No new file uploaded
2024-05-14 05:03:15 WARNING: No new file uploaded
2024-05-14 05:03:26 WARNING: No new file uploaded
2024-05-14 05:03:36 WARNING: No new file uploaded
2024-05-14 05:03:46 WARNING: No new file uploaded
2024-05-14 05:03:56 WARNING: No new file uploaded
2024-05-14 05:04:06 WARNING: No new file uploaded
2024-05-14 05:04:17 WARNING: No new file uploaded
2024-05-14 05:04:27 WARNING: No new file uploaded
2024-05-14 05:04:37 WARNING: No new file uploaded
2024-05-14 05:04:47 WARNING: No new file uploaded
2024-05-14 05:04:58 WARNING: No new file uploaded
2024-05-14 05:05:08 WARNING: No new file uploaded
2024-05-14 05:05:18 WARNING: No new file uploaded
2024-05-14 05:05:28 WARNING: No new file uploaded
2024-05-14 05:05:39 WARNING: No new file uploaded
2024-05-14 05:05:49 WARNING: No new file uploaded
2024-05-14 05:05:59 WARNING: No new file uploaded
2024-05-14 05:06:09 WARNING: No new file uploaded
2024-05-14 05:06:20 WARNING: No new file uploaded
2024-05-14 05:06:30 WARNING: No new file uploaded
2024-05-14 05:06:40 WARNING: No new file uploaded
2024-05-14 05:06:50 WARNING: No new file uploaded
2024-05-14 05:07:01 WARNING: No new file uploaded
2024-05-14 05:07:11 WARNING: No new file uploaded
2024-05-14 05:07:21 WARNING: No new file uploaded
2024-05-14 05:07:31 WARNING: No new file uploaded
2024-05-14 05:07:42 WARNING: No new file uploaded
2024-05-14 05:07:52 WARNING: No new file uploaded
2024-05-14 05:08:02 WARNING: No new file uploaded
2024-05-14 05:08:12 WARNING: No new file uploaded
2024-05-14 05:08:22 WARNING: No new file uploaded
2024-05-14 05:08:33 WARNING: No new file uploaded
2024-05-14 05:08:43 WARNING: No new file uploaded
2024-05-14 05:08:53 WARNING: No new file uploaded
2024-05-14 05:09:03 WARNING: No new file uploaded
2024-05-14 05:09:14 WARNING: No new file uploaded
2024-05-14 05:09:24 WARNING: No new file uploaded
2024-05-14 05:09:34 WARNING: No new file uploaded
2024-05-14 05:09:44 WARNING: No new file uploaded
2024-05-14 05:09:55 WARNING: No new file uploaded
2024-05-14 05:10:05 WARNING: No new file uploaded
2024-05-14 05:10:15 WARNING: No new file uploaded
2024-05-14 05:10:25 WARNING: No new file uploaded
2024-05-14 05:10:36 WARNING: No new file uploaded
2024-05-14 05:10:46 WARNING: No new file uploaded
2024-05-14 05:10:56 WARNING: No new file uploaded
2024-05-14 05:11:06 WARNING: No new file uploaded
2024-05-14 05:11:16 WARNING: No new file uploaded
2024-05-14 05:11:27 WARNING: No new file uploaded
2024-05-14 05:11:37 WARNING: No new file uploaded
2024-05-14 05:11:47 WARNING: No new file uploaded
2024-05-14 05:11:57 WARNING: No new file uploaded
2024-05-14 05:12:08 WARNING: No new file uploaded
2024-05-14 05:12:18 WARNING: No new file uploaded
2024-05-14 05:12:28 WARNING: No new file uploaded
2024-05-14 05:12:38 WARNING: No new file uploaded
2024-05-14 05:12:49 WARNING: No new file uploaded
2024-05-14 05:12:59 WARNING: No new file uploaded
2024-05-14 05:13:09 WARNING: No new file uploaded
2024-05-14 05:13:19 WARNING: No new file uploaded
2024-05-14 05:13:30 WARNING: No new file uploaded
2024-05-14 05:13:40 WARNING: No new file uploaded
2024-05-14 05:13:50 WARNING: No new file uploaded
2024-05-14 05:14:00 WARNING: No new file uploaded
2024-05-14 05:14:11 WARNING: No new file uploaded
2024-05-14 05:14:21 WARNING: No new file uploaded
2024-05-14 05:14:31 WARNING: No new file uploaded
2024-05-14 05:14:41 WARNING: No new file uploaded
2024-05-14 05:14:51 WARNING: No new file uploaded
2024-05-14 05:15:02 WARNING: No new file uploaded
2024-05-14 05:15:12 WARNING: No new file uploaded
2024-05-14 05:15:22 WARNING: No new file uploaded
2024-05-14 05:15:32 WARNING: No new file uploaded
2024-05-14 05:15:43 WARNING: No new file uploaded
2024-05-14 05:15:53 WARNING: No new file uploaded
2024-05-14 05:16:03 WARNING: No new file uploaded
2024-05-14 05:16:13 WARNING: No new file uploaded
2024-05-14 05:16:24 WARNING: No new file uploaded
2024-05-14 05:16:34 WARNING: No new file uploaded
2024-05-14 05:16:44 WARNING: No new file uploaded
2024-05-14 05:16:54 WARNING: No new file uploaded
2024-05-14 05:17:05 WARNING: No new file uploaded
2024-05-14 05:17:15 WARNING: No new file uploaded
2024-05-14 05:17:25 WARNING: No new file uploaded
2024-05-14 05:17:35 WARNING: No new file uploaded
2024-05-14 05:17:46 WARNING: No new file uploaded
2024-05-14 05:17:56 WARNING: No new file uploaded
2024-05-14 05:18:06 WARNING: No new file uploaded
2024-05-14 05:18:16 WARNING: No new file uploaded
2024-05-14 05:18:27 WARNING: No new file uploaded
2024-05-14 05:18:37 WARNING: No new file uploaded
2024-05-14 05:18:47 WARNING: No new file uploaded
2024-05-14 05:18:57 WARNING: No new file uploaded
2024-05-14 05:19:07 WARNING: No new file uploaded
2024-05-14 05:19:18 WARNING: No new file uploaded
2024-05-14 05:19:28 WARNING: No new file uploaded
2024-05-14 05:19:38 WARNING: No new file uploaded
2024-05-14 05:19:48 WARNING: No new file uploaded
2024-05-14 05:19:59 WARNING: No new file uploaded
2024-05-14 05:20:09 WARNING: No new file uploaded
2024-05-14 05:20:19 WARNING: No new file uploaded
2024-05-14 05:20:29 WARNING: No new file uploaded
2024-05-14 05:20:40 WARNING: No new file uploaded
2024-05-14 05:20:50 WARNING: No new file uploaded
2024-05-14 05:21:00 WARNING: No new file uploaded
2024-05-14 05:21:10 WARNING: No new file uploaded
2024-05-14 05:21:21 WARNING: No new file uploaded
2024-05-14 05:21:31 WARNING: No new file uploaded
2024-05-14 05:21:41 WARNING: No new file uploaded
2024-05-14 05:21:51 WARNING: No new file uploaded
2024-05-14 05:22:02 WARNING: No new file uploaded
2024-05-14 05:22:12 WARNING: No new file uploaded
2024-05-14 05:22:22 WARNING: No new file uploaded
2024-05-14 05:22:32 WARNING: No new file uploaded
2024-05-14 05:22:42 WARNING: No new file uploaded
2024-05-14 05:22:53 WARNING: No new file uploaded
2024-05-14 05:23:03 WARNING: No new file uploaded
2024-05-14 05:23:13 WARNING: No new file uploaded
2024-05-14 05:23:23 WARNING: No new file uploaded
2024-05-14 05:23:34 WARNING: No new file uploaded
2024-05-14 05:23:44 WARNING: No new file uploaded
2024-05-14 05:23:54 WARNING: No new file uploaded
2024-05-14 05:24:04 WARNING: No new file uploaded
2024-05-14 05:24:15 WARNING: No new file uploaded
2024-05-14 05:24:25 WARNING: No new file uploaded
2024-05-14 05:24:35 WARNING: No new file uploaded
2024-05-14 05:24:45 WARNING: No new file uploaded
2024-05-14 05:24:56 WARNING: No new file uploaded
2024-05-14 05:25:06 WARNING: No new file uploaded
2024-05-14 05:25:16 WARNING: No new file uploaded
2024-05-14 05:25:26 WARNING: No new file uploaded
2024-05-14 05:25:37 WARNING: No new file uploaded
2024-05-14 05:25:47 WARNING: No new file uploaded
2024-05-14 05:25:57 WARNING: No new file uploaded
2024-05-14 05:26:07 WARNING: No new file uploaded
2024-05-14 05:26:18 WARNING: No new file uploaded
2024-05-14 05:26:28 WARNING: No new file uploaded
2024-05-14 05:26:38 WARNING: No new file uploaded
2024-05-14 05:26:48 WARNING: No new file uploaded
2024-05-14 05:26:58 WARNING: No new file uploaded
2024-05-14 05:27:09 WARNING: No new file uploaded
2024-05-14 05:27:19 WARNING: No new file uploaded
2024-05-14 05:27:29 WARNING: No new file uploaded
2024-05-14 05:27:39 WARNING: No new file uploaded
2024-05-14 05:27:50 WARNING: No new file uploaded
2024-05-14 05:28:00 WARNING: No new file uploaded
2024-05-14 05:28:10 WARNING: No new file uploaded
2024-05-14 05:28:20 WARNING: No new file uploaded
2024-05-14 05:28:31 WARNING: No new file uploaded
2024-05-14 05:28:41 WARNING: No new file uploaded
2024-05-14 05:28:51 WARNING: No new file uploaded
2024-05-14 05:29:01 WARNING: No new file uploaded
2024-05-14 05:29:12 WARNING: No new file uploaded
2024-05-14 05:29:22 WARNING: No new file uploaded
2024-05-14 05:29:32 WARNING: No new file uploaded
2024-05-14 05:29:42 WARNING: No new file uploaded
2024-05-14 05:29:53 WARNING: No new file uploaded
2024-05-14 05:30:03 WARNING: No new file uploaded
2024-05-14 05:30:13 WARNING: No new file uploaded
2024-05-14 05:30:23 WARNING: No new file uploaded
2024-05-14 05:30:34 WARNING: No new file uploaded
2024-05-14 05:30:44 WARNING: No new file uploaded
2024-05-14 05:30:54 WARNING: No new file uploaded
2024-05-14 05:31:04 WARNING: No new file uploaded
2024-05-14 05:31:14 WARNING: No new file uploaded
2024-05-14 05:31:25 WARNING: No new file uploaded
2024-05-14 05:31:35 WARNING: No new file uploaded
2024-05-14 05:31:45 WARNING: No new file uploaded
2024-05-14 05:31:55 WARNING: No new file uploaded
2024-05-14 05:32:06 WARNING: No new file uploaded
2024-05-14 05:32:16 WARNING: No new file uploaded
2024-05-14 05:32:26 WARNING: No new file uploaded
2024-05-14 05:32:36 WARNING: No new file uploaded
2024-05-14 05:32:47 WARNING: No new file uploaded
2024-05-14 05:32:57 WARNING: No new file uploaded
2024-05-14 05:33:07 WARNING: No new file uploaded
2024-05-14 05:33:17 WARNING: No new file uploaded
2024-05-14 05:33:28 WARNING: No new file uploaded
2024-05-14 05:33:38 WARNING: No new file uploaded
2024-05-14 05:33:48 WARNING: No new file uploaded
2024-05-14 05:33:58 WARNING: No new file uploaded
2024-05-14 05:34:09 WARNING: No new file uploaded
2024-05-14 05:34:19 WARNING: No new file uploaded
2024-05-14 05:34:29 WARNING: No new file uploaded
2024-05-14 05:34:39 WARNING: No new file uploaded
2024-05-14 05:34:49 WARNING: No new file uploaded
2024-05-14 05:35:00 WARNING: No new file uploaded
2024-05-14 05:35:10 WARNING: No new file uploaded
2024-05-14 05:35:20 WARNING: No new file uploaded
2024-05-14 05:35:30 WARNING: No new file uploaded
2024-05-14 05:35:41 WARNING: No new file uploaded
2024-05-14 05:35:51 WARNING: No new file uploaded
2024-05-14 05:36:01 WARNING: No new file uploaded
2024-05-14 05:36:11 WARNING: No new file uploaded
2024-05-14 05:36:22 WARNING: No new file uploaded
2024-05-14 05:36:32 WARNING: No new file uploaded
2024-05-14 05:36:42 WARNING: No new file uploaded
2024-05-14 05:36:52 WARNING: No new file uploaded
2024-05-14 05:37:03 WARNING: No new file uploaded
2024-05-14 05:37:13 WARNING: No new file uploaded
2024-05-14 05:37:23 WARNING: No new file uploaded
2024-05-14 05:37:33 WARNING: No new file uploaded
2024-05-14 05:37:44 WARNING: No new file uploaded
2024-05-14 05:37:54 WARNING: No new file uploaded
2024-05-14 05:38:04 WARNING: No new file uploaded
2024-05-14 05:38:14 WARNING: No new file uploaded
2024-05-14 05:38:25 WARNING: No new file uploaded
2024-05-14 05:38:35 WARNING: No new file uploaded
2024-05-14 05:38:45 WARNING: No new file uploaded
2024-05-14 05:38:55 WARNING: No new file uploaded
2024-05-14 05:39:06 WARNING: No new file uploaded
2024-05-14 05:39:16 WARNING: No new file uploaded
2024-05-14 05:39:26 WARNING: No new file uploaded
2024-05-14 05:39:36 WARNING: No new file uploaded
2024-05-14 05:39:46 WARNING: No new file uploaded
2024-05-14 05:39:57 WARNING: No new file uploaded
2024-05-14 05:40:07 WARNING: No new file uploaded
2024-05-14 05:40:17 WARNING: No new file uploaded
2024-05-14 05:40:27 WARNING: No new file uploaded
2024-05-14 05:40:38 WARNING: No new file uploaded
2024-05-14 05:40:48 WARNING: No new file uploaded
2024-05-14 05:40:58 WARNING: No new file uploaded
2024-05-14 05:41:08 WARNING: No new file uploaded
2024-05-14 05:41:19 WARNING: No new file uploaded
2024-05-14 05:41:29 WARNING: No new file uploaded
2024-05-14 05:41:39 WARNING: No new file uploaded
2024-05-14 05:41:49 WARNING: No new file uploaded
2024-05-14 05:42:00 WARNING: No new file uploaded
2024-05-14 05:42:10 WARNING: No new file uploaded
2024-05-14 05:42:20 WARNING: No new file uploaded
2024-05-14 05:42:30 WARNING: No new file uploaded
2024-05-14 05:42:41 WARNING: No new file uploaded
2024-05-14 05:42:51 WARNING: No new file uploaded
2024-05-14 05:43:01 WARNING: No new file uploaded
2024-05-14 05:43:11 WARNING: No new file uploaded
2024-05-14 05:43:21 WARNING: No new file uploaded
2024-05-14 05:43:32 WARNING: No new file uploaded
2024-05-14 05:43:42 WARNING: No new file uploaded
2024-05-14 05:43:52 WARNING: No new file uploaded
2024-05-14 05:44:02 WARNING: No new file uploaded
2024-05-14 05:44:13 WARNING: No new file uploaded
2024-05-14 05:44:23 WARNING: No new file uploaded
2024-05-14 05:44:33 WARNING: No new file uploaded
2024-05-14 05:44:43 WARNING: No new file uploaded
2024-05-14 05:44:54 WARNING: No new file uploaded
2024-05-14 05:45:04 WARNING: No new file uploaded
2024-05-14 05:45:14 WARNING: No new file uploaded
2024-05-14 05:45:24 WARNING: No new file uploaded
2024-05-14 05:45:35 WARNING: No new file uploaded
2024-05-14 05:45:45 WARNING: No new file uploaded
2024-05-14 05:45:55 WARNING: No new file uploaded
2024-05-14 05:46:05 WARNING: No new file uploaded
2024-05-14 05:46:15 WARNING: No new file uploaded
2024-05-14 05:46:26 WARNING: No new file uploaded
2024-05-14 05:46:36 WARNING: No new file uploaded
2024-05-14 05:46:46 WARNING: No new file uploaded
2024-05-14 05:46:56 WARNING: No new file uploaded
2024-05-14 05:47:07 WARNING: No new file uploaded
2024-05-14 05:47:17 WARNING: No new file uploaded
2024-05-14 05:47:27 WARNING: No new file uploaded
2024-05-14 05:47:37 WARNING: No new file uploaded
2024-05-14 05:47:48 WARNING: No new file uploaded
2024-05-14 05:47:58 WARNING: No new file uploaded
2024-05-14 05:48:08 WARNING: No new file uploaded
2024-05-14 05:48:18 WARNING: No new file uploaded
2024-05-14 05:48:29 WARNING: No new file uploaded
2024-05-14 05:48:39 WARNING: No new file uploaded
2024-05-14 05:48:49 WARNING: No new file uploaded
2024-05-14 05:48:59 WARNING: No new file uploaded
2024-05-14 05:49:10 WARNING: No new file uploaded
2024-05-14 05:49:20 WARNING: No new file uploaded
2024-05-14 05:49:30 WARNING: No new file uploaded
2024-05-14 05:49:40 WARNING: No new file uploaded
2024-05-14 05:49:51 WARNING: No new file uploaded
2024-05-14 05:50:01 WARNING: No new file uploaded
2024-05-14 05:50:11 WARNING: No new file uploaded
2024-05-14 05:50:21 WARNING: No new file uploaded
2024-05-14 05:50:31 WARNING: No new file uploaded
2024-05-14 05:50:42 WARNING: No new file uploaded
2024-05-14 05:50:52 WARNING: No new file uploaded
2024-05-14 05:51:02 WARNING: No new file uploaded
2024-05-14 05:51:12 WARNING: No new file uploaded
2024-05-14 05:51:23 WARNING: No new file uploaded
2024-05-14 05:51:33 WARNING: No new file uploaded
2024-05-14 05:51:43 WARNING: No new file uploaded
2024-05-14 05:51:53 WARNING: No new file uploaded
2024-05-14 05:52:04 WARNING: No new file uploaded
2024-05-14 05:52:14 WARNING: No new file uploaded
2024-05-14 05:52:24 WARNING: No new file uploaded
2024-05-14 05:52:34 WARNING: No new file uploaded
2024-05-14 05:52:45 WARNING: No new file uploaded
2024-05-14 05:52:55 WARNING: No new file uploaded
2024-05-14 05:53:05 WARNING: No new file uploaded
2024-05-14 05:53:15 WARNING: No new file uploaded
2024-05-14 05:53:26 WARNING: No new file uploaded
2024-05-14 05:53:36 WARNING: No new file uploaded
2024-05-14 05:53:46 WARNING: No new file uploaded
2024-05-14 05:53:56 WARNING: No new file uploaded
2024-05-14 05:54:06 WARNING: No new file uploaded
2024-05-14 05:54:17 WARNING: No new file uploaded
2024-05-14 05:54:27 WARNING: No new file uploaded
2024-05-14 05:54:37 WARNING: No new file uploaded
2024-05-14 05:54:47 WARNING: No new file uploaded
2024-05-14 05:54:58 WARNING: No new file uploaded
2024-05-14 05:55:08 WARNING: No new file uploaded
2024-05-14 05:55:18 WARNING: No new file uploaded
2024-05-14 05:55:28 WARNING: No new file uploaded
2024-05-14 05:55:39 WARNING: No new file uploaded
2024-05-14 05:55:49 WARNING: No new file uploaded
2024-05-14 05:55:59 WARNING: No new file uploaded
2024-05-14 05:56:09 WARNING: No new file uploaded
2024-05-14 05:56:20 WARNING: No new file uploaded
2024-05-14 05:56:30 WARNING: No new file uploaded
2024-05-14 05:56:40 WARNING: No new file uploaded
2024-05-14 05:56:50 WARNING: No new file uploaded
2024-05-14 05:57:00 WARNING: No new file uploaded
2024-05-14 05:57:11 WARNING: No new file uploaded
2024-05-14 05:57:21 WARNING: No new file uploaded
2024-05-14 05:57:31 WARNING: No new file uploaded
2024-05-14 05:57:41 WARNING: No new file uploaded
2024-05-14 05:57:52 WARNING: No new file uploaded
2024-05-14 05:58:02 WARNING: No new file uploaded
2024-05-14 05:58:12 WARNING: No new file uploaded
2024-05-14 05:58:22 WARNING: No new file uploaded
2024-05-14 05:58:33 WARNING: No new file uploaded
2024-05-14 05:58:43 WARNING: No new file uploaded
2024-05-14 05:58:53 WARNING: No new file uploaded
2024-05-14 05:59:03 WARNING: No new file uploaded
2024-05-14 05:59:14 WARNING: No new file uploaded
2024-05-14 05:59:24 WARNING: No new file uploaded
2024-05-14 05:59:34 WARNING: No new file uploaded
2024-05-14 05:59:44 WARNING: No new file uploaded
2024-05-14 05:59:55 WARNING: No new file uploaded
2024-05-14 06:00:05 WARNING: No new file uploaded
2024-05-14 06:00:15 WARNING: No new file uploaded
2024-05-14 06:00:25 WARNING: No new file uploaded
2024-05-14 06:00:35 WARNING: No new file uploaded
2024-05-14 06:00:46 WARNING: No new file uploaded
2024-05-14 06:00:56 WARNING: No new file uploaded
2024-05-14 06:01:06 WARNING: No new file uploaded
2024-05-14 06:01:16 WARNING: No new file uploaded
2024-05-14 06:01:27 WARNING: No new file uploaded
2024-05-14 06:01:37 WARNING: No new file uploaded
2024-05-14 06:01:47 WARNING: No new file uploaded
2024-05-14 06:01:57 WARNING: No new file uploaded
2024-05-14 06:02:08 WARNING: No new file uploaded
2024-05-14 06:02:18 WARNING: No new file uploaded
2024-05-14 06:02:28 WARNING: No new file uploaded
2024-05-14 06:02:38 WARNING: No new file uploaded
2024-05-14 06:02:49 WARNING: No new file uploaded
2024-05-14 06:02:59 WARNING: No new file uploaded
2024-05-14 06:03:09 WARNING: No new file uploaded
2024-05-14 06:03:19 WARNING: No new file uploaded
2024-05-14 06:03:30 WARNING: No new file uploaded
2024-05-14 06:03:40 WARNING: No new file uploaded
2024-05-14 06:03:50 WARNING: No new file uploaded
2024-05-14 06:04:00 WARNING: No new file uploaded
2024-05-14 06:04:10 WARNING: No new file uploaded
2024-05-14 06:04:21 WARNING: No new file uploaded
2024-05-14 06:04:31 WARNING: No new file uploaded
2024-05-14 06:04:41 WARNING: No new file uploaded
2024-05-14 06:04:51 WARNING: No new file uploaded
2024-05-14 06:05:02 WARNING: No new file uploaded
2024-05-14 06:05:12 WARNING: No new file uploaded
2024-05-14 06:05:22 WARNING: No new file uploaded
2024-05-14 06:05:32 WARNING: No new file uploaded
2024-05-14 06:05:43 WARNING: No new file uploaded
2024-05-14 06:05:53 WARNING: No new file uploaded
2024-05-14 06:06:03 WARNING: No new file uploaded
2024-05-14 06:06:13 WARNING: No new file uploaded
2024-05-14 06:06:24 WARNING: No new file uploaded
2024-05-14 06:06:34 WARNING: No new file uploaded
2024-05-14 06:06:44 WARNING: No new file uploaded
2024-05-14 06:06:54 WARNING: No new file uploaded
2024-05-14 06:07:05 WARNING: No new file uploaded
2024-05-14 06:07:15 WARNING: No new file uploaded
2024-05-14 06:07:25 WARNING: No new file uploaded
2024-05-14 06:07:35 WARNING: No new file uploaded
2024-05-14 06:07:45 WARNING: No new file uploaded
2024-05-14 06:07:56 WARNING: No new file uploaded
2024-05-14 06:08:06 WARNING: No new file uploaded
2024-05-14 06:08:16 WARNING: No new file uploaded
2024-05-14 06:08:26 WARNING: No new file uploaded
2024-05-14 06:08:37 WARNING: No new file uploaded
2024-05-14 06:08:47 WARNING: No new file uploaded
2024-05-14 06:08:57 WARNING: No new file uploaded
2024-05-14 06:09:07 WARNING: No new file uploaded
2024-05-14 06:09:18 WARNING: No new file uploaded
2024-05-14 06:09:28 WARNING: No new file uploaded
2024-05-14 06:09:38 WARNING: No new file uploaded
2024-05-14 06:09:48 WARNING: No new file uploaded
2024-05-14 06:09:59 WARNING: No new file uploaded
2024-05-14 06:10:09 WARNING: No new file uploaded
2024-05-14 06:10:19 WARNING: No new file uploaded
2024-05-14 06:10:29 WARNING: No new file uploaded
2024-05-14 06:10:40 WARNING: No new file uploaded
2024-05-14 06:10:50 WARNING: No new file uploaded
2024-05-14 06:11:00 WARNING: No new file uploaded
2024-05-14 06:11:10 WARNING: No new file uploaded
2024-05-14 06:11:20 WARNING: No new file uploaded
2024-05-14 06:11:31 WARNING: No new file uploaded
2024-05-14 06:11:41 WARNING: No new file uploaded
2024-05-14 06:11:51 WARNING: No new file uploaded
2024-05-14 06:12:01 WARNING: No new file uploaded
2024-05-14 06:12:12 WARNING: No new file uploaded
2024-05-14 06:12:22 WARNING: No new file uploaded
2024-05-14 06:12:32 WARNING: No new file uploaded
2024-05-14 06:12:42 WARNING: No new file uploaded
2024-05-14 06:12:53 WARNING: No new file uploaded
2024-05-14 06:13:03 WARNING: No new file uploaded
2024-05-14 06:13:13 WARNING: No new file uploaded
2024-05-14 06:13:23 WARNING: No new file uploaded
2024-05-14 06:13:34 WARNING: No new file uploaded
2024-05-14 06:13:44 WARNING: No new file uploaded
2024-05-14 06:13:54 WARNING: No new file uploaded
2024-05-14 06:14:04 WARNING: No new file uploaded
2024-05-14 06:14:15 WARNING: No new file uploaded
2024-05-14 06:14:25 WARNING: No new file uploaded
2024-05-14 06:14:35 WARNING: No new file uploaded
2024-05-14 06:14:45 WARNING: No new file uploaded
2024-05-14 06:14:55 WARNING: No new file uploaded
2024-05-14 06:15:06 WARNING: No new file uploaded
2024-05-14 06:15:16 WARNING: No new file uploaded
2024-05-14 06:15:26 WARNING: No new file uploaded
2024-05-14 06:15:36 WARNING: No new file uploaded
2024-05-14 06:15:47 WARNING: No new file uploaded
2024-05-14 06:15:57 WARNING: No new file uploaded
2024-05-14 06:16:07 WARNING: No new file uploaded
2024-05-14 06:16:17 WARNING: No new file uploaded
2024-05-14 06:16:28 WARNING: No new file uploaded
2024-05-14 06:16:38 WARNING: No new file uploaded
2024-05-14 06:16:48 WARNING: No new file uploaded
2024-05-14 06:16:58 WARNING: No new file uploaded
2024-05-14 06:17:09 WARNING: No new file uploaded
2024-05-14 06:17:19 WARNING: No new file uploaded
2024-05-14 06:17:29 WARNING: No new file uploaded
2024-05-14 06:17:39 WARNING: No new file uploaded
2024-05-14 06:17:50 WARNING: No new file uploaded
2024-05-14 06:18:00 WARNING: No new file uploaded
2024-05-14 06:18:10 WARNING: No new file uploaded
2024-05-14 06:18:20 WARNING: No new file uploaded
2024-05-14 06:18:30 WARNING: No new file uploaded
2024-05-14 06:18:41 WARNING: No new file uploaded
2024-05-14 06:18:51 WARNING: No new file uploaded
2024-05-14 06:19:01 WARNING: No new file uploaded
2024-05-14 06:19:11 WARNING: No new file uploaded
2024-05-14 06:19:22 WARNING: No new file uploaded
2024-05-14 06:19:32 WARNING: No new file uploaded
2024-05-14 06:19:42 WARNING: No new file uploaded
2024-05-14 06:19:52 WARNING: No new file uploaded
2024-05-14 06:20:03 WARNING: No new file uploaded
2024-05-14 06:20:13 WARNING: No new file uploaded
2024-05-14 06:20:23 WARNING: No new file uploaded
2024-05-14 06:20:33 WARNING: No new file uploaded
2024-05-14 06:20:44 WARNING: No new file uploaded
2024-05-14 06:20:54 WARNING: No new file uploaded
2024-05-14 06:21:04 WARNING: No new file uploaded
2024-05-14 06:21:14 WARNING: No new file uploaded
2024-05-14 06:21:24 WARNING: No new file uploaded
2024-05-14 06:21:35 WARNING: No new file uploaded
2024-05-14 06:21:45 WARNING: No new file uploaded
2024-05-14 06:21:55 WARNING: No new file uploaded
2024-05-14 06:22:05 WARNING: No new file uploaded
2024-05-14 06:22:16 WARNING: No new file uploaded
2024-05-14 06:22:26 WARNING: No new file uploaded
2024-05-14 06:22:36 WARNING: No new file uploaded
2024-05-14 06:22:46 WARNING: No new file uploaded
2024-05-14 06:22:57 WARNING: No new file uploaded
2024-05-14 06:23:07 WARNING: No new file uploaded
2024-05-14 06:23:17 WARNING: No new file uploaded
2024-05-14 06:23:27 WARNING: No new file uploaded
2024-05-14 06:23:38 WARNING: No new file uploaded
2024-05-14 06:23:48 WARNING: No new file uploaded
2024-05-14 06:23:58 WARNING: No new file uploaded
2024-05-14 06:24:08 WARNING: No new file uploaded
2024-05-14 06:24:19 WARNING: No new file uploaded
2024-05-14 06:24:29 WARNING: No new file uploaded
2024-05-14 06:24:39 WARNING: No new file uploaded
2024-05-14 06:24:49 WARNING: No new file uploaded
2024-05-14 06:25:00 WARNING: No new file uploaded
2024-05-14 06:25:10 WARNING: No new file uploaded
2024-05-14 06:25:20 WARNING: No new file uploaded
2024-05-14 06:25:30 WARNING: No new file uploaded
2024-05-14 06:25:40 WARNING: No new file uploaded
2024-05-14 06:25:51 WARNING: No new file uploaded
2024-05-14 06:26:01 WARNING: No new file uploaded
2024-05-14 06:26:11 WARNING: No new file uploaded
2024-05-14 06:26:21 WARNING: No new file uploaded
2024-05-14 06:26:32 WARNING: No new file uploaded
2024-05-14 06:26:42 WARNING: No new file uploaded
2024-05-14 06:26:52 WARNING: No new file uploaded
2024-05-14 06:27:02 WARNING: No new file uploaded
2024-05-14 06:27:13 WARNING: No new file uploaded
2024-05-14 06:27:23 WARNING: No new file uploaded
2024-05-14 06:27:33 WARNING: No new file uploaded
2024-05-14 06:27:43 WARNING: No new file uploaded
2024-05-14 06:27:54 WARNING: No new file uploaded
2024-05-14 06:28:04 WARNING: No new file uploaded
2024-05-14 06:28:14 WARNING: No new file uploaded
2024-05-14 06:28:24 WARNING: No new file uploaded
2024-05-14 06:28:34 WARNING: No new file uploaded
2024-05-14 06:28:45 WARNING: No new file uploaded
2024-05-14 06:28:55 WARNING: No new file uploaded
2024-05-14 06:29:05 WARNING: No new file uploaded
2024-05-14 06:29:15 WARNING: No new file uploaded
2024-05-14 06:29:26 WARNING: No new file uploaded
2024-05-14 06:29:36 WARNING: No new file uploaded
2024-05-14 06:29:46 WARNING: No new file uploaded
2024-05-14 06:29:56 WARNING: No new file uploaded
2024-05-14 06:30:07 WARNING: No new file uploaded
2024-05-14 06:30:17 WARNING: No new file uploaded
2024-05-14 06:30:27 WARNING: No new file uploaded
2024-05-14 06:30:37 WARNING: No new file uploaded
2024-05-14 06:30:48 WARNING: No new file uploaded
2024-05-14 06:30:58 WARNING: No new file uploaded
2024-05-14 06:31:08 WARNING: No new file uploaded
2024-05-14 06:31:18 WARNING: No new file uploaded
2024-05-14 06:31:28 WARNING: No new file uploaded
2024-05-14 06:31:39 WARNING: No new file uploaded
2024-05-14 06:31:49 WARNING: No new file uploaded
2024-05-14 06:31:59 WARNING: No new file uploaded
2024-05-14 06:32:09 WARNING: No new file uploaded
2024-05-14 06:32:20 WARNING: No new file uploaded
2024-05-14 06:32:30 WARNING: No new file uploaded
2024-05-14 06:32:40 WARNING: No new file uploaded
2024-05-14 06:32:50 WARNING: No new file uploaded
2024-05-14 06:33:01 WARNING: No new file uploaded
2024-05-14 06:33:11 WARNING: No new file uploaded
2024-05-14 06:33:21 WARNING: No new file uploaded
2024-05-14 06:33:31 WARNING: No new file uploaded
2024-05-14 06:33:42 WARNING: No new file uploaded
2024-05-14 06:33:52 WARNING: No new file uploaded
2024-05-14 06:34:02 WARNING: No new file uploaded
2024-05-14 06:34:12 WARNING: No new file uploaded
2024-05-14 06:34:23 WARNING: No new file uploaded
2024-05-14 06:34:33 WARNING: No new file uploaded
2024-05-14 06:34:43 WARNING: No new file uploaded
2024-05-14 06:34:53 WARNING: No new file uploaded
2024-05-14 06:35:04 WARNING: No new file uploaded
2024-05-14 06:35:14 WARNING: No new file uploaded
2024-05-14 06:35:24 WARNING: No new file uploaded
2024-05-14 06:35:34 WARNING: No new file uploaded
2024-05-14 06:35:45 WARNING: No new file uploaded
2024-05-14 06:35:55 WARNING: No new file uploaded
2024-05-14 06:36:05 WARNING: No new file uploaded
2024-05-14 06:36:15 WARNING: No new file uploaded
2024-05-14 06:36:25 WARNING: No new file uploaded
2024-05-14 06:36:36 WARNING: No new file uploaded
2024-05-14 06:36:46 WARNING: No new file uploaded
2024-05-14 06:36:56 WARNING: No new file uploaded
2024-05-14 06:37:06 WARNING: No new file uploaded
2024-05-14 06:37:17 WARNING: No new file uploaded
2024-05-14 06:37:27 WARNING: No new file uploaded
2024-05-14 06:37:37 WARNING: No new file uploaded
2024-05-14 06:37:47 WARNING: No new file uploaded
2024-05-14 06:37:58 WARNING: No new file uploaded
2024-05-14 06:38:08 WARNING: No new file uploaded
2024-05-14 06:38:18 WARNING: No new file uploaded
2024-05-14 06:38:28 WARNING: No new file uploaded
2024-05-14 06:38:39 WARNING: No new file uploaded
2024-05-14 06:38:49 WARNING: No new file uploaded
2024-05-14 06:38:59 WARNING: No new file uploaded
2024-05-14 06:39:09 WARNING: No new file uploaded
2024-05-14 06:39:20 WARNING: No new file uploaded
2024-05-14 06:39:30 WARNING: No new file uploaded
2024-05-14 06:39:40 WARNING: No new file uploaded
2024-05-14 06:39:50 WARNING: No new file uploaded
2024-05-14 06:40:00 WARNING: No new file uploaded
2024-05-14 06:40:11 WARNING: No new file uploaded
2024-05-14 06:40:21 WARNING: No new file uploaded
2024-05-14 06:40:31 WARNING: No new file uploaded
2024-05-14 06:40:41 WARNING: No new file uploaded
2024-05-14 06:40:52 WARNING: No new file uploaded
2024-05-14 06:41:02 WARNING: No new file uploaded
2024-05-14 06:41:12 WARNING: No new file uploaded
2024-05-14 06:41:22 WARNING: No new file uploaded
2024-05-14 06:41:33 WARNING: No new file uploaded
2024-05-14 06:41:43 WARNING: No new file uploaded
2024-05-14 06:41:53 WARNING: No new file uploaded
2024-05-14 06:42:03 WARNING: No new file uploaded
2024-05-14 06:42:14 WARNING: No new file uploaded
2024-05-14 06:42:24 WARNING: No new file uploaded
2024-05-14 06:42:34 WARNING: No new file uploaded
2024-05-14 06:42:44 WARNING: No new file uploaded
2024-05-14 06:42:55 WARNING: No new file uploaded
2024-05-14 06:43:05 WARNING: No new file uploaded
2024-05-14 06:43:15 WARNING: No new file uploaded
2024-05-14 06:43:25 WARNING: No new file uploaded
2024-05-14 06:43:35 WARNING: No new file uploaded
2024-05-14 06:43:46 WARNING: No new file uploaded
2024-05-14 06:43:56 WARNING: No new file uploaded
2024-05-14 06:44:06 WARNING: No new file uploaded
2024-05-14 06:44:16 WARNING: No new file uploaded
2024-05-14 06:44:27 WARNING: No new file uploaded
2024-05-14 06:44:37 WARNING: No new file uploaded
2024-05-14 06:44:47 WARNING: No new file uploaded
2024-05-14 06:44:57 WARNING: No new file uploaded
2024-05-14 06:45:08 WARNING: No new file uploaded
2024-05-14 06:45:18 WARNING: No new file uploaded
2024-05-14 06:45:28 WARNING: No new file uploaded
2024-05-14 06:45:38 WARNING: No new file uploaded
2024-05-14 06:45:49 WARNING: No new file uploaded
2024-05-14 06:45:59 WARNING: No new file uploaded
2024-05-14 06:46:09 WARNING: No new file uploaded
2024-05-14 06:46:19 WARNING: No new file uploaded
2024-05-14 06:46:30 WARNING: No new file uploaded
2024-05-14 06:46:40 WARNING: No new file uploaded
2024-05-14 06:46:50 WARNING: No new file uploaded
2024-05-14 06:47:00 WARNING: No new file uploaded
2024-05-14 06:47:10 WARNING: No new file uploaded
2024-05-14 06:47:21 WARNING: No new file uploaded
2024-05-14 06:47:31 WARNING: No new file uploaded
2024-05-14 06:47:41 WARNING: No new file uploaded
2024-05-14 06:47:51 WARNING: No new file uploaded
2024-05-14 06:48:02 WARNING: No new file uploaded
2024-05-14 06:48:12 WARNING: No new file uploaded
2024-05-14 06:48:22 WARNING: No new file uploaded
2024-05-14 06:48:32 WARNING: No new file uploaded
2024-05-14 06:48:43 WARNING: No new file uploaded
2024-05-14 06:48:53 WARNING: No new file uploaded
2024-05-14 06:49:03 WARNING: No new file uploaded
2024-05-14 06:49:13 WARNING: No new file uploaded
2024-05-14 06:49:24 WARNING: No new file uploaded
2024-05-14 06:49:34 WARNING: No new file uploaded
2024-05-14 06:49:44 WARNING: No new file uploaded
2024-05-14 06:49:54 WARNING: No new file uploaded
2024-05-14 06:50:04 WARNING: No new file uploaded
2024-05-14 06:50:15 WARNING: No new file uploaded
2024-05-14 06:50:25 WARNING: No new file uploaded
2024-05-14 06:50:35 WARNING: No new file uploaded
2024-05-14 06:50:45 WARNING: No new file uploaded
2024-05-14 06:50:56 WARNING: No new file uploaded
2024-05-14 06:51:06 WARNING: No new file uploaded
2024-05-14 06:51:16 WARNING: No new file uploaded
2024-05-14 06:51:26 WARNING: No new file uploaded
2024-05-14 06:51:37 WARNING: No new file uploaded
2024-05-14 06:51:47 WARNING: No new file uploaded
2024-05-14 06:51:57 WARNING: No new file uploaded
2024-05-14 06:52:07 WARNING: No new file uploaded
2024-05-14 06:52:18 WARNING: No new file uploaded
2024-05-14 06:52:28 WARNING: No new file uploaded
2024-05-14 06:52:38 WARNING: No new file uploaded
2024-05-14 06:52:48 WARNING: No new file uploaded
2024-05-14 06:52:58 WARNING: No new file uploaded
2024-05-14 06:53:09 WARNING: No new file uploaded
2024-05-14 06:53:19 WARNING: No new file uploaded
2024-05-14 06:53:29 WARNING: No new file uploaded
2024-05-14 06:53:39 WARNING: No new file uploaded
2024-05-14 06:53:50 WARNING: No new file uploaded
2024-05-14 06:54:00 WARNING: No new file uploaded
2024-05-14 06:54:10 WARNING: No new file uploaded
2024-05-14 06:54:20 WARNING: No new file uploaded
2024-05-14 06:54:31 WARNING: No new file uploaded
2024-05-14 06:54:41 WARNING: No new file uploaded
2024-05-14 06:54:51 WARNING: No new file uploaded
2024-05-14 06:55:01 WARNING: No new file uploaded
2024-05-14 06:55:12 WARNING: No new file uploaded
2024-05-14 06:55:22 WARNING: No new file uploaded
2024-05-14 06:55:32 WARNING: No new file uploaded
2024-05-14 06:55:42 WARNING: No new file uploaded
2024-05-14 06:55:53 WARNING: No new file uploaded
2024-05-14 06:56:03 WARNING: No new file uploaded
2024-05-14 06:56:13 WARNING: No new file uploaded
2024-05-14 06:56:23 WARNING: No new file uploaded
2024-05-14 06:56:33 WARNING: No new file uploaded
2024-05-14 06:56:44 WARNING: No new file uploaded
2024-05-14 06:56:54 WARNING: No new file uploaded
2024-05-14 06:57:04 WARNING: No new file uploaded
2024-05-14 06:57:14 WARNING: No new file uploaded
2024-05-14 06:57:25 WARNING: No new file uploaded
2024-05-14 06:57:35 WARNING: No new file uploaded
2024-05-14 06:57:45 WARNING: No new file uploaded
2024-05-14 06:57:55 WARNING: No new file uploaded
2024-05-14 06:58:06 WARNING: No new file uploaded
2024-05-14 06:58:16 WARNING: No new file uploaded
2024-05-14 06:58:26 WARNING: No new file uploaded
2024-05-14 06:58:36 WARNING: No new file uploaded
2024-05-14 06:58:47 WARNING: No new file uploaded
2024-05-14 06:58:57 WARNING: No new file uploaded
2024-05-14 06:59:07 WARNING: No new file uploaded
2024-05-14 06:59:17 WARNING: No new file uploaded
2024-05-14 06:59:28 WARNING: No new file uploaded
2024-05-14 06:59:38 WARNING: No new file uploaded
2024-05-14 06:59:48 WARNING: No new file uploaded
2024-05-14 06:59:58 WARNING: No new file uploaded
2024-05-14 07:00:09 WARNING: No new file uploaded
2024-05-14 07:00:19 WARNING: No new file uploaded
2024-05-14 07:00:29 WARNING: No new file uploaded
2024-05-14 07:00:39 WARNING: No new file uploaded
2024-05-14 07:00:49 WARNING: No new file uploaded
2024-05-14 07:01:00 WARNING: No new file uploaded
2024-05-14 07:01:10 WARNING: No new file uploaded
2024-05-14 07:01:20 WARNING: No new file uploaded
2024-05-14 07:01:30 WARNING: No new file uploaded
2024-05-14 07:01:41 WARNING: No new file uploaded
2024-05-14 07:01:51 WARNING: No new file uploaded
2024-05-14 07:02:01 WARNING: No new file uploaded
2024-05-14 07:02:11 WARNING: No new file uploaded
2024-05-14 07:02:22 WARNING: No new file uploaded
2024-05-14 07:02:32 WARNING: No new file uploaded
2024-05-14 07:02:42 WARNING: No new file uploaded
2024-05-14 07:02:52 WARNING: No new file uploaded
2024-05-14 07:03:03 WARNING: No new file uploaded
2024-05-14 07:03:13 WARNING: No new file uploaded
2024-05-14 07:03:23 WARNING: No new file uploaded
2024-05-14 07:03:33 WARNING: No new file uploaded
2024-05-14 07:03:44 WARNING: No new file uploaded
2024-05-14 07:03:54 WARNING: No new file uploaded
2024-05-14 07:04:04 WARNING: No new file uploaded
2024-05-14 07:04:14 WARNING: No new file uploaded
2024-05-14 07:04:24 WARNING: No new file uploaded
2024-05-14 07:04:35 WARNING: No new file uploaded
2024-05-14 07:04:45 WARNING: No new file uploaded
2024-05-14 07:04:55 WARNING: No new file uploaded
2024-05-14 07:05:05 WARNING: No new file uploaded
2024-05-14 07:05:16 WARNING: No new file uploaded
2024-05-14 07:05:26 WARNING: No new file uploaded
2024-05-14 07:05:36 WARNING: No new file uploaded
2024-05-14 07:05:46 WARNING: No new file uploaded
2024-05-14 07:05:57 WARNING: No new file uploaded
2024-05-14 07:06:07 WARNING: No new file uploaded
2024-05-14 07:06:17 WARNING: No new file uploaded
2024-05-14 07:06:27 WARNING: No new file uploaded
2024-05-14 07:06:38 WARNING: No new file uploaded
2024-05-14 07:06:48 WARNING: No new file uploaded
2024-05-14 07:06:58 WARNING: No new file uploaded
2024-05-14 07:07:08 WARNING: No new file uploaded
2024-05-14 07:07:19 WARNING: No new file uploaded
2024-05-14 07:07:29 WARNING: No new file uploaded
2024-05-14 07:07:39 WARNING: No new file uploaded
2024-05-14 07:07:49 WARNING: No new file uploaded
2024-05-14 07:08:00 WARNING: No new file uploaded
2024-05-14 07:08:10 WARNING: No new file uploaded
2024-05-14 07:08:20 WARNING: No new file uploaded
2024-05-14 07:08:30 WARNING: No new file uploaded
2024-05-14 07:08:41 WARNING: No new file uploaded
2024-05-14 07:08:51 WARNING: No new file uploaded
2024-05-14 07:09:01 WARNING: No new file uploaded
2024-05-14 07:09:11 WARNING: No new file uploaded
2024-05-14 07:09:21 WARNING: No new file uploaded
2024-05-14 07:09:32 WARNING: No new file uploaded
2024-05-14 07:09:42 WARNING: No new file uploaded
2024-05-14 07:09:52 WARNING: No new file uploaded
2024-05-14 07:10:02 WARNING: No new file uploaded
2024-05-14 07:10:13 WARNING: No new file uploaded
2024-05-14 07:10:23 WARNING: No new file uploaded
2024-05-14 07:10:33 WARNING: No new file uploaded
2024-05-14 07:10:43 WARNING: No new file uploaded
2024-05-14 07:10:54 WARNING: No new file uploaded
2024-05-14 07:11:04 WARNING: No new file uploaded
2024-05-14 07:11:14 WARNING: No new file uploaded
2024-05-14 07:11:24 WARNING: No new file uploaded
2024-05-14 07:11:35 WARNING: No new file uploaded
2024-05-14 07:11:45 WARNING: No new file uploaded
2024-05-14 07:11:55 WARNING: No new file uploaded
2024-05-14 07:12:05 WARNING: No new file uploaded
2024-05-14 07:12:16 WARNING: No new file uploaded
2024-05-14 07:12:26 WARNING: No new file uploaded
2024-05-14 07:12:36 WARNING: No new file uploaded
2024-05-14 07:12:46 WARNING: No new file uploaded
2024-05-14 07:12:57 WARNING: No new file uploaded
2024-05-14 07:13:07 WARNING: No new file uploaded
2024-05-14 07:13:17 WARNING: No new file uploaded
2024-05-14 07:13:27 WARNING: No new file uploaded
2024-05-14 07:13:37 WARNING: No new file uploaded
2024-05-14 07:13:48 WARNING: No new file uploaded
2024-05-14 07:13:58 WARNING: No new file uploaded
2024-05-14 07:14:08 WARNING: No new file uploaded
2024-05-14 07:14:18 WARNING: No new file uploaded
2024-05-14 07:14:29 WARNING: No new file uploaded
2024-05-14 07:14:39 WARNING: No new file uploaded
2024-05-14 07:14:49 WARNING: No new file uploaded
2024-05-14 07:14:59 WARNING: No new file uploaded
2024-05-14 07:15:10 WARNING: No new file uploaded
2024-05-14 07:15:20 WARNING: No new file uploaded
2024-05-14 07:15:30 WARNING: No new file uploaded
2024-05-14 07:15:40 WARNING: No new file uploaded
2024-05-14 07:15:51 WARNING: No new file uploaded
2024-05-14 07:16:01 WARNING: No new file uploaded
2024-05-14 07:16:11 WARNING: No new file uploaded
2024-05-14 07:16:21 WARNING: No new file uploaded
2024-05-14 07:16:31 WARNING: No new file uploaded
2024-05-14 07:16:42 WARNING: No new file uploaded
2024-05-14 07:16:52 WARNING: No new file uploaded
2024-05-14 07:17:02 WARNING: No new file uploaded
2024-05-14 07:17:12 WARNING: No new file uploaded
2024-05-14 07:17:23 WARNING: No new file uploaded
2024-05-14 07:17:33 WARNING: No new file uploaded
2024-05-14 07:17:43 WARNING: No new file uploaded
2024-05-14 07:17:53 WARNING: No new file uploaded
2024-05-14 07:18:04 WARNING: No new file uploaded
2024-05-14 07:18:14 WARNING: No new file uploaded
2024-05-14 07:18:24 WARNING: No new file uploaded
2024-05-14 07:18:34 WARNING: No new file uploaded
2024-05-14 07:18:45 WARNING: No new file uploaded
2024-05-14 07:18:55 WARNING: No new file uploaded
2024-05-14 07:19:05 WARNING: No new file uploaded
2024-05-14 07:19:15 WARNING: No new file uploaded
2024-05-14 07:19:26 WARNING: No new file uploaded
2024-05-14 07:19:36 WARNING: No new file uploaded
2024-05-14 07:19:46 WARNING: No new file uploaded
2024-05-14 07:19:56 WARNING: No new file uploaded
2024-05-14 07:20:07 WARNING: No new file uploaded
2024-05-14 07:20:17 WARNING: No new file uploaded
2024-05-14 07:20:27 WARNING: No new file uploaded
2024-05-14 07:20:37 WARNING: No new file uploaded
2024-05-14 07:20:47 WARNING: No new file uploaded
2024-05-14 07:20:58 WARNING: No new file uploaded
2024-05-14 07:21:08 WARNING: No new file uploaded
2024-05-14 07:21:18 WARNING: No new file uploaded
2024-05-14 07:21:28 WARNING: No new file uploaded
2024-05-14 07:21:39 WARNING: No new file uploaded
2024-05-14 07:21:49 WARNING: No new file uploaded
2024-05-14 07:21:59 WARNING: No new file uploaded
2024-05-14 07:22:09 WARNING: No new file uploaded
2024-05-14 07:22:20 WARNING: No new file uploaded
2024-05-14 07:22:30 WARNING: No new file uploaded
2024-05-14 07:22:40 WARNING: No new file uploaded
2024-05-14 07:22:50 WARNING: No new file uploaded
2024-05-14 07:23:01 WARNING: No new file uploaded
2024-05-14 07:23:11 WARNING: No new file uploaded
2024-05-14 07:23:21 WARNING: No new file uploaded
2024-05-14 07:23:31 WARNING: No new file uploaded
2024-05-14 07:23:42 WARNING: No new file uploaded
2024-05-14 07:23:52 WARNING: No new file uploaded
2024-05-14 07:24:02 WARNING: No new file uploaded
2024-05-14 07:24:12 WARNING: No new file uploaded
2024-05-14 07:24:23 WARNING: No new file uploaded
2024-05-14 07:24:33 WARNING: No new file uploaded
2024-05-14 07:24:43 WARNING: No new file uploaded
2024-05-14 07:24:53 WARNING: No new file uploaded
2024-05-14 07:25:03 WARNING: No new file uploaded
2024-05-14 07:25:14 WARNING: No new file uploaded
2024-05-14 07:25:24 WARNING: No new file uploaded
2024-05-14 07:25:34 WARNING: No new file uploaded
2024-05-14 07:25:44 WARNING: No new file uploaded
2024-05-14 07:25:55 WARNING: No new file uploaded
2024-05-14 07:26:05 WARNING: No new file uploaded
2024-05-14 07:26:15 WARNING: No new file uploaded
2024-05-14 07:26:25 WARNING: No new file uploaded
2024-05-14 07:26:36 WARNING: No new file uploaded
2024-05-14 07:26:46 WARNING: No new file uploaded
2024-05-14 07:26:56 WARNING: No new file uploaded
2024-05-14 07:27:06 WARNING: No new file uploaded
2024-05-14 07:27:17 WARNING: No new file uploaded
2024-05-14 07:27:27 WARNING: No new file uploaded
2024-05-14 07:27:37 WARNING: No new file uploaded
2024-05-14 07:27:47 WARNING: No new file uploaded
2024-05-14 07:27:58 WARNING: No new file uploaded
2024-05-14 07:28:08 WARNING: No new file uploaded
2024-05-14 07:28:18 WARNING: No new file uploaded
2024-05-14 07:28:28 WARNING: No new file uploaded
2024-05-14 07:28:38 WARNING: No new file uploaded
2024-05-14 07:28:49 WARNING: No new file uploaded
2024-05-14 07:28:59 WARNING: No new file uploaded
2024-05-14 07:29:09 WARNING: No new file uploaded
2024-05-14 07:29:19 WARNING: No new file uploaded
2024-05-14 07:29:30 WARNING: No new file uploaded
2024-05-14 07:29:40 WARNING: No new file uploaded
2024-05-14 07:29:50 WARNING: No new file uploaded
2024-05-14 07:30:00 WARNING: No new file uploaded
2024-05-14 07:30:11 WARNING: No new file uploaded
2024-05-14 07:30:21 WARNING: No new file uploaded
2024-05-14 07:30:31 WARNING: No new file uploaded
2024-05-14 07:30:41 WARNING: No new file uploaded
2024-05-14 07:30:52 WARNING: No new file uploaded
2024-05-14 07:31:02 WARNING: No new file uploaded
2024-05-14 07:31:12 WARNING: No new file uploaded
2024-05-14 07:31:22 WARNING: No new file uploaded
2024-05-14 07:31:33 WARNING: No new file uploaded
2024-05-14 07:31:43 WARNING: No new file uploaded
2024-05-14 07:31:53 WARNING: No new file uploaded
2024-05-14 07:32:03 WARNING: No new file uploaded
2024-05-14 07:32:13 WARNING: No new file uploaded
2024-05-14 07:32:24 WARNING: No new file uploaded
2024-05-14 07:32:34 WARNING: No new file uploaded
2024-05-14 07:32:44 WARNING: No new file uploaded
2024-05-14 07:32:54 WARNING: No new file uploaded
2024-05-14 07:33:05 WARNING: No new file uploaded
2024-05-14 07:33:15 WARNING: No new file uploaded
2024-05-14 07:33:25 WARNING: No new file uploaded
2024-05-14 07:33:35 WARNING: No new file uploaded
2024-05-14 07:33:46 WARNING: No new file uploaded
2024-05-14 07:33:56 WARNING: No new file uploaded
2024-05-14 07:34:06 WARNING: No new file uploaded
2024-05-14 07:34:16 WARNING: No new file uploaded
2024-05-14 07:34:27 WARNING: No new file uploaded
2024-05-14 07:34:37 WARNING: No new file uploaded
2024-05-14 07:34:47 WARNING: No new file uploaded
2024-05-14 07:34:57 WARNING: No new file uploaded
2024-05-14 07:35:07 WARNING: No new file uploaded
2024-05-14 07:35:18 WARNING: No new file uploaded
2024-05-14 07:35:28 WARNING: No new file uploaded
2024-05-14 07:35:38 WARNING: No new file uploaded
2024-05-14 07:35:48 WARNING: No new file uploaded
2024-05-14 07:35:59 WARNING: No new file uploaded
2024-05-14 07:36:09 WARNING: No new file uploaded
2024-05-14 07:36:19 WARNING: No new file uploaded
2024-05-14 07:36:29 WARNING: No new file uploaded
2024-05-14 07:36:40 WARNING: No new file uploaded
2024-05-14 07:36:50 WARNING: No new file uploaded
2024-05-14 07:37:00 WARNING: No new file uploaded
2024-05-14 07:37:10 WARNING: No new file uploaded
2024-05-14 07:37:21 WARNING: No new file uploaded
2024-05-14 07:37:31 WARNING: No new file uploaded
2024-05-14 07:37:41 WARNING: No new file uploaded
2024-05-14 07:37:51 WARNING: No new file uploaded
2024-05-14 07:38:01 WARNING: No new file uploaded
2024-05-14 07:38:12 WARNING: No new file uploaded
2024-05-14 07:38:22 WARNING: No new file uploaded
2024-05-14 07:38:32 WARNING: No new file uploaded
2024-05-14 07:38:42 WARNING: No new file uploaded
2024-05-14 07:38:53 WARNING: No new file uploaded
2024-05-14 07:39:03 WARNING: No new file uploaded
2024-05-14 07:39:13 WARNING: No new file uploaded
2024-05-14 07:39:23 WARNING: No new file uploaded
2024-05-14 07:39:34 WARNING: No new file uploaded
2024-05-14 07:39:44 WARNING: No new file uploaded
2024-05-14 07:39:54 WARNING: No new file uploaded
2024-05-14 07:40:04 WARNING: No new file uploaded
2024-05-14 07:40:15 WARNING: No new file uploaded
2024-05-14 07:40:25 WARNING: No new file uploaded
2024-05-14 07:40:35 WARNING: No new file uploaded
2024-05-14 07:40:45 WARNING: No new file uploaded
2024-05-14 07:40:56 WARNING: No new file uploaded
2024-05-14 07:41:06 WARNING: No new file uploaded
2024-05-14 07:41:16 WARNING: No new file uploaded
2024-05-14 07:41:26 WARNING: No new file uploaded
2024-05-14 07:41:36 WARNING: No new file uploaded
2024-05-14 07:41:47 WARNING: No new file uploaded
2024-05-14 07:41:57 WARNING: No new file uploaded
2024-05-14 07:42:07 WARNING: No new file uploaded
2024-05-14 07:42:17 WARNING: No new file uploaded
2024-05-14 07:42:28 WARNING: No new file uploaded
2024-05-14 07:42:38 WARNING: No new file uploaded
2024-05-14 07:42:48 WARNING: No new file uploaded
2024-05-14 07:42:58 WARNING: No new file uploaded
2024-05-14 07:43:09 WARNING: No new file uploaded
2024-05-14 07:43:19 WARNING: No new file uploaded
2024-05-14 07:43:29 WARNING: No new file uploaded
2024-05-14 07:43:39 WARNING: No new file uploaded
2024-05-14 07:43:50 WARNING: No new file uploaded
2024-05-14 07:44:00 WARNING: No new file uploaded
2024-05-14 07:44:10 WARNING: No new file uploaded
2024-05-14 07:44:20 WARNING: No new file uploaded
2024-05-14 07:44:31 WARNING: No new file uploaded
2024-05-14 07:44:41 WARNING: No new file uploaded
2024-05-14 07:44:51 WARNING: No new file uploaded
2024-05-14 07:45:01 WARNING: No new file uploaded
2024-05-14 07:45:11 WARNING: No new file uploaded
2024-05-14 07:45:22 WARNING: No new file uploaded
2024-05-14 07:45:32 WARNING: No new file uploaded
2024-05-14 07:45:42 WARNING: No new file uploaded
2024-05-14 07:45:52 WARNING: No new file uploaded
2024-05-14 07:46:03 WARNING: No new file uploaded
2024-05-14 07:46:13 WARNING: No new file uploaded
2024-05-14 07:46:23 WARNING: No new file uploaded
2024-05-14 07:46:33 WARNING: No new file uploaded
2024-05-14 07:46:44 WARNING: No new file uploaded
2024-05-14 07:46:54 WARNING: No new file uploaded
2024-05-14 07:47:04 WARNING: No new file uploaded
2024-05-14 07:47:14 WARNING: No new file uploaded
2024-05-14 07:47:25 WARNING: No new file uploaded
2024-05-14 07:47:35 WARNING: No new file uploaded
2024-05-14 07:47:45 WARNING: No new file uploaded
2024-05-14 07:47:55 WARNING: No new file uploaded
2024-05-14 07:48:05 WARNING: No new file uploaded
2024-05-14 07:48:16 WARNING: No new file uploaded
2024-05-14 07:48:26 WARNING: No new file uploaded
2024-05-14 07:48:36 WARNING: No new file uploaded
2024-05-14 07:48:46 WARNING: No new file uploaded
2024-05-14 07:48:57 WARNING: No new file uploaded
2024-05-14 07:49:07 WARNING: No new file uploaded
2024-05-14 07:49:17 WARNING: No new file uploaded
2024-05-14 07:49:27 WARNING: No new file uploaded
2024-05-14 07:49:38 WARNING: No new file uploaded
2024-05-14 07:49:48 WARNING: No new file uploaded
2024-05-14 07:49:58 WARNING: No new file uploaded
2024-05-14 07:50:08 WARNING: No new file uploaded
2024-05-14 07:50:19 WARNING: No new file uploaded
2024-05-14 07:50:29 WARNING: No new file uploaded
2024-05-14 07:50:39 WARNING: No new file uploaded
2024-05-14 07:50:49 WARNING: No new file uploaded
2024-05-14 07:51:00 WARNING: No new file uploaded
2024-05-14 07:51:10 WARNING: No new file uploaded
2024-05-14 07:51:20 WARNING: No new file uploaded
2024-05-14 07:51:30 WARNING: No new file uploaded
2024-05-14 07:51:40 WARNING: No new file uploaded
2024-05-14 07:51:51 WARNING: No new file uploaded
2024-05-14 07:52:01 WARNING: No new file uploaded
2024-05-14 07:52:11 WARNING: No new file uploaded
2024-05-14 07:52:21 WARNING: No new file uploaded
2024-05-14 07:52:32 WARNING: No new file uploaded
2024-05-14 07:52:42 WARNING: No new file uploaded
2024-05-14 07:52:52 WARNING: No new file uploaded
2024-05-14 07:53:02 WARNING: No new file uploaded
2024-05-14 07:53:13 WARNING: No new file uploaded
2024-05-14 07:53:23 WARNING: No new file uploaded
2024-05-14 07:53:33 WARNING: No new file uploaded
2024-05-14 07:53:43 WARNING: No new file uploaded
2024-05-14 07:53:53 WARNING: No new file uploaded
2024-05-14 07:54:04 WARNING: No new file uploaded
2024-05-14 07:54:14 WARNING: No new file uploaded
2024-05-14 07:54:24 WARNING: No new file uploaded
2024-05-14 07:54:34 WARNING: No new file uploaded
2024-05-14 07:54:45 WARNING: No new file uploaded
2024-05-14 07:54:55 WARNING: No new file uploaded
2024-05-14 07:55:05 WARNING: No new file uploaded
2024-05-14 07:55:15 WARNING: No new file uploaded
2024-05-14 07:55:26 WARNING: No new file uploaded
2024-05-14 07:55:36 WARNING: No new file uploaded
2024-05-14 07:55:46 WARNING: No new file uploaded
2024-05-14 07:55:56 WARNING: No new file uploaded
2024-05-14 07:56:07 WARNING: No new file uploaded
2024-05-14 07:56:17 WARNING: No new file uploaded
2024-05-14 07:56:27 WARNING: No new file uploaded
2024-05-14 07:56:37 WARNING: No new file uploaded
2024-05-14 07:56:48 WARNING: No new file uploaded
2024-05-14 07:56:58 WARNING: No new file uploaded
2024-05-14 07:57:08 WARNING: No new file uploaded
2024-05-14 07:57:18 WARNING: No new file uploaded
2024-05-14 07:57:28 WARNING: No new file uploaded
2024-05-14 07:57:39 WARNING: No new file uploaded
2024-05-14 07:57:49 WARNING: No new file uploaded
2024-05-14 07:57:59 WARNING: No new file uploaded
2024-05-14 07:58:09 WARNING: No new file uploaded
2024-05-14 07:58:20 WARNING: No new file uploaded
2024-05-14 07:58:30 WARNING: No new file uploaded
2024-05-14 07:58:40 WARNING: No new file uploaded
2024-05-14 07:58:50 WARNING: No new file uploaded
2024-05-14 07:59:01 WARNING: No new file uploaded
2024-05-14 07:59:11 WARNING: No new file uploaded
2024-05-14 07:59:21 WARNING: No new file uploaded
2024-05-14 07:59:31 WARNING: No new file uploaded
2024-05-14 07:59:42 WARNING: No new file uploaded
2024-05-14 07:59:52 WARNING: No new file uploaded
2024-05-14 08:00:02 WARNING: No new file uploaded
2024-05-14 08:00:12 WARNING: No new file uploaded
2024-05-14 08:00:22 WARNING: No new file uploaded
2024-05-14 08:00:33 WARNING: No new file uploaded
2024-05-14 08:00:43 WARNING: No new file uploaded
2024-05-14 08:00:53 WARNING: No new file uploaded
2024-05-14 08:01:03 WARNING: No new file uploaded
2024-05-14 08:01:14 WARNING: No new file uploaded
2024-05-14 08:01:24 WARNING: No new file uploaded
2024-05-14 08:01:34 WARNING: No new file uploaded
2024-05-14 08:01:44 WARNING: No new file uploaded
2024-05-14 08:01:55 WARNING: No new file uploaded
2024-05-14 08:02:05 WARNING: No new file uploaded
2024-05-14 08:02:15 WARNING: No new file uploaded
2024-05-14 08:02:25 WARNING: No new file uploaded
2024-05-14 08:02:36 WARNING: No new file uploaded
2024-05-14 08:02:46 WARNING: No new file uploaded
2024-05-14 08:02:56 WARNING: No new file uploaded
2024-05-14 08:03:06 WARNING: No new file uploaded
2024-05-14 08:03:17 WARNING: No new file uploaded
2024-05-14 08:03:27 WARNING: No new file uploaded
2024-05-14 08:03:37 WARNING: No new file uploaded
2024-05-14 08:03:47 WARNING: No new file uploaded
2024-05-14 08:03:57 WARNING: No new file uploaded
2024-05-14 08:04:08 WARNING: No new file uploaded
2024-05-14 08:04:18 WARNING: No new file uploaded
2024-05-14 08:04:28 WARNING: No new file uploaded
2024-05-14 08:04:38 WARNING: No new file uploaded
2024-05-14 08:04:49 WARNING: No new file uploaded
2024-05-14 08:04:59 WARNING: No new file uploaded
2024-05-14 08:05:09 WARNING: No new file uploaded
2024-05-14 08:05:19 WARNING: No new file uploaded
2024-05-14 08:05:30 WARNING: No new file uploaded
2024-05-14 08:05:40 WARNING: No new file uploaded
2024-05-14 08:05:50 WARNING: No new file uploaded
2024-05-14 08:06:00 WARNING: No new file uploaded
2024-05-14 08:06:11 WARNING: No new file uploaded
2024-05-14 08:06:21 WARNING: No new file uploaded
2024-05-14 08:06:31 WARNING: No new file uploaded
2024-05-14 08:06:41 WARNING: No new file uploaded
2024-05-14 08:06:52 WARNING: No new file uploaded
2024-05-14 08:07:02 WARNING: No new file uploaded
2024-05-14 08:07:12 WARNING: No new file uploaded
2024-05-14 08:07:22 WARNING: No new file uploaded
2024-05-14 08:07:33 WARNING: No new file uploaded
2024-05-14 08:07:43 WARNING: No new file uploaded
2024-05-14 08:07:53 WARNING: No new file uploaded
2024-05-14 08:08:03 WARNING: No new file uploaded
2024-05-14 08:08:13 WARNING: No new file uploaded
2024-05-14 08:08:24 WARNING: No new file uploaded
2024-05-14 08:08:34 WARNING: No new file uploaded
2024-05-14 08:08:44 WARNING: No new file uploaded
2024-05-14 08:08:54 WARNING: No new file uploaded
2024-05-14 08:09:05 WARNING: No new file uploaded
2024-05-14 08:09:15 WARNING: No new file uploaded
2024-05-14 08:09:25 WARNING: No new file uploaded
2024-05-14 08:09:35 WARNING: No new file uploaded
2024-05-14 08:09:46 WARNING: No new file uploaded
2024-05-14 08:09:56 WARNING: No new file uploaded
2024-05-14 08:10:06 WARNING: No new file uploaded
2024-05-14 08:10:16 WARNING: No new file uploaded
2024-05-14 08:10:27 WARNING: No new file uploaded
2024-05-14 08:10:37 WARNING: No new file uploaded
2024-05-14 08:10:47 WARNING: No new file uploaded
2024-05-14 08:10:57 WARNING: No new file uploaded
2024-05-14 08:11:07 WARNING: No new file uploaded
2024-05-14 08:11:18 WARNING: No new file uploaded
2024-05-14 08:11:28 WARNING: No new file uploaded
2024-05-14 08:11:38 WARNING: No new file uploaded
2024-05-14 08:11:48 WARNING: No new file uploaded
2024-05-14 08:11:59 WARNING: No new file uploaded
2024-05-14 08:12:09 WARNING: No new file uploaded
2024-05-14 08:12:19 WARNING: No new file uploaded
2024-05-14 08:12:29 WARNING: No new file uploaded
2024-05-14 08:12:40 WARNING: No new file uploaded
2024-05-14 08:12:50 WARNING: No new file uploaded
2024-05-14 08:13:00 WARNING: No new file uploaded
2024-05-14 08:13:10 WARNING: No new file uploaded
2024-05-14 08:13:21 WARNING: No new file uploaded
2024-05-14 08:13:31 WARNING: No new file uploaded
2024-05-14 08:13:41 WARNING: No new file uploaded
2024-05-14 08:13:51 WARNING: No new file uploaded
2024-05-14 08:14:02 WARNING: No new file uploaded
2024-05-14 08:14:12 WARNING: No new file uploaded
2024-05-14 08:14:22 WARNING: No new file uploaded
2024-05-14 08:14:32 WARNING: No new file uploaded
2024-05-14 08:14:42 WARNING: No new file uploaded
2024-05-14 08:14:53 WARNING: No new file uploaded
2024-05-14 08:15:03 WARNING: No new file uploaded
2024-05-14 08:15:13 WARNING: No new file uploaded
2024-05-14 08:15:23 WARNING: No new file uploaded
2024-05-14 08:15:34 WARNING: No new file uploaded
2024-05-14 08:15:44 WARNING: No new file uploaded
2024-05-14 08:15:54 WARNING: No new file uploaded
2024-05-14 08:16:04 WARNING: No new file uploaded
2024-05-14 08:16:15 WARNING: No new file uploaded
2024-05-14 08:16:25 WARNING: No new file uploaded
2024-05-14 08:16:35 WARNING: No new file uploaded
2024-05-14 08:16:45 WARNING: No new file uploaded
2024-05-14 08:16:56 WARNING: No new file uploaded
2024-05-14 08:17:06 WARNING: No new file uploaded
2024-05-14 08:17:16 WARNING: No new file uploaded
2024-05-14 08:17:26 WARNING: No new file uploaded
2024-05-14 08:17:37 WARNING: No new file uploaded
2024-05-14 08:17:47 WARNING: No new file uploaded
2024-05-14 08:17:57 WARNING: No new file uploaded
2024-05-14 08:18:07 WARNING: No new file uploaded
2024-05-14 08:18:18 WARNING: No new file uploaded
2024-05-14 08:18:28 WARNING: No new file uploaded
2024-05-14 08:18:38 WARNING: No new file uploaded
2024-05-14 08:18:48 WARNING: No new file uploaded
2024-05-14 08:18:58 WARNING: No new file uploaded
2024-05-14 08:19:09 WARNING: No new file uploaded
2024-05-14 08:19:19 WARNING: No new file uploaded
2024-05-14 08:19:29 WARNING: No new file uploaded
2024-05-14 08:19:39 WARNING: No new file uploaded
2024-05-14 08:19:50 WARNING: No new file uploaded
2024-05-14 08:20:00 WARNING: No new file uploaded
2024-05-14 08:20:10 WARNING: No new file uploaded
2024-05-14 08:20:20 WARNING: No new file uploaded
2024-05-14 08:20:31 WARNING: No new file uploaded
2024-05-14 08:20:41 WARNING: No new file uploaded
2024-05-14 08:20:51 WARNING: No new file uploaded
2024-05-14 08:21:01 WARNING: No new file uploaded
2024-05-14 08:21:12 WARNING: No new file uploaded
2024-05-14 08:21:22 WARNING: No new file uploaded
2024-05-14 08:21:32 WARNING: No new file uploaded
2024-05-14 08:21:42 WARNING: No new file uploaded
2024-05-14 08:21:53 WARNING: No new file uploaded
2024-05-14 08:22:03 WARNING: No new file uploaded
2024-05-14 08:22:13 WARNING: No new file uploaded
2024-05-14 08:22:23 WARNING: No new file uploaded
2024-05-14 08:22:33 WARNING: No new file uploaded
2024-05-14 08:22:44 WARNING: No new file uploaded
2024-05-14 08:22:54 WARNING: No new file uploaded
2024-05-14 08:23:04 WARNING: No new file uploaded
2024-05-14 08:23:14 WARNING: No new file uploaded
2024-05-14 08:23:25 WARNING: No new file uploaded
2024-05-14 08:23:35 WARNING: No new file uploaded
2024-05-14 08:23:45 WARNING: No new file uploaded
2024-05-14 08:23:55 WARNING: No new file uploaded
2024-05-14 08:24:06 WARNING: No new file uploaded
2024-05-14 08:24:16 WARNING: No new file uploaded
2024-05-14 08:24:26 WARNING: No new file uploaded
2024-05-14 08:24:36 WARNING: No new file uploaded
2024-05-14 08:24:47 WARNING: No new file uploaded
2024-05-14 08:24:57 WARNING: No new file uploaded
2024-05-14 08:25:07 WARNING: No new file uploaded
2024-05-14 08:25:17 WARNING: No new file uploaded
2024-05-14 08:25:27 WARNING: No new file uploaded
2024-05-14 08:25:38 WARNING: No new file uploaded
2024-05-14 08:25:48 WARNING: No new file uploaded
2024-05-14 08:25:58 WARNING: No new file uploaded
2024-05-14 08:26:08 WARNING: No new file uploaded
2024-05-14 08:26:19 WARNING: No new file uploaded
2024-05-14 08:26:29 WARNING: No new file uploaded
2024-05-14 08:26:39 WARNING: No new file uploaded
2024-05-14 08:26:49 WARNING: No new file uploaded
2024-05-14 08:27:00 WARNING: No new file uploaded
2024-05-14 08:27:10 WARNING: No new file uploaded
2024-05-14 08:27:20 WARNING: No new file uploaded
2024-05-14 08:27:30 WARNING: No new file uploaded
2024-05-14 08:27:41 WARNING: No new file uploaded
2024-05-14 08:27:51 WARNING: No new file uploaded
2024-05-14 08:28:01 WARNING: No new file uploaded
2024-05-14 08:28:11 WARNING: No new file uploaded
2024-05-14 08:28:22 WARNING: No new file uploaded
2024-05-14 08:28:32 WARNING: No new file uploaded
2024-05-14 08:28:42 WARNING: No new file uploaded
2024-05-14 08:28:52 WARNING: No new file uploaded
2024-05-14 08:29:02 WARNING: No new file uploaded
2024-05-14 08:29:13 WARNING: No new file uploaded
2024-05-14 08:29:23 WARNING: No new file uploaded
2024-05-14 08:29:33 WARNING: No new file uploaded
2024-05-14 08:29:43 WARNING: No new file uploaded
2024-05-14 08:29:54 WARNING: No new file uploaded
2024-05-14 08:30:04 WARNING: No new file uploaded
2024-05-14 08:30:14 WARNING: No new file uploaded
2024-05-14 08:30:24 WARNING: No new file uploaded
2024-05-14 08:30:35 WARNING: No new file uploaded
2024-05-14 08:30:45 WARNING: No new file uploaded
2024-05-14 08:30:55 WARNING: No new file uploaded
2024-05-14 08:31:05 WARNING: No new file uploaded
2024-05-14 08:31:16 WARNING: No new file uploaded
2024-05-14 08:31:26 WARNING: No new file uploaded
2024-05-14 08:31:36 WARNING: No new file uploaded
2024-05-14 08:31:46 WARNING: No new file uploaded
2024-05-14 08:31:56 WARNING: No new file uploaded
2024-05-14 08:32:07 WARNING: No new file uploaded
2024-05-14 08:32:17 WARNING: No new file uploaded
2024-05-14 08:32:27 WARNING: No new file uploaded
2024-05-14 08:32:37 WARNING: No new file uploaded
2024-05-14 08:32:48 WARNING: No new file uploaded
2024-05-14 08:32:58 WARNING: No new file uploaded
2024-05-14 08:33:08 WARNING: No new file uploaded
2024-05-14 08:33:18 WARNING: No new file uploaded
2024-05-14 08:33:29 WARNING: No new file uploaded
2024-05-14 08:33:39 WARNING: No new file uploaded
2024-05-14 08:33:49 WARNING: No new file uploaded
2024-05-14 08:33:59 WARNING: No new file uploaded
2024-05-14 08:34:10 WARNING: No new file uploaded
2024-05-14 08:34:20 WARNING: No new file uploaded
2024-05-14 08:34:30 WARNING: No new file uploaded
2024-05-14 08:34:40 WARNING: No new file uploaded
2024-05-14 08:34:51 WARNING: No new file uploaded
2024-05-14 08:35:01 WARNING: No new file uploaded
2024-05-14 08:35:11 WARNING: No new file uploaded
2024-05-14 08:35:21 WARNING: No new file uploaded
2024-05-14 08:35:32 WARNING: No new file uploaded
2024-05-14 08:35:42 WARNING: No new file uploaded
2024-05-14 08:35:52 WARNING: No new file uploaded
2024-05-14 08:36:02 WARNING: No new file uploaded
2024-05-14 08:36:12 WARNING: No new file uploaded
2024-05-14 08:36:23 WARNING: No new file uploaded
2024-05-14 08:36:33 WARNING: No new file uploaded
2024-05-14 08:36:43 WARNING: No new file uploaded
2024-05-14 08:36:53 WARNING: No new file uploaded
2024-05-14 08:37:04 WARNING: No new file uploaded
2024-05-14 08:37:14 WARNING: No new file uploaded
2024-05-14 08:37:24 WARNING: No new file uploaded
2024-05-14 08:37:34 WARNING: No new file uploaded
2024-05-14 08:37:45 WARNING: No new file uploaded
2024-05-14 08:37:55 WARNING: No new file uploaded
2024-05-14 08:38:05 WARNING: No new file uploaded
2024-05-14 08:38:15 WARNING: No new file uploaded
2024-05-14 08:38:26 WARNING: No new file uploaded
2024-05-14 08:38:36 WARNING: No new file uploaded
2024-05-14 08:38:46 WARNING: No new file uploaded
2024-05-14 08:38:56 WARNING: No new file uploaded
2024-05-14 08:39:06 WARNING: No new file uploaded
2024-05-14 08:39:17 WARNING: No new file uploaded
2024-05-14 08:39:27 WARNING: No new file uploaded
2024-05-14 08:39:37 WARNING: No new file uploaded
2024-05-14 08:39:47 WARNING: No new file uploaded
2024-05-14 08:39:58 WARNING: No new file uploaded
2024-05-14 08:40:08 WARNING: No new file uploaded
2024-05-14 08:40:18 WARNING: No new file uploaded
2024-05-14 08:40:28 WARNING: No new file uploaded
2024-05-14 08:40:39 WARNING: No new file uploaded
2024-05-14 08:40:49 WARNING: No new file uploaded
2024-05-14 08:40:59 WARNING: No new file uploaded
2024-05-14 08:41:09 WARNING: No new file uploaded
2024-05-14 08:41:20 WARNING: No new file uploaded
2024-05-14 08:41:30 WARNING: No new file uploaded
2024-05-14 08:41:40 WARNING: No new file uploaded
2024-05-14 08:41:50 WARNING: No new file uploaded
2024-05-14 08:42:01 WARNING: No new file uploaded
2024-05-14 08:42:11 WARNING: No new file uploaded
2024-05-14 08:42:21 WARNING: No new file uploaded
2024-05-14 08:42:31 WARNING: No new file uploaded
2024-05-14 08:42:41 WARNING: No new file uploaded
2024-05-14 08:42:52 WARNING: No new file uploaded
2024-05-14 08:43:02 WARNING: No new file uploaded
2024-05-14 08:43:12 WARNING: No new file uploaded
2024-05-14 08:43:22 WARNING: No new file uploaded
2024-05-14 08:43:33 WARNING: No new file uploaded
2024-05-14 08:43:43 WARNING: No new file uploaded
2024-05-14 08:43:53 WARNING: No new file uploaded
2024-05-14 08:44:03 WARNING: No new file uploaded
2024-05-14 08:44:14 WARNING: No new file uploaded
2024-05-14 08:44:24 WARNING: No new file uploaded
2024-05-14 08:44:34 WARNING: No new file uploaded
2024-05-14 08:44:44 WARNING: No new file uploaded
2024-05-14 08:44:55 WARNING: No new file uploaded
2024-05-14 08:45:05 WARNING: No new file uploaded
2024-05-14 08:45:15 WARNING: No new file uploaded
2024-05-14 08:45:25 WARNING: No new file uploaded
2024-05-14 08:45:36 WARNING: No new file uploaded
2024-05-14 08:45:46 WARNING: No new file uploaded
2024-05-14 08:45:56 WARNING: No new file uploaded
2024-05-14 08:46:06 WARNING: No new file uploaded
2024-05-14 08:46:17 WARNING: No new file uploaded
2024-05-14 08:46:27 WARNING: No new file uploaded
2024-05-14 08:46:37 WARNING: No new file uploaded
2024-05-14 08:46:47 WARNING: No new file uploaded
2024-05-14 08:46:58 WARNING: No new file uploaded
2024-05-14 08:47:08 WARNING: No new file uploaded
2024-05-14 08:47:18 WARNING: No new file uploaded
2024-05-14 08:47:28 WARNING: No new file uploaded
2024-05-14 08:47:39 WARNING: No new file uploaded
2024-05-14 08:47:49 WARNING: No new file uploaded
2024-05-14 08:47:59 WARNING: No new file uploaded
2024-05-14 08:48:09 WARNING: No new file uploaded
2024-05-14 08:48:20 WARNING: No new file uploaded
2024-05-14 08:48:30 WARNING: No new file uploaded
2024-05-14 08:48:40 WARNING: No new file uploaded
2024-05-14 08:48:50 WARNING: No new file uploaded
2024-05-14 08:49:01 WARNING: No new file uploaded
2024-05-14 08:49:11 WARNING: No new file uploaded
2024-05-14 08:49:21 WARNING: No new file uploaded
2024-05-14 08:49:31 WARNING: No new file uploaded
2024-05-14 08:49:41 WARNING: No new file uploaded
2024-05-14 08:49:52 WARNING: No new file uploaded
2024-05-14 08:50:02 WARNING: No new file uploaded
2024-05-14 08:50:12 WARNING: No new file uploaded
2024-05-14 08:50:22 WARNING: No new file uploaded
2024-05-14 08:50:33 WARNING: No new file uploaded
2024-05-14 08:50:43 WARNING: No new file uploaded
2024-05-14 08:50:53 WARNING: No new file uploaded
2024-05-14 08:51:03 WARNING: No new file uploaded
2024-05-14 08:51:14 WARNING: No new file uploaded
2024-05-14 08:51:24 WARNING: No new file uploaded
2024-05-14 08:51:34 WARNING: No new file uploaded
2024-05-14 08:51:44 WARNING: No new file uploaded
2024-05-14 08:51:55 WARNING: No new file uploaded
2024-05-14 08:52:05 WARNING: No new file uploaded
2024-05-14 08:52:15 WARNING: No new file uploaded
2024-05-14 08:52:25 WARNING: No new file uploaded
2024-05-14 08:52:36 WARNING: No new file uploaded
2024-05-14 08:52:46 Udatentig matadata for filer file: run15784.mid.gz
2024-05-14 08:52:47 Transferring file: run15784.mid.gz
2024-05-14 08:52:47 Uploading file: run15784.mid.gz
2024-05-14 08:52:47 Upload done: run15784.mid.gz
[midas2cloud,ERROR] [odb.cxx:1225:db_validate_key,ERROR] hkey 245000, path "/Sequencer/State/Last msg", string value is not valid UTF-8
[midas2cloud,TALK] software alarm: Program cygnus_daq is not running
[midas2cloud,TALK] software alarm: Program cygnus_daq is not running
Traceback (most recent call last):
  File "/home/cygno01/daq/middleware/dev/midas2cloud_v0.1.py", line 266, in <module>
    main()
  File "/home/cygno01/daq/middleware/dev/midas2cloud_v0.1.py", line 148, in main
    file_in_dir=sorted(os.listdir(INAPATH))
FileNotFoundError: [Errno 2] No such file or directory: '/media/cygno01/PortableSSD/Data/'
cm_msg_log: Message "[midas2cloud,LOG] Program midas2cloud on host localhost stopped" not written to midas.log because open(/media/cygno01/PortableSSD/Data/midas.log) failed with errno 2 (No such file or directory)
2024-05-15 11:59:14 midas2cloud started
[midas2cloud,ERROR] [odb.cxx:1225:db_validate_key,ERROR] hkey 245000, path "/Sequencer/State/Last msg", string value is not valid UTF-8
Traceback (most recent call last):
  File "/home/cygno01/daq/middleware/dev/midas2cloud_v0.1.py", line 266, in <module>
    main()
  File "/home/cygno01/daq/middleware/dev/midas2cloud_v0.1.py", line 148, in main
    file_in_dir=sorted(os.listdir(INAPATH))
FileNotFoundError: [Errno 2] No such file or directory: '/media/cygno01/PortableSSD/Data/'
2024-05-15 12:02:45 midas2cloud started
[midas2cloud,ERROR] [odb.cxx:1225:db_validate_key,ERROR] hkey 245000, path "/Sequencer/State/Last msg", string value is not valid UTF-8
Traceback (most recent call last):
  File "/home/cygno01/daq/middleware/dev/midas2cloud_v0.1.py", line 266, in <module>
    main()
  File "/home/cygno01/daq/middleware/dev/midas2cloud_v0.1.py", line 148, in main
    file_in_dir=sorted(os.listdir(INAPATH))
FileNotFoundError: [Errno 2] No such file or directory: '/media/cygno01/PortableSSD/Data/'
2024-05-15 12:04:23 midas2cloud started
Traceback (most recent call last):
  File "/home/cygno01/daq/middleware/dev/midas2cloud_v0.1.py", line 266, in <module>
    main()
  File "/home/cygno01/daq/middleware/dev/midas2cloud_v0.1.py", line 148, in main
    file_in_dir=sorted(os.listdir(INAPATH))
FileNotFoundError: [Errno 2] No such file or directory: '/media/cygno01/PortableSSD/Data/'
2024-05-15 12:04:41 midas2cloud started
Traceback (most recent call last):
  File "/home/cygno01/daq/middleware/dev/midas2cloud_v0.1.py", line 266, in <module>
    main()
  File "/home/cygno01/daq/middleware/dev/midas2cloud_v0.1.py", line 148, in main
    file_in_dir=sorted(os.listdir(INAPATH))
FileNotFoundError: [Errno 2] No such file or directory: '/media/cygno01/PortableSSD/Data/'
2024-05-15 12:06:15 midas2cloud started
2024-05-15 12:06:16 WARNING: No new file uploaded
2024-05-15 12:06:26 WARNING: No new file uploaded
2024-05-15 12:06:36 WARNING: No new file uploaded
2024-05-15 12:06:46 WARNING: No new file uploaded
2024-05-15 12:06:56 WARNING: No new file uploaded
2024-05-15 12:07:06 WARNING: No new file uploaded
2024-05-15 12:07:16 WARNING: No new file uploaded
2024-05-15 12:07:26 WARNING: No new file uploaded
2024-05-15 12:07:36 WARNING: No new file uploaded
2024-05-15 12:07:46 WARNING: No new file uploaded
2024-05-15 12:07:56 WARNING: No new file uploaded
2024-05-15 12:08:06 WARNING: No new file uploaded
2024-05-15 12:08:16 WARNING: No new file uploaded
2024-05-15 12:08:26 WARNING: No new file uploaded
2024-05-15 12:08:36 WARNING: No new file uploaded
2024-05-15 12:08:46 WARNING: No new file uploaded
2024-05-15 12:08:56 WARNING: No new file uploaded
2024-05-15 12:09:06 WARNING: No new file uploaded
2024-05-15 12:09:16 WARNING: No new file uploaded
2024-05-15 12:09:26 WARNING: No new file uploaded
2024-05-15 12:09:36 WARNING: No new file uploaded
2024-05-15 12:09:46 WARNING: No new file uploaded
2024-05-15 12:09:56 WARNING: No new file uploaded
2024-05-15 12:10:06 WARNING: No new file uploaded
2024-05-15 12:10:16 WARNING: No new file uploaded
2024-05-15 12:10:26 WARNING: No new file uploaded
2024-05-15 12:10:36 WARNING: No new file uploaded
2024-05-15 12:10:46 WARNING: No new file uploaded
2024-05-15 12:10:56 WARNING: No new file uploaded
2024-05-15 12:11:06 WARNING: No new file uploaded
2024-05-15 12:11:16 WARNING: No new file uploaded
2024-05-15 12:11:26 WARNING: No new file uploaded
2024-05-15 12:11:36 WARNING: No new file uploaded
2024-05-15 12:11:46 WARNING: No new file uploaded
2024-05-15 12:11:56 WARNING: No new file uploaded
2024-05-15 12:12:07 WARNING: No new file uploaded
2024-05-15 12:12:17 WARNING: No new file uploaded
2024-05-15 12:12:27 WARNING: No new file uploaded
2024-05-15 12:12:37 WARNING: No new file uploaded
2024-05-15 12:12:47 WARNING: No new file uploaded
2024-05-15 12:12:57 WARNING: No new file uploaded
2024-05-15 12:13:07 WARNING: No new file uploaded
2024-05-15 12:13:17 WARNING: No new file uploaded
2024-05-15 12:13:27 WARNING: No new file uploaded
2024-05-15 12:13:37 WARNING: No new file uploaded
2024-05-15 12:13:47 WARNING: No new file uploaded
2024-05-15 12:13:57 WARNING: No new file uploaded
2024-05-15 12:14:07 WARNING: No new file uploaded
2024-05-15 12:14:17 WARNING: No new file uploaded
2024-05-15 12:14:27 WARNING: No new file uploaded
2024-05-15 12:14:37 WARNING: No new file uploaded
2024-05-15 12:14:47 WARNING: No new file uploaded
2024-05-15 12:14:57 WARNING: No new file uploaded
2024-05-15 12:15:07 WARNING: No new file uploaded
2024-05-15 12:15:17 WARNING: No new file uploaded
2024-05-15 12:15:27 WARNING: No new file uploaded
2024-05-15 12:15:37 WARNING: No new file uploaded
2024-05-15 12:15:47 WARNING: No new file uploaded
2024-05-15 12:15:57 WARNING: No new file uploaded
2024-05-15 12:16:07 WARNING: No new file uploaded
2024-05-15 12:16:17 WARNING: No new file uploaded
2024-05-15 12:16:27 WARNING: No new file uploaded
2024-05-15 12:16:37 WARNING: No new file uploaded
2024-05-15 12:16:47 WARNING: No new file uploaded
2024-05-15 12:16:57 WARNING: No new file uploaded
2024-05-15 12:17:07 WARNING: No new file uploaded
2024-05-15 12:17:17 WARNING: No new file uploaded
2024-05-15 12:17:27 WARNING: No new file uploaded
2024-05-15 12:17:37 WARNING: No new file uploaded
2024-05-15 12:17:47 WARNING: No new file uploaded
2024-05-15 12:17:57 WARNING: No new file uploaded
2024-05-15 12:18:07 WARNING: No new file uploaded
2024-05-15 12:18:17 WARNING: No new file uploaded
2024-05-15 12:18:27 WARNING: No new file uploaded
2024-05-15 12:18:37 WARNING: No new file uploaded
2024-05-15 12:18:47 WARNING: No new file uploaded
2024-05-15 12:18:57 WARNING: No new file uploaded
2024-05-15 12:19:07 WARNING: No new file uploaded
2024-05-15 12:19:17 WARNING: No new file uploaded
2024-05-15 12:19:27 WARNING: No new file uploaded
2024-05-15 12:19:37 WARNING: No new file uploaded
2024-05-15 12:19:47 WARNING: No new file uploaded
2024-05-15 12:19:57 WARNING: No new file uploaded
2024-05-15 12:20:07 WARNING: No new file uploaded
2024-05-15 12:20:17 WARNING: No new file uploaded
2024-05-15 12:20:27 WARNING: No new file uploaded
2024-05-15 12:20:38 WARNING: No new file uploaded
2024-05-15 12:20:48 WARNING: No new file uploaded
2024-05-15 12:20:58 WARNING: No new file uploaded
2024-05-15 12:21:08 WARNING: No new file uploaded
2024-05-15 12:21:18 WARNING: No new file uploaded
2024-05-15 12:21:28 WARNING: No new file uploaded
2024-05-15 12:21:38 WARNING: No new file uploaded
2024-05-15 12:21:48 WARNING: No new file uploaded
2024-05-15 12:21:58 WARNING: No new file uploaded
2024-05-15 12:22:08 WARNING: No new file uploaded
2024-05-15 12:22:18 WARNING: No new file uploaded
2024-05-15 12:22:28 WARNING: No new file uploaded
2024-05-15 12:22:38 WARNING: No new file uploaded
2024-05-15 12:22:48 WARNING: No new file uploaded
2024-05-15 12:22:58 WARNING: No new file uploaded
2024-05-15 12:23:08 WARNING: No new file uploaded
2024-05-15 12:23:18 WARNING: No new file uploaded
2024-05-15 12:23:28 WARNING: No new file uploaded
2024-05-15 12:23:38 WARNING: No new file uploaded
2024-05-15 12:23:48 WARNING: No new file uploaded
2024-05-15 12:23:58 WARNING: No new file uploaded
2024-05-15 12:24:08 WARNING: No new file uploaded
2024-05-15 12:24:18 WARNING: No new file uploaded
2024-05-15 12:24:28 WARNING: No new file uploaded
2024-05-15 12:24:38 WARNING: No new file uploaded
2024-05-15 12:24:48 WARNING: No new file uploaded
2024-05-15 12:24:58 WARNING: No new file uploaded
2024-05-15 12:25:08 WARNING: No new file uploaded
2024-05-15 12:25:18 WARNING: No new file uploaded
2024-05-15 12:25:28 WARNING: No new file uploaded
2024-05-15 12:25:38 WARNING: No new file uploaded
2024-05-15 12:25:48 WARNING: No new file uploaded
2024-05-15 12:25:58 WARNING: No new file uploaded
2024-05-15 12:26:08 WARNING: No new file uploaded
2024-05-15 12:26:18 WARNING: No new file uploaded
2024-05-15 12:26:28 WARNING: No new file uploaded
2024-05-15 12:26:38 WARNING: No new file uploaded
2024-05-15 12:26:48 WARNING: No new file uploaded
2024-05-15 12:26:58 WARNING: No new file uploaded
2024-05-15 12:27:08 WARNING: No new file uploaded
2024-05-15 12:27:18 WARNING: No new file uploaded
2024-05-15 12:27:28 WARNING: No new file uploaded
2024-05-15 12:27:38 WARNING: No new file uploaded
2024-05-15 12:27:48 WARNING: No new file uploaded
2024-05-15 12:27:58 WARNING: No new file uploaded
2024-05-15 12:28:08 WARNING: No new file uploaded
2024-05-15 12:28:18 WARNING: No new file uploaded
2024-05-15 12:28:28 WARNING: No new file uploaded
2024-05-15 12:28:38 WARNING: No new file uploaded
2024-05-15 12:28:48 WARNING: No new file uploaded
2024-05-15 12:28:58 WARNING: No new file uploaded
2024-05-15 12:29:09 WARNING: No new file uploaded
2024-05-15 12:29:19 WARNING: No new file uploaded
2024-05-15 12:29:29 WARNING: No new file uploaded
2024-05-15 12:29:39 WARNING: No new file uploaded
2024-05-15 12:29:49 WARNING: No new file uploaded
2024-05-15 12:29:59 WARNING: No new file uploaded
2024-05-15 12:30:09 WARNING: No new file uploaded
2024-05-15 12:30:19 WARNING: No new file uploaded
2024-05-15 12:30:29 WARNING: No new file uploaded
2024-05-15 12:30:39 WARNING: No new file uploaded
2024-05-15 12:30:49 WARNING: No new file uploaded
2024-05-15 12:30:59 WARNING: No new file uploaded
Midas shutdown
2024-05-15 12:33:33 midas2cloud started
2024-05-15 12:33:34 WARNING: No new file uploaded
2024-05-15 12:33:44 WARNING: No new file uploaded
2024-05-15 12:33:54 WARNING: No new file uploaded
2024-05-15 12:34:04 WARNING: No new file uploaded
2024-05-15 12:34:14 WARNING: No new file uploaded
2024-05-15 12:34:24 WARNING: No new file uploaded
2024-05-15 12:34:34 WARNING: No new file uploaded
2024-05-15 12:34:44 WARNING: No new file uploaded
2024-05-15 12:34:54 WARNING: No new file uploaded
2024-05-15 12:35:04 WARNING: No new file uploaded
2024-05-15 12:35:14 WARNING: No new file uploaded
2024-05-15 12:35:24 WARNING: No new file uploaded
2024-05-15 12:35:34 WARNING: No new file uploaded
2024-05-15 12:35:44 WARNING: No new file uploaded
2024-05-15 12:35:54 WARNING: No new file uploaded
2024-05-15 12:36:04 WARNING: No new file uploaded
2024-05-15 12:36:14 WARNING: No new file uploaded
2024-05-15 12:36:24 WARNING: No new file uploaded
2024-05-15 12:36:34 WARNING: No new file uploaded
2024-05-15 12:36:44 WARNING: No new file uploaded
2024-05-15 12:36:54 WARNING: No new file uploaded
2024-05-15 12:37:04 WARNING: No new file uploaded
2024-05-15 12:37:14 WARNING: No new file uploaded
2024-05-15 12:37:24 WARNING: No new file uploaded
2024-05-15 12:37:34 WARNING: No new file uploaded
2024-05-15 12:37:44 WARNING: No new file uploaded
2024-05-15 12:37:54 WARNING: No new file uploaded
2024-05-15 12:38:04 WARNING: No new file uploaded
2024-05-15 12:38:14 WARNING: No new file uploaded
2024-05-15 12:38:24 WARNING: No new file uploaded
2024-05-15 12:38:34 WARNING: No new file uploaded
2024-05-15 12:38:44 WARNING: No new file uploaded
2024-05-15 12:38:54 WARNING: No new file uploaded
2024-05-15 12:39:04 WARNING: No new file uploaded
2024-05-15 12:39:14 WARNING: No new file uploaded
2024-05-15 12:39:24 WARNING: No new file uploaded
2024-05-15 12:39:34 WARNING: No new file uploaded
2024-05-15 12:39:44 WARNING: No new file uploaded
2024-05-15 12:39:54 WARNING: No new file uploaded
2024-05-15 12:40:05 WARNING: No new file uploaded
2024-05-15 12:40:15 WARNING: No new file uploaded
2024-05-15 12:40:25 WARNING: No new file uploaded
2024-05-15 12:40:35 WARNING: No new file uploaded
2024-05-15 12:40:45 WARNING: No new file uploaded
2024-05-15 12:40:55 WARNING: No new file uploaded
2024-05-15 12:41:05 WARNING: No new file uploaded
2024-05-15 12:41:15 WARNING: No new file uploaded
2024-05-15 12:41:25 WARNING: No new file uploaded
2024-05-15 12:41:35 WARNING: No new file uploaded
2024-05-15 12:41:45 WARNING: No new file uploaded
2024-05-15 12:41:55 WARNING: No new file uploaded
2024-05-15 12:42:05 WARNING: No new file uploaded
2024-05-15 12:42:15 WARNING: No new file uploaded
2024-05-15 12:42:25 WARNING: No new file uploaded
2024-05-15 12:42:35 WARNING: No new file uploaded
2024-05-15 12:42:45 WARNING: No new file uploaded
2024-05-15 12:42:55 WARNING: No new file uploaded
2024-05-15 12:43:05 WARNING: No new file uploaded
2024-05-15 12:43:15 WARNING: No new file uploaded
2024-05-15 12:43:25 Udatentig matadata for filer file: run15791.mid.gz
2024-05-15 12:43:26 Transferring file: run15791.mid.gz
2024-05-15 12:43:26 Uploading file: run15791.mid.gz
2024-05-15 12:43:26 Upload done: run15791.mid.gz
2024-05-15 12:57:24 Udatentig matadata for filer file: run15792.mid.gz
2024-05-15 12:57:34 Transferring file: run15792.mid.gz
2024-05-15 12:57:34 Uploading file: run15792.mid.gz
2024-05-15 12:57:34 Upload done: run15792.mid.gz
2024-05-15 13:09:28 Udatentig matadata for filer file: run15793.mid.gz
2024-05-15 13:09:43 Transferring file: run15793.mid.gz
2024-05-15 13:09:43 Uploading file: run15793.mid.gz
2024-05-15 13:09:43 Upload done: run15793.mid.gz
2024-05-15 13:20:27 Udatentig matadata for filer file: run15794.mid.gz
2024-05-15 13:20:42 Transferring file: run15794.mid.gz
2024-05-15 13:20:42 Uploading file: run15794.mid.gz
2024-05-15 13:20:42 Upload done: run15794.mid.gz
2024-05-15 13:31:58 Udatentig matadata for filer file: run15795.mid.gz
2024-05-15 13:32:11 Transferring file: run15795.mid.gz
2024-05-15 13:32:11 Uploading file: run15795.mid.gz
2024-05-15 13:32:11 Upload done: run15795.mid.gz
2024-05-15 13:43:36 Udatentig matadata for filer file: run15796.mid.gz
2024-05-15 13:43:45 Transferring file: run15796.mid.gz
2024-05-15 13:43:45 Uploading file: run15796.mid.gz
2024-05-15 13:43:45 Upload done: run15796.mid.gz
2024-05-15 13:54:33 Udatentig matadata for filer file: run15797.mid.gz
2024-05-15 13:54:46 Transferring file: run15797.mid.gz
2024-05-15 13:54:46 Uploading file: run15797.mid.gz
2024-05-15 13:54:46 Upload done: run15797.mid.gz
2024-05-15 14:06:03 Udatentig matadata for filer file: run15798.mid.gz
2024-05-15 14:06:13 Transferring file: run15798.mid.gz
2024-05-15 14:06:13 Uploading file: run15798.mid.gz
2024-05-15 14:06:13 Upload done: run15798.mid.gz
2024-05-15 14:18:12 Udatentig matadata for filer file: run15799.mid.gz
2024-05-15 14:18:23 Transferring file: run15799.mid.gz
2024-05-15 14:18:23 Uploading file: run15799.mid.gz
2024-05-15 14:18:23 Upload done: run15799.mid.gz
2024-05-15 14:30:12 Udatentig matadata for filer file: run15800.mid.gz
2024-05-15 14:30:14 Transferring file: run15800.mid.gz
2024-05-15 14:30:14 Uploading file: run15800.mid.gz
2024-05-15 14:30:14 Upload done: run15800.mid.gz
2024-05-15 14:41:13 Udatentig matadata for filer file: run15801.mid.gz
2024-05-15 14:41:23 Transferring file: run15801.mid.gz
2024-05-15 14:41:23 Uploading file: run15801.mid.gz
2024-05-15 14:41:23 Upload done: run15801.mid.gz
2024-05-15 14:51:42 Udatentig matadata for filer file: run15802.mid.gz
2024-05-15 14:51:46 Transferring file: run15802.mid.gz
2024-05-15 14:51:46 Uploading file: run15802.mid.gz
2024-05-15 14:51:46 Upload done: run15802.mid.gz
2024-05-15 15:03:17 Udatentig matadata for filer file: run15803.mid.gz
2024-05-15 15:03:19 Transferring file: run15803.mid.gz
2024-05-15 15:03:19 Uploading file: run15803.mid.gz
2024-05-15 15:03:19 Upload done: run15803.mid.gz
2024-05-15 15:14:08 Udatentig matadata for filer file: run15804.mid.gz
2024-05-15 15:14:25 Transferring file: run15804.mid.gz
2024-05-15 15:14:25 Uploading file: run15804.mid.gz
2024-05-15 15:14:25 Upload done: run15804.mid.gz
2024-05-15 15:24:14 Udatentig matadata for filer file: run15805.mid.gz
2024-05-15 15:24:24 Transferring file: run15805.mid.gz
2024-05-15 15:24:24 Uploading file: run15805.mid.gz
2024-05-15 15:24:24 Upload done: run15805.mid.gz
2024-05-15 15:35:14 Udatentig matadata for filer file: run15806.mid.gz
2024-05-15 15:35:15 Transferring file: run15806.mid.gz
2024-05-15 15:35:15 Uploading file: run15806.mid.gz
2024-05-15 15:35:15 Upload done: run15806.mid.gz
2024-05-15 15:45:46 Udatentig matadata for filer file: run15807.mid.gz
2024-05-15 15:45:54 Transferring file: run15807.mid.gz
2024-05-15 15:45:54 Uploading file: run15807.mid.gz
2024-05-15 15:45:54 Upload done: run15807.mid.gz
2024-05-15 15:56:47 Udatentig matadata for filer file: run15808.mid.gz
2024-05-15 15:56:55 Transferring file: run15808.mid.gz
2024-05-15 15:56:55 Uploading file: run15808.mid.gz
2024-05-15 15:56:55 Upload done: run15808.mid.gz
2024-05-15 16:08:17 Udatentig matadata for filer file: run15809.mid.gz
2024-05-15 16:08:18 Transferring file: run15809.mid.gz
2024-05-15 16:08:18 Uploading file: run15809.mid.gz
2024-05-15 16:08:18 Upload done: run15809.mid.gz
2024-05-15 16:19:21 Udatentig matadata for filer file: run15810.mid.gz
2024-05-15 16:19:33 Transferring file: run15810.mid.gz
2024-05-15 16:19:33 Uploading file: run15810.mid.gz
2024-05-15 16:19:33 Upload done: run15810.mid.gz
2024-05-15 16:30:46 Udatentig matadata for filer file: run15811.mid.gz
2024-05-15 16:30:48 Transferring file: run15811.mid.gz
2024-05-15 16:30:48 Uploading file: run15811.mid.gz
2024-05-15 16:30:48 Upload done: run15811.mid.gz
2024-05-15 16:42:52 Udatentig matadata for filer file: run15812.mid.gz
2024-05-15 16:43:03 Transferring file: run15812.mid.gz
2024-05-15 16:43:03 Uploading file: run15812.mid.gz
2024-05-15 16:43:03 Upload done: run15812.mid.gz
2024-05-15 16:53:26 Udatentig matadata for filer file: run15813.mid.gz
2024-05-15 16:53:38 Transferring file: run15813.mid.gz
2024-05-15 16:53:38 Uploading file: run15813.mid.gz
2024-05-15 16:53:38 Upload done: run15813.mid.gz
2024-05-15 17:03:00 Udatentig matadata for filer file: run15814.mid.gz
2024-05-15 17:03:09 Transferring file: run15814.mid.gz
2024-05-15 17:03:09 Uploading file: run15814.mid.gz
2024-05-15 17:03:09 Upload done: run15814.mid.gz
2024-05-15 17:12:31 Udatentig matadata for filer file: run15815.mid.gz
2024-05-15 17:12:38 Transferring file: run15815.mid.gz
2024-05-15 17:12:38 Uploading file: run15815.mid.gz
2024-05-15 17:12:38 Upload done: run15815.mid.gz
2024-05-15 17:23:02 Udatentig matadata for filer file: run15816.mid.gz
2024-05-15 17:23:14 Transferring file: run15816.mid.gz
2024-05-15 17:23:14 Uploading file: run15816.mid.gz
2024-05-15 17:23:14 Upload done: run15816.mid.gz
2024-05-15 17:33:30 Udatentig matadata for filer file: run15817.mid.gz
2024-05-15 17:33:39 Transferring file: run15817.mid.gz
2024-05-15 17:33:39 Uploading file: run15817.mid.gz
2024-05-15 17:33:39 Upload done: run15817.mid.gz
2024-05-15 17:44:04 Udatentig matadata for filer file: run15818.mid.gz
2024-05-15 17:44:15 Transferring file: run15818.mid.gz
2024-05-15 17:44:15 Uploading file: run15818.mid.gz
2024-05-15 17:44:15 Upload done: run15818.mid.gz
2024-05-15 17:54:30 Udatentig matadata for filer file: run15819.mid.gz
2024-05-15 17:54:32 Transferring file: run15819.mid.gz
2024-05-15 17:54:32 Uploading file: run15819.mid.gz
2024-05-15 17:54:32 Upload done: run15819.mid.gz
2024-05-15 18:04:34 Udatentig matadata for filer file: run15820.mid.gz
2024-05-15 18:04:45 Transferring file: run15820.mid.gz
2024-05-15 18:04:45 Uploading file: run15820.mid.gz
2024-05-15 18:04:45 Upload done: run15820.mid.gz
2024-05-15 18:15:42 Udatentig matadata for filer file: run15821.mid.gz
2024-05-15 18:15:54 Transferring file: run15821.mid.gz
2024-05-15 18:15:54 Uploading file: run15821.mid.gz
2024-05-15 18:15:54 Upload done: run15821.mid.gz
2024-05-15 18:24:40 Udatentig matadata for filer file: run15822.mid.gz
2024-05-15 18:24:42 Transferring file: run15822.mid.gz
2024-05-15 18:24:42 Uploading file: run15822.mid.gz
2024-05-15 18:24:42 Upload done: run15822.mid.gz
2024-05-15 18:34:19 Udatentig matadata for filer file: run15823.mid.gz
2024-05-15 18:34:31 Transferring file: run15823.mid.gz
2024-05-15 18:34:31 Uploading file: run15823.mid.gz
2024-05-15 18:34:31 Upload done: run15823.mid.gz
2024-05-15 18:44:09 Udatentig matadata for filer file: run15824.mid.gz
2024-05-15 18:44:18 Transferring file: run15824.mid.gz
2024-05-15 18:44:18 Uploading file: run15824.mid.gz
2024-05-15 18:44:18 Upload done: run15824.mid.gz
2024-05-15 18:54:05 Udatentig matadata for filer file: run15825.mid.gz
2024-05-15 18:54:07 Transferring file: run15825.mid.gz
2024-05-15 18:54:07 Uploading file: run15825.mid.gz
2024-05-15 18:54:07 Upload done: run15825.mid.gz
2024-05-15 19:04:05 Udatentig matadata for filer file: run15826.mid.gz
2024-05-15 19:04:07 Transferring file: run15826.mid.gz
2024-05-15 19:04:07 Uploading file: run15826.mid.gz
2024-05-15 19:04:07 Upload done: run15826.mid.gz
2024-05-15 19:14:06 Udatentig matadata for filer file: run15827.mid.gz
2024-05-15 19:14:17 Transferring file: run15827.mid.gz
2024-05-15 19:14:17 Uploading file: run15827.mid.gz
2024-05-15 19:14:17 Upload done: run15827.mid.gz
2024-05-15 19:25:38 Udatentig matadata for filer file: run15828.mid.gz
2024-05-15 19:25:40 Transferring file: run15828.mid.gz
2024-05-15 19:25:40 Uploading file: run15828.mid.gz
2024-05-15 19:25:40 Upload done: run15828.mid.gz
2024-05-15 19:35:19 Udatentig matadata for filer file: run15829.mid.gz
2024-05-15 19:35:27 Transferring file: run15829.mid.gz
2024-05-15 19:35:27 Uploading file: run15829.mid.gz
2024-05-15 19:35:27 Upload done: run15829.mid.gz
2024-05-15 19:45:18 Udatentig matadata for filer file: run15830.mid.gz
2024-05-15 19:45:20 Transferring file: run15830.mid.gz
2024-05-15 19:45:20 Uploading file: run15830.mid.gz
2024-05-15 19:45:20 Upload done: run15830.mid.gz
2024-05-15 19:55:19 Udatentig matadata for filer file: run15831.mid.gz
2024-05-15 19:55:21 Transferring file: run15831.mid.gz
2024-05-15 19:55:21 Uploading file: run15831.mid.gz
2024-05-15 19:55:21 Upload done: run15831.mid.gz
2024-05-15 20:06:18 Udatentig matadata for filer file: run15832.mid.gz
2024-05-15 20:06:28 Transferring file: run15832.mid.gz
2024-05-15 20:06:28 Uploading file: run15832.mid.gz
2024-05-15 20:06:28 Upload done: run15832.mid.gz
2024-05-15 20:17:21 Udatentig matadata for filer file: run15833.mid.gz
2024-05-15 20:17:28 Transferring file: run15833.mid.gz
2024-05-15 20:17:28 Uploading file: run15833.mid.gz
2024-05-15 20:17:28 Upload done: run15833.mid.gz
2024-05-15 20:26:47 Udatentig matadata for filer file: run15834.mid.gz
2024-05-15 20:26:48 Transferring file: run15834.mid.gz
2024-05-15 20:26:48 Uploading file: run15834.mid.gz
2024-05-15 20:26:48 Upload done: run15834.mid.gz
2024-05-15 20:36:49 Udatentig matadata for filer file: run15835.mid.gz
2024-05-15 20:37:01 Transferring file: run15835.mid.gz
2024-05-15 20:37:01 Uploading file: run15835.mid.gz
2024-05-15 20:37:01 Upload done: run15835.mid.gz
2024-05-15 20:46:53 Udatentig matadata for filer file: run15836.mid.gz
2024-05-15 20:47:02 Transferring file: run15836.mid.gz
2024-05-15 20:47:02 Uploading file: run15836.mid.gz
2024-05-15 20:47:02 Upload done: run15836.mid.gz
2024-05-15 20:56:28 Udatentig matadata for filer file: run15837.mid.gz
2024-05-15 20:56:36 Transferring file: run15837.mid.gz
2024-05-15 20:56:36 Uploading file: run15837.mid.gz
2024-05-15 20:56:36 Upload done: run15837.mid.gz
2024-05-15 21:06:18 Udatentig matadata for filer file: run15838.mid.gz
2024-05-15 21:06:20 Transferring file: run15838.mid.gz
2024-05-15 21:06:20 Uploading file: run15838.mid.gz
2024-05-15 21:06:20 Upload done: run15838.mid.gz
2024-05-15 21:17:26 Udatentig matadata for filer file: run15839.mid.gz
2024-05-15 21:17:36 Transferring file: run15839.mid.gz
2024-05-15 21:17:36 Uploading file: run15839.mid.gz
2024-05-15 21:17:36 Upload done: run15839.mid.gz
2024-05-15 21:26:57 Udatentig matadata for filer file: run15840.mid.gz
2024-05-15 21:27:06 Transferring file: run15840.mid.gz
2024-05-15 21:27:06 Uploading file: run15840.mid.gz
2024-05-15 21:27:06 Upload done: run15840.mid.gz
2024-05-15 21:36:59 Udatentig matadata for filer file: run15841.mid.gz
2024-05-15 21:37:01 Transferring file: run15841.mid.gz
2024-05-15 21:37:01 Uploading file: run15841.mid.gz
2024-05-15 21:37:01 Upload done: run15841.mid.gz
2024-05-15 21:47:28 Udatentig matadata for filer file: run15842.mid.gz
2024-05-15 21:47:38 Transferring file: run15842.mid.gz
2024-05-15 21:47:38 Uploading file: run15842.mid.gz
2024-05-15 21:47:38 Upload done: run15842.mid.gz
2024-05-15 21:57:01 Udatentig matadata for filer file: run15843.mid.gz
2024-05-15 21:57:12 Transferring file: run15843.mid.gz
2024-05-15 21:57:12 Uploading file: run15843.mid.gz
2024-05-15 21:57:12 Upload done: run15843.mid.gz
2024-05-15 22:06:34 Udatentig matadata for filer file: run15844.mid.gz
2024-05-15 22:06:37 Transferring file: run15844.mid.gz
2024-05-15 22:06:37 Uploading file: run15844.mid.gz
2024-05-15 22:06:37 Upload done: run15844.mid.gz
2024-05-15 22:16:32 Udatentig matadata for filer file: run15845.mid.gz
2024-05-15 22:16:34 Transferring file: run15845.mid.gz
2024-05-15 22:16:34 Uploading file: run15845.mid.gz
2024-05-15 22:16:34 Upload done: run15845.mid.gz
2024-05-15 22:26:40 Udatentig matadata for filer file: run15846.mid.gz
2024-05-15 22:26:52 Transferring file: run15846.mid.gz
2024-05-15 22:26:52 Uploading file: run15846.mid.gz
2024-05-15 22:26:52 Upload done: run15846.mid.gz
2024-05-15 22:36:29 Udatentig matadata for filer file: run15847.mid.gz
2024-05-15 22:36:30 Transferring file: run15847.mid.gz
2024-05-15 22:36:30 Uploading file: run15847.mid.gz
2024-05-15 22:36:30 Upload done: run15847.mid.gz
2024-05-15 22:46:05 Udatentig matadata for filer file: run15848.mid.gz
2024-05-15 22:46:07 Transferring file: run15848.mid.gz
2024-05-15 22:46:07 Uploading file: run15848.mid.gz
2024-05-15 22:46:07 Upload done: run15848.mid.gz
2024-05-15 22:55:42 Udatentig matadata for filer file: run15849.mid.gz
2024-05-15 22:55:55 Transferring file: run15849.mid.gz
2024-05-15 22:55:55 Uploading file: run15849.mid.gz
2024-05-15 22:55:55 Upload done: run15849.mid.gz
2024-05-15 23:05:10 Udatentig matadata for filer file: run15850.mid.gz
2024-05-15 23:05:18 Transferring file: run15850.mid.gz
2024-05-15 23:05:18 Uploading file: run15850.mid.gz
2024-05-15 23:05:18 Upload done: run15850.mid.gz
2024-05-15 23:14:34 Udatentig matadata for filer file: run15851.mid.gz
2024-05-15 23:14:36 Transferring file: run15851.mid.gz
2024-05-15 23:14:36 Uploading file: run15851.mid.gz
2024-05-15 23:14:36 Upload done: run15851.mid.gz
2024-05-15 23:27:34 Udatentig matadata for filer file: run15852.mid.gz
2024-05-15 23:27:36 Transferring file: run15852.mid.gz
2024-05-15 23:27:36 Uploading file: run15852.mid.gz
2024-05-15 23:27:36 Upload done: run15852.mid.gz
2024-05-15 23:37:44 Udatentig matadata for filer file: run15853.mid.gz
2024-05-15 23:37:58 Transferring file: run15853.mid.gz
2024-05-15 23:37:58 Uploading file: run15853.mid.gz
2024-05-15 23:37:58 Upload done: run15853.mid.gz
2024-05-15 23:48:17 Udatentig matadata for filer file: run15854.mid.gz
2024-05-15 23:48:25 Transferring file: run15854.mid.gz
2024-05-15 23:48:25 Uploading file: run15854.mid.gz
2024-05-15 23:48:25 Upload done: run15854.mid.gz
2024-05-15 23:58:42 Udatentig matadata for filer file: run15855.mid.gz
2024-05-15 23:58:50 Transferring file: run15855.mid.gz
2024-05-15 23:58:50 Uploading file: run15855.mid.gz
2024-05-15 23:58:50 Upload done: run15855.mid.gz
2024-05-16 00:09:21 Udatentig matadata for filer file: run15856.mid.gz
2024-05-16 00:09:29 Transferring file: run15856.mid.gz
2024-05-16 00:09:29 Uploading file: run15856.mid.gz
2024-05-16 00:09:29 Upload done: run15856.mid.gz
2024-05-16 00:18:46 Udatentig matadata for filer file: run15857.mid.gz
2024-05-16 00:18:48 Transferring file: run15857.mid.gz
2024-05-16 00:18:48 Uploading file: run15857.mid.gz
2024-05-16 00:18:48 Upload done: run15857.mid.gz
2024-05-16 00:27:45 Udatentig matadata for filer file: run15858.mid.gz
2024-05-16 00:27:47 Transferring file: run15858.mid.gz
2024-05-16 00:27:47 Uploading file: run15858.mid.gz
2024-05-16 00:27:47 Upload done: run15858.mid.gz
2024-05-16 00:38:18 Udatentig matadata for filer file: run15859.mid.gz
2024-05-16 00:38:30 Transferring file: run15859.mid.gz
2024-05-16 00:38:30 Uploading file: run15859.mid.gz
2024-05-16 00:38:30 Upload done: run15859.mid.gz
2024-05-16 00:48:51 Udatentig matadata for filer file: run15860.mid.gz
2024-05-16 00:48:56 Transferring file: run15860.mid.gz
2024-05-16 00:48:56 Uploading file: run15860.mid.gz
2024-05-16 00:48:56 Upload done: run15860.mid.gz
2024-05-16 00:58:14 Udatentig matadata for filer file: run15861.mid.gz
2024-05-16 00:58:16 Transferring file: run15861.mid.gz
2024-05-16 00:58:16 Uploading file: run15861.mid.gz
2024-05-16 00:58:16 Upload done: run15861.mid.gz
2024-05-16 01:07:57 Udatentig matadata for filer file: run15862.mid.gz
2024-05-16 01:08:07 Transferring file: run15862.mid.gz
2024-05-16 01:08:07 Uploading file: run15862.mid.gz
2024-05-16 01:08:07 Upload done: run15862.mid.gz
2024-05-16 01:17:48 Udatentig matadata for filer file: run15863.mid.gz
2024-05-16 01:17:50 Transferring file: run15863.mid.gz
2024-05-16 01:17:50 Uploading file: run15863.mid.gz
2024-05-16 01:17:50 Upload done: run15863.mid.gz
2024-05-16 01:27:52 Udatentig matadata for filer file: run15864.mid.gz
2024-05-16 01:28:01 Transferring file: run15864.mid.gz
2024-05-16 01:28:01 Uploading file: run15864.mid.gz
2024-05-16 01:28:01 Upload done: run15864.mid.gz
2024-05-16 01:38:25 Udatentig matadata for filer file: run15865.mid.gz
2024-05-16 01:38:27 Transferring file: run15865.mid.gz
2024-05-16 01:38:27 Uploading file: run15865.mid.gz
2024-05-16 01:38:27 Upload done: run15865.mid.gz
2024-05-16 01:47:37 Udatentig matadata for filer file: run15866.mid.gz
2024-05-16 01:47:46 Transferring file: run15866.mid.gz
2024-05-16 01:47:46 Uploading file: run15866.mid.gz
2024-05-16 01:47:46 Upload done: run15866.mid.gz
2024-05-16 01:56:57 Udatentig matadata for filer file: run15867.mid.gz
2024-05-16 01:56:59 Transferring file: run15867.mid.gz
2024-05-16 01:56:59 Uploading file: run15867.mid.gz
2024-05-16 01:56:59 Upload done: run15867.mid.gz
2024-05-16 02:07:04 Udatentig matadata for filer file: run15868.mid.gz
2024-05-16 02:07:16 Transferring file: run15868.mid.gz
2024-05-16 02:07:16 Uploading file: run15868.mid.gz
2024-05-16 02:07:16 Upload done: run15868.mid.gz
2024-05-16 02:16:06 Udatentig matadata for filer file: run15869.mid.gz
2024-05-16 02:16:15 Transferring file: run15869.mid.gz
2024-05-16 02:16:15 Uploading file: run15869.mid.gz
2024-05-16 02:16:15 Upload done: run15869.mid.gz
2024-05-16 02:25:38 Udatentig matadata for filer file: run15870.mid.gz
2024-05-16 02:25:47 Transferring file: run15870.mid.gz
2024-05-16 02:25:47 Uploading file: run15870.mid.gz
2024-05-16 02:25:47 Upload done: run15870.mid.gz
2024-05-16 02:33:54 Udatentig matadata for filer file: run15871.mid.gz
2024-05-16 02:33:56 Transferring file: run15871.mid.gz
2024-05-16 02:33:56 Uploading file: run15871.mid.gz
2024-05-16 02:33:56 Upload done: run15871.mid.gz
2024-05-16 02:46:02 Udatentig matadata for filer file: run15872.mid.gz
2024-05-16 02:46:10 Transferring file: run15872.mid.gz
2024-05-16 02:46:10 Uploading file: run15872.mid.gz
2024-05-16 02:46:10 Upload done: run15872.mid.gz
2024-05-16 02:56:06 Udatentig matadata for filer file: run15873.mid.gz
2024-05-16 02:56:08 Transferring file: run15873.mid.gz
2024-05-16 02:56:08 Uploading file: run15873.mid.gz
2024-05-16 02:56:08 Upload done: run15873.mid.gz
2024-05-16 03:06:36 Udatentig matadata for filer file: run15874.mid.gz
2024-05-16 03:06:44 Transferring file: run15874.mid.gz
2024-05-16 03:06:44 Uploading file: run15874.mid.gz
2024-05-16 03:06:44 Upload done: run15874.mid.gz
2024-05-16 03:17:01 Udatentig matadata for filer file: run15875.mid.gz
2024-05-16 03:17:03 Transferring file: run15875.mid.gz
2024-05-16 03:17:03 Uploading file: run15875.mid.gz
2024-05-16 03:17:03 Upload done: run15875.mid.gz
2024-05-16 03:27:10 Udatentig matadata for filer file: run15876.mid.gz
2024-05-16 03:27:21 Transferring file: run15876.mid.gz
2024-05-16 03:27:21 Uploading file: run15876.mid.gz
2024-05-16 03:27:21 Upload done: run15876.mid.gz
2024-05-16 03:36:14 Udatentig matadata for filer file: run15877.mid.gz
2024-05-16 03:36:22 Transferring file: run15877.mid.gz
2024-05-16 03:36:22 Uploading file: run15877.mid.gz
2024-05-16 03:36:22 Upload done: run15877.mid.gz
2024-05-16 03:46:08 Udatentig matadata for filer file: run15878.mid.gz
2024-05-16 03:46:10 Transferring file: run15878.mid.gz
2024-05-16 03:46:10 Uploading file: run15878.mid.gz
2024-05-16 03:46:10 Upload done: run15878.mid.gz
2024-05-16 03:55:46 Udatentig matadata for filer file: run15879.mid.gz
2024-05-16 03:55:56 Transferring file: run15879.mid.gz
2024-05-16 03:55:56 Uploading file: run15879.mid.gz
2024-05-16 03:55:56 Upload done: run15879.mid.gz
2024-05-16 04:06:16 Udatentig matadata for filer file: run15880.mid.gz
2024-05-16 04:06:25 Transferring file: run15880.mid.gz
2024-05-16 04:06:25 Uploading file: run15880.mid.gz
2024-05-16 04:06:25 Upload done: run15880.mid.gz
2024-05-16 04:15:07 Udatentig matadata for filer file: run15881.mid.gz
2024-05-16 04:15:09 Transferring file: run15881.mid.gz
2024-05-16 04:15:09 Uploading file: run15881.mid.gz
2024-05-16 04:15:09 Upload done: run15881.mid.gz
2024-05-16 04:25:20 Udatentig matadata for filer file: run15882.mid.gz
2024-05-16 04:25:30 Transferring file: run15882.mid.gz
2024-05-16 04:25:30 Uploading file: run15882.mid.gz
2024-05-16 04:25:30 Upload done: run15882.mid.gz
2024-05-16 04:35:18 Udatentig matadata for filer file: run15883.mid.gz
2024-05-16 04:35:20 Transferring file: run15883.mid.gz
2024-05-16 04:35:20 Uploading file: run15883.mid.gz
2024-05-16 04:35:20 Upload done: run15883.mid.gz
2024-05-16 04:45:52 Udatentig matadata for filer file: run15884.mid.gz
2024-05-16 04:46:06 Transferring file: run15884.mid.gz
2024-05-16 04:46:06 Uploading file: run15884.mid.gz
2024-05-16 04:46:06 Upload done: run15884.mid.gz
2024-05-16 04:54:51 Udatentig matadata for filer file: run15885.mid.gz
2024-05-16 04:54:53 Transferring file: run15885.mid.gz
2024-05-16 04:54:53 Uploading file: run15885.mid.gz
2024-05-16 04:54:53 Upload done: run15885.mid.gz
2024-05-16 05:04:22 Udatentig matadata for filer file: run15886.mid.gz
2024-05-16 05:04:32 Transferring file: run15886.mid.gz
2024-05-16 05:04:32 Uploading file: run15886.mid.gz
2024-05-16 05:04:32 Upload done: run15886.mid.gz
2024-05-16 05:13:18 Udatentig matadata for filer file: run15887.mid.gz
2024-05-16 05:13:20 Transferring file: run15887.mid.gz
2024-05-16 05:13:20 Uploading file: run15887.mid.gz
2024-05-16 05:13:20 Upload done: run15887.mid.gz
2024-05-16 05:23:44 Udatentig matadata for filer file: run15888.mid.gz
2024-05-16 05:23:46 Transferring file: run15888.mid.gz
2024-05-16 05:23:46 Uploading file: run15888.mid.gz
2024-05-16 05:23:46 Upload done: run15888.mid.gz
2024-05-16 05:32:54 Udatentig matadata for filer file: run15889.mid.gz
2024-05-16 05:33:08 Transferring file: run15889.mid.gz
2024-05-16 05:33:08 Uploading file: run15889.mid.gz
2024-05-16 05:33:08 Upload done: run15889.mid.gz
2024-05-16 05:41:55 Udatentig matadata for filer file: run15890.mid.gz
2024-05-16 05:41:57 Transferring file: run15890.mid.gz
2024-05-16 05:41:57 Uploading file: run15890.mid.gz
2024-05-16 05:41:57 Upload done: run15890.mid.gz
2024-05-16 05:51:16 Udatentig matadata for filer file: run15891.mid.gz
2024-05-16 05:51:17 Transferring file: run15891.mid.gz
2024-05-16 05:51:17 Uploading file: run15891.mid.gz
2024-05-16 05:51:17 Upload done: run15891.mid.gz
2024-05-16 06:04:05 Udatentig matadata for filer file: run15892.mid.gz
2024-05-16 06:04:22 Transferring file: run15892.mid.gz
2024-05-16 06:04:22 Uploading file: run15892.mid.gz
2024-05-16 06:04:22 Upload done: run15892.mid.gz
2024-05-16 06:14:03 Udatentig matadata for filer file: run15893.mid.gz
2024-05-16 06:14:13 Transferring file: run15893.mid.gz
2024-05-16 06:14:13 Uploading file: run15893.mid.gz
2024-05-16 06:14:13 Upload done: run15893.mid.gz
2024-05-16 06:23:55 Udatentig matadata for filer file: run15894.mid.gz
2024-05-16 06:23:57 Transferring file: run15894.mid.gz
2024-05-16 06:23:57 Uploading file: run15894.mid.gz
2024-05-16 06:23:57 Upload done: run15894.mid.gz
2024-05-16 06:34:01 Udatentig matadata for filer file: run15895.mid.gz
2024-05-16 06:34:04 Transferring file: run15895.mid.gz
2024-05-16 06:34:04 Uploading file: run15895.mid.gz
2024-05-16 06:34:04 Upload done: run15895.mid.gz
2024-05-16 06:43:58 Udatentig matadata for filer file: run15896.mid.gz
2024-05-16 06:44:11 Transferring file: run15896.mid.gz
2024-05-16 06:44:11 Uploading file: run15896.mid.gz
2024-05-16 06:44:11 Upload done: run15896.mid.gz
2024-05-16 06:54:06 Udatentig matadata for filer file: run15897.mid.gz
2024-05-16 06:54:13 Transferring file: run15897.mid.gz
2024-05-16 06:54:13 Uploading file: run15897.mid.gz
2024-05-16 06:54:13 Upload done: run15897.mid.gz
2024-05-16 07:04:40 Udatentig matadata for filer file: run15898.mid.gz
2024-05-16 07:04:49 Transferring file: run15898.mid.gz
2024-05-16 07:04:49 Uploading file: run15898.mid.gz
2024-05-16 07:04:49 Upload done: run15898.mid.gz
2024-05-16 07:13:48 Udatentig matadata for filer file: run15899.mid.gz
2024-05-16 07:13:56 Transferring file: run15899.mid.gz
2024-05-16 07:13:56 Uploading file: run15899.mid.gz
2024-05-16 07:13:56 Upload done: run15899.mid.gz
2024-05-16 07:23:08 Udatentig matadata for filer file: run15900.mid.gz
2024-05-16 07:23:10 Transferring file: run15900.mid.gz
2024-05-16 07:23:10 Uploading file: run15900.mid.gz
2024-05-16 07:23:10 Upload done: run15900.mid.gz
2024-05-16 07:33:06 Udatentig matadata for filer file: run15901.mid.gz
2024-05-16 07:33:16 Transferring file: run15901.mid.gz
2024-05-16 07:33:16 Uploading file: run15901.mid.gz
2024-05-16 07:33:16 Upload done: run15901.mid.gz
2024-05-16 07:43:46 Udatentig matadata for filer file: run15902.mid.gz
2024-05-16 07:43:56 Transferring file: run15902.mid.gz
2024-05-16 07:43:56 Uploading file: run15902.mid.gz
2024-05-16 07:43:56 Upload done: run15902.mid.gz
2024-05-16 07:53:08 Udatentig matadata for filer file: run15903.mid.gz
2024-05-16 07:53:10 Transferring file: run15903.mid.gz
2024-05-16 07:53:10 Uploading file: run15903.mid.gz
2024-05-16 07:53:10 Upload done: run15903.mid.gz
2024-05-16 08:04:13 Udatentig matadata for filer file: run15904.mid.gz
2024-05-16 08:04:23 Transferring file: run15904.mid.gz
2024-05-16 08:04:23 Uploading file: run15904.mid.gz
2024-05-16 08:04:23 Upload done: run15904.mid.gz
2024-05-16 08:13:48 Udatentig matadata for filer file: run15905.mid.gz
2024-05-16 08:13:58 Transferring file: run15905.mid.gz
2024-05-16 08:13:58 Uploading file: run15905.mid.gz
2024-05-16 08:13:58 Upload done: run15905.mid.gz
2024-05-16 08:23:23 Udatentig matadata for filer file: run15906.mid.gz
2024-05-16 08:23:33 Transferring file: run15906.mid.gz
2024-05-16 08:23:33 Uploading file: run15906.mid.gz
2024-05-16 08:23:33 Upload done: run15906.mid.gz
2024-05-16 08:33:11 Udatentig matadata for filer file: run15907.mid.gz
2024-05-16 08:33:13 Transferring file: run15907.mid.gz
2024-05-16 08:33:13 Uploading file: run15907.mid.gz
2024-05-16 08:33:13 Upload done: run15907.mid.gz
2024-05-16 08:42:50 Udatentig matadata for filer file: run15908.mid.gz
2024-05-16 08:43:06 Transferring file: run15908.mid.gz
2024-05-16 08:43:06 Uploading file: run15908.mid.gz
2024-05-16 08:43:06 Upload done: run15908.mid.gz
2024-05-16 08:52:20 Udatentig matadata for filer file: run15909.mid.gz
2024-05-16 08:52:24 Transferring file: run15909.mid.gz
2024-05-16 08:52:24 Uploading file: run15909.mid.gz
2024-05-16 08:52:24 Upload done: run15909.mid.gz
2024-05-16 09:01:50 Udatentig matadata for filer file: run15910.mid.gz
2024-05-16 09:02:00 Transferring file: run15910.mid.gz
2024-05-16 09:02:00 Uploading file: run15910.mid.gz
2024-05-16 09:02:00 Upload done: run15910.mid.gz
2024-05-16 09:11:15 Udatentig matadata for filer file: run15911.mid.gz
2024-05-16 09:11:17 Transferring file: run15911.mid.gz
2024-05-16 09:11:17 Uploading file: run15911.mid.gz
2024-05-16 09:11:17 Upload done: run15911.mid.gz
Midas shutdown
2024-05-16 10:19:59 midas2cloud started
2024-05-16 10:20:01 WARNING: No new file uploaded
2024-05-16 10:20:12 WARNING: No new file uploaded
2024-05-16 10:20:23 WARNING: No new file uploaded
2024-05-16 10:20:33 WARNING: No new file uploaded
2024-05-16 10:20:44 WARNING: No new file uploaded
2024-05-16 10:20:55 WARNING: No new file uploaded
2024-05-16 10:21:06 WARNING: No new file uploaded
2024-05-16 10:21:17 WARNING: No new file uploaded
2024-05-16 10:21:27 WARNING: No new file uploaded
2024-05-16 10:21:38 WARNING: No new file uploaded
2024-05-16 10:21:49 WARNING: No new file uploaded
2024-05-16 10:22:00 WARNING: No new file uploaded
2024-05-16 10:22:11 WARNING: No new file uploaded
2024-05-16 10:22:22 WARNING: No new file uploaded
2024-05-16 10:22:32 WARNING: No new file uploaded
2024-05-16 10:22:43 WARNING: No new file uploaded
2024-05-16 10:22:54 WARNING: No new file uploaded
2024-05-16 10:23:05 WARNING: No new file uploaded
2024-05-16 10:23:16 WARNING: No new file uploaded
2024-05-16 10:23:26 WARNING: No new file uploaded
2024-05-16 10:23:37 WARNING: No new file uploaded
2024-05-16 10:23:48 WARNING: No new file uploaded
2024-05-16 10:23:59 WARNING: No new file uploaded
2024-05-16 10:24:10 WARNING: No new file uploaded
2024-05-16 10:24:20 WARNING: No new file uploaded
2024-05-16 10:24:31 WARNING: No new file uploaded
2024-05-16 10:24:42 WARNING: No new file uploaded
2024-05-16 10:24:53 WARNING: No new file uploaded
2024-05-16 10:25:03 WARNING: No new file uploaded
2024-05-16 10:25:14 WARNING: No new file uploaded
2024-05-16 10:25:25 WARNING: No new file uploaded
2024-05-16 10:25:36 WARNING: No new file uploaded
2024-05-16 10:25:47 WARNING: No new file uploaded
2024-05-16 10:25:57 WARNING: No new file uploaded
2024-05-16 10:26:08 WARNING: No new file uploaded
2024-05-16 10:26:19 WARNING: No new file uploaded
2024-05-16 10:26:30 WARNING: No new file uploaded
2024-05-16 10:26:41 WARNING: No new file uploaded
2024-05-16 10:26:51 WARNING: No new file uploaded
2024-05-16 10:27:02 WARNING: No new file uploaded
2024-05-16 10:27:13 WARNING: No new file uploaded
2024-05-16 10:27:24 WARNING: No new file uploaded
2024-05-16 10:27:34 WARNING: No new file uploaded
2024-05-16 10:27:45 WARNING: No new file uploaded
2024-05-16 10:27:56 WARNING: No new file uploaded
2024-05-16 10:28:07 WARNING: No new file uploaded
2024-05-16 10:28:17 WARNING: No new file uploaded
2024-05-16 10:28:28 WARNING: No new file uploaded
2024-05-16 10:28:39 WARNING: No new file uploaded
2024-05-16 10:28:50 WARNING: No new file uploaded
2024-05-16 10:29:00 WARNING: No new file uploaded
2024-05-16 10:29:11 WARNING: No new file uploaded
2024-05-16 10:29:22 WARNING: No new file uploaded
2024-05-16 10:29:33 WARNING: No new file uploaded
2024-05-16 10:29:43 WARNING: No new file uploaded
2024-05-16 10:29:54 Udatentig matadata for filer file: run15912.mid.gz
2024-05-16 10:29:56 Transferring file: run15912.mid.gz
2024-05-16 10:29:56 Uploading file: run15912.mid.gz
2024-05-16 10:29:56 Upload done: run15912.mid.gz
2024-05-16 10:45:50 Udatentig matadata for filer file: run15913.mid.gz
2024-05-16 10:46:04 Transferring file: run15913.mid.gz
2024-05-16 10:46:04 Uploading file: run15913.mid.gz
2024-05-16 10:46:04 Upload done: run15913.mid.gz
2024-05-16 10:57:31 Udatentig matadata for filer file: run15914.mid.gz
2024-05-16 10:57:40 Transferring file: run15914.mid.gz
2024-05-16 10:57:40 Uploading file: run15914.mid.gz
2024-05-16 10:57:40 Upload done: run15914.mid.gz
2024-05-16 11:11:55 Udatentig matadata for filer file: run15915.mid.gz
2024-05-16 11:12:03 Transferring file: run15915.mid.gz
2024-05-16 11:12:03 Uploading file: run15915.mid.gz
2024-05-16 11:12:03 Upload done: run15915.mid.gz
2024-05-16 11:24:32 Udatentig matadata for filer file: run15916.mid.gz
2024-05-16 11:24:41 Transferring file: run15916.mid.gz
2024-05-16 11:24:41 Uploading file: run15916.mid.gz
2024-05-16 11:24:41 Upload done: run15916.mid.gz
Traceback (most recent call last):
  File "/home/cygno01/daq/middleware/dev/midas2cloud_v0.1.py", line 266, in <module>
    main()
  File "/home/cygno01/daq/middleware/dev/midas2cloud_v0.1.py", line 148, in main
    file_in_dir=sorted(os.listdir(INAPATH))
FileNotFoundError: [Errno 2] No such file or directory: '/media/cygno01/SSD1/Data/'
cm_msg_log: Message "[midas2cloud,LOG] Program midas2cloud on host localhost stopped" not written to midas.log because open(/media/cygno01/SSD1/Data/midas.log) failed with errno 2 (No such file or directory)
2024-05-16 12:16:02 midas2cloud started
[midas2cloud,ERROR] [odb.cxx:1225:db_validate_key,ERROR] hkey 245000, path "/Sequencer/State/Last msg", string value is not valid UTF-8
Traceback (most recent call last):
  File "/home/cygno01/daq/middleware/dev/midas2cloud_v0.1.py", line 266, in <module>
    main()
  File "/home/cygno01/daq/middleware/dev/midas2cloud_v0.1.py", line 148, in main
    file_in_dir=sorted(os.listdir(INAPATH))
FileNotFoundError: [Errno 2] No such file or directory: '/media/cygno01/SSD1/Data/'
2024-05-16 12:22:40 midas2cloud started
2024-05-16 12:22:42 WARNING: No new file uploaded
2024-05-16 12:22:53 WARNING: No new file uploaded
2024-05-16 12:23:04 WARNING: No new file uploaded
2024-05-16 12:23:14 WARNING: No new file uploaded
2024-05-16 12:23:25 WARNING: No new file uploaded
2024-05-16 12:23:36 WARNING: No new file uploaded
2024-05-16 12:23:47 WARNING: No new file uploaded
2024-05-16 12:23:58 WARNING: No new file uploaded
2024-05-16 12:24:08 WARNING: No new file uploaded
2024-05-16 12:24:19 WARNING: No new file uploaded
2024-05-16 12:24:30 WARNING: No new file uploaded
2024-05-16 12:24:41 WARNING: No new file uploaded
2024-05-16 12:24:52 WARNING: No new file uploaded
2024-05-16 12:25:03 WARNING: No new file uploaded
2024-05-16 12:25:14 WARNING: No new file uploaded
2024-05-16 12:25:24 WARNING: No new file uploaded
2024-05-16 12:25:35 WARNING: No new file uploaded
2024-05-16 12:25:46 WARNING: No new file uploaded
2024-05-16 12:25:57 WARNING: No new file uploaded
2024-05-16 12:26:08 WARNING: No new file uploaded
2024-05-16 12:26:19 WARNING: No new file uploaded
2024-05-16 12:26:30 WARNING: No new file uploaded
2024-05-16 12:26:40 WARNING: No new file uploaded
2024-05-16 12:26:51 WARNING: No new file uploaded
2024-05-16 12:27:02 WARNING: No new file uploaded
2024-05-16 12:27:13 WARNING: No new file uploaded
2024-05-16 12:27:24 WARNING: No new file uploaded
2024-05-16 12:27:35 WARNING: No new file uploaded
2024-05-16 12:27:45 WARNING: No new file uploaded
2024-05-16 12:27:56 WARNING: No new file uploaded
2024-05-16 12:28:07 WARNING: No new file uploaded
2024-05-16 12:28:18 WARNING: No new file uploaded
2024-05-16 12:28:29 WARNING: No new file uploaded
2024-05-16 12:28:40 WARNING: No new file uploaded
2024-05-16 12:28:51 WARNING: No new file uploaded
2024-05-16 12:29:02 WARNING: No new file uploaded
2024-05-16 12:29:12 WARNING: No new file uploaded
2024-05-16 12:29:23 WARNING: No new file uploaded
2024-05-16 12:29:34 WARNING: No new file uploaded
2024-05-16 12:29:45 WARNING: No new file uploaded
2024-05-16 12:29:56 WARNING: No new file uploaded
2024-05-16 12:30:07 WARNING: No new file uploaded
2024-05-16 12:30:18 WARNING: No new file uploaded
2024-05-16 12:30:28 WARNING: No new file uploaded
2024-05-16 12:30:39 WARNING: No new file uploaded
2024-05-16 12:30:50 WARNING: No new file uploaded
2024-05-16 12:31:01 WARNING: No new file uploaded
2024-05-16 12:31:12 WARNING: No new file uploaded
2024-05-16 12:31:23 WARNING: No new file uploaded
2024-05-16 12:31:34 WARNING: No new file uploaded
2024-05-16 12:31:44 WARNING: No new file uploaded
2024-05-16 12:31:55 WARNING: No new file uploaded
2024-05-16 12:32:06 WARNING: No new file uploaded
2024-05-16 12:32:17 WARNING: No new file uploaded
2024-05-16 12:32:28 WARNING: No new file uploaded
2024-05-16 12:32:39 WARNING: No new file uploaded
2024-05-16 12:32:49 WARNING: No new file uploaded
2024-05-16 12:33:00 WARNING: No new file uploaded
2024-05-16 12:33:11 WARNING: No new file uploaded
2024-05-16 12:33:22 WARNING: No new file uploaded
2024-05-16 12:33:33 WARNING: No new file uploaded
2024-05-16 12:33:43 WARNING: No new file uploaded
2024-05-16 12:33:54 WARNING: No new file uploaded
2024-05-16 12:34:05 WARNING: No new file uploaded
2024-05-16 12:34:16 WARNING: No new file uploaded
2024-05-16 12:34:27 WARNING: No new file uploaded
2024-05-16 12:34:37 WARNING: No new file uploaded
2024-05-16 12:34:48 WARNING: No new file uploaded
2024-05-16 12:34:59 WARNING: No new file uploaded
2024-05-16 12:35:10 WARNING: No new file uploaded
2024-05-16 12:35:21 WARNING: No new file uploaded
2024-05-16 12:35:31 WARNING: No new file uploaded
2024-05-16 12:35:42 WARNING: No new file uploaded
2024-05-16 12:35:53 WARNING: No new file uploaded
2024-05-16 12:36:04 WARNING: No new file uploaded
2024-05-16 12:36:15 WARNING: No new file uploaded
2024-05-16 12:36:26 WARNING: No new file uploaded
2024-05-16 12:36:36 WARNING: No new file uploaded
2024-05-16 12:36:47 WARNING: No new file uploaded
2024-05-16 12:36:58 WARNING: No new file uploaded
2024-05-16 12:37:09 WARNING: No new file uploaded
2024-05-16 12:37:20 WARNING: No new file uploaded
2024-05-16 12:37:31 WARNING: No new file uploaded
2024-05-16 12:37:42 WARNING: No new file uploaded
2024-05-16 12:37:52 WARNING: No new file uploaded
2024-05-16 12:38:03 WARNING: No new file uploaded
2024-05-16 12:38:14 WARNING: No new file uploaded
2024-05-16 12:38:25 WARNING: No new file uploaded
2024-05-16 12:38:36 WARNING: No new file uploaded
2024-05-16 12:38:47 WARNING: No new file uploaded
2024-05-16 12:38:57 WARNING: No new file uploaded
2024-05-16 12:39:08 WARNING: No new file uploaded
2024-05-16 12:39:19 WARNING: No new file uploaded
2024-05-16 12:39:30 WARNING: No new file uploaded
2024-05-16 12:39:41 WARNING: No new file uploaded
2024-05-16 12:39:51 WARNING: No new file uploaded
2024-05-16 12:40:02 WARNING: No new file uploaded
2024-05-16 12:40:13 WARNING: No new file uploaded
2024-05-16 12:40:24 WARNING: No new file uploaded
2024-05-16 12:40:35 WARNING: No new file uploaded
2024-05-16 12:40:45 WARNING: No new file uploaded
2024-05-16 12:40:56 WARNING: No new file uploaded
2024-05-16 12:41:07 WARNING: No new file uploaded
2024-05-16 12:41:18 WARNING: No new file uploaded
2024-05-16 12:41:28 WARNING: No new file uploaded
2024-05-16 12:41:39 WARNING: No new file uploaded
2024-05-16 12:41:50 WARNING: No new file uploaded
2024-05-16 12:42:01 WARNING: No new file uploaded
2024-05-16 12:42:11 WARNING: No new file uploaded
2024-05-16 12:42:22 WARNING: No new file uploaded
2024-05-16 12:42:33 WARNING: No new file uploaded
2024-05-16 12:42:44 WARNING: No new file uploaded
2024-05-16 12:42:54 WARNING: No new file uploaded
2024-05-16 12:43:05 WARNING: No new file uploaded
2024-05-16 12:43:16 WARNING: No new file uploaded
2024-05-16 12:43:27 WARNING: No new file uploaded
2024-05-16 12:43:38 WARNING: No new file uploaded
2024-05-16 12:43:48 WARNING: No new file uploaded
2024-05-16 12:43:59 Udatentig matadata for filer file: run15918.mid.gz
2024-05-16 12:44:01 Transferring file: run15918.mid.gz
2024-05-16 12:44:01 Uploading file: run15918.mid.gz
2024-05-16 12:44:01 Upload done: run15918.mid.gz
2024-05-16 12:56:34 Udatentig matadata for filer file: run15919.mid.gz
2024-05-16 12:56:36 Transferring file: run15919.mid.gz
2024-05-16 12:56:36 Uploading file: run15919.mid.gz
2024-05-16 12:56:36 Upload done: run15919.mid.gz
2024-05-16 13:08:04 Udatentig matadata for filer file: run15920.mid.gz
2024-05-16 13:08:19 Transferring file: run15920.mid.gz
2024-05-16 13:08:19 Uploading file: run15920.mid.gz
2024-05-16 13:08:19 Upload done: run15920.mid.gz
2024-05-16 13:20:13 Udatentig matadata for filer file: run15921.mid.gz
2024-05-16 13:20:25 Transferring file: run15921.mid.gz
2024-05-16 13:20:25 Uploading file: run15921.mid.gz
2024-05-16 13:20:25 Upload done: run15921.mid.gz
2024-05-16 13:31:11 Udatentig matadata for filer file: run15922.mid.gz
2024-05-16 13:31:21 Transferring file: run15922.mid.gz
2024-05-16 13:31:21 Uploading file: run15922.mid.gz
2024-05-16 13:31:21 Upload done: run15922.mid.gz
2024-05-16 13:41:12 Udatentig matadata for filer file: run15923.mid.gz
2024-05-16 13:41:14 Transferring file: run15923.mid.gz
2024-05-16 13:41:14 Uploading file: run15923.mid.gz
2024-05-16 13:41:14 Upload done: run15923.mid.gz
2024-05-16 13:53:08 Udatentig matadata for filer file: run15924.mid.gz
2024-05-16 13:53:19 Transferring file: run15924.mid.gz
2024-05-16 13:53:19 Uploading file: run15924.mid.gz
2024-05-16 13:53:19 Upload done: run15924.mid.gz
2024-05-16 14:04:51 Udatentig matadata for filer file: run15925.mid.gz
2024-05-16 14:05:00 Transferring file: run15925.mid.gz
2024-05-16 14:05:00 Uploading file: run15925.mid.gz
2024-05-16 14:05:00 Upload done: run15925.mid.gz
2024-05-16 14:16:21 Udatentig matadata for filer file: run15926.mid.gz
2024-05-16 14:16:28 Transferring file: run15926.mid.gz
2024-05-16 14:16:28 Uploading file: run15926.mid.gz
2024-05-16 14:16:28 Upload done: run15926.mid.gz
2024-05-16 14:28:46 Udatentig matadata for filer file: run15927.mid.gz
2024-05-16 14:28:51 Transferring file: run15927.mid.gz
2024-05-16 14:28:51 Uploading file: run15927.mid.gz
2024-05-16 14:28:51 Upload done: run15927.mid.gz
2024-05-16 14:40:16 Udatentig matadata for filer file: run15928.mid.gz
2024-05-16 14:40:17 Transferring file: run15928.mid.gz
2024-05-16 14:40:17 Uploading file: run15928.mid.gz
2024-05-16 14:40:17 Upload done: run15928.mid.gz
2024-05-16 14:51:21 Udatentig matadata for filer file: run15929.mid.gz
2024-05-16 14:51:22 Transferring file: run15929.mid.gz
2024-05-16 14:51:22 Uploading file: run15929.mid.gz
2024-05-16 14:51:22 Upload done: run15929.mid.gz
2024-05-16 15:02:48 Udatentig matadata for filer file: run15930.mid.gz
2024-05-16 15:03:05 Transferring file: run15930.mid.gz
2024-05-16 15:03:05 Uploading file: run15930.mid.gz
2024-05-16 15:03:05 Upload done: run15930.mid.gz
2024-05-16 15:14:30 Udatentig matadata for filer file: run15931.mid.gz
2024-05-16 15:14:38 Transferring file: run15931.mid.gz
2024-05-16 15:14:38 Uploading file: run15931.mid.gz
2024-05-16 15:14:38 Upload done: run15931.mid.gz
2024-05-16 15:24:56 Udatentig matadata for filer file: run15932.mid.gz
2024-05-16 15:24:58 Transferring file: run15932.mid.gz
2024-05-16 15:24:58 Uploading file: run15932.mid.gz
2024-05-16 15:24:58 Upload done: run15932.mid.gz
2024-05-16 15:37:08 Udatentig matadata for filer file: run15933.mid.gz
2024-05-16 15:37:19 Transferring file: run15933.mid.gz
2024-05-16 15:37:19 Uploading file: run15933.mid.gz
2024-05-16 15:37:19 Upload done: run15933.mid.gz
2024-05-16 15:48:00 Udatentig matadata for filer file: run15934.mid.gz
2024-05-16 15:48:02 Transferring file: run15934.mid.gz
2024-05-16 15:48:02 Uploading file: run15934.mid.gz
2024-05-16 15:48:02 Upload done: run15934.mid.gz
2024-05-16 15:58:21 Udatentig matadata for filer file: run15935.mid.gz
2024-05-16 15:58:23 Transferring file: run15935.mid.gz
2024-05-16 15:58:23 Uploading file: run15935.mid.gz
2024-05-16 15:58:23 Upload done: run15935.mid.gz
2024-05-16 16:10:36 Udatentig matadata for filer file: run15936.mid.gz
2024-05-16 16:10:47 Transferring file: run15936.mid.gz
2024-05-16 16:10:47 Uploading file: run15936.mid.gz
2024-05-16 16:10:47 Upload done: run15936.mid.gz
2024-05-16 16:21:54 Udatentig matadata for filer file: run15937.mid.gz
2024-05-16 16:21:56 Transferring file: run15937.mid.gz
2024-05-16 16:21:56 Uploading file: run15937.mid.gz
2024-05-16 16:21:56 Upload done: run15937.mid.gz
2024-05-16 16:35:33 Udatentig matadata for filer file: run15938.mid.gz
2024-05-16 16:35:35 Transferring file: run15938.mid.gz
2024-05-16 16:35:35 Uploading file: run15938.mid.gz
2024-05-16 16:35:35 Upload done: run15938.mid.gz
2024-05-16 16:46:30 Udatentig matadata for filer file: run15939.mid.gz
2024-05-16 16:46:52 Transferring file: run15939.mid.gz
2024-05-16 16:46:52 Uploading file: run15939.mid.gz
2024-05-16 16:46:52 Upload done: run15939.mid.gz
2024-05-16 16:56:40 Udatentig matadata for filer file: run15940.mid.gz
2024-05-16 16:56:52 Transferring file: run15940.mid.gz
2024-05-16 16:56:52 Uploading file: run15940.mid.gz
2024-05-16 16:56:52 Upload done: run15940.mid.gz
2024-05-16 17:08:24 Udatentig matadata for filer file: run15941.mid.gz
2024-05-16 17:08:26 Transferring file: run15941.mid.gz
2024-05-16 17:08:26 Uploading file: run15941.mid.gz
2024-05-16 17:08:26 Upload done: run15941.mid.gz
2024-05-16 17:20:09 Udatentig matadata for filer file: run15942.mid.gz
2024-05-16 17:20:10 Transferring file: run15942.mid.gz
2024-05-16 17:20:10 Uploading file: run15942.mid.gz
2024-05-16 17:20:10 Upload done: run15942.mid.gz
2024-05-16 17:31:42 Udatentig matadata for filer file: run15943.mid.gz
2024-05-16 17:32:01 Transferring file: run15943.mid.gz
2024-05-16 17:32:01 Uploading file: run15943.mid.gz
2024-05-16 17:32:01 Upload done: run15943.mid.gz
2024-05-16 17:42:48 Udatentig matadata for filer file: run15944.mid.gz
2024-05-16 17:42:56 Transferring file: run15944.mid.gz
2024-05-16 17:42:56 Uploading file: run15944.mid.gz
2024-05-16 17:42:56 Upload done: run15944.mid.gz
2024-05-16 17:54:09 Udatentig matadata for filer file: run15945.mid.gz
2024-05-16 17:54:10 Transferring file: run15945.mid.gz
2024-05-16 17:54:10 Uploading file: run15945.mid.gz
2024-05-16 17:54:10 Upload done: run15945.mid.gz
2024-05-16 18:06:20 Udatentig matadata for filer file: run15946.mid.gz
2024-05-16 18:06:28 Transferring file: run15946.mid.gz
2024-05-16 18:06:28 Uploading file: run15946.mid.gz
2024-05-16 18:06:28 Upload done: run15946.mid.gz
2024-05-16 18:16:20 Udatentig matadata for filer file: run15947.mid.gz
2024-05-16 18:16:22 Transferring file: run15947.mid.gz
2024-05-16 18:16:22 Uploading file: run15947.mid.gz
2024-05-16 18:16:22 Upload done: run15947.mid.gz
2024-05-16 18:26:18 Udatentig matadata for filer file: run15948.mid.gz
2024-05-16 18:26:21 Transferring file: run15948.mid.gz
2024-05-16 18:26:21 Uploading file: run15948.mid.gz
2024-05-16 18:26:21 Upload done: run15948.mid.gz
2024-05-16 18:36:49 Udatentig matadata for filer file: run15949.mid.gz
2024-05-16 18:37:00 Transferring file: run15949.mid.gz
2024-05-16 18:37:00 Uploading file: run15949.mid.gz
2024-05-16 18:37:00 Upload done: run15949.mid.gz
2024-05-16 18:48:15 Udatentig matadata for filer file: run15950.mid.gz
2024-05-16 18:48:17 Transferring file: run15950.mid.gz
2024-05-16 18:48:17 Uploading file: run15950.mid.gz
2024-05-16 18:48:17 Upload done: run15950.mid.gz
2024-05-16 18:58:45 Udatentig matadata for filer file: run15951.mid.gz
2024-05-16 18:58:47 Transferring file: run15951.mid.gz
2024-05-16 18:58:47 Uploading file: run15951.mid.gz
2024-05-16 18:58:47 Upload done: run15951.mid.gz
2024-05-16 19:09:27 Udatentig matadata for filer file: run15952.mid.gz
2024-05-16 19:09:33 Transferring file: run15952.mid.gz
2024-05-16 19:09:33 Uploading file: run15952.mid.gz
2024-05-16 19:09:33 Upload done: run15952.mid.gz
2024-05-16 19:21:56 Udatentig matadata for filer file: run15953.mid.gz
2024-05-16 19:21:58 Transferring file: run15953.mid.gz
2024-05-16 19:21:58 Uploading file: run15953.mid.gz
2024-05-16 19:21:58 Upload done: run15953.mid.gz
2024-05-16 19:33:24 Udatentig matadata for filer file: run15954.mid.gz
2024-05-16 19:33:25 Transferring file: run15954.mid.gz
2024-05-16 19:33:25 Uploading file: run15954.mid.gz
2024-05-16 19:33:25 Upload done: run15954.mid.gz
2024-05-16 19:45:04 Udatentig matadata for filer file: run15955.mid.gz
2024-05-16 19:45:15 Transferring file: run15955.mid.gz
2024-05-16 19:45:15 Uploading file: run15955.mid.gz
2024-05-16 19:45:15 Upload done: run15955.mid.gz
2024-05-16 19:55:57 Udatentig matadata for filer file: run15956.mid.gz
2024-05-16 19:55:59 Transferring file: run15956.mid.gz
2024-05-16 19:55:59 Uploading file: run15956.mid.gz
2024-05-16 19:55:59 Upload done: run15956.mid.gz
2024-05-16 20:06:29 Udatentig matadata for filer file: run15957.mid.gz
2024-05-16 20:06:31 Transferring file: run15957.mid.gz
2024-05-16 20:06:31 Uploading file: run15957.mid.gz
2024-05-16 20:06:31 Upload done: run15957.mid.gz
2024-05-16 20:18:33 Udatentig matadata for filer file: run15958.mid.gz
2024-05-16 20:18:45 Transferring file: run15958.mid.gz
2024-05-16 20:18:45 Uploading file: run15958.mid.gz
2024-05-16 20:18:45 Upload done: run15958.mid.gz
2024-05-16 20:29:08 Udatentig matadata for filer file: run15959.mid.gz
2024-05-16 20:29:09 Transferring file: run15959.mid.gz
2024-05-16 20:29:09 Uploading file: run15959.mid.gz
2024-05-16 20:29:09 Upload done: run15959.mid.gz
2024-05-16 20:38:33 Udatentig matadata for filer file: run15960.mid.gz
2024-05-16 20:38:35 Transferring file: run15960.mid.gz
2024-05-16 20:38:35 Uploading file: run15960.mid.gz
2024-05-16 20:38:35 Upload done: run15960.mid.gz
2024-05-16 20:49:09 Udatentig matadata for filer file: run15961.mid.gz
2024-05-16 20:49:19 Transferring file: run15961.mid.gz
2024-05-16 20:49:19 Uploading file: run15961.mid.gz
2024-05-16 20:49:19 Upload done: run15961.mid.gz
2024-05-16 20:59:39 Udatentig matadata for filer file: run15962.mid.gz
2024-05-16 20:59:41 Transferring file: run15962.mid.gz
2024-05-16 20:59:41 Uploading file: run15962.mid.gz
2024-05-16 20:59:41 Upload done: run15962.mid.gz
2024-05-16 21:08:08 Udatentig matadata for filer file: run15963.mid.gz
2024-05-16 21:08:15 Transferring file: run15963.mid.gz
2024-05-16 21:08:15 Uploading file: run15963.mid.gz
2024-05-16 21:08:15 Upload done: run15963.mid.gz
2024-05-16 21:17:16 Udatentig matadata for filer file: run15964.mid.gz
2024-05-16 21:17:32 Transferring file: run15964.mid.gz
2024-05-16 21:17:32 Uploading file: run15964.mid.gz
2024-05-16 21:17:32 Upload done: run15964.mid.gz
2024-05-16 21:28:07 Udatentig matadata for filer file: run15965.mid.gz
2024-05-16 21:28:09 Transferring file: run15965.mid.gz
2024-05-16 21:28:09 Uploading file: run15965.mid.gz
2024-05-16 21:28:09 Upload done: run15965.mid.gz
2024-05-16 21:37:10 Udatentig matadata for filer file: run15966.mid.gz
2024-05-16 21:37:19 Transferring file: run15966.mid.gz
2024-05-16 21:37:19 Uploading file: run15966.mid.gz
2024-05-16 21:37:19 Upload done: run15966.mid.gz
2024-05-16 21:47:41 Udatentig matadata for filer file: run15967.mid.gz
2024-05-16 21:47:53 Transferring file: run15967.mid.gz
2024-05-16 21:47:53 Uploading file: run15967.mid.gz
2024-05-16 21:47:53 Upload done: run15967.mid.gz
2024-05-16 21:57:54 Udatentig matadata for filer file: run15968.mid.gz
2024-05-16 21:58:03 Transferring file: run15968.mid.gz
2024-05-16 21:58:03 Uploading file: run15968.mid.gz
2024-05-16 21:58:03 Upload done: run15968.mid.gz
2024-05-16 22:07:30 Udatentig matadata for filer file: run15969.mid.gz
2024-05-16 22:07:39 Transferring file: run15969.mid.gz
2024-05-16 22:07:39 Uploading file: run15969.mid.gz
2024-05-16 22:07:39 Upload done: run15969.mid.gz
2024-05-16 22:16:42 Udatentig matadata for filer file: run15970.mid.gz
2024-05-16 22:16:44 Transferring file: run15970.mid.gz
2024-05-16 22:16:44 Uploading file: run15970.mid.gz
2024-05-16 22:16:44 Upload done: run15970.mid.gz
2024-05-16 22:26:56 Udatentig matadata for filer file: run15971.mid.gz
2024-05-16 22:27:06 Transferring file: run15971.mid.gz
2024-05-16 22:27:06 Uploading file: run15971.mid.gz
2024-05-16 22:27:06 Upload done: run15971.mid.gz
2024-05-16 22:35:57 Udatentig matadata for filer file: run15972.mid.gz
2024-05-16 22:36:05 Transferring file: run15972.mid.gz
2024-05-16 22:36:05 Uploading file: run15972.mid.gz
2024-05-16 22:36:05 Upload done: run15972.mid.gz
2024-05-16 22:45:22 Udatentig matadata for filer file: run15973.mid.gz
2024-05-16 22:45:29 Transferring file: run15973.mid.gz
2024-05-16 22:45:29 Uploading file: run15973.mid.gz
2024-05-16 22:45:29 Upload done: run15973.mid.gz
2024-05-16 22:54:57 Udatentig matadata for filer file: run15974.mid.gz
2024-05-16 22:55:02 Transferring file: run15974.mid.gz
2024-05-16 22:55:02 Uploading file: run15974.mid.gz
2024-05-16 22:55:02 Upload done: run15974.mid.gz
2024-05-16 23:04:31 Udatentig matadata for filer file: run15975.mid.gz
2024-05-16 23:04:40 Transferring file: run15975.mid.gz
2024-05-16 23:04:40 Uploading file: run15975.mid.gz
2024-05-16 23:04:40 Upload done: run15975.mid.gz
2024-05-16 23:13:57 Udatentig matadata for filer file: run15976.mid.gz
2024-05-16 23:14:05 Transferring file: run15976.mid.gz
2024-05-16 23:14:05 Uploading file: run15976.mid.gz
2024-05-16 23:14:05 Upload done: run15976.mid.gz
2024-05-16 23:23:22 Udatentig matadata for filer file: run15977.mid.gz
2024-05-16 23:23:24 Transferring file: run15977.mid.gz
2024-05-16 23:23:24 Uploading file: run15977.mid.gz
2024-05-16 23:23:24 Upload done: run15977.mid.gz
2024-05-16 23:36:01 Udatentig matadata for filer file: run15978.mid.gz
2024-05-16 23:36:10 Transferring file: run15978.mid.gz
2024-05-16 23:36:10 Uploading file: run15978.mid.gz
2024-05-16 23:36:10 Upload done: run15978.mid.gz
2024-05-16 23:46:03 Udatentig matadata for filer file: run15979.mid.gz
2024-05-16 23:46:05 Transferring file: run15979.mid.gz
2024-05-16 23:46:05 Uploading file: run15979.mid.gz
2024-05-16 23:46:05 Upload done: run15979.mid.gz
2024-05-16 23:57:56 Udatentig matadata for filer file: run15980.mid.gz
2024-05-16 23:57:58 Transferring file: run15980.mid.gz
2024-05-16 23:57:58 Uploading file: run15980.mid.gz
2024-05-16 23:57:58 Upload done: run15980.mid.gz
2024-05-17 00:09:03 Udatentig matadata for filer file: run15981.mid.gz
2024-05-17 00:09:17 Transferring file: run15981.mid.gz
2024-05-17 00:09:17 Uploading file: run15981.mid.gz
2024-05-17 00:09:17 Upload done: run15981.mid.gz
2024-05-17 00:20:00 Udatentig matadata for filer file: run15982.mid.gz
2024-05-17 00:20:02 Transferring file: run15982.mid.gz
2024-05-17 00:20:02 Uploading file: run15982.mid.gz
2024-05-17 00:20:02 Upload done: run15982.mid.gz
2024-05-17 00:30:55 Udatentig matadata for filer file: run15983.mid.gz
2024-05-17 00:30:57 Transferring file: run15983.mid.gz
2024-05-17 00:30:57 Uploading file: run15983.mid.gz
2024-05-17 00:30:57 Upload done: run15983.mid.gz
2024-05-17 00:42:37 Udatentig matadata for filer file: run15984.mid.gz
2024-05-17 00:42:48 Transferring file: run15984.mid.gz
2024-05-17 00:42:48 Uploading file: run15984.mid.gz
2024-05-17 00:42:48 Upload done: run15984.mid.gz
2024-05-17 00:54:06 Udatentig matadata for filer file: run15985.mid.gz
2024-05-17 00:54:08 Transferring file: run15985.mid.gz
2024-05-17 00:54:08 Uploading file: run15985.mid.gz
2024-05-17 00:54:08 Upload done: run15985.mid.gz
2024-05-17 01:04:38 Udatentig matadata for filer file: run15986.mid.gz
2024-05-17 01:04:40 Transferring file: run15986.mid.gz
2024-05-17 01:04:40 Uploading file: run15986.mid.gz
2024-05-17 01:04:40 Upload done: run15986.mid.gz
2024-05-17 01:15:23 Udatentig matadata for filer file: run15987.mid.gz
2024-05-17 01:15:36 Transferring file: run15987.mid.gz
2024-05-17 01:15:36 Uploading file: run15987.mid.gz
2024-05-17 01:15:36 Upload done: run15987.mid.gz
2024-05-17 01:24:45 Udatentig matadata for filer file: run15988.mid.gz
2024-05-17 01:24:51 Transferring file: run15988.mid.gz
2024-05-17 01:24:51 Uploading file: run15988.mid.gz
2024-05-17 01:24:51 Upload done: run15988.mid.gz
2024-05-17 01:35:47 Udatentig matadata for filer file: run15989.mid.gz
2024-05-17 01:35:49 Transferring file: run15989.mid.gz
2024-05-17 01:35:49 Uploading file: run15989.mid.gz
2024-05-17 01:35:49 Upload done: run15989.mid.gz
2024-05-17 01:46:21 Udatentig matadata for filer file: run15990.mid.gz
2024-05-17 01:46:35 Transferring file: run15990.mid.gz
2024-05-17 01:46:35 Uploading file: run15990.mid.gz
2024-05-17 01:46:35 Upload done: run15990.mid.gz
2024-05-17 01:55:47 Udatentig matadata for filer file: run15991.mid.gz
2024-05-17 01:55:57 Transferring file: run15991.mid.gz
2024-05-17 01:55:57 Uploading file: run15991.mid.gz
2024-05-17 01:55:57 Upload done: run15991.mid.gz
2024-05-17 02:05:20 Udatentig matadata for filer file: run15992.mid.gz
2024-05-17 02:05:22 Transferring file: run15992.mid.gz
2024-05-17 02:05:22 Uploading file: run15992.mid.gz
2024-05-17 02:05:22 Upload done: run15992.mid.gz
2024-05-17 02:15:45 Udatentig matadata for filer file: run15993.mid.gz
2024-05-17 02:15:50 Transferring file: run15993.mid.gz
2024-05-17 02:15:50 Uploading file: run15993.mid.gz
2024-05-17 02:15:50 Upload done: run15993.mid.gz
2024-05-17 02:26:25 Udatentig matadata for filer file: run15994.mid.gz
2024-05-17 02:26:39 Transferring file: run15994.mid.gz
2024-05-17 02:26:39 Uploading file: run15994.mid.gz
2024-05-17 02:26:39 Upload done: run15994.mid.gz
2024-05-17 02:36:05 Udatentig matadata for filer file: run15995.mid.gz
2024-05-17 02:36:14 Transferring file: run15995.mid.gz
2024-05-17 02:36:14 Uploading file: run15995.mid.gz
2024-05-17 02:36:14 Upload done: run15995.mid.gz
2024-05-17 02:46:05 Udatentig matadata for filer file: run15996.mid.gz
2024-05-17 02:46:06 Transferring file: run15996.mid.gz
2024-05-17 02:46:06 Uploading file: run15996.mid.gz
2024-05-17 02:46:06 Upload done: run15996.mid.gz
2024-05-17 02:56:20 Udatentig matadata for filer file: run15997.mid.gz
2024-05-17 02:56:22 Transferring file: run15997.mid.gz
2024-05-17 02:56:22 Uploading file: run15997.mid.gz
2024-05-17 02:56:22 Upload done: run15997.mid.gz
2024-05-17 03:08:22 Udatentig matadata for filer file: run15998.mid.gz
2024-05-17 03:08:32 Transferring file: run15998.mid.gz
2024-05-17 03:08:32 Uploading file: run15998.mid.gz
2024-05-17 03:08:32 Upload done: run15998.mid.gz
2024-05-17 03:19:58 Udatentig matadata for filer file: run15999.mid.gz
2024-05-17 03:19:59 Transferring file: run15999.mid.gz
2024-05-17 03:19:59 Uploading file: run15999.mid.gz
2024-05-17 03:19:59 Upload done: run15999.mid.gz
2024-05-17 03:31:27 Udatentig matadata for filer file: run16000.mid.gz
2024-05-17 03:31:28 Transferring file: run16000.mid.gz
2024-05-17 03:31:28 Uploading file: run16000.mid.gz
2024-05-17 03:31:28 Upload done: run16000.mid.gz
2024-05-17 03:41:32 Udatentig matadata for filer file: run16001.mid.gz
2024-05-17 03:41:41 Transferring file: run16001.mid.gz
2024-05-17 03:41:41 Uploading file: run16001.mid.gz
2024-05-17 03:41:41 Upload done: run16001.mid.gz
2024-05-17 03:51:56 Udatentig matadata for filer file: run16002.mid.gz
2024-05-17 03:51:58 Transferring file: run16002.mid.gz
2024-05-17 03:51:58 Uploading file: run16002.mid.gz
2024-05-17 03:51:58 Upload done: run16002.mid.gz
2024-05-17 04:01:24 Udatentig matadata for filer file: run16003.mid.gz
2024-05-17 04:01:26 Transferring file: run16003.mid.gz
2024-05-17 04:01:26 Uploading file: run16003.mid.gz
2024-05-17 04:01:26 Upload done: run16003.mid.gz
2024-05-17 04:11:42 Udatentig matadata for filer file: run16004.mid.gz
2024-05-17 04:11:51 Transferring file: run16004.mid.gz
2024-05-17 04:11:51 Uploading file: run16004.mid.gz
2024-05-17 04:11:51 Upload done: run16004.mid.gz
2024-05-17 04:23:09 Udatentig matadata for filer file: run16005.mid.gz
2024-05-17 04:23:11 Transferring file: run16005.mid.gz
2024-05-17 04:23:11 Uploading file: run16005.mid.gz
2024-05-17 04:23:11 Upload done: run16005.mid.gz
2024-05-17 04:34:16 Udatentig matadata for filer file: run16006.mid.gz
2024-05-17 04:34:26 Transferring file: run16006.mid.gz
2024-05-17 04:34:26 Uploading file: run16006.mid.gz
2024-05-17 04:34:26 Upload done: run16006.mid.gz
2024-05-17 04:43:42 Udatentig matadata for filer file: run16007.mid.gz
2024-05-17 04:43:44 Transferring file: run16007.mid.gz
2024-05-17 04:43:44 Uploading file: run16007.mid.gz
2024-05-17 04:43:44 Upload done: run16007.mid.gz
2024-05-17 04:53:37 Udatentig matadata for filer file: run16008.mid.gz
2024-05-17 04:53:39 Transferring file: run16008.mid.gz
2024-05-17 04:53:39 Uploading file: run16008.mid.gz
2024-05-17 04:53:39 Upload done: run16008.mid.gz
2024-05-17 05:04:10 Udatentig matadata for filer file: run16009.mid.gz
2024-05-17 05:04:24 Transferring file: run16009.mid.gz
2024-05-17 05:04:24 Uploading file: run16009.mid.gz
2024-05-17 05:04:24 Upload done: run16009.mid.gz
2024-05-17 05:13:55 Udatentig matadata for filer file: run16010.mid.gz
2024-05-17 05:14:04 Transferring file: run16010.mid.gz
2024-05-17 05:14:04 Uploading file: run16010.mid.gz
2024-05-17 05:14:04 Upload done: run16010.mid.gz
2024-05-17 05:23:12 Udatentig matadata for filer file: run16011.mid.gz
2024-05-17 05:23:16 Transferring file: run16011.mid.gz
2024-05-17 05:23:16 Uploading file: run16011.mid.gz
2024-05-17 05:23:16 Upload done: run16011.mid.gz
2024-05-17 05:32:46 Udatentig matadata for filer file: run16012.mid.gz
2024-05-17 05:32:48 Transferring file: run16012.mid.gz
2024-05-17 05:32:48 Uploading file: run16012.mid.gz
2024-05-17 05:32:48 Upload done: run16012.mid.gz
2024-05-17 05:43:56 Udatentig matadata for filer file: run16013.mid.gz
2024-05-17 05:44:11 Transferring file: run16013.mid.gz
2024-05-17 05:44:11 Uploading file: run16013.mid.gz
2024-05-17 05:44:11 Upload done: run16013.mid.gz
2024-05-17 05:53:31 Udatentig matadata for filer file: run16014.mid.gz
2024-05-17 05:53:39 Transferring file: run16014.mid.gz
2024-05-17 05:53:39 Uploading file: run16014.mid.gz
2024-05-17 05:53:39 Upload done: run16014.mid.gz
2024-05-17 06:02:49 Udatentig matadata for filer file: run16015.mid.gz
2024-05-17 06:02:55 Transferring file: run16015.mid.gz
2024-05-17 06:02:55 Uploading file: run16015.mid.gz
2024-05-17 06:02:55 Upload done: run16015.mid.gz
2024-05-17 06:12:53 Udatentig matadata for filer file: run16016.mid.gz
2024-05-17 06:12:58 Transferring file: run16016.mid.gz
2024-05-17 06:12:58 Uploading file: run16016.mid.gz
2024-05-17 06:12:58 Upload done: run16016.mid.gz
2024-05-17 06:23:18 Udatentig matadata for filer file: run16017.mid.gz
2024-05-17 06:23:19 Transferring file: run16017.mid.gz
2024-05-17 06:23:19 Uploading file: run16017.mid.gz
2024-05-17 06:23:19 Upload done: run16017.mid.gz
2024-05-17 06:37:57 Udatentig matadata for filer file: run16018.mid.gz
2024-05-17 06:38:07 Transferring file: run16018.mid.gz
2024-05-17 06:38:07 Uploading file: run16018.mid.gz
2024-05-17 06:38:07 Upload done: run16018.mid.gz
2024-05-17 06:50:55 Udatentig matadata for filer file: run16019.mid.gz
2024-05-17 06:50:56 Transferring file: run16019.mid.gz
2024-05-17 06:50:56 Uploading file: run16019.mid.gz
2024-05-17 06:50:56 Upload done: run16019.mid.gz
2024-05-17 07:03:56 Udatentig matadata for filer file: run16020.mid.gz
2024-05-17 07:03:57 Transferring file: run16020.mid.gz
2024-05-17 07:03:57 Uploading file: run16020.mid.gz
2024-05-17 07:03:57 Upload done: run16020.mid.gz
2024-05-17 07:16:57 Udatentig matadata for filer file: run16021.mid.gz
2024-05-17 07:17:05 Transferring file: run16021.mid.gz
2024-05-17 07:17:05 Uploading file: run16021.mid.gz
2024-05-17 07:17:05 Upload done: run16021.mid.gz
2024-05-17 07:29:30 Udatentig matadata for filer file: run16022.mid.gz
2024-05-17 07:29:32 Transferring file: run16022.mid.gz
2024-05-17 07:29:32 Uploading file: run16022.mid.gz
2024-05-17 07:29:32 Upload done: run16022.mid.gz
2024-05-17 07:41:58 Udatentig matadata for filer file: run16023.mid.gz
2024-05-17 07:42:00 Transferring file: run16023.mid.gz
2024-05-17 07:42:00 Uploading file: run16023.mid.gz
2024-05-17 07:42:00 Upload done: run16023.mid.gz
2024-05-17 07:55:02 Udatentig matadata for filer file: run16024.mid.gz
2024-05-17 07:55:13 Transferring file: run16024.mid.gz
2024-05-17 07:55:13 Uploading file: run16024.mid.gz
2024-05-17 07:55:13 Upload done: run16024.mid.gz
2024-05-17 08:06:00 Udatentig matadata for filer file: run16025.mid.gz
2024-05-17 08:06:02 Transferring file: run16025.mid.gz
2024-05-17 08:06:02 Uploading file: run16025.mid.gz
2024-05-17 08:06:02 Upload done: run16025.mid.gz
2024-05-17 08:17:28 Udatentig matadata for filer file: run16026.mid.gz
2024-05-17 08:17:29 Transferring file: run16026.mid.gz
2024-05-17 08:17:29 Uploading file: run16026.mid.gz
2024-05-17 08:17:29 Upload done: run16026.mid.gz
[midas2cloud,ERROR] [odb.cxx:1225:db_validate_key,ERROR] hkey 245000, path "/Sequencer/State/Last msg", string value is not valid UTF-8
Traceback (most recent call last):
  File "/home/cygno01/daq/middleware/dev/midas2cloud_v0.1.py", line 266, in <module>
    main()
  File "/home/cygno01/daq/middleware/dev/midas2cloud_v0.1.py", line 148, in main
    file_in_dir=sorted(os.listdir(INAPATH))
FileNotFoundError: [Errno 2] No such file or directory: '/media/cygno01/SSD1/Data/'
cm_msg_log: Message "[midas2cloud,LOG] Program midas2cloud on host localhost stopped" not written to midas.log because open(/media/cygno01/SSD1/Data/midas.log) failed with errno 2 (No such file or directory)
2024-05-17 08:39:25 midas2cloud started
2024-05-17 08:39:28 WARNING: No new file uploaded
2024-05-17 08:39:39 WARNING: No new file uploaded
2024-05-17 08:39:51 WARNING: No new file uploaded
2024-05-17 08:40:03 WARNING: No new file uploaded
2024-05-17 08:40:14 WARNING: No new file uploaded
2024-05-17 08:40:26 WARNING: No new file uploaded
2024-05-17 08:40:37 WARNING: No new file uploaded
2024-05-17 08:40:49 WARNING: No new file uploaded
2024-05-17 08:41:00 WARNING: No new file uploaded
2024-05-17 08:41:12 WARNING: No new file uploaded
2024-05-17 08:41:24 WARNING: No new file uploaded
2024-05-17 08:41:35 WARNING: No new file uploaded
2024-05-17 08:41:47 WARNING: No new file uploaded
2024-05-17 08:41:58 WARNING: No new file uploaded
2024-05-17 08:42:10 WARNING: No new file uploaded
2024-05-17 08:42:22 WARNING: No new file uploaded
2024-05-17 08:42:33 WARNING: No new file uploaded
2024-05-17 08:42:45 WARNING: No new file uploaded
2024-05-17 08:42:56 WARNING: No new file uploaded
2024-05-17 08:43:08 WARNING: No new file uploaded
2024-05-17 08:43:20 WARNING: No new file uploaded
2024-05-17 08:43:31 WARNING: No new file uploaded
2024-05-17 08:43:43 WARNING: No new file uploaded
2024-05-17 08:43:54 WARNING: No new file uploaded
2024-05-17 08:44:06 WARNING: No new file uploaded
2024-05-17 08:44:18 WARNING: No new file uploaded
2024-05-17 08:44:29 WARNING: No new file uploaded
2024-05-17 08:44:41 WARNING: No new file uploaded
2024-05-17 08:44:53 WARNING: No new file uploaded
2024-05-17 08:45:04 WARNING: No new file uploaded
2024-05-17 08:45:16 WARNING: No new file uploaded
2024-05-17 08:45:27 WARNING: No new file uploaded
2024-05-17 08:45:39 WARNING: No new file uploaded
2024-05-17 08:45:51 WARNING: No new file uploaded
2024-05-17 08:46:02 WARNING: No new file uploaded
2024-05-17 08:46:14 WARNING: No new file uploaded
2024-05-17 08:46:25 WARNING: No new file uploaded
2024-05-17 08:46:37 WARNING: No new file uploaded
2024-05-17 08:46:49 WARNING: No new file uploaded
2024-05-17 08:47:00 WARNING: No new file uploaded
2024-05-17 08:47:12 WARNING: No new file uploaded
2024-05-17 08:47:23 WARNING: No new file uploaded
2024-05-17 08:47:35 WARNING: No new file uploaded
2024-05-17 08:47:46 WARNING: No new file uploaded
2024-05-17 08:47:58 WARNING: No new file uploaded
2024-05-17 08:48:10 WARNING: No new file uploaded
2024-05-17 08:48:21 WARNING: No new file uploaded
2024-05-17 08:48:33 WARNING: No new file uploaded
2024-05-17 08:48:44 WARNING: No new file uploaded
2024-05-17 08:48:56 WARNING: No new file uploaded
2024-05-17 08:49:07 WARNING: No new file uploaded
2024-05-17 08:49:19 WARNING: No new file uploaded
2024-05-17 08:49:31 WARNING: No new file uploaded
2024-05-17 08:49:42 WARNING: No new file uploaded
2024-05-17 08:49:54 WARNING: No new file uploaded
2024-05-17 08:50:05 WARNING: No new file uploaded
2024-05-17 08:50:17 WARNING: No new file uploaded
2024-05-17 08:50:28 WARNING: No new file uploaded
2024-05-17 08:50:40 WARNING: No new file uploaded
2024-05-17 08:50:52 WARNING: No new file uploaded
2024-05-17 08:51:03 WARNING: No new file uploaded
2024-05-17 08:51:15 WARNING: No new file uploaded
2024-05-17 08:51:26 WARNING: No new file uploaded
2024-05-17 08:51:38 WARNING: No new file uploaded
2024-05-17 08:51:49 WARNING: No new file uploaded
2024-05-17 08:52:01 WARNING: No new file uploaded
2024-05-17 08:52:12 WARNING: No new file uploaded
2024-05-17 08:52:24 WARNING: No new file uploaded
2024-05-17 08:52:36 WARNING: No new file uploaded
2024-05-17 08:52:47 WARNING: No new file uploaded
2024-05-17 08:52:59 WARNING: No new file uploaded
2024-05-17 08:53:10 WARNING: No new file uploaded
2024-05-17 08:53:22 WARNING: No new file uploaded
2024-05-17 08:53:33 WARNING: No new file uploaded
2024-05-17 08:53:45 WARNING: No new file uploaded
2024-05-17 08:53:56 WARNING: No new file uploaded
2024-05-17 08:54:08 WARNING: No new file uploaded
2024-05-17 08:54:20 WARNING: No new file uploaded
2024-05-17 08:54:31 WARNING: No new file uploaded
2024-05-17 08:54:43 WARNING: No new file uploaded
2024-05-17 08:54:55 WARNING: No new file uploaded
2024-05-17 08:55:06 WARNING: No new file uploaded
2024-05-17 08:55:18 WARNING: No new file uploaded
2024-05-17 08:55:29 WARNING: No new file uploaded
2024-05-17 08:55:41 WARNING: No new file uploaded
2024-05-17 08:55:53 WARNING: No new file uploaded
2024-05-17 08:56:04 WARNING: No new file uploaded
2024-05-17 08:56:16 WARNING: No new file uploaded
2024-05-17 08:56:28 WARNING: No new file uploaded
2024-05-17 08:56:39 WARNING: No new file uploaded
2024-05-17 08:56:51 WARNING: No new file uploaded
2024-05-17 08:57:02 WARNING: No new file uploaded
2024-05-17 08:57:14 WARNING: No new file uploaded
2024-05-17 08:57:26 WARNING: No new file uploaded
2024-05-17 08:57:37 WARNING: No new file uploaded
2024-05-17 08:57:49 WARNING: No new file uploaded
2024-05-17 08:58:01 WARNING: No new file uploaded
2024-05-17 08:58:12 WARNING: No new file uploaded
2024-05-17 08:58:24 WARNING: No new file uploaded
2024-05-17 08:58:36 WARNING: No new file uploaded
2024-05-17 08:58:47 WARNING: No new file uploaded
2024-05-17 08:58:59 WARNING: No new file uploaded
2024-05-17 08:59:11 WARNING: No new file uploaded
2024-05-17 08:59:22 WARNING: No new file uploaded
2024-05-17 08:59:34 WARNING: No new file uploaded
2024-05-17 08:59:45 WARNING: No new file uploaded
2024-05-17 08:59:57 WARNING: No new file uploaded
2024-05-17 09:00:09 WARNING: No new file uploaded
2024-05-17 09:00:20 WARNING: No new file uploaded
2024-05-17 09:00:32 WARNING: No new file uploaded
2024-05-17 09:00:44 WARNING: No new file uploaded
2024-05-17 09:00:55 WARNING: No new file uploaded
2024-05-17 09:01:07 WARNING: No new file uploaded
2024-05-17 09:01:19 WARNING: No new file uploaded
2024-05-17 09:01:30 WARNING: No new file uploaded
2024-05-17 09:01:42 WARNING: No new file uploaded
2024-05-17 09:01:54 WARNING: No new file uploaded
2024-05-17 09:02:05 WARNING: No new file uploaded
2024-05-17 09:02:17 WARNING: No new file uploaded
2024-05-17 09:02:29 WARNING: No new file uploaded
2024-05-17 09:02:40 WARNING: No new file uploaded
2024-05-17 09:02:52 WARNING: No new file uploaded
2024-05-17 09:03:04 WARNING: No new file uploaded
2024-05-17 09:03:15 WARNING: No new file uploaded
2024-05-17 09:03:27 WARNING: No new file uploaded
2024-05-17 09:03:39 WARNING: No new file uploaded
2024-05-17 09:03:50 WARNING: No new file uploaded
2024-05-17 09:04:02 WARNING: No new file uploaded
2024-05-17 09:04:14 WARNING: No new file uploaded
2024-05-17 09:04:25 WARNING: No new file uploaded
2024-05-17 09:04:37 WARNING: No new file uploaded
2024-05-17 09:04:49 WARNING: No new file uploaded
2024-05-17 09:05:00 WARNING: No new file uploaded
2024-05-17 09:05:12 WARNING: No new file uploaded
2024-05-17 09:05:23 WARNING: No new file uploaded
2024-05-17 09:05:35 WARNING: No new file uploaded
2024-05-17 09:05:47 WARNING: No new file uploaded
2024-05-17 09:05:58 WARNING: No new file uploaded
2024-05-17 09:06:10 WARNING: No new file uploaded
2024-05-17 09:06:22 WARNING: No new file uploaded
2024-05-17 09:06:33 WARNING: No new file uploaded
2024-05-17 09:06:45 WARNING: No new file uploaded
2024-05-17 09:06:57 WARNING: No new file uploaded
2024-05-17 09:07:08 WARNING: No new file uploaded
2024-05-17 09:07:20 WARNING: No new file uploaded
2024-05-17 09:07:31 WARNING: No new file uploaded
2024-05-17 09:07:43 WARNING: No new file uploaded
2024-05-17 09:07:55 WARNING: No new file uploaded
2024-05-17 09:08:06 WARNING: No new file uploaded
[midas2cloud,TALK] software alarm: Program cygnus_daq is not running
Traceback (most recent call last):
  File "/home/cygno01/daq/middleware/dev/midas2cloud_v0.1.py", line 266, in <module>
    main()
  File "/home/cygno01/daq/middleware/dev/midas2cloud_v0.1.py", line 148, in main
    file_in_dir=sorted(os.listdir(INAPATH))
FileNotFoundError: [Errno 2] No such file or directory: '/media/cygno01/SSD1/Data/'
cm_msg_log: Message "[midas2cloud,LOG] Program midas2cloud on host localhost stopped" not written to midas.log because open(/media/cygno01/SSD1/Data/midas.log) failed with errno 2 (No such file or directory)
2024-05-17 14:46:25 midas2cloud started
2024-05-17 14:46:28 WARNING: No new file uploaded
2024-05-17 14:46:40 WARNING: No new file uploaded
2024-05-17 14:46:51 WARNING: No new file uploaded
2024-05-17 14:47:03 WARNING: No new file uploaded
2024-05-17 14:47:15 WARNING: No new file uploaded
2024-05-17 14:47:26 WARNING: No new file uploaded
2024-05-17 14:47:38 WARNING: No new file uploaded
2024-05-17 14:47:50 WARNING: No new file uploaded
2024-05-17 14:48:01 WARNING: No new file uploaded
2024-05-17 14:48:13 WARNING: No new file uploaded
2024-05-17 14:48:25 WARNING: No new file uploaded
2024-05-17 14:48:36 WARNING: No new file uploaded
2024-05-17 14:48:48 WARNING: No new file uploaded
2024-05-17 14:49:00 WARNING: No new file uploaded
2024-05-17 14:49:12 WARNING: No new file uploaded
2024-05-17 14:49:23 WARNING: No new file uploaded
2024-05-17 14:49:35 WARNING: No new file uploaded
2024-05-17 14:49:47 WARNING: No new file uploaded
2024-05-17 14:49:58 WARNING: No new file uploaded
2024-05-17 14:50:10 WARNING: No new file uploaded
2024-05-17 14:50:22 WARNING: No new file uploaded
2024-05-17 14:50:34 WARNING: No new file uploaded
2024-05-17 14:50:45 WARNING: No new file uploaded
2024-05-17 14:50:57 WARNING: No new file uploaded
2024-05-17 14:51:09 WARNING: No new file uploaded
2024-05-17 14:51:21 WARNING: No new file uploaded
2024-05-17 14:51:32 WARNING: No new file uploaded
2024-05-17 14:51:44 WARNING: No new file uploaded
2024-05-17 14:51:56 WARNING: No new file uploaded
2024-05-17 14:52:08 WARNING: No new file uploaded
2024-05-17 14:52:20 WARNING: No new file uploaded
2024-05-17 14:52:31 WARNING: No new file uploaded
2024-05-17 14:52:43 WARNING: No new file uploaded
2024-05-17 14:52:55 WARNING: No new file uploaded
2024-05-17 14:53:07 WARNING: No new file uploaded
2024-05-17 14:53:18 WARNING: No new file uploaded
2024-05-17 14:53:30 WARNING: No new file uploaded
2024-05-17 14:53:42 WARNING: No new file uploaded
2024-05-17 14:53:54 WARNING: No new file uploaded
2024-05-17 14:54:05 WARNING: No new file uploaded
2024-05-17 14:54:17 WARNING: No new file uploaded
2024-05-17 14:54:29 WARNING: No new file uploaded
2024-05-17 14:54:41 WARNING: No new file uploaded
2024-05-17 14:54:52 WARNING: No new file uploaded
2024-05-17 14:55:04 WARNING: No new file uploaded
2024-05-17 14:55:16 WARNING: No new file uploaded
2024-05-17 14:55:28 WARNING: No new file uploaded
2024-05-17 14:55:39 WARNING: No new file uploaded
2024-05-17 14:55:51 WARNING: No new file uploaded
2024-05-17 14:56:03 WARNING: No new file uploaded
2024-05-17 14:56:15 WARNING: No new file uploaded
2024-05-17 14:56:26 WARNING: No new file uploaded
2024-05-17 14:56:38 WARNING: No new file uploaded
2024-05-17 14:56:50 WARNING: No new file uploaded
2024-05-17 14:57:01 WARNING: No new file uploaded
2024-05-17 14:57:13 WARNING: No new file uploaded
2024-05-17 14:57:25 WARNING: No new file uploaded
2024-05-17 14:57:37 WARNING: No new file uploaded
2024-05-17 14:57:48 WARNING: No new file uploaded
2024-05-17 14:58:00 WARNING: No new file uploaded
2024-05-17 14:58:12 WARNING: No new file uploaded
2024-05-17 14:58:24 WARNING: No new file uploaded
2024-05-17 14:58:35 WARNING: No new file uploaded
2024-05-17 14:58:47 WARNING: No new file uploaded
2024-05-17 14:58:59 WARNING: No new file uploaded
2024-05-17 14:59:11 WARNING: No new file uploaded
2024-05-17 14:59:22 WARNING: No new file uploaded
2024-05-17 14:59:34 WARNING: No new file uploaded
2024-05-17 14:59:46 WARNING: No new file uploaded
2024-05-17 14:59:58 WARNING: No new file uploaded
2024-05-17 15:00:09 WARNING: No new file uploaded
2024-05-17 15:00:21 WARNING: No new file uploaded
2024-05-17 15:00:33 WARNING: No new file uploaded
2024-05-17 15:00:45 WARNING: No new file uploaded
2024-05-17 15:00:56 WARNING: No new file uploaded
2024-05-17 15:01:08 WARNING: No new file uploaded
2024-05-17 15:01:20 WARNING: No new file uploaded
2024-05-17 15:01:31 WARNING: No new file uploaded
2024-05-17 15:01:43 WARNING: No new file uploaded
2024-05-17 15:01:55 WARNING: No new file uploaded
2024-05-17 15:02:06 WARNING: No new file uploaded
2024-05-17 15:02:18 WARNING: No new file uploaded
2024-05-17 15:02:30 WARNING: No new file uploaded
2024-05-17 15:02:42 WARNING: No new file uploaded
2024-05-17 15:02:53 WARNING: No new file uploaded
2024-05-17 15:03:05 WARNING: No new file uploaded
2024-05-17 15:03:17 WARNING: No new file uploaded
2024-05-17 15:03:28 WARNING: No new file uploaded
2024-05-17 15:03:40 WARNING: No new file uploaded
2024-05-17 15:03:52 WARNING: No new file uploaded
2024-05-17 15:04:04 WARNING: No new file uploaded
2024-05-17 15:04:15 WARNING: No new file uploaded
2024-05-17 15:04:27 WARNING: No new file uploaded
2024-05-17 15:04:39 WARNING: No new file uploaded
2024-05-17 15:04:51 WARNING: No new file uploaded
2024-05-17 15:05:02 WARNING: No new file uploaded
2024-05-17 15:05:14 WARNING: No new file uploaded
2024-05-17 15:05:26 WARNING: No new file uploaded
2024-05-17 15:05:38 WARNING: No new file uploaded
2024-05-17 15:05:49 WARNING: No new file uploaded
2024-05-17 15:06:01 WARNING: No new file uploaded
2024-05-17 15:06:13 WARNING: No new file uploaded
2024-05-17 15:06:25 WARNING: No new file uploaded
2024-05-17 15:06:36 WARNING: No new file uploaded
2024-05-17 15:06:48 WARNING: No new file uploaded
2024-05-17 15:07:00 WARNING: No new file uploaded
2024-05-17 15:07:12 WARNING: No new file uploaded
2024-05-17 15:07:23 WARNING: No new file uploaded
2024-05-17 15:07:35 WARNING: No new file uploaded
2024-05-17 15:07:47 WARNING: No new file uploaded
2024-05-17 15:07:59 WARNING: No new file uploaded
2024-05-17 15:08:10 WARNING: No new file uploaded
2024-05-17 15:08:22 WARNING: No new file uploaded
2024-05-17 15:08:34 WARNING: No new file uploaded
2024-05-17 15:08:46 WARNING: No new file uploaded
2024-05-17 15:08:57 WARNING: No new file uploaded
2024-05-17 15:09:09 WARNING: No new file uploaded
2024-05-17 15:09:21 WARNING: No new file uploaded
2024-05-17 15:09:33 WARNING: No new file uploaded
2024-05-17 15:09:44 WARNING: No new file uploaded
2024-05-17 15:09:56 WARNING: No new file uploaded
2024-05-17 15:10:08 WARNING: No new file uploaded
2024-05-17 15:10:20 WARNING: No new file uploaded
2024-05-17 15:10:31 WARNING: No new file uploaded
2024-05-17 15:10:43 WARNING: No new file uploaded
2024-05-17 15:10:55 WARNING: No new file uploaded
2024-05-17 15:11:07 WARNING: No new file uploaded
2024-05-17 15:11:18 WARNING: No new file uploaded
2024-05-17 15:11:30 WARNING: No new file uploaded
2024-05-17 15:11:42 WARNING: No new file uploaded
2024-05-17 15:11:54 WARNING: No new file uploaded
2024-05-17 15:12:05 WARNING: No new file uploaded
2024-05-17 15:12:17 WARNING: No new file uploaded
2024-05-17 15:12:29 WARNING: No new file uploaded
2024-05-17 15:12:41 WARNING: No new file uploaded
2024-05-17 15:12:52 WARNING: No new file uploaded
2024-05-17 15:13:04 WARNING: No new file uploaded
2024-05-17 15:13:16 WARNING: No new file uploaded
2024-05-17 15:13:27 WARNING: No new file uploaded
2024-05-17 15:13:39 WARNING: No new file uploaded
2024-05-17 15:13:51 WARNING: No new file uploaded
2024-05-17 15:14:03 WARNING: No new file uploaded
2024-05-17 15:14:14 WARNING: No new file uploaded
2024-05-17 15:14:26 WARNING: No new file uploaded
2024-05-17 15:14:38 WARNING: No new file uploaded
2024-05-17 15:14:49 WARNING: No new file uploaded
2024-05-17 15:15:01 WARNING: No new file uploaded
2024-05-17 15:15:13 WARNING: No new file uploaded
2024-05-17 15:15:25 WARNING: No new file uploaded
2024-05-17 15:15:36 WARNING: No new file uploaded
2024-05-17 15:15:48 WARNING: No new file uploaded
2024-05-17 15:16:00 WARNING: No new file uploaded
2024-05-17 15:16:12 WARNING: No new file uploaded
2024-05-17 15:16:23 WARNING: No new file uploaded
2024-05-17 15:16:35 WARNING: No new file uploaded
2024-05-17 15:16:47 WARNING: No new file uploaded
2024-05-17 15:16:58 WARNING: No new file uploaded
2024-05-17 15:17:10 WARNING: No new file uploaded
2024-05-17 15:17:21 WARNING: No new file uploaded
2024-05-17 15:17:33 WARNING: No new file uploaded
2024-05-17 15:17:45 WARNING: No new file uploaded
2024-05-17 15:17:56 WARNING: No new file uploaded
2024-05-17 15:18:08 WARNING: No new file uploaded
[midas2cloud,TALK] software alarm: Program cygnus_daq is not running
[midas2cloud,TALK] software alarm: Program cygnus_daq is not running
[midas2cloud,TALK] software alarm: Program cygnus_daq is not running
[midas2cloud,TALK] software alarm: Program cygnus_daq is not running
[midas2cloud,TALK] software alarm: Program cygnus_daq is not running
[midas2cloud,TALK] software alarm: Program cygnus_daq is not running
[midas2cloud,TALK] software alarm: Program cygnus_daq is not running
[midas2cloud,TALK] software alarm: Program cygnus_daq is not running
[midas2cloud,TALK] software alarm: Program cygnus_daq is not running
[midas2cloud,TALK] software alarm: Program cygnus_daq is not running
[midas2cloud,TALK] software alarm: Program cygnus_daq is not running
[midas2cloud,TALK] software alarm: Program cygnus_daq is not running
[midas2cloud,TALK] software alarm: Program cygnus_daq is not running
[midas2cloud,TALK] software alarm: Program cygnus_daq is not running
[midas2cloud,TALK] software alarm: Program cygnus_daq is not running
[midas2cloud,TALK] software alarm: Program cygnus_daq is not running
[midas2cloud,TALK] software alarm: Program cygnus_daq is not running
[midas2cloud,TALK] software alarm: Program cygnus_daq is not running
[midas2cloud,TALK] software alarm: Program cygnus_daq is not running
[midas2cloud,TALK] software alarm: Program cygnus_daq is not running
[midas2cloud,TALK] software alarm: Program cygnus_daq is not running
[midas2cloud,TALK] software alarm: Program cygnus_daq is not running
[midas2cloud,TALK] software alarm: Program cygnus_daq is not running
[midas2cloud,TALK] software alarm: Program cygnus_daq is not running
[midas2cloud,TALK] software alarm: Program cygnus_daq is not running
[midas2cloud,TALK] software alarm: Program cygnus_daq is not running
[midas2cloud,TALK] software alarm: Program cygnus_daq is not running
[midas2cloud,TALK] software alarm: Program cygnus_daq is not running
[midas2cloud,TALK] software alarm: Program cygnus_daq is not running
[midas2cloud,TALK] software alarm: Program cygnus_daq is not running
[midas2cloud,TALK] software alarm: Program cygnus_daq is not running
[midas2cloud,TALK] software alarm: Program cygnus_daq is not running
[midas2cloud,TALK] software alarm: Program cygnus_daq is not running
[midas2cloud,TALK] software alarm: Program cygnus_daq is not running
[midas2cloud,TALK] software alarm: Program cygnus_daq is not running
[midas2cloud,TALK] software alarm: Program cygnus_daq is not running
[midas2cloud,TALK] software alarm: Program cygnus_daq is not running
[midas2cloud,TALK] software alarm: Program cygnus_daq is not running
[midas2cloud,TALK] software alarm: Program cygnus_daq is not running
[midas2cloud,TALK] software alarm: Program cygnus_daq is not running
[midas2cloud,TALK] software alarm: Program cygnus_daq is not running
[midas2cloud,TALK] software alarm: Program cygnus_daq is not running
[midas2cloud,TALK] software alarm: Program cygnus_daq is not running
[midas2cloud,TALK] software alarm: Program cygnus_daq is not running
[midas2cloud,TALK] software alarm: Program cygnus_daq is not running
[midas2cloud,TALK] software alarm: Program cygnus_daq is not running
[midas2cloud,TALK] software alarm: Program cygnus_daq is not running
[midas2cloud,TALK] software alarm: Program cygnus_daq is not running
[midas2cloud,TALK] software alarm: Program cygnus_daq is not running
[midas2cloud,TALK] software alarm: Program cygnus_daq is not running
[midas2cloud,TALK] software alarm: Program cygnus_daq is not running
[midas2cloud,TALK] software alarm: Program cygnus_daq is not running
[midas2cloud,TALK] software alarm: Program cygnus_daq is not running
[midas2cloud,TALK] software alarm: Program cygnus_daq is not running
[midas2cloud,TALK] software alarm: Program cygnus_daq is not running
[midas2cloud,TALK] software alarm: Program cygnus_daq is not running
[midas2cloud,TALK] software alarm: Program cygnus_daq is not running
[midas2cloud,TALK] software alarm: Program cygnus_daq is not running
[midas2cloud,TALK] software alarm: Program cygnus_daq is not running
[midas2cloud,TALK] software alarm: Program cygnus_daq is not running
[midas2cloud,TALK] software alarm: Program cygnus_daq is not running
[midas2cloud,TALK] software alarm: Program cygnus_daq is not running
[midas2cloud,TALK] software alarm: Program cygnus_daq is not running
[midas2cloud,TALK] software alarm: Program cygnus_daq is not running
[midas2cloud,TALK] software alarm: Program cygnus_daq is not running
[midas2cloud,TALK] software alarm: Program cygnus_daq is not running
[midas2cloud,TALK] software alarm: Program cygnus_daq is not running
[midas2cloud,TALK] software alarm: Program cygnus_daq is not running
[midas2cloud,TALK] software alarm: Program cygnus_daq is not running
[midas2cloud,TALK] software alarm: Program cygnus_daq is not running
[midas2cloud,TALK] software alarm: Program cygnus_daq is not running
[midas2cloud,TALK] software alarm: Program cygnus_daq is not running
[midas2cloud,TALK] software alarm: Program cygnus_daq is not running
[midas2cloud,TALK] software alarm: Program cygnus_daq is not running
[midas2cloud,TALK] software alarm: Program cygnus_daq is not running
[midas2cloud,TALK] software alarm: Program cygnus_daq is not running
[midas2cloud,TALK] software alarm: Program cygnus_daq is not running
[midas2cloud,TALK] software alarm: Program cygnus_daq is not running
[midas2cloud,TALK] software alarm: Program cygnus_daq is not running
[midas2cloud,TALK] software alarm: Program cygnus_daq is not running
[midas2cloud,TALK] software alarm: Program cygnus_daq is not running
[midas2cloud,TALK] software alarm: Program cygnus_daq is not running
[midas2cloud,TALK] software alarm: Program cygnus_daq is not running
[midas2cloud,TALK] software alarm: Program cygnus_daq is not running
[midas2cloud,TALK] software alarm: Program cygnus_daq is not running
[midas2cloud,TALK] software alarm: Program cygnus_daq is not running
[midas2cloud,TALK] software alarm: Program cygnus_daq is not running
[midas2cloud,TALK] software alarm: Program cygnus_daq is not running
[midas2cloud,TALK] software alarm: Program cygnus_daq is not running
[midas2cloud,TALK] software alarm: Program cygnus_daq is not running
[midas2cloud,TALK] software alarm: Program cygnus_daq is not running
[midas2cloud,TALK] software alarm: Program cygnus_daq is not running
[midas2cloud,TALK] software alarm: Program cygnus_daq is not running
[midas2cloud,TALK] software alarm: Program cygnus_daq is not running
[midas2cloud,TALK] software alarm: Program cygnus_daq is not running
[midas2cloud,TALK] software alarm: Program cygnus_daq is not running
[midas2cloud,TALK] software alarm: Program cygnus_daq is not running
[midas2cloud,TALK] software alarm: Program cygnus_daq is not running
[midas2cloud,TALK] software alarm: Program cygnus_daq is not running
[midas2cloud,TALK] software alarm: Program cygnus_daq is not running
[midas2cloud,TALK] software alarm: Program cygnus_daq is not running
[midas2cloud,TALK] software alarm: Program cygnus_daq is not running
[midas2cloud,TALK] software alarm: Program cygnus_daq is not running
[midas2cloud,TALK] software alarm: Program cygnus_daq is not running
[midas2cloud,TALK] software alarm: Program cygnus_daq is not running
[midas2cloud,TALK] software alarm: Program cygnus_daq is not running
[midas2cloud,TALK] software alarm: Program cygnus_daq is not running
[midas2cloud,TALK] software alarm: Program cygnus_daq is not running
[midas2cloud,TALK] software alarm: Program cygnus_daq is not running
[midas2cloud,TALK] software alarm: Program cygnus_daq is not running
[midas2cloud,TALK] software alarm: Program cygnus_daq is not running
[midas2cloud,TALK] software alarm: Program cygnus_daq is not running
[midas2cloud,TALK] software alarm: Program cygnus_daq is not running
[midas2cloud,TALK] software alarm: Program cygnus_daq is not running
[midas2cloud,TALK] software alarm: Program cygnus_daq is not running
[midas2cloud,TALK] software alarm: Program cygnus_daq is not running
[midas2cloud,TALK] software alarm: Program cygnus_daq is not running
[midas2cloud,TALK] software alarm: Program cygnus_daq is not running
[midas2cloud,TALK] software alarm: Program cygnus_2024-05-17 15:18:20 WARNING: No new file uploaded
2024-05-17 15:18:31 WARNING: No new file uploaded
2024-05-17 15:18:43 WARNING: No new file uploaded
2024-05-17 15:18:54 WARNING: No new file uploaded
2024-05-17 15:19:06 WARNING: No new file uploaded
2024-05-17 15:19:18 WARNING: No new file uploaded
2024-05-17 15:19:29 WARNING: No new file uploaded
2024-05-17 15:19:41 WARNING: No new file uploaded
2024-05-17 15:19:52 WARNING: No new file uploaded
2024-05-17 15:20:04 WARNING: No new file uploaded
2024-05-17 15:20:15 WARNING: No new file uploaded
2024-05-17 15:20:27 WARNING: No new file uploaded
2024-05-17 15:20:39 WARNING: No new file uploaded
2024-05-17 15:20:50 WARNING: No new file uploaded
2024-05-17 15:21:02 WARNING: No new file uploaded
2024-05-17 15:21:13 WARNING: No new file uploaded
2024-05-17 15:21:25 WARNING: No new file uploaded
2024-05-17 15:21:37 WARNING: No new file uploaded
2024-05-17 15:21:48 WARNING: No new file uploaded
2024-05-17 15:22:00 WARNING: No new file uploaded
2024-05-17 15:22:11 WARNING: No new file uploaded
2024-05-17 15:22:23 WARNING: No new file uploaded
2024-05-17 15:22:35 WARNING: No new file uploaded
2024-05-17 15:22:46 WARNING: No new file uploaded
2024-05-17 15:22:58 Udatentig matadata for filer file: run16052.mid.gz
2024-05-17 15:22:59 Transferring file: run16052.mid.gz
2024-05-17 15:22:59 Uploading file: run16052.mid.gz
2024-05-17 15:22:59 Upload done: run16052.mid.gz
Midas shutdown
daq is not running
[midas2cloud,TALK] software alarm: Program cygnus_daq is not running
[midas2cloud,TALK] software alarm: Program cygnus_daq is not running
[midas2cloud,TALK] software alarm: Program cygnus_daq is not running
[midas2cloud,TALK] software alarm: Program cygnus_daq is not running
[midas2cloud,TALK] software alarm: Program cygnus_daq is not running
[midas2cloud,TALK] software alarm: Program cygnus_daq is not running
[midas2cloud,TALK] software alarm: Program cygnus_daq is not running
[midas2cloud,TALK] software alarm: Program cygnus_daq is not running
[midas2cloud,TALK] software alarm: Program cygnus_daq is not running
[midas2cloud,TALK] software alarm: Program cygnus_daq is not running
[midas2cloud,TALK] software alarm: Program cygnus_daq is not running
[midas2cloud,TALK] software alarm: Program cygnus_daq is not running
[midas2cloud,TALK] software alarm: Program cygnus_daq is not running
[midas2cloud,TALK] software alarm: Program cygnus_daq is not running
[midas2cloud,TALK] software alarm: Program cygnus_daq is not running
[midas2cloud,TALK] software alarm: Program cygnus_daq is not running
[midas2cloud,TALK] software alarm: Program cygnus_daq is not running
[midas2cloud,TALK] software alarm: Program cygnus_daq is not running
[midas2cloud,TALK] software alarm: Program cygnus_daq is not running
[midas2cloud,TALK] software alarm: Program cygnus_daq is not running
[midas2cloud,TALK] software alarm: Program cygnus_daq is not running
[midas2cloud,TALK] software alarm: Program cygnus_daq is not running
[midas2cloud,TALK] software alarm: Program cygnus_daq is not running
[midas2cloud,TALK] software alarm: Program cygnus_daq is not running
[midas2cloud,TALK] software alarm: Program cygnus_daq is not running
[midas2cloud,TALK] software alarm: Program cygnus_daq is not running
[midas2cloud,TALK] software alarm: Program cygnus_daq is not running
[midas2cloud,TALK] software alarm: Program cygnus_daq is not running
[midas2cloud,TALK] software alarm: Program cygnus_daq is not running
[midas2cloud,TALK] software alarm: Program cygnus_daq is not running
[midas2cloud,TALK] software alarm: Program cygnus_daq is not running
[midas2cloud,TALK] software alarm: Program cygnus_daq is not running
[midas2cloud,TALK] software alarm: Program cygnus_daq is not running
[midas2cloud,TALK] software alarm: Program cygnus_daq is not running
[midas2cloud,TALK] software alarm: Program cygnus_daq is not running
[midas2cloud,TALK] software alarm: Program cygnus_daq is not running
[midas2cloud,TALK] software alarm: Program cygnus_daq is not running
[midas2cloud,TALK] software alarm: Program cygnus_daq is not running
[midas2cloud,TALK] software alarm: Program cygnus_daq is not running
[midas2cloud,TALK] software alarm: Program cygnus_daq is not running
[midas2cloud,TALK] software alarm: Program cygnus_daq is not running
[midas2cloud,TALK] software alarm: Program cygnus_daq is not running
[midas2cloud,TALK] software alarm: Program cygnus_daq is not running
[midas2cloud,TALK] software alarm: Program cygnus_daq is not running
[midas2cloud,TALK] software alarm: Program cygnus_daq is not running
[midas2cloud,TALK] software alarm: Program cygnus_daq is not running
[midas2cloud,TALK] software alarm: Program cygnus_daq is not running
[midas2cloud,TALK] software alarm: Program cygnus_daq is not running
2024-05-20 11:54:16 midas2cloud started
2024-05-20 11:54:19 WARNING: No new file uploaded
2024-05-20 11:54:31 WARNING: No new file uploaded
2024-05-20 11:54:43 WARNING: No new file uploaded
2024-05-20 11:54:55 WARNING: No new file uploaded
2024-05-20 11:55:07 WARNING: No new file uploaded
2024-05-20 11:55:18 WARNING: No new file uploaded
2024-05-20 11:55:30 WARNING: No new file uploaded
2024-05-20 11:55:42 WARNING: No new file uploaded
2024-05-20 11:55:54 WARNING: No new file uploaded
2024-05-20 11:56:06 WARNING: No new file uploaded
2024-05-20 11:56:17 WARNING: No new file uploaded
2024-05-20 11:56:29 WARNING: No new file uploaded
2024-05-20 11:56:41 WARNING: No new file uploaded
2024-05-20 11:56:52 WARNING: No new file uploaded
2024-05-20 11:57:04 WARNING: No new file uploaded
2024-05-20 11:57:16 WARNING: No new file uploaded
2024-05-20 11:57:27 WARNING: No new file uploaded
2024-05-20 11:57:39 WARNING: No new file uploaded
2024-05-20 11:57:51 WARNING: No new file uploaded
2024-05-20 11:58:02 WARNING: No new file uploaded
2024-05-20 11:58:14 WARNING: No new file uploaded
2024-05-20 11:58:26 WARNING: No new file uploaded
2024-05-20 11:58:38 WARNING: No new file uploaded
2024-05-20 11:58:49 WARNING: No new file uploaded
2024-05-20 11:59:01 WARNING: No new file uploaded
2024-05-20 11:59:13 WARNING: No new file uploaded
2024-05-20 11:59:24 WARNING: No new file uploaded
2024-05-20 11:59:36 WARNING: No new file uploaded
2024-05-20 11:59:47 WARNING: No new file uploaded
2024-05-20 11:59:59 WARNING: No new file uploaded
2024-05-20 12:00:11 WARNING: No new file uploaded
2024-05-20 12:00:22 WARNING: No new file uploaded
2024-05-20 12:00:34 WARNING: No new file uploaded
2024-05-20 12:00:46 WARNING: No new file uploaded
2024-05-20 12:00:57 WARNING: No new file uploaded
2024-05-20 12:01:09 WARNING: No new file uploaded
2024-05-20 12:01:20 WARNING: No new file uploaded
2024-05-20 12:01:32 WARNING: No new file uploaded
2024-05-20 12:01:44 WARNING: No new file uploaded
2024-05-20 12:01:55 WARNING: No new file uploaded
2024-05-20 12:02:07 WARNING: No new file uploaded
2024-05-20 12:02:19 Udatentig matadata for filer file: run16055.mid.gz
2024-05-20 12:02:21 Transferring file: run16055.mid.gz
2024-05-20 12:02:21 Uploading file: run16055.mid.gz
2024-05-20 12:02:21 Upload done: run16055.mid.gz
2024-05-20 12:18:49 Udatentig matadata for filer file: run16056.mid.gz
2024-05-20 12:18:59 Transferring file: run16056.mid.gz
2024-05-20 12:18:59 Uploading file: run16056.mid.gz
2024-05-20 12:18:59 Upload done: run16056.mid.gz
2024-05-20 12:29:41 Udatentig matadata for filer file: run16057.mid.gz
2024-05-20 12:29:53 Transferring file: run16057.mid.gz
2024-05-20 12:29:53 Uploading file: run16057.mid.gz
2024-05-20 12:29:53 Upload done: run16057.mid.gz
2024-05-20 12:41:25 Udatentig matadata for filer file: run16058.mid.gz
2024-05-20 12:41:36 Transferring file: run16058.mid.gz
2024-05-20 12:41:36 Uploading file: run16058.mid.gz
2024-05-20 12:41:36 Upload done: run16058.mid.gz
2024-05-20 12:51:20 Udatentig matadata for filer file: run16059.mid.gz
2024-05-20 12:51:30 Transferring file: run16059.mid.gz
2024-05-20 12:51:30 Uploading file: run16059.mid.gz
2024-05-20 12:51:30 Upload done: run16059.mid.gz
2024-05-20 13:01:51 Udatentig matadata for filer file: run16060.mid.gz
2024-05-20 13:02:03 Transferring file: run16060.mid.gz
2024-05-20 13:02:03 Uploading file: run16060.mid.gz
2024-05-20 13:02:03 Upload done: run16060.mid.gz
2024-05-20 13:11:48 Udatentig matadata for filer file: run16061.mid.gz
2024-05-20 13:11:50 Transferring file: run16061.mid.gz
2024-05-20 13:11:50 Uploading file: run16061.mid.gz
2024-05-20 13:11:50 Upload done: run16061.mid.gz
2024-05-20 13:22:50 Udatentig matadata for filer file: run16062.mid.gz
2024-05-20 13:22:52 Transferring file: run16062.mid.gz
2024-05-20 13:22:52 Uploading file: run16062.mid.gz
2024-05-20 13:22:52 Upload done: run16062.mid.gz
2024-05-20 13:33:28 Udatentig matadata for filer file: run16063.mid.gz
2024-05-20 13:33:36 Transferring file: run16063.mid.gz
2024-05-20 13:33:36 Uploading file: run16063.mid.gz
2024-05-20 13:33:36 Upload done: run16063.mid.gz
2024-05-20 13:43:51 Udatentig matadata for filer file: run16064.mid.gz
2024-05-20 13:43:53 Transferring file: run16064.mid.gz
2024-05-20 13:43:53 Uploading file: run16064.mid.gz
2024-05-20 13:43:53 Upload done: run16064.mid.gz
2024-05-20 13:54:17 Udatentig matadata for filer file: run16065.mid.gz
2024-05-20 13:54:19 Transferring file: run16065.mid.gz
2024-05-20 13:54:19 Uploading file: run16065.mid.gz
2024-05-20 13:54:19 Upload done: run16065.mid.gz
2024-05-20 14:04:19 Udatentig matadata for filer file: run16066.mid.gz
2024-05-20 14:04:21 Transferring file: run16066.mid.gz
2024-05-20 14:04:21 Uploading file: run16066.mid.gz
2024-05-20 14:04:21 Upload done: run16066.mid.gz
2024-05-20 14:13:58 Udatentig matadata for filer file: run16067.mid.gz
2024-05-20 14:14:13 Transferring file: run16067.mid.gz
2024-05-20 14:14:13 Uploading file: run16067.mid.gz
2024-05-20 14:14:13 Upload done: run16067.mid.gz
2024-05-20 14:24:03 Udatentig matadata for filer file: run16068.mid.gz
2024-05-20 14:24:09 Transferring file: run16068.mid.gz
2024-05-20 14:24:09 Uploading file: run16068.mid.gz
2024-05-20 14:24:09 Upload done: run16068.mid.gz
2024-05-20 14:34:38 Udatentig matadata for filer file: run16069.mid.gz
2024-05-20 14:34:51 Transferring file: run16069.mid.gz
2024-05-20 14:34:51 Uploading file: run16069.mid.gz
2024-05-20 14:34:51 Upload done: run16069.mid.gz
2024-05-20 14:43:38 Udatentig matadata for filer file: run16070.mid.gz
2024-05-20 14:43:46 Transferring file: run16070.mid.gz
2024-05-20 14:43:46 Uploading file: run16070.mid.gz
2024-05-20 14:43:46 Upload done: run16070.mid.gz
2024-05-20 14:54:39 Udatentig matadata for filer file: run16071.mid.gz
2024-05-20 14:54:40 Transferring file: run16071.mid.gz
2024-05-20 14:54:40 Uploading file: run16071.mid.gz
2024-05-20 14:54:40 Upload done: run16071.mid.gz
2024-05-20 15:06:50 Udatentig matadata for filer file: run16072.mid.gz
2024-05-20 15:07:02 Transferring file: run16072.mid.gz
2024-05-20 15:07:02 Uploading file: run16072.mid.gz
2024-05-20 15:07:02 Upload done: run16072.mid.gz
2024-05-20 15:16:49 Udatentig matadata for filer file: run16073.mid.gz
2024-05-20 15:16:53 Transferring file: run16073.mid.gz
2024-05-20 15:16:53 Uploading file: run16073.mid.gz
2024-05-20 15:16:53 Upload done: run16073.mid.gz
2024-05-20 15:27:48 Udatentig matadata for filer file: run16074.mid.gz
2024-05-20 15:27:53 Transferring file: run16074.mid.gz
2024-05-20 15:27:53 Uploading file: run16074.mid.gz
2024-05-20 15:27:53 Upload done: run16074.mid.gz
2024-05-20 15:36:31 Udatentig matadata for filer file: run16075.mid.gz
2024-05-20 15:36:33 Transferring file: run16075.mid.gz
2024-05-20 15:36:33 Uploading file: run16075.mid.gz
2024-05-20 15:36:33 Upload done: run16075.mid.gz
2024-05-20 15:50:13 Udatentig matadata for filer file: run16076.mid.gz
2024-05-20 15:50:21 Transferring file: run16076.mid.gz
2024-05-20 15:50:21 Uploading file: run16076.mid.gz
2024-05-20 15:50:21 Upload done: run16076.mid.gz
2024-05-20 16:00:52 Udatentig matadata for filer file: run16077.mid.gz
2024-05-20 16:00:54 Transferring file: run16077.mid.gz
2024-05-20 16:00:54 Uploading file: run16077.mid.gz
2024-05-20 16:00:54 Upload done: run16077.mid.gz
2024-05-20 16:11:15 Udatentig matadata for filer file: run16078.mid.gz
2024-05-20 16:11:16 Transferring file: run16078.mid.gz
2024-05-20 16:11:16 Uploading file: run16078.mid.gz
2024-05-20 16:11:16 Upload done: run16078.mid.gz
2024-05-20 16:22:03 Udatentig matadata for filer file: run16079.mid.gz
2024-05-20 16:22:11 Transferring file: run16079.mid.gz
2024-05-20 16:22:11 Uploading file: run16079.mid.gz
2024-05-20 16:22:11 Upload done: run16079.mid.gz
2024-05-20 16:33:23 Udatentig matadata for filer file: run16080.mid.gz
2024-05-20 16:33:24 Transferring file: run16080.mid.gz
2024-05-20 16:33:24 Uploading file: run16080.mid.gz
2024-05-20 16:33:24 Upload done: run16080.mid.gz
2024-05-20 16:44:49 Udatentig matadata for filer file: run16081.mid.gz
2024-05-20 16:44:51 Transferring file: run16081.mid.gz
2024-05-20 16:44:51 Uploading file: run16081.mid.gz
2024-05-20 16:44:51 Upload done: run16081.mid.gz
2024-05-20 16:55:50 Udatentig matadata for filer file: run16082.mid.gz
2024-05-20 16:56:04 Transferring file: run16082.mid.gz
2024-05-20 16:56:04 Uploading file: run16082.mid.gz
2024-05-20 16:56:04 Upload done: run16082.mid.gz
2024-05-20 17:07:18 Udatentig matadata for filer file: run16083.mid.gz
2024-05-20 17:07:20 Transferring file: run16083.mid.gz
2024-05-20 17:07:20 Uploading file: run16083.mid.gz
2024-05-20 17:07:20 Upload done: run16083.mid.gz
2024-05-20 17:18:33 Udatentig matadata for filer file: run16084.mid.gz
2024-05-20 17:18:43 Transferring file: run16084.mid.gz
2024-05-20 17:18:43 Uploading file: run16084.mid.gz
2024-05-20 17:18:43 Upload done: run16084.mid.gz
2024-05-20 17:28:27 Udatentig matadata for filer file: run16085.mid.gz
2024-05-20 17:28:39 Transferring file: run16085.mid.gz
2024-05-20 17:28:39 Uploading file: run16085.mid.gz
2024-05-20 17:28:39 Upload done: run16085.mid.gz
2024-05-20 17:39:27 Udatentig matadata for filer file: run16086.mid.gz
2024-05-20 17:39:29 Transferring file: run16086.mid.gz
2024-05-20 17:39:29 Uploading file: run16086.mid.gz
2024-05-20 17:39:29 Upload done: run16086.mid.gz
2024-05-20 17:49:40 Udatentig matadata for filer file: run16087.mid.gz
2024-05-20 17:49:48 Transferring file: run16087.mid.gz
2024-05-20 17:49:48 Uploading file: run16087.mid.gz
2024-05-20 17:49:48 Upload done: run16087.mid.gz
2024-05-20 17:59:32 Udatentig matadata for filer file: run16088.mid.gz
2024-05-20 17:59:43 Transferring file: run16088.mid.gz
2024-05-20 17:59:43 Uploading file: run16088.mid.gz
2024-05-20 17:59:43 Upload done: run16088.mid.gz
2024-05-20 18:10:08 Udatentig matadata for filer file: run16089.mid.gz
2024-05-20 18:10:17 Transferring file: run16089.mid.gz
2024-05-20 18:10:17 Uploading file: run16089.mid.gz
2024-05-20 18:10:17 Upload done: run16089.mid.gz
2024-05-20 18:20:18 Udatentig matadata for filer file: run16090.mid.gz
2024-05-20 18:20:29 Transferring file: run16090.mid.gz
2024-05-20 18:20:29 Uploading file: run16090.mid.gz
2024-05-20 18:20:29 Upload done: run16090.mid.gz
2024-05-20 18:29:37 Udatentig matadata for filer file: run16091.mid.gz
2024-05-20 18:29:49 Transferring file: run16091.mid.gz
2024-05-20 18:29:49 Uploading file: run16091.mid.gz
2024-05-20 18:29:49 Upload done: run16091.mid.gz
2024-05-20 18:40:03 Udatentig matadata for filer file: run16092.mid.gz
2024-05-20 18:40:12 Transferring file: run16092.mid.gz
2024-05-20 18:40:12 Uploading file: run16092.mid.gz
2024-05-20 18:40:12 Upload done: run16092.mid.gz
2024-05-20 18:50:13 Udatentig matadata for filer file: run16093.mid.gz
2024-05-20 18:50:23 Transferring file: run16093.mid.gz
2024-05-20 18:50:23 Uploading file: run16093.mid.gz
2024-05-20 18:50:23 Upload done: run16093.mid.gz
2024-05-20 19:00:09 Udatentig matadata for filer file: run16094.mid.gz
2024-05-20 19:00:11 Transferring file: run16094.mid.gz
2024-05-20 19:00:11 Uploading file: run16094.mid.gz
2024-05-20 19:00:11 Upload done: run16094.mid.gz
2024-05-20 19:10:00 Udatentig matadata for filer file: run16095.mid.gz
2024-05-20 19:10:02 Transferring file: run16095.mid.gz
2024-05-20 19:10:02 Uploading file: run16095.mid.gz
2024-05-20 19:10:02 Upload done: run16095.mid.gz
2024-05-20 19:21:46 Udatentig matadata for filer file: run16096.mid.gz
2024-05-20 19:21:55 Transferring file: run16096.mid.gz
2024-05-20 19:21:55 Uploading file: run16096.mid.gz
2024-05-20 19:21:55 Upload done: run16096.mid.gz
2024-05-20 19:32:11 Udatentig matadata for filer file: run16097.mid.gz
2024-05-20 19:32:13 Transferring file: run16097.mid.gz
2024-05-20 19:32:13 Uploading file: run16097.mid.gz
2024-05-20 19:32:13 Upload done: run16097.mid.gz
2024-05-20 19:42:41 Udatentig matadata for filer file: run16098.mid.gz
2024-05-20 19:42:43 Transferring file: run16098.mid.gz
2024-05-20 19:42:43 Uploading file: run16098.mid.gz
2024-05-20 19:42:43 Upload done: run16098.mid.gz
2024-05-20 19:52:19 Udatentig matadata for filer file: run16099.mid.gz
2024-05-20 19:52:29 Transferring file: run16099.mid.gz
2024-05-20 19:52:29 Uploading file: run16099.mid.gz
2024-05-20 19:52:29 Upload done: run16099.mid.gz
2024-05-20 20:02:21 Udatentig matadata for filer file: run16100.mid.gz
2024-05-20 20:02:23 Transferring file: run16100.mid.gz
2024-05-20 20:02:23 Uploading file: run16100.mid.gz
2024-05-20 20:02:23 Upload done: run16100.mid.gz
2024-05-20 20:11:12 Udatentig matadata for filer file: run16101.mid.gz
2024-05-20 20:11:14 Transferring file: run16101.mid.gz
2024-05-20 20:11:14 Uploading file: run16101.mid.gz
2024-05-20 20:11:14 Upload done: run16101.mid.gz
2024-05-20 20:20:53 Udatentig matadata for filer file: run16102.mid.gz
2024-05-20 20:21:06 Transferring file: run16102.mid.gz
2024-05-20 20:21:06 Uploading file: run16102.mid.gz
2024-05-20 20:21:06 Upload done: run16102.mid.gz
2024-05-20 20:30:19 Udatentig matadata for filer file: run16103.mid.gz
2024-05-20 20:30:21 Transferring file: run16103.mid.gz
2024-05-20 20:30:21 Uploading file: run16103.mid.gz
2024-05-20 20:30:21 Upload done: run16103.mid.gz
2024-05-20 20:41:31 Udatentig matadata for filer file: run16104.mid.gz
2024-05-20 20:41:41 Transferring file: run16104.mid.gz
2024-05-20 20:41:41 Uploading file: run16104.mid.gz
2024-05-20 20:41:41 Upload done: run16104.mid.gz
2024-05-20 20:50:53 Udatentig matadata for filer file: run16105.mid.gz
2024-05-20 20:50:55 Transferring file: run16105.mid.gz
2024-05-20 20:50:55 Uploading file: run16105.mid.gz
2024-05-20 20:50:55 Upload done: run16105.mid.gz
2024-05-20 21:01:00 Udatentig matadata for filer file: run16106.mid.gz
2024-05-20 21:01:10 Transferring file: run16106.mid.gz
2024-05-20 21:01:10 Uploading file: run16106.mid.gz
2024-05-20 21:01:10 Upload done: run16106.mid.gz
2024-05-20 21:09:34 Udatentig matadata for filer file: run16107.mid.gz
2024-05-20 21:09:42 Transferring file: run16107.mid.gz
2024-05-20 21:09:42 Uploading file: run16107.mid.gz
2024-05-20 21:09:42 Upload done: run16107.mid.gz
2024-05-20 21:19:35 Udatentig matadata for filer file: run16108.mid.gz
2024-05-20 21:19:46 Transferring file: run16108.mid.gz
2024-05-20 21:19:46 Uploading file: run16108.mid.gz
2024-05-20 21:19:46 Upload done: run16108.mid.gz
2024-05-20 21:28:35 Udatentig matadata for filer file: run16109.mid.gz
2024-05-20 21:28:40 Transferring file: run16109.mid.gz
2024-05-20 21:28:40 Uploading file: run16109.mid.gz
2024-05-20 21:28:40 Upload done: run16109.mid.gz
2024-05-20 21:37:56 Udatentig matadata for filer file: run16110.mid.gz
2024-05-20 21:37:57 Transferring file: run16110.mid.gz
2024-05-20 21:37:57 Uploading file: run16110.mid.gz
2024-05-20 21:37:57 Upload done: run16110.mid.gz
2024-05-20 21:47:07 Udatentig matadata for filer file: run16111.mid.gz
2024-05-20 21:47:23 Transferring file: run16111.mid.gz
2024-05-20 21:47:23 Uploading file: run16111.mid.gz
2024-05-20 21:47:23 Upload done: run16111.mid.gz
2024-05-20 21:57:07 Udatentig matadata for filer file: run16112.mid.gz
2024-05-20 21:57:15 Transferring file: run16112.mid.gz
2024-05-20 21:57:15 Uploading file: run16112.mid.gz
2024-05-20 21:57:15 Upload done: run16112.mid.gz
2024-05-20 22:06:06 Udatentig matadata for filer file: run16113.mid.gz
2024-05-20 22:06:08 Transferring file: run16113.mid.gz
2024-05-20 22:06:08 Uploading file: run16113.mid.gz
2024-05-20 22:06:08 Upload done: run16113.mid.gz
2024-05-20 22:15:38 Udatentig matadata for filer file: run16114.mid.gz
2024-05-20 22:15:47 Transferring file: run16114.mid.gz
2024-05-20 22:15:47 Uploading file: run16114.mid.gz
2024-05-20 22:15:47 Upload done: run16114.mid.gz
2024-05-20 22:24:33 Udatentig matadata for filer file: run16115.mid.gz
2024-05-20 22:24:35 Transferring file: run16115.mid.gz
2024-05-20 22:24:35 Uploading file: run16115.mid.gz
2024-05-20 22:24:35 Upload done: run16115.mid.gz
2024-05-20 22:39:07 Udatentig matadata for filer file: run16116.mid.gz
2024-05-20 22:39:08 Transferring file: run16116.mid.gz
2024-05-20 22:39:08 Uploading file: run16116.mid.gz
2024-05-20 22:39:08 Upload done: run16116.mid.gz
2024-05-20 22:49:17 Udatentig matadata for filer file: run16117.mid.gz
2024-05-20 22:49:26 Transferring file: run16117.mid.gz
2024-05-20 22:49:26 Uploading file: run16117.mid.gz
2024-05-20 22:49:26 Upload done: run16117.mid.gz
2024-05-20 23:01:08 Udatentig matadata for filer file: run16118.mid.gz
2024-05-20 23:01:10 Transferring file: run16118.mid.gz
2024-05-20 23:01:10 Uploading file: run16118.mid.gz
2024-05-20 23:01:10 Upload done: run16118.mid.gz
2024-05-20 23:12:14 Udatentig matadata for filer file: run16119.mid.gz
2024-05-20 23:12:20 Transferring file: run16119.mid.gz
2024-05-20 23:12:20 Uploading file: run16119.mid.gz
2024-05-20 23:12:20 Upload done: run16119.mid.gz
2024-05-20 23:23:12 Udatentig matadata for filer file: run16120.mid.gz
2024-05-20 23:23:13 Transferring file: run16120.mid.gz
2024-05-20 23:23:13 Uploading file: run16120.mid.gz
2024-05-20 23:23:13 Upload done: run16120.mid.gz
2024-05-20 23:33:17 Udatentig matadata for filer file: run16121.mid.gz
2024-05-20 23:33:29 Transferring file: run16121.mid.gz
2024-05-20 23:33:29 Uploading file: run16121.mid.gz
2024-05-20 23:33:29 Upload done: run16121.mid.gz
2024-05-20 23:42:48 Udatentig matadata for filer file: run16122.mid.gz
2024-05-20 23:42:50 Transferring file: run16122.mid.gz
2024-05-20 23:42:50 Uploading file: run16122.mid.gz
2024-05-20 23:42:50 Upload done: run16122.mid.gz
2024-05-20 23:54:21 Udatentig matadata for filer file: run16123.mid.gz
2024-05-20 23:54:36 Transferring file: run16123.mid.gz
2024-05-20 23:54:36 Uploading file: run16123.mid.gz
2024-05-20 23:54:36 Upload done: run16123.mid.gz
2024-05-21 00:04:01 Udatentig matadata for filer file: run16124.mid.gz
2024-05-21 00:04:13 Transferring file: run16124.mid.gz
2024-05-21 00:04:13 Uploading file: run16124.mid.gz
2024-05-21 00:04:13 Upload done: run16124.mid.gz
2024-05-21 00:14:26 Udatentig matadata for filer file: run16125.mid.gz
2024-05-21 00:14:31 Transferring file: run16125.mid.gz
2024-05-21 00:14:31 Uploading file: run16125.mid.gz
2024-05-21 00:14:31 Upload done: run16125.mid.gz
2024-05-21 00:24:32 Udatentig matadata for filer file: run16126.mid.gz
2024-05-21 00:24:34 Transferring file: run16126.mid.gz
2024-05-21 00:24:34 Uploading file: run16126.mid.gz
2024-05-21 00:24:34 Upload done: run16126.mid.gz
2024-05-21 00:34:08 Udatentig matadata for filer file: run16127.mid.gz
2024-05-21 00:34:21 Transferring file: run16127.mid.gz
2024-05-21 00:34:21 Uploading file: run16127.mid.gz
2024-05-21 00:34:21 Upload done: run16127.mid.gz
2024-05-21 00:43:42 Udatentig matadata for filer file: run16128.mid.gz
2024-05-21 00:43:49 Transferring file: run16128.mid.gz
2024-05-21 00:43:49 Uploading file: run16128.mid.gz
2024-05-21 00:43:49 Upload done: run16128.mid.gz
2024-05-21 00:54:03 Udatentig matadata for filer file: run16129.mid.gz
2024-05-21 00:54:05 Transferring file: run16129.mid.gz
2024-05-21 00:54:05 Uploading file: run16129.mid.gz
2024-05-21 00:54:05 Upload done: run16129.mid.gz
2024-05-21 01:04:07 Udatentig matadata for filer file: run16130.mid.gz
2024-05-21 01:04:16 Transferring file: run16130.mid.gz
2024-05-21 01:04:16 Uploading file: run16130.mid.gz
2024-05-21 01:04:16 Upload done: run16130.mid.gz
2024-05-21 01:14:06 Udatentig matadata for filer file: run16131.mid.gz
2024-05-21 01:14:13 Transferring file: run16131.mid.gz
2024-05-21 01:14:13 Uploading file: run16131.mid.gz
2024-05-21 01:14:13 Upload done: run16131.mid.gz
2024-05-21 01:25:08 Udatentig matadata for filer file: run16132.mid.gz
2024-05-21 01:25:10 Transferring file: run16132.mid.gz
2024-05-21 01:25:10 Uploading file: run16132.mid.gz
2024-05-21 01:25:10 Upload done: run16132.mid.gz
2024-05-21 01:35:39 Udatentig matadata for filer file: run16133.mid.gz
2024-05-21 01:35:41 Transferring file: run16133.mid.gz
2024-05-21 01:35:41 Uploading file: run16133.mid.gz
2024-05-21 01:35:41 Upload done: run16133.mid.gz
2024-05-21 01:44:39 Udatentig matadata for filer file: run16134.mid.gz
2024-05-21 01:44:49 Transferring file: run16134.mid.gz
2024-05-21 01:44:49 Uploading file: run16134.mid.gz
2024-05-21 01:44:49 Upload done: run16134.mid.gz
2024-05-21 01:54:27 Udatentig matadata for filer file: run16135.mid.gz
2024-05-21 01:54:29 Transferring file: run16135.mid.gz
2024-05-21 01:54:29 Uploading file: run16135.mid.gz
2024-05-21 01:54:29 Upload done: run16135.mid.gz
2024-05-21 02:08:58 Udatentig matadata for filer file: run16136.mid.gz
2024-05-21 02:08:59 Transferring file: run16136.mid.gz
2024-05-21 02:08:59 Uploading file: run16136.mid.gz
2024-05-21 02:08:59 Upload done: run16136.mid.gz
2024-05-21 02:20:10 Udatentig matadata for filer file: run16137.mid.gz
2024-05-21 02:20:24 Transferring file: run16137.mid.gz
2024-05-21 02:20:24 Uploading file: run16137.mid.gz
2024-05-21 02:20:24 Upload done: run16137.mid.gz
2024-05-21 02:31:34 Udatentig matadata for filer file: run16138.mid.gz
2024-05-21 02:31:36 Transferring file: run16138.mid.gz
2024-05-21 02:31:36 Uploading file: run16138.mid.gz
2024-05-21 02:31:36 Upload done: run16138.mid.gz
2024-05-21 02:43:30 Udatentig matadata for filer file: run16139.mid.gz
2024-05-21 02:43:39 Transferring file: run16139.mid.gz
2024-05-21 02:43:39 Uploading file: run16139.mid.gz
2024-05-21 02:43:39 Upload done: run16139.mid.gz
2024-05-21 02:53:16 Udatentig matadata for filer file: run16140.mid.gz
2024-05-21 02:53:26 Transferring file: run16140.mid.gz
2024-05-21 02:53:26 Uploading file: run16140.mid.gz
2024-05-21 02:53:26 Upload done: run16140.mid.gz
2024-05-21 03:04:25 Udatentig matadata for filer file: run16141.mid.gz
2024-05-21 03:04:27 Transferring file: run16141.mid.gz
2024-05-21 03:04:27 Uploading file: run16141.mid.gz
2024-05-21 03:04:27 Upload done: run16141.mid.gz
2024-05-21 03:14:20 Udatentig matadata for filer file: run16142.mid.gz
2024-05-21 03:14:30 Transferring file: run16142.mid.gz
2024-05-21 03:14:30 Uploading file: run16142.mid.gz
2024-05-21 03:14:30 Upload done: run16142.mid.gz
2024-05-21 03:24:22 Udatentig matadata for filer file: run16143.mid.gz
2024-05-21 03:24:31 Transferring file: run16143.mid.gz
2024-05-21 03:24:31 Uploading file: run16143.mid.gz
2024-05-21 03:24:31 Upload done: run16143.mid.gz
2024-05-21 03:35:31 Udatentig matadata for filer file: run16144.mid.gz
2024-05-21 03:35:37 Transferring file: run16144.mid.gz
2024-05-21 03:35:37 Uploading file: run16144.mid.gz
2024-05-21 03:35:37 Upload done: run16144.mid.gz
2024-05-21 03:45:33 Udatentig matadata for filer file: run16145.mid.gz
2024-05-21 03:45:43 Transferring file: run16145.mid.gz
2024-05-21 03:45:43 Uploading file: run16145.mid.gz
2024-05-21 03:45:43 Upload done: run16145.mid.gz
2024-05-21 03:55:38 Udatentig matadata for filer file: run16146.mid.gz
2024-05-21 03:55:48 Transferring file: run16146.mid.gz
2024-05-21 03:55:48 Uploading file: run16146.mid.gz
2024-05-21 03:55:48 Upload done: run16146.mid.gz
2024-05-21 04:04:51 Udatentig matadata for filer file: run16147.mid.gz
2024-05-21 04:04:53 Transferring file: run16147.mid.gz
2024-05-21 04:04:53 Uploading file: run16147.mid.gz
2024-05-21 04:04:53 Upload done: run16147.mid.gz
2024-05-21 04:15:55 Udatentig matadata for filer file: run16148.mid.gz
2024-05-21 04:15:57 Transferring file: run16148.mid.gz
2024-05-21 04:15:57 Uploading file: run16148.mid.gz
2024-05-21 04:15:57 Upload done: run16148.mid.gz
2024-05-21 04:26:45 Udatentig matadata for filer file: run16149.mid.gz
2024-05-21 04:26:58 Transferring file: run16149.mid.gz
2024-05-21 04:26:58 Uploading file: run16149.mid.gz
2024-05-21 04:26:58 Upload done: run16149.mid.gz
2024-05-21 04:35:34 Udatentig matadata for filer file: run16150.mid.gz
2024-05-21 04:35:42 Transferring file: run16150.mid.gz
2024-05-21 04:35:42 Uploading file: run16150.mid.gz
2024-05-21 04:35:42 Upload done: run16150.mid.gz
2024-05-21 04:46:32 Udatentig matadata for filer file: run16151.mid.gz
2024-05-21 04:46:34 Transferring file: run16151.mid.gz
2024-05-21 04:46:34 Uploading file: run16151.mid.gz
2024-05-21 04:46:34 Upload done: run16151.mid.gz
2024-05-21 04:57:12 Udatentig matadata for filer file: run16152.mid.gz
2024-05-21 04:57:22 Transferring file: run16152.mid.gz
2024-05-21 04:57:22 Uploading file: run16152.mid.gz
2024-05-21 04:57:22 Upload done: run16152.mid.gz
2024-05-21 05:06:14 Udatentig matadata for filer file: run16153.mid.gz
2024-05-21 05:06:15 Transferring file: run16153.mid.gz
2024-05-21 05:06:15 Uploading file: run16153.mid.gz
2024-05-21 05:06:15 Upload done: run16153.mid.gz
2024-05-21 05:15:08 Udatentig matadata for filer file: run16154.mid.gz
2024-05-21 05:15:09 Transferring file: run16154.mid.gz
2024-05-21 05:15:09 Uploading file: run16154.mid.gz
2024-05-21 05:15:09 Upload done: run16154.mid.gz
2024-05-21 05:24:15 Udatentig matadata for filer file: run16155.mid.gz
2024-05-21 05:24:19 Transferring file: run16155.mid.gz
2024-05-21 05:24:19 Uploading file: run16155.mid.gz
2024-05-21 05:24:19 Upload done: run16155.mid.gz
2024-05-21 09:13:23 Udatentig matadata for filer file: run16156.mid.gz
2024-05-21 09:13:23 Transferring file: run16156.mid.gz
2024-05-21 09:13:23 Uploading file: run16156.mid.gz
2024-05-21 09:13:23 Upload done: run16156.mid.gz
2024-05-21 09:21:51 Udatentig matadata for filer file: run16157.mid.gz
2024-05-21 09:21:53 Transferring file: run16157.mid.gz
2024-05-21 09:21:53 Uploading file: run16157.mid.gz
2024-05-21 09:21:53 Upload done: run16157.mid.gz
2024-05-21 09:41:14 Udatentig matadata for filer file: run16158.mid.gz
2024-05-21 09:41:16 Transferring file: run16158.mid.gz
2024-05-21 09:41:16 Uploading file: run16158.mid.gz
2024-05-21 09:41:16 Upload done: run16158.mid.gz
2024-05-21 09:52:48 Udatentig matadata for filer file: run16159.mid.gz
2024-05-21 09:53:07 Transferring file: run16159.mid.gz
2024-05-21 09:53:07 Uploading file: run16159.mid.gz
2024-05-21 09:53:07 Upload done: run16159.mid.gz
2024-05-21 10:03:46 Udatentig matadata for filer file: run16160.mid.gz
2024-05-21 10:04:01 Transferring file: run16160.mid.gz
2024-05-21 10:04:01 Uploading file: run16160.mid.gz
2024-05-21 10:04:01 Upload done: run16160.mid.gz
2024-05-21 10:15:24 Udatentig matadata for filer file: run16161.mid.gz
2024-05-21 10:15:26 Transferring file: run16161.mid.gz
2024-05-21 10:15:26 Uploading file: run16161.mid.gz
2024-05-21 10:15:26 Upload done: run16161.mid.gz
2024-05-21 10:25:55 Udatentig matadata for filer file: run16162.mid.gz
2024-05-21 10:26:05 Transferring file: run16162.mid.gz
2024-05-21 10:26:05 Uploading file: run16162.mid.gz
2024-05-21 10:26:05 Upload done: run16162.mid.gz
2024-05-21 10:36:34 Udatentig matadata for filer file: run16163.mid.gz
2024-05-21 10:36:40 Transferring file: run16163.mid.gz
2024-05-21 10:36:40 Uploading file: run16163.mid.gz
2024-05-21 10:36:40 Upload done: run16163.mid.gz
2024-05-21 10:48:03 Udatentig matadata for filer file: run16164.mid.gz
2024-05-21 10:48:07 Transferring file: run16164.mid.gz
2024-05-21 10:48:07 Uploading file: run16164.mid.gz
2024-05-21 10:48:07 Upload done: run16164.mid.gz
2024-05-21 10:58:35 Udatentig matadata for filer file: run16165.mid.gz
2024-05-21 10:58:44 Transferring file: run16165.mid.gz
2024-05-21 10:58:44 Uploading file: run16165.mid.gz
2024-05-21 10:58:44 Upload done: run16165.mid.gz
2024-05-21 11:08:59 Udatentig matadata for filer file: run16166.mid.gz
2024-05-21 11:09:06 Transferring file: run16166.mid.gz
2024-05-21 11:09:06 Uploading file: run16166.mid.gz
2024-05-21 11:09:06 Upload done: run16166.mid.gz
2024-05-21 11:19:07 Udatentig matadata for filer file: run16167.mid.gz
2024-05-21 11:19:17 Transferring file: run16167.mid.gz
2024-05-21 11:19:17 Uploading file: run16167.mid.gz
2024-05-21 11:19:17 Upload done: run16167.mid.gz
2024-05-21 11:28:30 Udatentig matadata for filer file: run16168.mid.gz
2024-05-21 11:28:32 Transferring file: run16168.mid.gz
2024-05-21 11:28:32 Uploading file: run16168.mid.gz
2024-05-21 11:28:32 Upload done: run16168.mid.gz
2024-05-21 11:38:22 Udatentig matadata for filer file: run16169.mid.gz
2024-05-21 11:38:24 Transferring file: run16169.mid.gz
2024-05-21 11:38:24 Uploading file: run16169.mid.gz
2024-05-21 11:38:24 Upload done: run16169.mid.gz
2024-05-21 11:48:54 Udatentig matadata for filer file: run16170.mid.gz
2024-05-21 11:48:56 Transferring file: run16170.mid.gz
2024-05-21 11:48:56 Uploading file: run16170.mid.gz
2024-05-21 11:48:56 Upload done: run16170.mid.gz
2024-05-21 12:00:09 Udatentig matadata for filer file: run16171.mid.gz
2024-05-21 12:00:16 Transferring file: run16171.mid.gz
2024-05-21 12:00:16 Uploading file: run16171.mid.gz
2024-05-21 12:00:16 Upload done: run16171.mid.gz
2024-05-21 12:09:40 Udatentig matadata for filer file: run16172.mid.gz
2024-05-21 12:09:42 Transferring file: run16172.mid.gz
2024-05-21 12:09:42 Uploading file: run16172.mid.gz
2024-05-21 12:09:42 Upload done: run16172.mid.gz
2024-05-21 12:19:34 Udatentig matadata for filer file: run16173.mid.gz
2024-05-21 12:19:35 Transferring file: run16173.mid.gz
2024-05-21 12:19:35 Uploading file: run16173.mid.gz
2024-05-21 12:19:35 Upload done: run16173.mid.gz
2024-05-21 12:30:09 Udatentig matadata for filer file: run16174.mid.gz
2024-05-21 12:30:29 Transferring file: run16174.mid.gz
2024-05-21 12:30:29 Uploading file: run16174.mid.gz
2024-05-21 12:30:29 Upload done: run16174.mid.gz
2024-05-21 12:40:37 Udatentig matadata for filer file: run16175.mid.gz
2024-05-21 12:40:57 Transferring file: run16175.mid.gz
2024-05-21 12:40:57 Uploading file: run16175.mid.gz
2024-05-21 12:40:57 Upload done: run16175.mid.gz
2024-05-21 12:50:49 Udatentig matadata for filer file: run16176.mid.gz
2024-05-21 12:51:01 Transferring file: run16176.mid.gz
2024-05-21 12:51:01 Uploading file: run16176.mid.gz
2024-05-21 12:51:01 Upload done: run16176.mid.gz
2024-05-21 13:00:40 Udatentig matadata for filer file: run16177.mid.gz
2024-05-21 13:00:44 Transferring file: run16177.mid.gz
2024-05-21 13:00:44 Uploading file: run16177.mid.gz
2024-05-21 13:00:44 Upload done: run16177.mid.gz
2024-05-21 13:14:58 Udatentig matadata for filer file: run16178.mid.gz
2024-05-21 13:15:09 Transferring file: run16178.mid.gz
2024-05-21 13:15:09 Uploading file: run16178.mid.gz
2024-05-21 13:15:09 Upload done: run16178.mid.gz
2024-05-21 13:25:31 Udatentig matadata for filer file: run16179.mid.gz
2024-05-21 13:25:41 Transferring file: run16179.mid.gz
2024-05-21 13:25:41 Uploading file: run16179.mid.gz
2024-05-21 13:25:41 Upload done: run16179.mid.gz
2024-05-21 13:36:44 Udatentig matadata for filer file: run16180.mid.gz
2024-05-21 13:36:46 Transferring file: run16180.mid.gz
2024-05-21 13:36:46 Uploading file: run16180.mid.gz
2024-05-21 13:36:46 Upload done: run16180.mid.gz
2024-05-21 13:46:53 Udatentig matadata for filer file: run16181.mid.gz
2024-05-21 13:47:03 Transferring file: run16181.mid.gz
2024-05-21 13:47:03 Uploading file: run16181.mid.gz
2024-05-21 13:47:03 Upload done: run16181.mid.gz
2024-05-21 13:56:55 Udatentig matadata for filer file: run16182.mid.gz
2024-05-21 13:57:06 Transferring file: run16182.mid.gz
2024-05-21 13:57:06 Uploading file: run16182.mid.gz
2024-05-21 13:57:06 Upload done: run16182.mid.gz
2024-05-21 14:07:15 Udatentig matadata for filer file: run16183.mid.gz
2024-05-21 14:07:23 Transferring file: run16183.mid.gz
2024-05-21 14:07:23 Uploading file: run16183.mid.gz
2024-05-21 14:07:23 Upload done: run16183.mid.gz
2024-05-21 14:15:33 Udatentig matadata for filer file: run16184.mid.gz
2024-05-21 14:15:42 Transferring file: run16184.mid.gz
2024-05-21 14:15:42 Uploading file: run16184.mid.gz
2024-05-21 14:15:42 Upload done: run16184.mid.gz
2024-05-21 14:26:34 Udatentig matadata for filer file: run16185.mid.gz
2024-05-21 14:26:44 Transferring file: run16185.mid.gz
2024-05-21 14:26:44 Uploading file: run16185.mid.gz
2024-05-21 14:26:44 Upload done: run16185.mid.gz
2024-05-21 14:36:43 Udatentig matadata for filer file: run16186.mid.gz
2024-05-21 14:36:49 Transferring file: run16186.mid.gz
2024-05-21 14:36:49 Uploading file: run16186.mid.gz
2024-05-21 14:36:49 Upload done: run16186.mid.gz
2024-05-21 14:46:05 Udatentig matadata for filer file: run16187.mid.gz
2024-05-21 14:46:14 Transferring file: run16187.mid.gz
2024-05-21 14:46:14 Uploading file: run16187.mid.gz
2024-05-21 14:46:14 Upload done: run16187.mid.gz
2024-05-21 14:55:58 Udatentig matadata for filer file: run16188.mid.gz
2024-05-21 14:56:00 Transferring file: run16188.mid.gz
2024-05-21 14:56:00 Uploading file: run16188.mid.gz
2024-05-21 14:56:00 Upload done: run16188.mid.gz
2024-05-21 15:06:27 Udatentig matadata for filer file: run16189.mid.gz
2024-05-21 15:06:29 Transferring file: run16189.mid.gz
2024-05-21 15:06:29 Uploading file: run16189.mid.gz
[midas2cloud,TALK] software alarm: Program cygnus_daq is not running
[midas2cloud,TALK] software alarm: Program cygnus_daq is not running
[midas2cloud,TALK] software alarm: Program cygnus_daq is not running
[midas2cloud,TALK] software alarm: Program cygnus_daq is not running
[midas2cloud,TALK] software alarm: Program cygnus_daq is not running
[midas2cloud,TALK] software alarm: Program cygnus_daq is not running
[midas2cloud,TALK] software alarm: Program cygnus_daq is not running
[midas2cloud,TALK] software alarm: Program cygnus_daq is not running
[midas2cloud,TALK] software alarm: Program cygnus_daq is not running
[midas2cloud,TALK] software alarm: Program cygnus_daq is not running
[midas2cloud,TALK] software alarm: Program cygnus_daq is not running
[midas2cloud,TALK] software alarm: Program cygnus_daq is not running
[midas2cloud,TALK] software alarm: Program cygnus_daq is not running
[midas2cloud,TALK] software alarm: Program cygnus_daq is not running
[midas2cloud,TALK] software alarm: Program cygnus_daq is not running
[midas2cloud,TALK] software alarm: Program cygnus_daq is not running
[midas2cloud,TALK] software alarm: Program cygnus_daq is not running
[midas2cloud,TALK] software alarm: Program cygnus_daq is not running
[midas2cloud,TALK] software alarm: Program cygnus_daq is not running
[midas2cloud,TALK] software alarm: Program cygnus_daq is not running
[midas2cloud,TALK] software alarm: Program cygnus_daq is not running
[midas2cloud,TALK] software alarm: Program cygnus_daq is not running
[midas2cloud,TALK] software alarm: Program cygnus_daq is not running
[midas2cloud,TALK] software alarm: Program cygnus_daq is not running
[midas2cloud,TALK] software alarm: Program cygnus_daq is not running
[midas2cloud,TALK] software alarm: Program cygnus_daq is not running
[midas2cloud,TALK] software alarm: Program cygnus_daq is not running
[midas2cloud,TALK] software alarm: Program cygnus_daq is not running
[midas2cloud,TALK] software alarm: Program cygnus_daq is not running
[midas2cloud,TALK] software alarm: Program cygnus_daq is not running
[midas2cloud,TALK] software alarm: Program cygnus_daq is not running
[midas2cloud,TALK] software alarm: Program cygnus_daq is not running
[midas2cloud,TALK] software alarm: Program cygnus_daq is not running
[midas2cloud,TALK] software alarm: Program cygnus_daq is not running
[midas2cloud,TALK] software alarm: Program cygnus_daq is not running
[midas2cloud,TALK] software alarm: Program cygnus_daq is not running
[midas2cloud,TALK] software alarm: Program cygnus_daq is not running
[midas2cloud,TALK] software alarm: Program cygnus_daq is not running
[midas2cloud,TALK] software alarm: Program cygnus_daq is not running
[midas2cloud,TALK] software alarm: Program cygnus_daq is not running
[midas2cloud,TALK] software alarm: Program cygnus_daq is not running
[midas2cloud,TALK] software alarm: Program cygnus_daq is not running
[midas2cloud,TALK] software alarm: Program cygnus_daq is not running
[midas2cloud,TALK] software alarm: Program cygnus_daq is not running
[midas2cloud,TALK] software alarm: Program cygnus_daq is not running
[midas2cloud,TALK] software alarm: Program cygnus_daq is not running
[midas2cloud,TALK] software alarm: Program cygnus_daq is not running
[midas2cloud,TALK] software alarm: Program cygnus_daq is not running
[midas2cloud,TALK] software alarm: Program cygnus_daq is not running
[midas2cloud,TALK] software alarm: Program cygnus_daq is not running
[midas2cloud,TALK] software alarm: Program cygnus_daq is not running
[midas2cloud,TALK] software alarm: Program cygnus_daq is not running
[midas2cloud,TALK] software alarm: Program cygnus_daq is not running
[midas2cloud,TALK] software alarm: Program cygnus_daq is not running
[midas2cloud,TALK] software alarm: Program cygnus_daq is not running
[midas2cloud,TALK] software alarm: Program cygnus_daq is not running
[midas2cloud,TALK] software alarm: Program cygnus_daq is not running
[midas2cloud,TALK] software alarm: Program cygnus_daq is not running
[midas2cloud,TALK] software alarm: Program cygnus_daq is not running
[midas2cloud,TALK] software alarm: Program cygnus_daq is not running
[midas2cloud,TALK] software alarm: Program cygnus_daq is not running
[midas2cloud,TALK] software alarm: Program cygnus_daq is not running
[midas2cloud,TALK] software alarm: Program cygnus_daq is not running
[midas2cloud,TALK] software alarm: Program cygnus_daq is not running
[midas2cloud,TALK] software alarm: Program cygnus_daq is not running
[midas2cloud,TALK] software alarm: Program cygnus_daq is not running
[midas2cloud,TALK] software alarm: Program cygnus_daq is not running
[midas2cloud,TALK] software alarm: Program cygnus_daq is not running
[midas2cloud,TALK] software alarm: Program cygnus_daq is not running
[midas2cloud,TALK] software alarm: Program cygnus_daq is not running
[midas2cloud,TALK] software alarm: Program cygnus_daq is not running
[midas2cloud,TALK] software alarm: Program cygnus_daq is not running
[midas2cloud,TALK] software alarm: Program cygnus_daq is not running
[midas2cloud,TALK] software alarm: Program cygnus_daq is not running
[midas2cloud,TALK] software alarm: Program cygnus_daq is not running
[midas2cloud,TALK] software alarm: Program cygnus_daq is not running
[midas2cloud,TALK] software alarm: Program cygnus_daq is not running
[midas2cloud,TALK] software alarm: Program cygnus_daq is not running
[midas2cloud,TALK] software alarm: Program cygnus_daq is not running
[midas2cloud,TALK] software alarm: Program cygnus_daq is not running
[midas2cloud,TALK] software alarm: Program cygnus_daq is not running
[midas2cloud,TALK] software alarm: Program cygnus_daq is not running
[midas2cloud,TALK] software alarm: Program cygnus_daq is not running
[midas2cloud,TALK] software alarm: Program cygnus_daq is not running
[midas2cloud,TALK] software alarm: Program cygnus_daq is not running
[midas2cloud,TALK] software alarm: Program cygnus_daq is not running
[midas2cloud,TALK] software alarm: Program cygnus_daq is not running
[midas2cloud,TALK] software alarm: Program cygnus_daq is not running
[midas2cloud,TALK] software alarm: Program cygnus_daq is not running
[midas2cloud,TALK] software alarm: Program cygnus_daq is not running
[midas2cloud,TALK] software alarm: Program cygnus_daq is not running
[midas2cloud,TALK] software alarm: Program cygnus_daq is not running
[midas2cloud,TALK] software alarm: Program cygnus_daq is not running
[midas2cloud,TALK] software alarm: Program cygnus_daq is not running
[midas2cloud,TALK] software alarm: Program cygnus_daq is not running
[midas2cloud,TALK] software alarm: Program cygnus_daq is not running
[midas2cloud,TALK] software alarm: Program cygnus_daq is not running
[midas2cloud,TALK] software alarm: Program cygnus_daq is not running
[midas2cloud,TALK] software alarm: Program cygnus_daq is not running
[midas2cloud,TALK] software alarm: Program cygnus_daq is not running
[midas2cloud,TALK] software alarm: Program cygnus_daq is not running
[midas2cloud,TALK] software alarm: Program cygnus_daq is not running
[midas2cloud,TALK] software alarm: Program cygnus_daq is not running
[midas2cloud,TALK] software alarm: Program cygnus_daq is not running
[midas2cloud,TALK] software alarm: Program cygnus_daq is not running
[midas2cloud,TALK] software alarm: Program cygnus_daq is not running
[midas2cloud,TALK] software alarm: Program cygnus_daq is not running
[midas2cloud,TALK] software alarm: Program cygnus_daq is not running
[midas2cloud,TALK] software alarm: Program cygnus_daq is not running
[midas2cloud,TALK] software alarm: Program cygnus_daq is not running
[midas2cloud,TALK] software alarm: Program cygnus_daq is not running
[midas2cloud,TALK] software alarm: Program cygnus_daq is not running
[midas2cloud,TALK] software alarm: Program cygnus_daq is not running
[midas2cloud,TALK] software alarm: Program cygnus_daq is not running
[midas2cloud,TALK] software alarm: Program cygnus_daq is not running
[midas2cloud,TALK] software alarm: Program cygnus_daq is not running
[midas2cloud,TALK] software alarm: Program cygnus_daq is not running
[midas2cloud,TALK] software alarm: Program cygnus_daq is not running
[midas2cloud,TALK] software alarm: Program cygnus_cm_msg_log: Message "[midas2cloud,TALK] software alarm: Program cygnus_daq is not running" not written to midas.log because open(/media/cygno01/SSD1/Data/midas.log) failed with errno 5 (Input/output error)
2024-05-21 15:06:29 Upload done: run16189.mid.gz
2024-05-21 15:16:42 Udatentig matadata for filer file: run16190.mid.gz
2024-05-21 15:16:52 Transferring file: run16190.mid.gz
2024-05-21 15:16:52 Uploading file: run16190.mid.gz
2024-05-21 15:16:52 Upload done: run16190.mid.gz
2024-05-21 15:25:42 Udatentig matadata for filer file: run16191.mid.gz
2024-05-21 15:25:50 Transferring file: run16191.mid.gz
2024-05-21 15:25:50 Uploading file: run16191.mid.gz
2024-05-21 15:25:50 Upload done: run16191.mid.gz
2024-05-21 15:35:23 Udatentig matadata for filer file: run16192.mid.gz
2024-05-21 15:35:37 Transferring file: run16192.mid.gz
2024-05-21 15:35:37 Uploading file: run16192.mid.gz
2024-05-21 15:35:37 Upload done: run16192.mid.gz
2024-05-21 15:44:39 Udatentig matadata for filer file: run16193.mid.gz
2024-05-21 15:44:41 Transferring file: run16193.mid.gz
2024-05-21 15:44:41 Uploading file: run16193.mid.gz
2024-05-21 15:44:41 Upload done: run16193.mid.gz
2024-05-21 16:20:35 Udatentig matadata for filer file: run16194.mid.gz
2024-05-21 16:20:35 Transferring file: run16194.mid.gz
2024-05-21 16:20:35 Uploading file: run16194.mid.gz
2024-05-21 16:20:35 Upload done: run16194.mid.gz
2024-05-21 16:36:09 Udatentig matadata for filer file: run16195.mid.gz
2024-05-21 16:36:32 Transferring file: run16195.mid.gz
2024-05-21 16:36:32 Uploading file: run16195.mid.gz
2024-05-21 16:36:32 Upload done: run16195.mid.gz
2024-05-21 16:45:48 Udatentig matadata for filer file: run16196.mid.gz
2024-05-21 16:46:01 Transferring file: run16196.mid.gz
2024-05-21 16:46:01 Uploading file: run16196.mid.gz
2024-05-21 16:46:01 Upload done: run16196.mid.gz
2024-05-21 16:55:32 Udatentig matadata for filer file: run16197.mid.gz
2024-05-21 16:55:42 Transferring file: run16197.mid.gz
2024-05-21 16:55:42 Uploading file: run16197.mid.gz
2024-05-21 16:55:42 Upload done: run16197.mid.gz
2024-05-21 17:04:16 Udatentig matadata for filer file: run16198.mid.gz
2024-05-21 17:04:18 Transferring file: run16198.mid.gz
2024-05-21 17:04:18 Uploading file: run16198.mid.gz
2024-05-21 17:04:18 Upload done: run16198.mid.gz
2024-05-21 17:18:52 Udatentig matadata for filer file: run16199.mid.gz
2024-05-21 17:19:04 Transferring file: run16199.mid.gz
2024-05-21 17:19:04 Uploading file: run16199.mid.gz
2024-05-21 17:19:04 Upload done: run16199.mid.gz
2024-05-21 17:28:37 Udatentig matadata for filer file: run16200.mid.gz
2024-05-21 17:28:49 Transferring file: run16200.mid.gz
2024-05-21 17:28:49 Uploading file: run16200.mid.gz
2024-05-21 17:28:49 Upload done: run16200.mid.gz
2024-05-21 17:38:23 Udatentig matadata for filer file: run16201.mid.gz
2024-05-21 17:38:24 Transferring file: run16201.mid.gz
2024-05-21 17:38:24 Uploading file: run16201.mid.gz
2024-05-21 17:38:24 Upload done: run16201.mid.gz
2024-05-21 17:50:02 Udatentig matadata for filer file: run16202.mid.gz
2024-05-21 17:50:11 Transferring file: run16202.mid.gz
2024-05-21 17:50:11 Uploading file: run16202.mid.gz
2024-05-21 17:50:11 Upload done: run16202.mid.gz
2024-05-21 17:59:58 Udatentig matadata for filer file: run16203.mid.gz
2024-05-21 18:00:01 Transferring file: run16203.mid.gz
2024-05-21 18:00:01 Uploading file: run16203.mid.gz
2024-05-21 18:00:01 Upload done: run16203.mid.gz
2024-05-21 18:10:46 Udatentig matadata for filer file: run16204.mid.gz
2024-05-21 18:10:55 Transferring file: run16204.mid.gz
2024-05-21 18:10:55 Uploading file: run16204.mid.gz
2024-05-21 18:10:55 Upload done: run16204.mid.gz
2024-05-21 18:21:13 Udatentig matadata for filer file: run16205.mid.gz
2024-05-21 18:21:26 Transferring file: run16205.mid.gz
2024-05-21 18:21:26 Uploading file: run16205.mid.gz
2024-05-21 18:21:26 Upload done: run16205.mid.gz
2024-05-21 18:30:08 Udatentig matadata for filer file: run16206.mid.gz
2024-05-21 18:30:22 Transferring file: run16206.mid.gz
2024-05-21 18:30:22 Uploading file: run16206.mid.gz
2024-05-21 18:30:22 Upload done: run16206.mid.gz
2024-05-21 18:40:13 Udatentig matadata for filer file: run16207.mid.gz
2024-05-21 18:40:21 Transferring file: run16207.mid.gz
2024-05-21 18:40:21 Uploading file: run16207.mid.gz
2024-05-21 18:40:21 Upload done: run16207.mid.gz
2024-05-21 18:50:41 Udatentig matadata for filer file: run16208.mid.gz
2024-05-21 18:50:50 Transferring file: run16208.mid.gz
2024-05-21 18:50:50 Uploading file: run16208.mid.gz
2024-05-21 18:50:50 Upload done: run16208.mid.gz
2024-05-21 19:00:41 Udatentig matadata for filer file: run16209.mid.gz
2024-05-21 19:00:51 Transferring file: run16209.mid.gz
2024-05-21 19:00:51 Uploading file: run16209.mid.gz
2024-05-21 19:00:51 Upload done: run16209.mid.gz
2024-05-21 19:09:46 Udatentig matadata for filer file: run16210.mid.gz
2024-05-21 19:09:51 Transferring file: run16210.mid.gz
2024-05-21 19:09:51 Uploading file: run16210.mid.gz
2024-05-21 19:09:51 Upload done: run16210.mid.gz
2024-05-21 19:18:48 Udatentig matadata for filer file: run16211.mid.gz
2024-05-21 19:18:50 Transferring file: run16211.mid.gz
2024-05-21 19:18:50 Uploading file: run16211.mid.gz
2024-05-21 19:18:50 Upload done: run16211.mid.gz
2024-05-22 09:03:03 Udatentig matadata for filer file: run16212.mid.gz
2024-05-22 09:03:03 Transferring file: run16212.mid.gz
2024-05-22 09:03:03 Uploading file: run16212.mid.gz
2024-05-22 09:03:03 Upload done: run16212.mid.gz
2024-05-22 09:11:57 Udatentig matadata for filer file: run16213.mid.gz
2024-05-22 09:12:02 Transferring file: run16213.mid.gz
2024-05-22 09:12:02 Uploading file: run16213.mid.gz
2024-05-22 09:12:02 Upload done: run16213.mid.gz
2024-05-22 09:33:57 Udatentig matadata for filer file: run16214.mid.gz
2024-05-22 09:33:57 Transferring file: run16214.mid.gz
2024-05-22 09:33:57 Uploading file: run16214.mid.gz
2024-05-22 09:33:57 Upload done: run16214.mid.gz
2024-05-22 09:48:18 Udatentig matadata for filer file: run16215.mid.gz
2024-05-22 09:48:20 Transferring file: run16215.mid.gz
2024-05-22 09:48:20 Uploading file: run16215.mid.gz
2024-05-22 09:48:20 Upload done: run16215.mid.gz
2024-05-22 09:57:58 Udatentig matadata for filer file: run16216.mid.gz
2024-05-22 09:58:12 Transferring file: run16216.mid.gz
2024-05-22 09:58:12 Uploading file: run16216.mid.gz
2024-05-22 09:58:12 Upload done: run16216.mid.gz
2024-05-22 10:08:03 Udatentig matadata for filer file: run16217.mid.gz
2024-05-22 10:08:13 Transferring file: run16217.mid.gz
2024-05-22 10:08:13 Uploading file: run16217.mid.gz
2024-05-22 10:08:13 Upload done: run16217.mid.gz
2024-05-22 10:17:26 Udatentig matadata for filer file: run16218.mid.gz
2024-05-22 10:17:27 Transferring file: run16218.mid.gz
2024-05-22 10:17:27 Uploading file: run16218.mid.gz
2024-05-22 10:17:27 Upload done: run16218.mid.gz
2024-05-22 10:27:07 Udatentig matadata for filer file: run16219.mid.gz
2024-05-22 10:27:20 Transferring file: run16219.mid.gz
2024-05-22 10:27:20 Uploading file: run16219.mid.gz
2024-05-22 10:27:20 Upload done: run16219.mid.gz
2024-05-22 10:36:58 Udatentig matadata for filer file: run16220.mid.gz
2024-05-22 10:37:00 Transferring file: run16220.mid.gz
2024-05-22 10:37:00 Uploading file: run16220.mid.gz
2024-05-22 10:37:00 Upload done: run16220.mid.gz
daq is not running
[midas2cloud,TALK] software alarm: Program cygnus_daq is not running
[midas2cloud,TALK] software alarm: Program cygnus_daq is not running
[midas2cloud,TALK] software alarm: Program cygnus_daq is not running
[midas2cloud,TALK] software alarm: Program cygnus_daq is not running
[midas2cloud,TALK] software alarm: Program cygnus_daq is not running
[midas2cloud,TALK] software alarm: Program cygnus_daq is not running
[midas2cloud,TALK] software alarm: Program cygnus_daq is not running
[midas2cloud,TALK] software alarm: Program cygnus_daq is not running
[midas2cloud,TALK] software alarm: Program cygnus_daq is not running
[midas2cloud,TALK] software alarm: Program cygnus_daq is not running
[midas2cloud,TALK] software alarm: Program cygnus_daq is not running
[midas2cloud,TALK] software alarm: Program cygnus_daq is not running
[midas2cloud,TALK] software alarm: Program cygnus_daq is not running
[midas2cloud,TALK] software alarm: Program cygnus_daq is not running
[midas2cloud,TALK] software alarm: Program cygnus_daq is not running
[midas2cloud,TALK] software alarm: Program cygnus_daq is not running
[midas2cloud,TALK] software alarm: Program cygnus_daq is not running
[midas2cloud,TALK] software alarm: Program cygnus_daq is not running
[midas2cloud,TALK] software alarm: Program cygnus_daq is not running
[midas2cloud,TALK] software alarm: Program cygnus_daq is not running
[midas2cloud,TALK] software alarm: Program cygnus_daq is not running
[midas2cloud,TALK] software alarm: Program cygnus_daq is not running
[midas2cloud,TALK] software alarm: Program cygnus_daq is not running
[midas2cloud,TALK] software alarm: Program cygnus_daq is not running
[midas2cloud,TALK] software alarm: Program cygnus_daq is not running
[midas2cloud,TALK] software alarm: Program cygnus_daq is not running
[midas2cloud,TALK] software alarm: Program cygnus_daq is not running
[midas2cloud,TALK] software alarm: Program cygnus_daq is not running
[midas2cloud,TALK] software alarm: Program cygnus_daq is not running
[midas2cloud,TALK] software alarm: Program cygnus_daq is not running
[midas2cloud,TALK] software alarm: Program cygnus_daq is not running
[midas2cloud,TALK] software alarm: Program cygnus_daq is not running
[midas2cloud,TALK] software alarm: Program cygnus_daq is not running
[midas2cloud,TALK] software alarm: Program cygnus_daq is not running
[midas2cloud,TALK] software alarm: Program cygnus_daq is not running
[midas2cloud,TALK] software alarm: Program cygnus_daq is not running
[midas2cloud,TALK] software alarm: Program cygnus_daq is not running
Traceback (most recent call last):
  File "/home/cygno01/daq/middleware/dev/midas2cloud_v0.1.py", line 266, in <module>
    main()
  File "/home/cygno01/daq/middleware/dev/midas2cloud_v0.1.py", line 148, in main
    file_in_dir=sorted(os.listdir(INAPATH))
FileNotFoundError: [Errno 2] No such file or directory: '/media/cygno01/SSD1/Data/'
cm_msg_log: Message "[midas2cloud,LOG] Program midas2cloud on host localhost stopped" not written to midas.log because open(/media/cygno01/SSD1/Data/midas.log) failed with errno 2 (No such file or directory)
