2025-03-01 10:33:13 midas2cloud started
2025-03-01 10:33:16 WARNING: No new file uploaded
2025-03-01 10:33:28 WARNING: No new file uploaded
2025-03-01 10:33:41 WARNING: No new file uploaded
2025-03-01 10:33:53 WARNING: No new file uploaded
2025-03-01 10:34:05 WARNING: No new file uploaded
2025-03-01 10:34:17 WARNING: No new file uploaded
2025-03-01 10:34:30 WARNING: No new file uploaded
2025-03-01 10:34:42 WARNING: No new file uploaded
2025-03-01 10:34:54 WARNING: No new file uploaded
2025-03-01 10:35:07 WARNING: No new file uploaded
2025-03-01 10:35:19 WARNING: No new file uploaded
2025-03-01 10:35:31 WARNING: No new file uploaded
2025-03-01 10:35:44 WARNING: No new file uploaded
2025-03-01 10:35:56 WARNING: No new file uploaded
2025-03-01 10:36:08 WARNING: No new file uploaded
2025-03-01 10:36:21 WARNING: No new file uploaded
2025-03-01 10:36:33 WARNING: No new file uploaded
2025-03-01 10:36:46 WARNING: No new file uploaded
2025-03-01 10:36:58 WARNING: No new file uploaded
2025-03-01 10:37:10 WARNING: No new file uploaded
2025-03-01 10:37:23 WARNING: No new file uploaded
2025-03-01 10:37:35 WARNING: No new file uploaded
2025-03-01 10:37:47 WARNING: No new file uploaded
2025-03-01 10:37:59 WARNING: No new file uploaded
2025-03-01 10:38:11 WARNING: No new file uploaded
2025-03-01 10:38:23 WARNING: No new file uploaded
2025-03-01 10:38:35 WARNING: No new file uploaded
2025-03-01 10:38:48 WARNING: No new file uploaded
2025-03-01 10:39:00 WARNING: No new file uploaded
2025-03-01 10:39:12 WARNING: No new file uploaded
2025-03-01 10:39:24 WARNING: No new file uploaded
2025-03-01 10:39:36 WARNING: No new file uploaded
2025-03-01 10:39:48 WARNING: No new file uploaded
2025-03-01 10:40:01 WARNING: No new file uploaded
2025-03-01 10:40:13 WARNING: No new file uploaded
2025-03-01 10:40:25 WARNING: No new file uploaded
2025-03-01 10:40:37 WARNING: No new file uploaded
2025-03-01 10:40:49 WARNING: No new file uploaded
2025-03-01 10:41:01 WARNING: No new file uploaded
2025-03-01 10:41:14 WARNING: No new file uploaded
2025-03-01 10:41:26 WARNING: No new file uploaded
2025-03-01 10:41:38 WARNING: No new file uploaded
2025-03-01 10:41:50 WARNING: No new file uploaded
2025-03-01 10:42:02 WARNING: No new file uploaded
2025-03-01 10:42:14 WARNING: No new file uploaded
2025-03-01 10:42:26 WARNING: No new file uploaded
2025-03-01 10:42:39 WARNING: No new file uploaded
2025-03-01 10:42:51 WARNING: No new file uploaded
2025-03-01 10:43:03 Udatentig matadata for filer file: run25959.mid.gz
2025-03-01 10:43:05 Transferring file: run25959.mid.gz
2025-03-01 10:43:05 Uploading file: run25959.mid.gz
2025-03-01 10:43:05 Upload done: run25959.mid.gz
2025-03-01 10:56:37 Udatentig matadata for filer file: run25962.mid.gz
2025-03-01 10:56:41 Transferring file: run25962.mid.gz
2025-03-01 10:56:41 Uploading file: run25962.mid.gz
2025-03-01 10:56:41 Upload done: run25962.mid.gz
2025-03-01 11:00:47 Udatentig matadata for filer file: run25963.mid.gz
2025-03-01 11:00:51 Transferring file: run25963.mid.gz
2025-03-01 11:00:51 Uploading file: run25963.mid.gz
2025-03-01 11:00:51 Upload done: run25963.mid.gz
2025-03-01 11:05:11 Udatentig matadata for filer file: run25964.mid.gz
2025-03-01 11:05:14 Transferring file: run25964.mid.gz
2025-03-01 11:05:14 Uploading file: run25964.mid.gz
2025-03-01 11:05:14 Upload done: run25964.mid.gz
2025-03-01 11:09:09 Udatentig matadata for filer file: run25965.mid.gz
2025-03-01 11:09:13 Transferring file: run25965.mid.gz
2025-03-01 11:09:13 Uploading file: run25965.mid.gz
2025-03-01 11:09:13 Upload done: run25965.mid.gz
2025-03-01 11:13:09 Udatentig matadata for filer file: run25966.mid.gz
2025-03-01 11:13:13 Transferring file: run25966.mid.gz
2025-03-01 11:13:13 Uploading file: run25966.mid.gz
2025-03-01 11:13:13 Upload done: run25966.mid.gz
2025-03-01 11:17:09 Udatentig matadata for filer file: run25967.mid.gz
2025-03-01 11:17:13 Transferring file: run25967.mid.gz
2025-03-01 11:17:13 Uploading file: run25967.mid.gz
2025-03-01 11:17:13 Upload done: run25967.mid.gz
2025-03-01 11:21:08 Udatentig matadata for filer file: run25968.mid.gz
2025-03-01 11:21:12 Transferring file: run25968.mid.gz
2025-03-01 11:21:12 Uploading file: run25968.mid.gz
2025-03-01 11:21:12 Upload done: run25968.mid.gz
2025-03-01 11:25:11 Udatentig matadata for filer file: run25969.mid.gz
2025-03-01 11:25:15 Transferring file: run25969.mid.gz
2025-03-01 11:25:15 Uploading file: run25969.mid.gz
2025-03-01 11:25:15 Upload done: run25969.mid.gz
2025-03-01 11:29:12 Udatentig matadata for filer file: run25970.mid.gz
2025-03-01 11:29:16 Transferring file: run25970.mid.gz
2025-03-01 11:29:16 Uploading file: run25970.mid.gz
2025-03-01 11:29:16 Upload done: run25970.mid.gz
2025-03-01 11:33:13 Udatentig matadata for filer file: run25971.mid.gz
2025-03-01 11:33:17 Transferring file: run25971.mid.gz
2025-03-01 11:33:17 Uploading file: run25971.mid.gz
2025-03-01 11:33:17 Upload done: run25971.mid.gz
2025-03-01 11:38:51 Udatentig matadata for filer file: run25972.mid.gz
2025-03-01 11:38:55 Transferring file: run25972.mid.gz
2025-03-01 11:38:55 Uploading file: run25972.mid.gz
2025-03-01 11:38:55 Upload done: run25972.mid.gz
2025-03-01 11:42:50 Udatentig matadata for filer file: run25973.mid.gz
2025-03-01 11:42:54 Transferring file: run25973.mid.gz
2025-03-01 11:42:54 Uploading file: run25973.mid.gz
2025-03-01 11:42:54 Upload done: run25973.mid.gz
2025-03-01 11:46:50 Udatentig matadata for filer file: run25974.mid.gz
2025-03-01 11:46:55 Transferring file: run25974.mid.gz
2025-03-01 11:46:55 Uploading file: run25974.mid.gz
2025-03-01 11:46:55 Upload done: run25974.mid.gz
2025-03-01 11:50:39 Udatentig matadata for filer file: run25975.mid.gz
2025-03-01 11:50:43 Transferring file: run25975.mid.gz
2025-03-01 11:50:43 Uploading file: run25975.mid.gz
2025-03-01 11:50:43 Upload done: run25975.mid.gz
2025-03-01 11:54:51 Udatentig matadata for filer file: run25976.mid.gz
2025-03-01 11:54:55 Transferring file: run25976.mid.gz
2025-03-01 11:54:55 Uploading file: run25976.mid.gz
2025-03-01 11:54:55 Upload done: run25976.mid.gz
2025-03-01 11:59:16 Udatentig matadata for filer file: run25977.mid.gz
2025-03-01 11:59:20 Transferring file: run25977.mid.gz
2025-03-01 11:59:20 Uploading file: run25977.mid.gz
2025-03-01 11:59:20 Upload done: run25977.mid.gz
2025-03-01 12:03:16 Udatentig matadata for filer file: run25978.mid.gz
2025-03-01 12:03:19 Transferring file: run25978.mid.gz
2025-03-01 12:03:19 Uploading file: run25978.mid.gz
2025-03-01 12:03:19 Upload done: run25978.mid.gz
2025-03-01 12:07:16 Udatentig matadata for filer file: run25979.mid.gz
2025-03-01 12:07:19 Transferring file: run25979.mid.gz
2025-03-01 12:07:19 Uploading file: run25979.mid.gz
2025-03-01 12:07:19 Upload done: run25979.mid.gz
2025-03-01 12:11:41 Udatentig matadata for filer file: run25980.mid.gz
2025-03-01 12:11:44 Transferring file: run25980.mid.gz
2025-03-01 12:11:44 Uploading file: run25980.mid.gz
2025-03-01 12:11:44 Upload done: run25980.mid.gz
2025-03-01 12:15:42 Udatentig matadata for filer file: run25981.mid.gz
2025-03-01 12:15:45 Transferring file: run25981.mid.gz
2025-03-01 12:15:45 Uploading file: run25981.mid.gz
2025-03-01 12:15:45 Upload done: run25981.mid.gz
2025-03-01 12:23:24 Udatentig matadata for filer file: run25982.mid.gz
2025-03-01 12:23:28 Transferring file: run25982.mid.gz
2025-03-01 12:23:28 Uploading file: run25982.mid.gz
2025-03-01 12:23:28 Upload done: run25982.mid.gz
2025-03-01 12:27:50 Udatentig matadata for filer file: run25983.mid.gz
2025-03-01 12:27:54 Transferring file: run25983.mid.gz
2025-03-01 12:27:54 Uploading file: run25983.mid.gz
2025-03-01 12:27:54 Upload done: run25983.mid.gz
2025-03-01 12:31:51 Udatentig matadata for filer file: run25984.mid.gz
2025-03-01 12:31:54 Transferring file: run25984.mid.gz
2025-03-01 12:31:54 Uploading file: run25984.mid.gz
2025-03-01 12:31:54 Upload done: run25984.mid.gz
2025-03-01 12:35:52 Udatentig matadata for filer file: run25985.mid.gz
2025-03-01 12:35:56 Transferring file: run25985.mid.gz
2025-03-01 12:35:56 Uploading file: run25985.mid.gz
2025-03-01 12:35:56 Upload done: run25985.mid.gz
2025-03-01 12:39:53 Udatentig matadata for filer file: run25986.mid.gz
2025-03-01 12:39:57 Transferring file: run25986.mid.gz
2025-03-01 12:39:57 Uploading file: run25986.mid.gz
2025-03-01 12:39:57 Upload done: run25986.mid.gz
2025-03-01 12:44:32 Udatentig matadata for filer file: run25987.mid.gz
2025-03-01 12:44:36 Transferring file: run25987.mid.gz
2025-03-01 12:44:36 Uploading file: run25987.mid.gz
2025-03-01 12:44:36 Upload done: run25987.mid.gz
2025-03-01 12:48:33 Udatentig matadata for filer file: run25988.mid.gz
2025-03-01 12:48:36 Transferring file: run25988.mid.gz
2025-03-01 12:48:36 Uploading file: run25988.mid.gz
2025-03-01 12:48:36 Upload done: run25988.mid.gz
2025-03-01 12:52:35 Udatentig matadata for filer file: run25989.mid.gz
2025-03-01 12:52:38 Transferring file: run25989.mid.gz
2025-03-01 12:52:38 Uploading file: run25989.mid.gz
2025-03-01 12:52:38 Upload done: run25989.mid.gz
2025-03-01 12:56:25 Udatentig matadata for filer file: run25990.mid.gz
2025-03-01 12:56:28 Transferring file: run25990.mid.gz
2025-03-01 12:56:28 Uploading file: run25990.mid.gz
2025-03-01 12:56:28 Upload done: run25990.mid.gz
2025-03-01 13:00:39 Udatentig matadata for filer file: run25991.mid.gz
2025-03-01 13:00:42 Transferring file: run25991.mid.gz
2025-03-01 13:00:42 Uploading file: run25991.mid.gz
2025-03-01 13:00:42 Upload done: run25991.mid.gz
2025-03-01 13:17:42 Udatentig matadata for filer file: run25992.mid.gz
2025-03-01 13:17:44 Transferring file: run25992.mid.gz
2025-03-01 13:17:44 Uploading file: run25992.mid.gz
2025-03-01 13:17:44 Upload done: run25992.mid.gz
2025-03-01 13:58:06 Udatentig matadata for filer file: run25994.mid.gz
2025-03-01 13:58:10 Transferring file: run25994.mid.gz
2025-03-01 13:58:10 Uploading file: run25994.mid.gz
2025-03-01 13:58:10 Upload done: run25994.mid.gz
2025-03-01 14:02:58 Udatentig matadata for filer file: run25995.mid.gz
2025-03-01 14:03:02 Transferring file: run25995.mid.gz
2025-03-01 14:03:02 Uploading file: run25995.mid.gz
2025-03-01 14:03:02 Upload done: run25995.mid.gz
2025-03-01 14:06:35 Udatentig matadata for filer file: run25996.mid.gz
2025-03-01 14:06:38 Transferring file: run25996.mid.gz
2025-03-01 14:06:38 Uploading file: run25996.mid.gz
2025-03-01 14:06:38 Upload done: run25996.mid.gz
2025-03-01 14:11:02 Udatentig matadata for filer file: run25997.mid.gz
2025-03-01 14:11:06 Transferring file: run25997.mid.gz
2025-03-01 14:11:06 Uploading file: run25997.mid.gz
2025-03-01 14:11:06 Upload done: run25997.mid.gz
2025-03-01 14:15:16 Udatentig matadata for filer file: run25998.mid.gz
2025-03-01 14:15:20 Transferring file: run25998.mid.gz
2025-03-01 14:15:20 Uploading file: run25998.mid.gz
2025-03-01 14:15:20 Upload done: run25998.mid.gz
2025-03-01 14:19:44 Udatentig matadata for filer file: run25999.mid.gz
2025-03-01 14:19:48 Transferring file: run25999.mid.gz
2025-03-01 14:19:48 Uploading file: run25999.mid.gz
2025-03-01 14:19:48 Upload done: run25999.mid.gz
2025-03-01 14:24:12 Udatentig matadata for filer file: run26000.mid.gz
2025-03-01 14:24:16 Transferring file: run26000.mid.gz
2025-03-01 14:24:16 Uploading file: run26000.mid.gz
2025-03-01 14:24:16 Upload done: run26000.mid.gz
2025-03-01 14:28:15 Udatentig matadata for filer file: run26001.mid.gz
2025-03-01 14:28:19 Transferring file: run26001.mid.gz
2025-03-01 14:28:19 Uploading file: run26001.mid.gz
2025-03-01 14:28:19 Upload done: run26001.mid.gz
2025-03-01 14:32:42 Udatentig matadata for filer file: run26002.mid.gz
2025-03-01 14:32:46 Transferring file: run26002.mid.gz
2025-03-01 14:32:46 Uploading file: run26002.mid.gz
2025-03-01 14:32:46 Upload done: run26002.mid.gz
2025-03-01 14:36:45 Udatentig matadata for filer file: run26003.mid.gz
2025-03-01 14:36:49 Transferring file: run26003.mid.gz
2025-03-01 14:36:49 Uploading file: run26003.mid.gz
2025-03-01 14:36:49 Upload done: run26003.mid.gz
2025-03-01 14:41:51 Udatentig matadata for filer file: run26004.mid.gz
2025-03-01 14:41:55 Transferring file: run26004.mid.gz
2025-03-01 14:41:55 Uploading file: run26004.mid.gz
2025-03-01 14:41:55 Upload done: run26004.mid.gz
2025-03-01 14:45:54 Udatentig matadata for filer file: run26005.mid.gz
2025-03-01 14:45:58 Transferring file: run26005.mid.gz
2025-03-01 14:45:58 Uploading file: run26005.mid.gz
2025-03-01 14:45:58 Upload done: run26005.mid.gz
2025-03-01 14:49:45 Udatentig matadata for filer file: run26006.mid.gz
2025-03-01 14:49:49 Transferring file: run26006.mid.gz
2025-03-01 14:49:49 Uploading file: run26006.mid.gz
2025-03-01 14:49:49 Upload done: run26006.mid.gz
2025-03-01 14:54:14 Udatentig matadata for filer file: run26007.mid.gz
2025-03-01 14:54:18 Transferring file: run26007.mid.gz
2025-03-01 14:54:18 Uploading file: run26007.mid.gz
2025-03-01 14:54:18 Upload done: run26007.mid.gz
2025-03-01 14:58:16 Udatentig matadata for filer file: run26008.mid.gz
2025-03-01 14:58:20 Transferring file: run26008.mid.gz
2025-03-01 14:58:20 Uploading file: run26008.mid.gz
2025-03-01 14:58:20 Upload done: run26008.mid.gz
2025-03-01 15:02:08 Udatentig matadata for filer file: run26009.mid.gz
2025-03-01 15:02:12 Transferring file: run26009.mid.gz
2025-03-01 15:02:12 Uploading file: run26009.mid.gz
2025-03-01 15:02:12 Upload done: run26009.mid.gz
2025-03-01 15:06:24 Udatentig matadata for filer file: run26010.mid.gz
2025-03-01 15:06:27 Transferring file: run26010.mid.gz
2025-03-01 15:06:27 Uploading file: run26010.mid.gz
2025-03-01 15:06:27 Upload done: run26010.mid.gz
2025-03-01 15:10:16 Udatentig matadata for filer file: run26011.mid.gz
2025-03-01 15:10:20 Transferring file: run26011.mid.gz
2025-03-01 15:10:20 Uploading file: run26011.mid.gz
2025-03-01 15:10:20 Upload done: run26011.mid.gz
2025-03-01 15:14:58 Udatentig matadata for filer file: run26012.mid.gz
2025-03-01 15:15:03 Transferring file: run26012.mid.gz
2025-03-01 15:15:03 Uploading file: run26012.mid.gz
2025-03-01 15:15:03 Upload done: run26012.mid.gz
2025-03-01 15:18:52 Udatentig matadata for filer file: run26013.mid.gz
2025-03-01 15:18:55 Transferring file: run26013.mid.gz
2025-03-01 15:18:55 Uploading file: run26013.mid.gz
2025-03-01 15:18:55 Upload done: run26013.mid.gz
2025-03-01 15:23:21 Udatentig matadata for filer file: run26014.mid.gz
2025-03-01 15:23:25 Transferring file: run26014.mid.gz
2025-03-01 15:23:25 Uploading file: run26014.mid.gz
2025-03-01 15:23:25 Upload done: run26014.mid.gz
2025-03-01 15:27:51 Udatentig matadata for filer file: run26015.mid.gz
2025-03-01 15:27:55 Transferring file: run26015.mid.gz
2025-03-01 15:27:55 Uploading file: run26015.mid.gz
2025-03-01 15:27:55 Upload done: run26015.mid.gz
2025-03-01 15:31:30 Udatentig matadata for filer file: run26016.mid.gz
2025-03-01 15:31:35 Transferring file: run26016.mid.gz
2025-03-01 15:31:35 Uploading file: run26016.mid.gz
2025-03-01 15:31:35 Upload done: run26016.mid.gz
2025-03-01 15:35:48 Udatentig matadata for filer file: run26017.mid.gz
2025-03-01 15:35:52 Transferring file: run26017.mid.gz
2025-03-01 15:35:52 Uploading file: run26017.mid.gz
2025-03-01 15:35:52 Upload done: run26017.mid.gz
2025-03-01 15:39:52 Udatentig matadata for filer file: run26018.mid.gz
2025-03-01 15:39:56 Transferring file: run26018.mid.gz
2025-03-01 15:39:56 Uploading file: run26018.mid.gz
2025-03-01 15:39:56 Upload done: run26018.mid.gz
2025-03-01 15:43:57 Udatentig matadata for filer file: run26019.mid.gz
2025-03-01 15:44:01 Transferring file: run26019.mid.gz
2025-03-01 15:44:01 Uploading file: run26019.mid.gz
2025-03-01 15:44:01 Upload done: run26019.mid.gz
2025-03-01 15:47:49 Udatentig matadata for filer file: run26020.mid.gz
2025-03-01 15:47:54 Transferring file: run26020.mid.gz
2025-03-01 15:47:54 Uploading file: run26020.mid.gz
2025-03-01 15:47:54 Upload done: run26020.mid.gz
2025-03-01 15:51:55 Udatentig matadata for filer file: run26021.mid.gz
2025-03-01 15:51:59 Transferring file: run26021.mid.gz
2025-03-01 15:51:59 Uploading file: run26021.mid.gz
2025-03-01 15:51:59 Upload done: run26021.mid.gz
2025-03-01 15:56:26 Udatentig matadata for filer file: run26022.mid.gz
2025-03-01 15:56:29 Transferring file: run26022.mid.gz
2025-03-01 15:56:29 Uploading file: run26022.mid.gz
2025-03-01 15:56:29 Upload done: run26022.mid.gz
2025-03-01 16:00:07 Udatentig matadata for filer file: run26023.mid.gz
2025-03-01 16:00:09 Transferring file: run26023.mid.gz
2025-03-01 16:00:09 Uploading file: run26023.mid.gz
2025-03-01 16:00:09 Upload done: run26023.mid.gz
2025-03-01 16:09:53 Udatentig matadata for filer file: run26024.mid.gz
2025-03-01 16:09:57 Transferring file: run26024.mid.gz
2025-03-01 16:09:57 Uploading file: run26024.mid.gz
2025-03-01 16:09:57 Upload done: run26024.mid.gz
2025-03-01 16:14:00 Udatentig matadata for filer file: run26025.mid.gz
2025-03-01 16:14:04 Transferring file: run26025.mid.gz
2025-03-01 16:14:04 Uploading file: run26025.mid.gz
2025-03-01 16:14:04 Upload done: run26025.mid.gz
2025-03-01 16:17:52 Udatentig matadata for filer file: run26026.mid.gz
2025-03-01 16:17:56 Transferring file: run26026.mid.gz
2025-03-01 16:17:56 Uploading file: run26026.mid.gz
2025-03-01 16:17:56 Upload done: run26026.mid.gz
2025-03-01 16:21:58 Udatentig matadata for filer file: run26027.mid.gz
2025-03-01 16:22:02 Transferring file: run26027.mid.gz
2025-03-01 16:22:02 Uploading file: run26027.mid.gz
2025-03-01 16:22:02 Upload done: run26027.mid.gz
2025-03-01 16:26:04 Udatentig matadata for filer file: run26028.mid.gz
2025-03-01 16:26:08 Transferring file: run26028.mid.gz
2025-03-01 16:26:08 Uploading file: run26028.mid.gz
2025-03-01 16:26:08 Upload done: run26028.mid.gz
2025-03-01 16:26:49 Udatentig matadata for filer file: run26031.mid.gz
2025-03-01 16:26:49 Transferring file: run26031.mid.gz
2025-03-01 16:26:49 Uploading file: run26031.mid.gz
2025-03-01 16:26:49 Upload done: run26031.mid.gz
2025-03-01 16:29:46 Udatentig matadata for filer file: run26029.mid.gz
2025-03-01 16:29:49 Transferring file: run26029.mid.gz
2025-03-01 16:29:49 Uploading file: run26029.mid.gz
2025-03-01 16:29:49 Upload done: run26029.mid.gz
2025-03-01 16:33:40 Udatentig matadata for filer file: run26030.mid.gz
2025-03-01 16:33:42 Transferring file: run26030.mid.gz
2025-03-01 16:33:42 Uploading file: run26030.mid.gz
2025-03-01 16:33:42 Upload done: run26030.mid.gz
2025-03-02 14:21:17 Udatentig matadata for filer file: run26033.mid.gz
2025-03-02 14:21:19 Transferring file: run26033.mid.gz
2025-03-02 14:21:19 Uploading file: run26033.mid.gz
2025-03-02 14:21:19 Upload done: run26033.mid.gz
2025-03-02 14:59:09 Udatentig matadata for filer file: run26036.mid.gz
2025-03-02 14:59:09 Transferring file: run26036.mid.gz
2025-03-02 14:59:09 Uploading file: run26036.mid.gz
2025-03-02 14:59:09 Upload done: run26036.mid.gz
2025-03-02 15:11:55 Udatentig matadata for filer file: run26037.mid.gz
2025-03-02 15:11:59 Transferring file: run26037.mid.gz
2025-03-02 15:11:59 Uploading file: run26037.mid.gz
2025-03-02 15:11:59 Upload done: run26037.mid.gz
2025-03-02 15:15:50 Udatentig matadata for filer file: run26038.mid.gz
2025-03-02 15:15:54 Transferring file: run26038.mid.gz
2025-03-02 15:15:54 Uploading file: run26038.mid.gz
2025-03-02 15:15:54 Upload done: run26038.mid.gz
2025-03-02 15:20:23 Udatentig matadata for filer file: run26039.mid.gz
2025-03-02 15:20:27 Transferring file: run26039.mid.gz
2025-03-02 15:20:27 Uploading file: run26039.mid.gz
2025-03-02 15:20:27 Upload done: run26039.mid.gz
2025-03-02 15:24:17 Udatentig matadata for filer file: run26040.mid.gz
2025-03-02 15:24:21 Transferring file: run26040.mid.gz
2025-03-02 15:24:21 Uploading file: run26040.mid.gz
2025-03-02 15:24:21 Upload done: run26040.mid.gz
2025-03-02 15:28:24 Udatentig matadata for filer file: run26041.mid.gz
2025-03-02 15:28:28 Transferring file: run26041.mid.gz
2025-03-02 15:28:28 Uploading file: run26041.mid.gz
2025-03-02 15:28:28 Upload done: run26041.mid.gz
2025-03-02 15:32:57 Udatentig matadata for filer file: run26042.mid.gz
2025-03-02 15:33:01 Transferring file: run26042.mid.gz
2025-03-02 15:33:01 Uploading file: run26042.mid.gz
2025-03-02 15:33:01 Upload done: run26042.mid.gz
2025-03-02 15:36:51 Udatentig matadata for filer file: run26043.mid.gz
2025-03-02 15:36:55 Transferring file: run26043.mid.gz
2025-03-02 15:36:55 Uploading file: run26043.mid.gz
2025-03-02 15:36:55 Upload done: run26043.mid.gz
2025-03-02 15:40:47 Udatentig matadata for filer file: run26044.mid.gz
2025-03-02 15:40:52 Transferring file: run26044.mid.gz
2025-03-02 15:40:52 Uploading file: run26044.mid.gz
2025-03-02 15:40:52 Upload done: run26044.mid.gz
2025-03-02 15:44:44 Udatentig matadata for filer file: run26045.mid.gz
2025-03-02 15:44:47 Transferring file: run26045.mid.gz
2025-03-02 15:44:47 Uploading file: run26045.mid.gz
2025-03-02 15:44:47 Upload done: run26045.mid.gz
2025-03-02 15:49:06 Udatentig matadata for filer file: run26046.mid.gz
2025-03-02 15:49:09 Transferring file: run26046.mid.gz
2025-03-02 15:49:09 Uploading file: run26046.mid.gz
2025-03-02 15:49:09 Upload done: run26046.mid.gz
2025-03-02 15:57:56 Udatentig matadata for filer file: run26047.mid.gz
2025-03-02 15:57:59 Transferring file: run26047.mid.gz
2025-03-02 15:57:59 Uploading file: run26047.mid.gz
2025-03-02 15:57:59 Upload done: run26047.mid.gz
2025-03-02 16:02:56 Udatentig matadata for filer file: run26048.mid.gz
2025-03-02 16:02:59 Transferring file: run26048.mid.gz
2025-03-02 16:02:59 Uploading file: run26048.mid.gz
2025-03-02 16:02:59 Upload done: run26048.mid.gz
2025-03-02 16:06:38 Udatentig matadata for filer file: run26049.mid.gz
2025-03-02 16:06:42 Transferring file: run26049.mid.gz
2025-03-02 16:06:42 Uploading file: run26049.mid.gz
2025-03-02 16:06:42 Upload done: run26049.mid.gz
2025-03-02 16:10:59 Udatentig matadata for filer file: run26050.mid.gz
2025-03-02 16:11:03 Transferring file: run26050.mid.gz
2025-03-02 16:11:03 Uploading file: run26050.mid.gz
2025-03-02 16:11:03 Upload done: run26050.mid.gz
2025-03-02 16:14:54 Udatentig matadata for filer file: run26051.mid.gz
2025-03-02 16:14:58 Transferring file: run26051.mid.gz
2025-03-02 16:14:58 Uploading file: run26051.mid.gz
2025-03-02 16:14:58 Upload done: run26051.mid.gz
2025-03-02 16:19:05 Udatentig matadata for filer file: run26052.mid.gz
2025-03-02 16:19:08 Transferring file: run26052.mid.gz
2025-03-02 16:19:08 Uploading file: run26052.mid.gz
2025-03-02 16:19:08 Upload done: run26052.mid.gz
2025-03-02 16:23:03 Udatentig matadata for filer file: run26053.mid.gz
2025-03-02 16:23:06 Transferring file: run26053.mid.gz
2025-03-02 16:23:06 Uploading file: run26053.mid.gz
2025-03-02 16:23:06 Upload done: run26053.mid.gz
2025-03-02 16:27:38 Udatentig matadata for filer file: run26054.mid.gz
2025-03-02 16:27:42 Transferring file: run26054.mid.gz
2025-03-02 16:27:42 Uploading file: run26054.mid.gz
2025-03-02 16:27:42 Upload done: run26054.mid.gz
2025-03-02 16:33:05 Udatentig matadata for filer file: run26056.mid.gz
2025-03-02 16:33:08 Transferring file: run26056.mid.gz
2025-03-02 16:33:08 Uploading file: run26056.mid.gz
2025-03-02 16:33:08 Upload done: run26056.mid.gz
2025-03-02 16:37:01 Udatentig matadata for filer file: run26057.mid.gz
2025-03-02 16:37:04 Transferring file: run26057.mid.gz
2025-03-02 16:37:04 Uploading file: run26057.mid.gz
2025-03-02 16:37:04 Upload done: run26057.mid.gz
2025-03-02 16:40:58 Udatentig matadata for filer file: run26058.mid.gz
2025-03-02 16:41:01 Transferring file: run26058.mid.gz
2025-03-02 16:41:01 Uploading file: run26058.mid.gz
2025-03-02 16:41:01 Upload done: run26058.mid.gz
2025-03-02 16:45:32 Udatentig matadata for filer file: run26059.mid.gz
2025-03-02 16:45:36 Transferring file: run26059.mid.gz
2025-03-02 16:45:36 Uploading file: run26059.mid.gz
2025-03-02 16:45:36 Upload done: run26059.mid.gz
2025-03-02 16:49:29 Udatentig matadata for filer file: run26060.mid.gz
2025-03-02 16:49:32 Transferring file: run26060.mid.gz
2025-03-02 16:49:32 Uploading file: run26060.mid.gz
2025-03-02 16:49:32 Upload done: run26060.mid.gz
2025-03-02 16:53:39 Udatentig matadata for filer file: run26061.mid.gz
2025-03-02 16:53:43 Transferring file: run26061.mid.gz
2025-03-02 16:53:43 Uploading file: run26061.mid.gz
2025-03-02 16:53:43 Upload done: run26061.mid.gz
2025-03-02 16:58:02 Udatentig matadata for filer file: run26062.mid.gz
2025-03-02 16:58:06 Transferring file: run26062.mid.gz
2025-03-02 16:58:06 Uploading file: run26062.mid.gz
2025-03-02 16:58:06 Upload done: run26062.mid.gz
2025-03-02 17:02:00 Udatentig matadata for filer file: run26063.mid.gz
2025-03-02 17:02:03 Transferring file: run26063.mid.gz
2025-03-02 17:02:03 Uploading file: run26063.mid.gz
2025-03-02 17:02:03 Upload done: run26063.mid.gz
2025-03-02 17:05:57 Udatentig matadata for filer file: run26064.mid.gz
2025-03-02 17:06:00 Transferring file: run26064.mid.gz
2025-03-02 17:06:00 Uploading file: run26064.mid.gz
2025-03-02 17:06:00 Upload done: run26064.mid.gz
2025-03-02 17:09:46 Udatentig matadata for filer file: run26065.mid.gz
2025-03-02 17:09:48 Transferring file: run26065.mid.gz
2025-03-02 17:09:48 Uploading file: run26065.mid.gz
2025-03-02 17:09:48 Upload done: run26065.mid.gz
2025-03-02 17:43:38 Udatentig matadata for filer file: run26067.mid.gz
2025-03-02 17:43:42 Transferring file: run26067.mid.gz
2025-03-02 17:43:42 Uploading file: run26067.mid.gz
2025-03-02 17:43:42 Upload done: run26067.mid.gz
2025-03-02 17:47:37 Udatentig matadata for filer file: run26068.mid.gz
2025-03-02 17:47:41 Transferring file: run26068.mid.gz
2025-03-02 17:47:41 Uploading file: run26068.mid.gz
2025-03-02 17:47:41 Upload done: run26068.mid.gz
2025-03-02 17:51:48 Udatentig matadata for filer file: run26069.mid.gz
2025-03-02 17:51:52 Transferring file: run26069.mid.gz
2025-03-02 17:51:52 Uploading file: run26069.mid.gz
2025-03-02 17:51:52 Upload done: run26069.mid.gz
2025-03-02 17:55:44 Udatentig matadata for filer file: run26070.mid.gz
2025-03-02 17:55:48 Transferring file: run26070.mid.gz
2025-03-02 17:55:48 Uploading file: run26070.mid.gz
2025-03-02 17:55:48 Upload done: run26070.mid.gz
2025-03-02 17:59:44 Udatentig matadata for filer file: run26071.mid.gz
2025-03-02 17:59:48 Transferring file: run26071.mid.gz
2025-03-02 17:59:48 Uploading file: run26071.mid.gz
2025-03-02 17:59:48 Upload done: run26071.mid.gz
2025-03-02 18:03:17 Udatentig matadata for filer file: run26072.mid.gz
2025-03-02 18:03:21 Transferring file: run26072.mid.gz
2025-03-02 18:03:21 Uploading file: run26072.mid.gz
2025-03-02 18:03:21 Upload done: run26072.mid.gz
2025-03-02 18:07:15 Udatentig matadata for filer file: run26073.mid.gz
2025-03-02 18:07:19 Transferring file: run26073.mid.gz
2025-03-02 18:07:19 Uploading file: run26073.mid.gz
2025-03-02 18:07:19 Upload done: run26073.mid.gz
2025-03-02 18:11:13 Udatentig matadata for filer file: run26074.mid.gz
2025-03-02 18:11:17 Transferring file: run26074.mid.gz
2025-03-02 18:11:17 Uploading file: run26074.mid.gz
2025-03-02 18:11:17 Upload done: run26074.mid.gz
2025-03-02 18:15:01 Udatentig matadata for filer file: run26075.mid.gz
2025-03-02 18:15:04 Transferring file: run26075.mid.gz
2025-03-02 18:15:04 Uploading file: run26075.mid.gz
2025-03-02 18:15:04 Upload done: run26075.mid.gz
2025-03-02 18:18:47 Udatentig matadata for filer file: run26076.mid.gz
2025-03-02 18:18:50 Transferring file: run26076.mid.gz
2025-03-02 18:18:50 Uploading file: run26076.mid.gz
2025-03-02 18:18:50 Upload done: run26076.mid.gz
2025-03-03 15:45:27 Udatentig matadata for filer file: run26089.mid.gz
2025-03-03 15:45:31 Transferring file: run26089.mid.gz
2025-03-03 15:45:31 Uploading file: run26089.mid.gz
2025-03-03 15:45:31 ERROR: Uploading file: run26089.mid.gz
2025-03-03 15:45:45 Uploading file: run26089.mid.gz
2025-03-03 15:45:45 ERROR: Uploading file: run26089.mid.gz
2025-03-03 15:45:52 Uploading file: run26089.mid.gz
2025-03-03 15:45:52 ERROR: Uploading file: run26089.mid.gz
2025-03-03 15:46:02 Uploading file: run26089.mid.gz
2025-03-03 15:46:02 ERROR: Uploading file: run26089.mid.gz
2025-03-03 15:46:09 Uploading file: run26089.mid.gz
2025-03-03 15:46:09 ERROR: Uploading file: run26089.mid.gz
ERROR: Max try number reached: 5
2025-03-03 15:46:28 Udatentig matadata for filer file: run26089.mid.gz
2025-03-03 15:46:30 Transferring file: run26089.mid.gz
2025-03-03 15:46:30 Uploading file: run26089.mid.gz
2025-03-03 15:46:30 ERROR: Uploading file: run26089.mid.gz
2025-03-03 15:46:40 Uploading file: run26089.mid.gz
2025-03-03 15:46:40 ERROR: Uploading file: run26089.mid.gz
2025-03-03 15:46:52 Uploading file: run26089.mid.gz
2025-03-03 15:46:52 ERROR: Uploading file: run26089.mid.gz
2025-03-03 15:47:01 Uploading file: run26089.mid.gz
2025-03-03 15:47:01 ERROR: Uploading file: run26089.mid.gz
2025-03-03 15:47:08 Uploading file: run26089.mid.gz
2025-03-03 15:47:08 ERROR: Uploading file: run26089.mid.gz
ERROR: Max try number reached: 5
2025-03-03 15:47:29 Udatentig matadata for filer file: run26089.mid.gz
2025-03-03 15:47:31 Transferring file: run26089.mid.gz
2025-03-03 15:47:31 Uploading file: run26089.mid.gz
2025-03-03 15:47:31 ERROR: Uploading file: run26089.mid.gz
2025-03-03 15:47:38 Uploading file: run26089.mid.gz
2025-03-03 15:47:38 ERROR: Uploading file: run26089.mid.gz
2025-03-03 15:47:48 Uploading file: run26089.mid.gz
2025-03-03 15:47:48 ERROR: Uploading file: run26089.mid.gz
2025-03-03 15:47:57 Uploading file: run26089.mid.gz
2025-03-03 15:47:57 ERROR: Uploading file: run26089.mid.gz
2025-03-03 15:48:08 Uploading file: run26089.mid.gz
2025-03-03 15:48:08 ERROR: Uploading file: run26089.mid.gz
ERROR: Max try number reached: 5
2025-03-03 15:48:29 Udatentig matadata for filer file: run26089.mid.gz
2025-03-03 15:48:31 Transferring file: run26089.mid.gz
2025-03-03 15:48:31 Uploading file: run26089.mid.gz
2025-03-03 15:48:31 ERROR: Uploading file: run26089.mid.gz
2025-03-03 15:48:41 Uploading file: run26089.mid.gz
2025-03-03 15:48:41 ERROR: Uploading file: run26089.mid.gz
2025-03-03 15:48:53 Uploading file: run26089.mid.gz
2025-03-03 15:48:53 ERROR: Uploading file: run26089.mid.gz
2025-03-03 15:49:08 Uploading file: run26089.mid.gz
2025-03-03 15:49:08 ERROR: Uploading file: run26089.mid.gz
2025-03-03 15:49:17 Uploading file: run26089.mid.gz
2025-03-03 15:49:17 ERROR: Uploading file: run26089.mid.gz
ERROR: Max try number reached: 5
2025-03-03 15:49:40 Udatentig matadata for filer file: run26089.mid.gz
2025-03-03 15:49:42 Transferring file: run26089.mid.gz
2025-03-03 15:49:42 Uploading file: run26089.mid.gz
2025-03-03 15:49:42 ERROR: Uploading file: run26089.mid.gz
2025-03-03 15:49:55 Uploading file: run26089.mid.gz
2025-03-03 15:49:55 ERROR: Uploading file: run26089.mid.gz
2025-03-03 15:50:01 Uploading file: run26089.mid.gz
2025-03-03 15:50:01 ERROR: Uploading file: run26089.mid.gz
2025-03-03 15:50:08 Uploading file: run26089.mid.gz
2025-03-03 15:50:08 ERROR: Uploading file: run26089.mid.gz
2025-03-03 15:50:15 Uploading file: run26089.mid.gz
2025-03-03 15:50:15 ERROR: Uploading file: run26089.mid.gz
ERROR: Max try number reached: 5
2025-03-03 15:50:34 Udatentig matadata for filer file: run26089.mid.gz
2025-03-03 15:50:36 Transferring file: run26089.mid.gz
2025-03-03 15:50:36 Uploading file: run26089.mid.gz
2025-03-03 15:50:36 ERROR: Uploading file: run26089.mid.gz
2025-03-03 15:50:48 Uploading file: run26089.mid.gz
2025-03-03 15:50:48 ERROR: Uploading file: run26089.mid.gz
2025-03-03 15:50:56 Uploading file: run26089.mid.gz
2025-03-03 15:50:56 ERROR: Uploading file: run26089.mid.gz
2025-03-03 15:51:08 Uploading file: run26089.mid.gz
2025-03-03 15:51:08 ERROR: Uploading file: run26089.mid.gz
2025-03-03 15:51:13 Uploading file: run26089.mid.gz
2025-03-03 15:51:13 ERROR: Uploading file: run26089.mid.gz
ERROR: Max try number reached: 5
2025-03-03 15:51:34 Udatentig matadata for filer file: run26089.mid.gz
2025-03-03 15:51:36 Transferring file: run26089.mid.gz
2025-03-03 15:51:36 Uploading file: run26089.mid.gz
2025-03-03 15:51:36 ERROR: Uploading file: run26089.mid.gz
2025-03-03 15:51:45 Uploading file: run26089.mid.gz
2025-03-03 15:51:45 ERROR: Uploading file: run26089.mid.gz
2025-03-03 15:52:00 Uploading file: run26089.mid.gz
2025-03-03 15:52:00 ERROR: Uploading file: run26089.mid.gz
2025-03-03 15:52:12 Uploading file: run26089.mid.gz
2025-03-03 15:52:12 ERROR: Uploading file: run26089.mid.gz
2025-03-03 15:52:18 Uploading file: run26089.mid.gz
2025-03-03 15:52:18 ERROR: Uploading file: run26089.mid.gz
ERROR: Max try number reached: 5
2025-03-03 15:52:39 Udatentig matadata for filer file: run26089.mid.gz
2025-03-03 15:52:41 Transferring file: run26089.mid.gz
2025-03-03 15:52:41 Uploading file: run26089.mid.gz
2025-03-03 15:52:41 ERROR: Uploading file: run26089.mid.gz
2025-03-03 15:52:53 Uploading file: run26089.mid.gz
2025-03-03 15:52:53 ERROR: Uploading file: run26089.mid.gz
2025-03-03 15:53:02 Uploading file: run26089.mid.gz
2025-03-03 15:53:02 ERROR: Uploading file: run26089.mid.gz
2025-03-03 15:53:13 Uploading file: run26089.mid.gz
2025-03-03 15:53:13 ERROR: Uploading file: run26089.mid.gz
2025-03-03 15:53:28 Uploading file: run26089.mid.gz
2025-03-03 15:53:28 ERROR: Uploading file: run26089.mid.gz
ERROR: Max try number reached: 5
2025-03-03 15:53:55 Udatentig matadata for filer file: run26089.mid.gz
2025-03-03 15:53:57 Transferring file: run26089.mid.gz
2025-03-03 15:53:57 Uploading file: run26089.mid.gz
2025-03-03 15:53:57 ERROR: Uploading file: run26089.mid.gz
2025-03-03 15:54:05 Uploading file: run26089.mid.gz
2025-03-03 15:54:05 ERROR: Uploading file: run26089.mid.gz
2025-03-03 15:54:18 Uploading file: run26089.mid.gz
2025-03-03 15:54:18 ERROR: Uploading file: run26089.mid.gz
2025-03-03 15:54:26 Uploading file: run26089.mid.gz
2025-03-03 15:54:26 ERROR: Uploading file: run26089.mid.gz
2025-03-03 15:54:38 Uploading file: run26089.mid.gz
2025-03-03 15:54:38 ERROR: Uploading file: run26089.mid.gz
ERROR: Max try number reached: 5
2025-03-03 15:54:56 Udatentig matadata for filer file: run26089.mid.gz
2025-03-03 15:54:58 Transferring file: run26089.mid.gz
2025-03-03 15:54:58 Uploading file: run26089.mid.gz
2025-03-03 15:54:58 ERROR: Uploading file: run26089.mid.gz
2025-03-03 15:55:06 Uploading file: run26089.mid.gz
2025-03-03 15:55:06 ERROR: Uploading file: run26089.mid.gz
2025-03-03 15:55:14 Uploading file: run26089.mid.gz
2025-03-03 15:55:14 ERROR: Uploading file: run26089.mid.gz
2025-03-03 15:55:24 Uploading file: run26089.mid.gz
2025-03-03 15:55:24 ERROR: Uploading file: run26089.mid.gz
2025-03-03 15:55:36 Uploading file: run26089.mid.gz
2025-03-03 15:55:36 ERROR: Uploading file: run26089.mid.gz
ERROR: Max try number reached: 5
2025-03-03 15:55:58 Udatentig matadata for filer file: run26089.mid.gz
2025-03-03 15:56:00 Transferring file: run26089.mid.gz
2025-03-03 15:56:00 Uploading file: run26089.mid.gz
2025-03-03 15:56:00 ERROR: Uploading file: run26089.mid.gz
2025-03-03 15:56:15 Uploading file: run26089.mid.gz
2025-03-03 15:56:15 ERROR: Uploading file: run26089.mid.gz
2025-03-03 15:56:22 Uploading file: run26089.mid.gz
2025-03-03 15:56:22 ERROR: Uploading file: run26089.mid.gz
2025-03-03 15:56:35 Uploading file: run26089.mid.gz
2025-03-03 15:56:35 ERROR: Uploading file: run26089.mid.gz
2025-03-03 15:56:47 Uploading file: run26089.mid.gz
2025-03-03 15:56:47 ERROR: Uploading file: run26089.mid.gz
ERROR: Max try number reached: 5
2025-03-03 15:57:06 Udatentig matadata for filer file: run26089.mid.gz
2025-03-03 15:57:08 Transferring file: run26089.mid.gz
2025-03-03 15:57:08 Uploading file: run26089.mid.gz
2025-03-03 15:57:08 ERROR: Uploading file: run26089.mid.gz
2025-03-03 15:57:20 Uploading file: run26089.mid.gz
2025-03-03 15:57:20 ERROR: Uploading file: run26089.mid.gz
2025-03-03 15:57:29 Uploading file: run26089.mid.gz
2025-03-03 15:57:29 ERROR: Uploading file: run26089.mid.gz
2025-03-03 15:57:39 Uploading file: run26089.mid.gz
2025-03-03 15:57:39 ERROR: Uploading file: run26089.mid.gz
2025-03-03 15:57:54 Uploading file: run26089.mid.gz
2025-03-03 15:57:54 ERROR: Uploading file: run26089.mid.gz
ERROR: Max try number reached: 5
2025-03-03 15:58:16 Udatentig matadata for filer file: run26089.mid.gz
2025-03-03 15:58:18 Transferring file: run26089.mid.gz
2025-03-03 15:58:18 Uploading file: run26089.mid.gz
2025-03-03 15:58:18 ERROR: Uploading file: run26089.mid.gz
2025-03-03 15:58:24 Uploading file: run26089.mid.gz
2025-03-03 15:58:24 ERROR: Uploading file: run26089.mid.gz
2025-03-03 15:58:30 Uploading file: run26089.mid.gz
2025-03-03 15:58:30 ERROR: Uploading file: run26089.mid.gz
2025-03-03 15:58:40 Uploading file: run26089.mid.gz
2025-03-03 15:58:40 ERROR: Uploading file: run26089.mid.gz
2025-03-03 15:58:50 Uploading file: run26089.mid.gz
2025-03-03 15:58:50 ERROR: Uploading file: run26089.mid.gz
ERROR: Max try number reached: 5
2025-03-03 15:59:09 Udatentig matadata for filer file: run26089.mid.gz
2025-03-03 15:59:11 Transferring file: run26089.mid.gz
2025-03-03 15:59:11 Uploading file: run26089.mid.gz
2025-03-03 15:59:11 ERROR: Uploading file: run26089.mid.gz
2025-03-03 15:59:25 Uploading file: run26089.mid.gz
2025-03-03 15:59:25 ERROR: Uploading file: run26089.mid.gz
2025-03-03 15:59:36 Uploading file: run26089.mid.gz
2025-03-03 15:59:36 ERROR: Uploading file: run26089.mid.gz
2025-03-03 15:59:41 Uploading file: run26089.mid.gz
2025-03-03 15:59:41 ERROR: Uploading file: run26089.mid.gz
2025-03-03 15:59:49 Uploading file: run26089.mid.gz
2025-03-03 15:59:49 ERROR: Uploading file: run26089.mid.gz
ERROR: Max try number reached: 5
2025-03-03 16:00:15 Udatentig matadata for filer file: run26089.mid.gz
2025-03-03 16:00:17 Transferring file: run26089.mid.gz
2025-03-03 16:00:17 Uploading file: run26089.mid.gz
2025-03-03 16:00:17 ERROR: Uploading file: run26089.mid.gz
2025-03-03 16:00:30 Uploading file: run26089.mid.gz
2025-03-03 16:00:30 ERROR: Uploading file: run26089.mid.gz
2025-03-03 16:00:41 Uploading file: run26089.mid.gz
2025-03-03 16:00:41 ERROR: Uploading file: run26089.mid.gz
2025-03-03 16:00:49 Uploading file: run26089.mid.gz
2025-03-03 16:00:49 ERROR: Uploading file: run26089.mid.gz
2025-03-03 16:01:02 Uploading file: run26089.mid.gz
2025-03-03 16:01:02 ERROR: Uploading file: run26089.mid.gz
ERROR: Max try number reached: 5
2025-03-03 16:01:23 Udatentig matadata for filer file: run26089.mid.gz
2025-03-03 16:01:25 Transferring file: run26089.mid.gz
2025-03-03 16:01:25 Uploading file: run26089.mid.gz
2025-03-03 16:01:25 ERROR: Uploading file: run26089.mid.gz
2025-03-03 16:01:35 Uploading file: run26089.mid.gz
2025-03-03 16:01:35 ERROR: Uploading file: run26089.mid.gz
2025-03-03 16:01:47 Uploading file: run26089.mid.gz
2025-03-03 16:01:47 ERROR: Uploading file: run26089.mid.gz
2025-03-03 16:01:51 Uploading file: run26089.mid.gz
2025-03-03 16:01:51 ERROR: Uploading file: run26089.mid.gz
2025-03-03 16:02:03 Uploading file: run26089.mid.gz
2025-03-03 16:02:03 ERROR: Uploading file: run26089.mid.gz
ERROR: Max try number reached: 5
2025-03-03 16:02:12 Udatentig matadata for filer file: run26090.mid.gz
2025-03-03 16:02:20 Transferring file: run26090.mid.gz
2025-03-03 16:02:20 Uploading file: run26090.mid.gz
2025-03-03 16:02:20 ERROR: Uploading file: run26090.mid.gz
2025-03-03 16:02:32 Uploading file: run26090.mid.gz
2025-03-03 16:02:32 ERROR: Uploading file: run26090.mid.gz
2025-03-03 16:02:46 Uploading file: run26090.mid.gz
2025-03-03 16:02:46 ERROR: Uploading file: run26090.mid.gz
2025-03-03 16:03:03 Uploading file: run26090.mid.gz
2025-03-03 16:03:03 ERROR: Uploading file: run26090.mid.gz
2025-03-03 16:03:17 Uploading file: run26090.mid.gz
2025-03-03 16:03:17 ERROR: Uploading file: run26090.mid.gz
ERROR: Max try number reached: 5
2025-03-03 16:03:44 Udatentig matadata for filer file: run26089.mid.gz
2025-03-03 16:03:46 Transferring file: run26089.mid.gz
2025-03-03 16:03:46 Uploading file: run26089.mid.gz
2025-03-03 16:03:46 ERROR: Uploading file: run26089.mid.gz
2025-03-03 16:03:51 Uploading file: run26089.mid.gz
2025-03-03 16:03:51 ERROR: Uploading file: run26089.mid.gz
2025-03-03 16:04:02 Uploading file: run26089.mid.gz
2025-03-03 16:04:02 ERROR: Uploading file: run26089.mid.gz
2025-03-03 16:04:09 Uploading file: run26089.mid.gz
2025-03-03 16:04:09 ERROR: Uploading file: run26089.mid.gz
2025-03-03 16:04:20 Uploading file: run26089.mid.gz
2025-03-03 16:04:20 ERROR: Uploading file: run26089.mid.gz
ERROR: Max try number reached: 5
2025-03-03 16:04:33 Udatentig matadata for filer file: run26090.mid.gz
2025-03-03 16:04:38 Transferring file: run26090.mid.gz
2025-03-03 16:04:38 Uploading file: run26090.mid.gz
2025-03-03 16:04:38 ERROR: Uploading file: run26090.mid.gz
2025-03-03 16:04:52 Uploading file: run26090.mid.gz
2025-03-03 16:04:52 ERROR: Uploading file: run26090.mid.gz
2025-03-03 16:05:08 Uploading file: run26090.mid.gz
2025-03-03 16:05:08 ERROR: Uploading file: run26090.mid.gz
2025-03-03 16:05:17 Uploading file: run26090.mid.gz
2025-03-03 16:05:17 ERROR: Uploading file: run26090.mid.gz
2025-03-03 16:05:27 Uploading file: run26090.mid.gz
2025-03-03 16:05:27 ERROR: Uploading file: run26090.mid.gz
ERROR: Max try number reached: 5
2025-03-03 16:05:52 Udatentig matadata for filer file: run26089.mid.gz
2025-03-03 16:05:54 Transferring file: run26089.mid.gz
2025-03-03 16:05:54 Uploading file: run26089.mid.gz
2025-03-03 16:05:54 ERROR: Uploading file: run26089.mid.gz
2025-03-03 16:06:05 Uploading file: run26089.mid.gz
2025-03-03 16:06:05 ERROR: Uploading file: run26089.mid.gz
2025-03-03 16:06:18 Uploading file: run26089.mid.gz
2025-03-03 16:06:18 ERROR: Uploading file: run26089.mid.gz
2025-03-03 16:06:32 Uploading file: run26089.mid.gz
2025-03-03 16:06:32 ERROR: Uploading file: run26089.mid.gz
2025-03-03 16:06:47 Uploading file: run26089.mid.gz
2025-03-03 16:06:47 ERROR: Uploading file: run26089.mid.gz
ERROR: Max try number reached: 5
2025-03-03 16:06:57 Udatentig matadata for filer file: run26090.mid.gz
2025-03-03 16:07:02 Transferring file: run26090.mid.gz
2025-03-03 16:07:02 Uploading file: run26090.mid.gz
2025-03-03 16:07:02 ERROR: Uploading file: run26090.mid.gz
2025-03-03 16:07:11 Uploading file: run26090.mid.gz
2025-03-03 16:07:11 ERROR: Uploading file: run26090.mid.gz
2025-03-03 16:07:23 Uploading file: run26090.mid.gz
2025-03-03 16:07:23 ERROR: Uploading file: run26090.mid.gz
2025-03-03 16:07:39 Uploading file: run26090.mid.gz
2025-03-03 16:07:39 ERROR: Uploading file: run26090.mid.gz
2025-03-03 16:07:51 Uploading file: run26090.mid.gz
2025-03-03 16:07:51 ERROR: Uploading file: run26090.mid.gz
ERROR: Max try number reached: 5
2025-03-03 16:08:20 Udatentig matadata for filer file: run26089.mid.gz
2025-03-03 16:08:22 Transferring file: run26089.mid.gz
2025-03-03 16:08:22 Uploading file: run26089.mid.gz
2025-03-03 16:08:22 ERROR: Uploading file: run26089.mid.gz
2025-03-03 16:08:30 Uploading file: run26089.mid.gz
2025-03-03 16:08:30 ERROR: Uploading file: run26089.mid.gz
2025-03-03 16:08:36 Uploading file: run26089.mid.gz
2025-03-03 16:08:36 ERROR: Uploading file: run26089.mid.gz
2025-03-03 16:08:44 Uploading file: run26089.mid.gz
2025-03-03 16:08:44 ERROR: Uploading file: run26089.mid.gz
2025-03-03 16:08:53 Uploading file: run26089.mid.gz
2025-03-03 16:08:53 ERROR: Uploading file: run26089.mid.gz
ERROR: Max try number reached: 5
2025-03-03 16:09:02 Udatentig matadata for filer file: run26090.mid.gz
2025-03-03 16:09:07 Transferring file: run26090.mid.gz
2025-03-03 16:09:07 Uploading file: run26090.mid.gz
2025-03-03 16:09:07 ERROR: Uploading file: run26090.mid.gz
2025-03-03 16:09:20 Uploading file: run26090.mid.gz
2025-03-03 16:09:20 ERROR: Uploading file: run26090.mid.gz
2025-03-03 16:09:31 Uploading file: run26090.mid.gz
2025-03-03 16:09:31 ERROR: Uploading file: run26090.mid.gz
2025-03-03 16:09:43 Uploading file: run26090.mid.gz
2025-03-03 16:09:43 ERROR: Uploading file: run26090.mid.gz
2025-03-03 16:09:59 Uploading file: run26090.mid.gz
2025-03-03 16:09:59 ERROR: Uploading file: run26090.mid.gz
ERROR: Max try number reached: 5
2025-03-03 16:10:21 Udatentig matadata for filer file: run26089.mid.gz
2025-03-03 16:10:23 Transferring file: run26089.mid.gz
2025-03-03 16:10:23 Uploading file: run26089.mid.gz
2025-03-03 16:10:23 ERROR: Uploading file: run26089.mid.gz
2025-03-03 16:10:34 Uploading file: run26089.mid.gz
2025-03-03 16:10:34 ERROR: Uploading file: run26089.mid.gz
2025-03-03 16:10:45 Uploading file: run26089.mid.gz
2025-03-03 16:10:45 ERROR: Uploading file: run26089.mid.gz
2025-03-03 16:10:52 Uploading file: run26089.mid.gz
2025-03-03 16:10:52 ERROR: Uploading file: run26089.mid.gz
2025-03-03 16:10:58 Uploading file: run26089.mid.gz
2025-03-03 16:10:58 ERROR: Uploading file: run26089.mid.gz
ERROR: Max try number reached: 5
2025-03-03 16:11:09 Udatentig matadata for filer file: run26090.mid.gz
2025-03-03 16:11:14 Transferring file: run26090.mid.gz
2025-03-03 16:11:14 Uploading file: run26090.mid.gz
2025-03-03 16:11:14 ERROR: Uploading file: run26090.mid.gz
2025-03-03 16:11:22 Uploading file: run26090.mid.gz
2025-03-03 16:11:22 ERROR: Uploading file: run26090.mid.gz
2025-03-03 16:11:31 Uploading file: run26090.mid.gz
2025-03-03 16:11:31 ERROR: Uploading file: run26090.mid.gz
2025-03-03 16:11:46 Uploading file: run26090.mid.gz
2025-03-03 16:11:46 ERROR: Uploading file: run26090.mid.gz
2025-03-03 16:11:55 Uploading file: run26090.mid.gz
2025-03-03 16:11:55 ERROR: Uploading file: run26090.mid.gz
ERROR: Max try number reached: 5
2025-03-03 16:12:21 Udatentig matadata for filer file: run26089.mid.gz
2025-03-03 16:12:23 Transferring file: run26089.mid.gz
2025-03-03 16:12:23 Uploading file: run26089.mid.gz
2025-03-03 16:12:23 ERROR: Uploading file: run26089.mid.gz
2025-03-03 16:12:29 Uploading file: run26089.mid.gz
2025-03-03 16:12:29 ERROR: Uploading file: run26089.mid.gz
2025-03-03 16:12:40 Uploading file: run26089.mid.gz
2025-03-03 16:12:40 ERROR: Uploading file: run26089.mid.gz
2025-03-03 16:12:46 Uploading file: run26089.mid.gz
2025-03-03 16:12:46 ERROR: Uploading file: run26089.mid.gz
2025-03-03 16:12:50 Uploading file: run26089.mid.gz
2025-03-03 16:12:50 ERROR: Uploading file: run26089.mid.gz
ERROR: Max try number reached: 5
2025-03-03 16:13:02 Udatentig matadata for filer file: run26090.mid.gz
2025-03-03 16:13:07 Transferring file: run26090.mid.gz
2025-03-03 16:13:07 Uploading file: run26090.mid.gz
2025-03-03 16:13:07 ERROR: Uploading file: run26090.mid.gz
2025-03-03 16:13:17 Uploading file: run26090.mid.gz
2025-03-03 16:13:17 ERROR: Uploading file: run26090.mid.gz
2025-03-03 16:13:24 Uploading file: run26090.mid.gz
2025-03-03 16:13:24 ERROR: Uploading file: run26090.mid.gz
2025-03-03 16:13:41 Uploading file: run26090.mid.gz
2025-03-03 16:13:41 ERROR: Uploading file: run26090.mid.gz
2025-03-03 16:13:51 Uploading file: run26090.mid.gz
2025-03-03 16:13:51 ERROR: Uploading file: run26090.mid.gz
ERROR: Max try number reached: 5
2025-03-03 16:14:18 Udatentig matadata for filer file: run26089.mid.gz
2025-03-03 16:14:21 Transferring file: run26089.mid.gz
2025-03-03 16:14:21 Uploading file: run26089.mid.gz
2025-03-03 16:14:21 ERROR: Uploading file: run26089.mid.gz
2025-03-03 16:14:32 Uploading file: run26089.mid.gz
2025-03-03 16:14:32 ERROR: Uploading file: run26089.mid.gz
2025-03-03 16:14:42 Uploading file: run26089.mid.gz
2025-03-03 16:14:42 ERROR: Uploading file: run26089.mid.gz
2025-03-03 16:14:56 Uploading file: run26089.mid.gz
2025-03-03 16:14:56 ERROR: Uploading file: run26089.mid.gz
2025-03-03 16:15:04 Uploading file: run26089.mid.gz
2025-03-03 16:15:04 ERROR: Uploading file: run26089.mid.gz
ERROR: Max try number reached: 5
2025-03-03 16:15:13 Udatentig matadata for filer file: run26090.mid.gz
2025-03-03 16:15:20 Transferring file: run26090.mid.gz
2025-03-03 16:15:20 Uploading file: run26090.mid.gz
2025-03-03 16:15:20 ERROR: Uploading file: run26090.mid.gz
2025-03-03 16:15:28 Uploading file: run26090.mid.gz
2025-03-03 16:15:28 ERROR: Uploading file: run26090.mid.gz
2025-03-03 16:15:39 Uploading file: run26090.mid.gz
2025-03-03 16:15:39 ERROR: Uploading file: run26090.mid.gz
2025-03-03 16:15:48 Uploading file: run26090.mid.gz
2025-03-03 16:15:48 ERROR: Uploading file: run26090.mid.gz
2025-03-03 16:16:03 Uploading file: run26090.mid.gz
2025-03-03 16:16:03 ERROR: Uploading file: run26090.mid.gz
ERROR: Max try number reached: 5
2025-03-03 16:16:32 Udatentig matadata for filer file: run26089.mid.gz
2025-03-03 16:16:34 Transferring file: run26089.mid.gz
2025-03-03 16:16:34 Uploading file: run26089.mid.gz
2025-03-03 16:16:34 ERROR: Uploading file: run26089.mid.gz
2025-03-03 16:16:45 Uploading file: run26089.mid.gz
2025-03-03 16:16:45 ERROR: Uploading file: run26089.mid.gz
2025-03-03 16:16:55 Uploading file: run26089.mid.gz
2025-03-03 16:16:55 ERROR: Uploading file: run26089.mid.gz
2025-03-03 16:17:04 Uploading file: run26089.mid.gz
2025-03-03 16:17:04 ERROR: Uploading file: run26089.mid.gz
2025-03-03 16:17:13 Uploading file: run26089.mid.gz
2025-03-03 16:17:13 ERROR: Uploading file: run26089.mid.gz
ERROR: Max try number reached: 5
2025-03-03 16:17:27 Udatentig matadata for filer file: run26090.mid.gz
2025-03-03 16:17:32 Transferring file: run26090.mid.gz
2025-03-03 16:17:32 Uploading file: run26090.mid.gz
2025-03-03 16:17:32 ERROR: Uploading file: run26090.mid.gz
2025-03-03 16:17:45 Uploading file: run26090.mid.gz
2025-03-03 16:17:45 ERROR: Uploading file: run26090.mid.gz
2025-03-03 16:17:57 Uploading file: run26090.mid.gz
2025-03-03 16:17:57 ERROR: Uploading file: run26090.mid.gz
2025-03-03 16:18:11 Uploading file: run26090.mid.gz
2025-03-03 16:18:11 ERROR: Uploading file: run26090.mid.gz
2025-03-03 16:18:24 Uploading file: run26090.mid.gz
2025-03-03 16:18:24 ERROR: Uploading file: run26090.mid.gz
ERROR: Max try number reached: 5
2025-03-03 16:18:38 Udatentig matadata for filer file: run26092.mid.gz
2025-03-03 16:18:43 Transferring file: run26092.mid.gz
2025-03-03 16:18:43 Uploading file: run26092.mid.gz
2025-03-03 16:18:43 ERROR: Uploading file: run26092.mid.gz
2025-03-03 16:18:51 Uploading file: run26092.mid.gz
2025-03-03 16:18:51 ERROR: Uploading file: run26092.mid.gz
2025-03-03 16:18:58 Uploading file: run26092.mid.gz
2025-03-03 16:18:58 ERROR: Uploading file: run26092.mid.gz
2025-03-03 16:19:12 Uploading file: run26092.mid.gz
2025-03-03 16:19:12 ERROR: Uploading file: run26092.mid.gz
2025-03-03 16:19:24 Uploading file: run26092.mid.gz
2025-03-03 16:19:24 ERROR: Uploading file: run26092.mid.gz
ERROR: Max try number reached: 5
2025-03-03 16:19:44 Udatentig matadata for filer file: run26089.mid.gz
2025-03-03 16:19:46 Transferring file: run26089.mid.gz
2025-03-03 16:19:46 Uploading file: run26089.mid.gz
2025-03-03 16:19:46 ERROR: Uploading file: run26089.mid.gz
2025-03-03 16:19:58 Uploading file: run26089.mid.gz
2025-03-03 16:19:58 ERROR: Uploading file: run26089.mid.gz
2025-03-03 16:20:11 Uploading file: run26089.mid.gz
2025-03-03 16:20:11 ERROR: Uploading file: run26089.mid.gz
2025-03-03 16:20:19 Uploading file: run26089.mid.gz
2025-03-03 16:20:19 ERROR: Uploading file: run26089.mid.gz
2025-03-03 16:20:25 Uploading file: run26089.mid.gz
2025-03-03 16:20:25 ERROR: Uploading file: run26089.mid.gz
ERROR: Max try number reached: 5
2025-03-03 16:20:32 Udatentig matadata for filer file: run26090.mid.gz
2025-03-03 16:20:38 Transferring file: run26090.mid.gz
2025-03-03 16:20:38 Uploading file: run26090.mid.gz
2025-03-03 16:20:38 ERROR: Uploading file: run26090.mid.gz
2025-03-03 16:20:54 Uploading file: run26090.mid.gz
2025-03-03 16:20:54 ERROR: Uploading file: run26090.mid.gz
2025-03-03 16:21:09 Uploading file: run26090.mid.gz
2025-03-03 16:21:09 ERROR: Uploading file: run26090.mid.gz
2025-03-03 16:21:23 Uploading file: run26090.mid.gz
2025-03-03 16:21:23 ERROR: Uploading file: run26090.mid.gz
2025-03-03 16:21:35 Uploading file: run26090.mid.gz
2025-03-03 16:21:35 ERROR: Uploading file: run26090.mid.gz
ERROR: Max try number reached: 5
2025-03-03 16:21:50 Udatentig matadata for filer file: run26092.mid.gz
2025-03-03 16:21:53 Transferring file: run26092.mid.gz
2025-03-03 16:21:53 Uploading file: run26092.mid.gz
2025-03-03 16:21:53 ERROR: Uploading file: run26092.mid.gz
2025-03-03 16:22:04 Uploading file: run26092.mid.gz
2025-03-03 16:22:04 ERROR: Uploading file: run26092.mid.gz
2025-03-03 16:22:17 Uploading file: run26092.mid.gz
2025-03-03 16:22:17 ERROR: Uploading file: run26092.mid.gz
2025-03-03 16:22:28 Uploading file: run26092.mid.gz
2025-03-03 16:22:28 ERROR: Uploading file: run26092.mid.gz
2025-03-03 16:22:38 Uploading file: run26092.mid.gz
2025-03-03 16:22:38 ERROR: Uploading file: run26092.mid.gz
ERROR: Max try number reached: 5
2025-03-03 16:23:05 Udatentig matadata for filer file: run26089.mid.gz
2025-03-03 16:23:07 Transferring file: run26089.mid.gz
2025-03-03 16:23:07 Uploading file: run26089.mid.gz
2025-03-03 16:23:07 ERROR: Uploading file: run26089.mid.gz
2025-03-03 16:23:13 Uploading file: run26089.mid.gz
2025-03-03 16:23:13 ERROR: Uploading file: run26089.mid.gz
2025-03-03 16:23:25 Uploading file: run26089.mid.gz
2025-03-03 16:23:25 ERROR: Uploading file: run26089.mid.gz
2025-03-03 16:23:32 Uploading file: run26089.mid.gz
2025-03-03 16:23:32 ERROR: Uploading file: run26089.mid.gz
2025-03-03 16:23:42 Uploading file: run26089.mid.gz
2025-03-03 16:23:42 ERROR: Uploading file: run26089.mid.gz
ERROR: Max try number reached: 5
2025-03-03 16:23:49 Udatentig matadata for filer file: run26090.mid.gz
2025-03-03 16:23:55 Transferring file: run26090.mid.gz
2025-03-03 16:23:55 Uploading file: run26090.mid.gz
2025-03-03 16:23:55 ERROR: Uploading file: run26090.mid.gz
2025-03-03 16:24:04 Uploading file: run26090.mid.gz
2025-03-03 16:24:04 ERROR: Uploading file: run26090.mid.gz
2025-03-03 16:24:21 Uploading file: run26090.mid.gz
2025-03-03 16:24:21 ERROR: Uploading file: run26090.mid.gz
2025-03-03 16:24:33 Uploading file: run26090.mid.gz
2025-03-03 16:24:33 ERROR: Uploading file: run26090.mid.gz
2025-03-03 16:24:47 Uploading file: run26090.mid.gz
2025-03-03 16:24:47 ERROR: Uploading file: run26090.mid.gz
ERROR: Max try number reached: 5
2025-03-03 16:24:58 Udatentig matadata for filer file: run26092.mid.gz
2025-03-03 16:25:01 Transferring file: run26092.mid.gz
2025-03-03 16:25:01 Uploading file: run26092.mid.gz
2025-03-03 16:25:01 ERROR: Uploading file: run26092.mid.gz
2025-03-03 16:25:15 Uploading file: run26092.mid.gz
2025-03-03 16:25:15 ERROR: Uploading file: run26092.mid.gz
2025-03-03 16:25:25 Uploading file: run26092.mid.gz
2025-03-03 16:25:25 ERROR: Uploading file: run26092.mid.gz
2025-03-03 16:25:35 Uploading file: run26092.mid.gz
2025-03-03 16:25:35 ERROR: Uploading file: run26092.mid.gz
2025-03-03 16:25:43 Uploading file: run26092.mid.gz
2025-03-03 16:25:43 ERROR: Uploading file: run26092.mid.gz
ERROR: Max try number reached: 5
2025-03-03 16:26:11 Udatentig matadata for filer file: run26089.mid.gz
2025-03-03 16:26:13 Transferring file: run26089.mid.gz
2025-03-03 16:26:13 Uploading file: run26089.mid.gz
2025-03-03 16:26:13 ERROR: Uploading file: run26089.mid.gz
2025-03-03 16:26:22 Uploading file: run26089.mid.gz
2025-03-03 16:26:22 ERROR: Uploading file: run26089.mid.gz
2025-03-03 16:26:30 Uploading file: run26089.mid.gz
2025-03-03 16:26:30 ERROR: Uploading file: run26089.mid.gz
2025-03-03 16:26:39 Uploading file: run26089.mid.gz
2025-03-03 16:26:39 ERROR: Uploading file: run26089.mid.gz
2025-03-03 16:26:45 Uploading file: run26089.mid.gz
2025-03-03 16:26:45 ERROR: Uploading file: run26089.mid.gz
ERROR: Max try number reached: 5
2025-03-03 16:27:00 Udatentig matadata for filer file: run26090.mid.gz
2025-03-03 16:27:05 Transferring file: run26090.mid.gz
2025-03-03 16:27:05 Uploading file: run26090.mid.gz
2025-03-03 16:27:05 ERROR: Uploading file: run26090.mid.gz
2025-03-03 16:27:15 Uploading file: run26090.mid.gz
2025-03-03 16:27:15 ERROR: Uploading file: run26090.mid.gz
2025-03-03 16:27:26 Uploading file: run26090.mid.gz
2025-03-03 16:27:26 ERROR: Uploading file: run26090.mid.gz
2025-03-03 16:27:38 Uploading file: run26090.mid.gz
2025-03-03 16:27:38 ERROR: Uploading file: run26090.mid.gz
2025-03-03 16:27:54 Uploading file: run26090.mid.gz
2025-03-03 16:27:54 ERROR: Uploading file: run26090.mid.gz
ERROR: Max try number reached: 5
2025-03-03 16:28:10 Udatentig matadata for filer file: run26092.mid.gz
2025-03-03 16:28:13 Transferring file: run26092.mid.gz
2025-03-03 16:28:13 Uploading file: run26092.mid.gz
2025-03-03 16:28:13 ERROR: Uploading file: run26092.mid.gz
2025-03-03 16:28:24 Uploading file: run26092.mid.gz
2025-03-03 16:28:24 ERROR: Uploading file: run26092.mid.gz
2025-03-03 16:28:32 Uploading file: run26092.mid.gz
2025-03-03 16:28:32 ERROR: Uploading file: run26092.mid.gz
2025-03-03 16:28:42 Uploading file: run26092.mid.gz
2025-03-03 16:28:42 ERROR: Uploading file: run26092.mid.gz
2025-03-03 16:28:52 Uploading file: run26092.mid.gz
2025-03-03 16:28:52 ERROR: Uploading file: run26092.mid.gz
ERROR: Max try number reached: 5
2025-03-03 16:29:14 Udatentig matadata for filer file: run26089.mid.gz
2025-03-03 16:29:16 Transferring file: run26089.mid.gz
2025-03-03 16:29:16 Uploading file: run26089.mid.gz
2025-03-03 16:29:16 ERROR: Uploading file: run26089.mid.gz
2025-03-03 16:29:29 Uploading file: run26089.mid.gz
2025-03-03 16:29:29 ERROR: Uploading file: run26089.mid.gz
2025-03-03 16:29:42 Uploading file: run26089.mid.gz
2025-03-03 16:29:42 ERROR: Uploading file: run26089.mid.gz
2025-03-03 16:29:51 Uploading file: run26089.mid.gz
2025-03-03 16:29:51 ERROR: Uploading file: run26089.mid.gz
2025-03-03 16:30:03 Uploading file: run26089.mid.gz
2025-03-03 16:30:03 ERROR: Uploading file: run26089.mid.gz
ERROR: Max try number reached: 5
2025-03-03 16:30:16 Udatentig matadata for filer file: run26090.mid.gz
2025-03-03 16:30:21 Transferring file: run26090.mid.gz
2025-03-03 16:30:21 Uploading file: run26090.mid.gz
2025-03-03 16:30:21 ERROR: Uploading file: run26090.mid.gz
2025-03-03 16:30:33 Uploading file: run26090.mid.gz
2025-03-03 16:30:33 ERROR: Uploading file: run26090.mid.gz
2025-03-03 16:30:51 Uploading file: run26090.mid.gz
2025-03-03 16:30:51 ERROR: Uploading file: run26090.mid.gz
2025-03-03 16:31:01 Uploading file: run26090.mid.gz
2025-03-03 16:31:01 ERROR: Uploading file: run26090.mid.gz
2025-03-03 16:31:10 Uploading file: run26090.mid.gz
2025-03-03 16:31:10 ERROR: Uploading file: run26090.mid.gz
ERROR: Max try number reached: 5
2025-03-03 16:31:22 Udatentig matadata for filer file: run26092.mid.gz
2025-03-03 16:31:25 Transferring file: run26092.mid.gz
2025-03-03 16:31:25 Uploading file: run26092.mid.gz
2025-03-03 16:31:25 ERROR: Uploading file: run26092.mid.gz
2025-03-03 16:31:40 Uploading file: run26092.mid.gz
2025-03-03 16:31:40 ERROR: Uploading file: run26092.mid.gz
2025-03-03 16:31:52 Uploading file: run26092.mid.gz
2025-03-03 16:31:52 ERROR: Uploading file: run26092.mid.gz
2025-03-03 16:32:02 Uploading file: run26092.mid.gz
2025-03-03 16:32:02 ERROR: Uploading file: run26092.mid.gz
2025-03-03 16:32:15 Uploading file: run26092.mid.gz
2025-03-03 16:32:15 ERROR: Uploading file: run26092.mid.gz
ERROR: Max try number reached: 5
2025-03-03 16:32:41 Udatentig matadata for filer file: run26089.mid.gz
2025-03-03 16:32:43 Transferring file: run26089.mid.gz
2025-03-03 16:32:43 Uploading file: run26089.mid.gz
2025-03-03 16:32:43 ERROR: Uploading file: run26089.mid.gz
2025-03-03 16:32:57 Uploading file: run26089.mid.gz
2025-03-03 16:32:57 ERROR: Uploading file: run26089.mid.gz
2025-03-03 16:33:07 Uploading file: run26089.mid.gz
2025-03-03 16:33:07 ERROR: Uploading file: run26089.mid.gz
2025-03-03 16:33:21 Uploading file: run26089.mid.gz
2025-03-03 16:33:21 ERROR: Uploading file: run26089.mid.gz
2025-03-03 16:33:25 Uploading file: run26089.mid.gz
2025-03-03 16:33:25 ERROR: Uploading file: run26089.mid.gz
ERROR: Max try number reached: 5
2025-03-03 16:33:32 Udatentig matadata for filer file: run26090.mid.gz
2025-03-03 16:33:37 Transferring file: run26090.mid.gz
2025-03-03 16:33:37 Uploading file: run26090.mid.gz
2025-03-03 16:33:37 ERROR: Uploading file: run26090.mid.gz
2025-03-03 16:33:49 Uploading file: run26090.mid.gz
2025-03-03 16:33:49 ERROR: Uploading file: run26090.mid.gz
2025-03-03 16:34:00 Uploading file: run26090.mid.gz
2025-03-03 16:34:00 ERROR: Uploading file: run26090.mid.gz
2025-03-03 16:34:08 Uploading file: run26090.mid.gz
2025-03-03 16:34:08 ERROR: Uploading file: run26090.mid.gz
2025-03-03 16:34:21 Uploading file: run26090.mid.gz
2025-03-03 16:34:21 ERROR: Uploading file: run26090.mid.gz
ERROR: Max try number reached: 5
2025-03-03 16:34:29 Udatentig matadata for filer file: run26092.mid.gz
2025-03-03 16:34:31 Transferring file: run26092.mid.gz
2025-03-03 16:34:31 Uploading file: run26092.mid.gz
2025-03-03 16:34:31 ERROR: Uploading file: run26092.mid.gz
2025-03-03 16:34:41 Uploading file: run26092.mid.gz
2025-03-03 16:34:41 ERROR: Uploading file: run26092.mid.gz
2025-03-03 16:34:54 Uploading file: run26092.mid.gz
2025-03-03 16:34:54 ERROR: Uploading file: run26092.mid.gz
2025-03-03 16:35:03 Uploading file: run26092.mid.gz
2025-03-03 16:35:03 ERROR: Uploading file: run26092.mid.gz
2025-03-03 16:35:15 Uploading file: run26092.mid.gz
2025-03-03 16:35:15 ERROR: Uploading file: run26092.mid.gz
ERROR: Max try number reached: 5
2025-03-03 16:35:22 Udatentig matadata for filer file: run26096.mid.gz
2025-03-03 16:35:31 Transferring file: run26096.mid.gz
2025-03-03 16:35:31 Uploading file: run26096.mid.gz
2025-03-03 16:35:31 ERROR: Uploading file: run26096.mid.gz
2025-03-03 16:35:47 Uploading file: run26096.mid.gz
2025-03-03 16:35:47 ERROR: Uploading file: run26096.mid.gz
2025-03-03 16:35:57 Uploading file: run26096.mid.gz
2025-03-03 16:35:57 ERROR: Uploading file: run26096.mid.gz
2025-03-03 16:36:07 Uploading file: run26096.mid.gz
2025-03-03 16:36:07 ERROR: Uploading file: run26096.mid.gz
2025-03-03 16:36:14 Uploading file: run26096.mid.gz
2025-03-03 16:36:14 ERROR: Uploading file: run26096.mid.gz
ERROR: Max try number reached: 5
2025-03-03 16:36:38 Udatentig matadata for filer file: run26089.mid.gz
2025-03-03 16:36:40 Transferring file: run26089.mid.gz
2025-03-03 16:36:40 Uploading file: run26089.mid.gz
2025-03-03 16:36:40 ERROR: Uploading file: run26089.mid.gz
2025-03-03 16:36:52 Uploading file: run26089.mid.gz
2025-03-03 16:36:52 ERROR: Uploading file: run26089.mid.gz
2025-03-03 16:36:56 Uploading file: run26089.mid.gz
2025-03-03 16:36:56 ERROR: Uploading file: run26089.mid.gz
2025-03-03 16:37:02 Uploading file: run26089.mid.gz
2025-03-03 16:37:02 ERROR: Uploading file: run26089.mid.gz
2025-03-03 16:37:15 Uploading file: run26089.mid.gz
2025-03-03 16:37:15 ERROR: Uploading file: run26089.mid.gz
ERROR: Max try number reached: 5
2025-03-03 16:37:24 Udatentig matadata for filer file: run26090.mid.gz
2025-03-03 16:37:30 Transferring file: run26090.mid.gz
2025-03-03 16:37:30 Uploading file: run26090.mid.gz
2025-03-03 16:37:30 ERROR: Uploading file: run26090.mid.gz
2025-03-03 16:37:46 Uploading file: run26090.mid.gz
2025-03-03 16:37:46 ERROR: Uploading file: run26090.mid.gz
2025-03-03 16:37:57 Uploading file: run26090.mid.gz
2025-03-03 16:37:57 ERROR: Uploading file: run26090.mid.gz
2025-03-03 16:38:11 Uploading file: run26090.mid.gz
2025-03-03 16:38:11 ERROR: Uploading file: run26090.mid.gz
2025-03-03 16:38:23 Uploading file: run26090.mid.gz
2025-03-03 16:38:23 ERROR: Uploading file: run26090.mid.gz
ERROR: Max try number reached: 5
2025-03-03 16:38:30 Udatentig matadata for filer file: run26092.mid.gz
2025-03-03 16:38:32 Transferring file: run26092.mid.gz
2025-03-03 16:38:32 Uploading file: run26092.mid.gz
2025-03-03 16:38:32 ERROR: Uploading file: run26092.mid.gz
2025-03-03 16:38:42 Uploading file: run26092.mid.gz
2025-03-03 16:38:42 ERROR: Uploading file: run26092.mid.gz
2025-03-03 16:38:55 Uploading file: run26092.mid.gz
2025-03-03 16:38:55 ERROR: Uploading file: run26092.mid.gz
2025-03-03 16:39:04 Uploading file: run26092.mid.gz
2025-03-03 16:39:04 ERROR: Uploading file: run26092.mid.gz
2025-03-03 16:39:18 Uploading file: run26092.mid.gz
2025-03-03 16:39:18 ERROR: Uploading file: run26092.mid.gz
ERROR: Max try number reached: 5
2025-03-03 16:39:28 Udatentig matadata for filer file: run26096.mid.gz
2025-03-03 16:39:33 Transferring file: run26096.mid.gz
2025-03-03 16:39:33 Uploading file: run26096.mid.gz
2025-03-03 16:39:33 ERROR: Uploading file: run26096.mid.gz
2025-03-03 16:39:46 Uploading file: run26096.mid.gz
2025-03-03 16:39:46 ERROR: Uploading file: run26096.mid.gz
2025-03-03 16:40:01 Uploading file: run26096.mid.gz
2025-03-03 16:40:01 ERROR: Uploading file: run26096.mid.gz
2025-03-03 16:40:10 Uploading file: run26096.mid.gz
2025-03-03 16:40:10 ERROR: Uploading file: run26096.mid.gz
2025-03-03 16:40:25 Uploading file: run26096.mid.gz
2025-03-03 16:40:25 ERROR: Uploading file: run26096.mid.gz
ERROR: Max try number reached: 5
2025-03-03 16:40:48 Udatentig matadata for filer file: run26089.mid.gz
2025-03-03 16:40:50 Transferring file: run26089.mid.gz
2025-03-03 16:40:50 Uploading file: run26089.mid.gz
2025-03-03 16:40:50 ERROR: Uploading file: run26089.mid.gz
2025-03-03 16:41:00 Uploading file: run26089.mid.gz
2025-03-03 16:41:00 ERROR: Uploading file: run26089.mid.gz
2025-03-03 16:41:06 Uploading file: run26089.mid.gz
2025-03-03 16:41:06 ERROR: Uploading file: run26089.mid.gz
2025-03-03 16:41:18 Uploading file: run26089.mid.gz
2025-03-03 16:41:18 ERROR: Uploading file: run26089.mid.gz
2025-03-03 16:41:25 Uploading file: run26089.mid.gz
2025-03-03 16:41:25 ERROR: Uploading file: run26089.mid.gz
ERROR: Max try number reached: 5
2025-03-03 16:41:33 Udatentig matadata for filer file: run26090.mid.gz
2025-03-03 16:41:38 Transferring file: run26090.mid.gz
2025-03-03 16:41:38 Uploading file: run26090.mid.gz
2025-03-03 16:41:38 ERROR: Uploading file: run26090.mid.gz
2025-03-03 16:41:53 Uploading file: run26090.mid.gz
2025-03-03 16:41:53 ERROR: Uploading file: run26090.mid.gz
2025-03-03 16:42:09 Uploading file: run26090.mid.gz
2025-03-03 16:42:09 ERROR: Uploading file: run26090.mid.gz
2025-03-03 16:42:21 Uploading file: run26090.mid.gz
2025-03-03 16:42:21 ERROR: Uploading file: run26090.mid.gz
2025-03-03 16:42:35 Uploading file: run26090.mid.gz
2025-03-03 16:42:35 ERROR: Uploading file: run26090.mid.gz
ERROR: Max try number reached: 5
2025-03-03 16:42:48 Udatentig matadata for filer file: run26092.mid.gz
2025-03-03 16:42:51 Transferring file: run26092.mid.gz
2025-03-03 16:42:51 Uploading file: run26092.mid.gz
2025-03-03 16:42:51 ERROR: Uploading file: run26092.mid.gz
2025-03-03 16:43:00 Uploading file: run26092.mid.gz
2025-03-03 16:43:00 ERROR: Uploading file: run26092.mid.gz
2025-03-03 16:43:10 Uploading file: run26092.mid.gz
2025-03-03 16:43:10 ERROR: Uploading file: run26092.mid.gz
2025-03-03 16:43:19 Uploading file: run26092.mid.gz
2025-03-03 16:43:19 ERROR: Uploading file: run26092.mid.gz
2025-03-03 16:43:29 Uploading file: run26092.mid.gz
2025-03-03 16:43:29 ERROR: Uploading file: run26092.mid.gz
ERROR: Max try number reached: 5
2025-03-03 16:43:38 Udatentig matadata for filer file: run26096.mid.gz
2025-03-03 16:43:43 Transferring file: run26096.mid.gz
2025-03-03 16:43:43 Uploading file: run26096.mid.gz
2025-03-03 16:43:43 ERROR: Uploading file: run26096.mid.gz
2025-03-03 16:43:55 Uploading file: run26096.mid.gz
2025-03-03 16:43:55 ERROR: Uploading file: run26096.mid.gz
2025-03-03 16:44:10 Uploading file: run26096.mid.gz
2025-03-03 16:44:10 ERROR: Uploading file: run26096.mid.gz
2025-03-03 16:44:22 Uploading file: run26096.mid.gz
2025-03-03 16:44:22 ERROR: Uploading file: run26096.mid.gz
2025-03-03 16:44:30 Uploading file: run26096.mid.gz
2025-03-03 16:44:30 ERROR: Uploading file: run26096.mid.gz
ERROR: Max try number reached: 5
2025-03-03 16:44:41 Udatentig matadata for filer file: run26097.mid.gz
2025-03-03 16:44:50 Transferring file: run26097.mid.gz
2025-03-03 16:44:50 Uploading file: run26097.mid.gz
2025-03-03 16:44:50 ERROR: Uploading file: run26097.mid.gz
2025-03-03 16:45:02 Uploading file: run26097.mid.gz
2025-03-03 16:45:02 ERROR: Uploading file: run26097.mid.gz
2025-03-03 16:45:11 Uploading file: run26097.mid.gz
2025-03-03 16:45:11 ERROR: Uploading file: run26097.mid.gz
2025-03-03 16:45:22 Uploading file: run26097.mid.gz
2025-03-03 16:45:22 ERROR: Uploading file: run26097.mid.gz
2025-03-03 16:45:30 Uploading file: run26097.mid.gz
2025-03-03 16:45:30 ERROR: Uploading file: run26097.mid.gz
ERROR: Max try number reached: 5
2025-03-03 16:45:56 Udatentig matadata for filer file: run26089.mid.gz
2025-03-03 16:45:58 Transferring file: run26089.mid.gz
2025-03-03 16:45:58 Uploading file: run26089.mid.gz
2025-03-03 16:45:58 ERROR: Uploading file: run26089.mid.gz
2025-03-03 16:46:10 Uploading file: run26089.mid.gz
2025-03-03 16:46:10 ERROR: Uploading file: run26089.mid.gz
2025-03-03 16:46:17 Uploading file: run26089.mid.gz
2025-03-03 16:46:17 ERROR: Uploading file: run26089.mid.gz
2025-03-03 16:46:26 Uploading file: run26089.mid.gz
2025-03-03 16:46:26 ERROR: Uploading file: run26089.mid.gz
2025-03-03 16:46:39 Uploading file: run26089.mid.gz
2025-03-03 16:46:39 ERROR: Uploading file: run26089.mid.gz
ERROR: Max try number reached: 5
2025-03-03 16:46:49 Udatentig matadata for filer file: run26090.mid.gz
2025-03-03 16:46:57 Transferring file: run26090.mid.gz
2025-03-03 16:46:57 Uploading file: run26090.mid.gz
2025-03-03 16:46:57 ERROR: Uploading file: run26090.mid.gz
2025-03-03 16:47:12 Uploading file: run26090.mid.gz
2025-03-03 16:47:12 ERROR: Uploading file: run26090.mid.gz
2025-03-03 16:47:21 Uploading file: run26090.mid.gz
2025-03-03 16:47:21 ERROR: Uploading file: run26090.mid.gz
2025-03-03 16:47:30 Uploading file: run26090.mid.gz
2025-03-03 16:47:30 ERROR: Uploading file: run26090.mid.gz
2025-03-03 16:47:46 Uploading file: run26090.mid.gz
2025-03-03 16:47:46 ERROR: Uploading file: run26090.mid.gz
ERROR: Max try number reached: 5
2025-03-03 16:48:00 Udatentig matadata for filer file: run26092.mid.gz
2025-03-03 16:48:05 Transferring file: run26092.mid.gz
2025-03-03 16:48:05 Uploading file: run26092.mid.gz
2025-03-03 16:48:05 ERROR: Uploading file: run26092.mid.gz
2025-03-03 16:48:13 Uploading file: run26092.mid.gz
2025-03-03 16:48:13 ERROR: Uploading file: run26092.mid.gz
2025-03-03 16:48:24 Uploading file: run26092.mid.gz
2025-03-03 16:48:24 ERROR: Uploading file: run26092.mid.gz
2025-03-03 16:48:37 Uploading file: run26092.mid.gz
2025-03-03 16:48:37 ERROR: Uploading file: run26092.mid.gz
2025-03-03 16:48:49 Uploading file: run26092.mid.gz
2025-03-03 16:48:49 ERROR: Uploading file: run26092.mid.gz
ERROR: Max try number reached: 5
2025-03-03 16:49:01 Udatentig matadata for filer file: run26096.mid.gz
2025-03-03 16:49:10 Transferring file: run26096.mid.gz
2025-03-03 16:49:10 Uploading file: run26096.mid.gz
2025-03-03 16:49:10 ERROR: Uploading file: run26096.mid.gz
2025-03-03 16:49:27 Uploading file: run26096.mid.gz
2025-03-03 16:49:27 ERROR: Uploading file: run26096.mid.gz
2025-03-03 16:49:35 Uploading file: run26096.mid.gz
2025-03-03 16:49:35 ERROR: Uploading file: run26096.mid.gz
2025-03-03 16:49:46 Uploading file: run26096.mid.gz
2025-03-03 16:49:46 ERROR: Uploading file: run26096.mid.gz
2025-03-03 16:49:57 Uploading file: run26096.mid.gz
2025-03-03 16:49:57 ERROR: Uploading file: run26096.mid.gz
ERROR: Max try number reached: 5
2025-03-03 16:50:06 Udatentig matadata for filer file: run26097.mid.gz
2025-03-03 16:50:15 Transferring file: run26097.mid.gz
2025-03-03 16:50:15 Uploading file: run26097.mid.gz
2025-03-03 16:50:15 ERROR: Uploading file: run26097.mid.gz
2025-03-03 16:50:27 Uploading file: run26097.mid.gz
2025-03-03 16:50:27 ERROR: Uploading file: run26097.mid.gz
2025-03-03 16:50:44 Uploading file: run26097.mid.gz
2025-03-03 16:50:44 ERROR: Uploading file: run26097.mid.gz
2025-03-03 16:50:59 Uploading file: run26097.mid.gz
2025-03-03 16:50:59 ERROR: Uploading file: run26097.mid.gz
2025-03-03 16:51:08 Uploading file: run26097.mid.gz
2025-03-03 16:51:08 ERROR: Uploading file: run26097.mid.gz
ERROR: Max try number reached: 5
2025-03-03 16:51:28 Udatentig matadata for filer file: run26089.mid.gz
2025-03-03 16:51:31 Transferring file: run26089.mid.gz
2025-03-03 16:51:31 Uploading file: run26089.mid.gz
2025-03-03 16:51:31 ERROR: Uploading file: run26089.mid.gz
2025-03-03 16:51:39 Uploading file: run26089.mid.gz
2025-03-03 16:51:39 ERROR: Uploading file: run26089.mid.gz
2025-03-03 16:51:49 Uploading file: run26089.mid.gz
2025-03-03 16:51:49 ERROR: Uploading file: run26089.mid.gz
2025-03-03 16:52:01 Uploading file: run26089.mid.gz
2025-03-03 16:52:01 ERROR: Uploading file: run26089.mid.gz
2025-03-03 16:52:08 Uploading file: run26089.mid.gz
2025-03-03 16:52:08 ERROR: Uploading file: run26089.mid.gz
ERROR: Max try number reached: 5
2025-03-03 16:52:18 Udatentig matadata for filer file: run26090.mid.gz
2025-03-03 16:52:27 Transferring file: run26090.mid.gz
2025-03-03 16:52:27 Uploading file: run26090.mid.gz
2025-03-03 16:52:27 ERROR: Uploading file: run26090.mid.gz
2025-03-03 16:52:40 Uploading file: run26090.mid.gz
2025-03-03 16:52:40 ERROR: Uploading file: run26090.mid.gz
2025-03-03 16:52:53 Uploading file: run26090.mid.gz
2025-03-03 16:52:53 ERROR: Uploading file: run26090.mid.gz
2025-03-03 16:53:05 Uploading file: run26090.mid.gz
2025-03-03 16:53:05 ERROR: Uploading file: run26090.mid.gz
2025-03-03 16:53:15 Uploading file: run26090.mid.gz
2025-03-03 16:53:15 ERROR: Uploading file: run26090.mid.gz
ERROR: Max try number reached: 5
2025-03-03 16:53:27 Udatentig matadata for filer file: run26092.mid.gz
2025-03-03 16:53:32 Transferring file: run26092.mid.gz
2025-03-03 16:53:32 Uploading file: run26092.mid.gz
2025-03-03 16:53:32 ERROR: Uploading file: run26092.mid.gz
2025-03-03 16:53:39 Uploading file: run26092.mid.gz
2025-03-03 16:53:39 ERROR: Uploading file: run26092.mid.gz
2025-03-03 16:53:48 Uploading file: run26092.mid.gz
2025-03-03 16:53:48 ERROR: Uploading file: run26092.mid.gz
2025-03-03 16:53:57 Uploading file: run26092.mid.gz
2025-03-03 16:53:57 ERROR: Uploading file: run26092.mid.gz
2025-03-03 16:54:02 Uploading file: run26092.mid.gz
2025-03-03 16:54:02 ERROR: Uploading file: run26092.mid.gz
ERROR: Max try number reached: 5
2025-03-03 16:54:16 Udatentig matadata for filer file: run26096.mid.gz
2025-03-03 16:54:24 Transferring file: run26096.mid.gz
2025-03-03 16:54:24 Uploading file: run26096.mid.gz
2025-03-03 16:54:24 ERROR: Uploading file: run26096.mid.gz
2025-03-03 16:54:38 Uploading file: run26096.mid.gz
2025-03-03 16:54:38 ERROR: Uploading file: run26096.mid.gz
2025-03-03 16:54:50 Uploading file: run26096.mid.gz
2025-03-03 16:54:50 ERROR: Uploading file: run26096.mid.gz
2025-03-03 16:54:58 Uploading file: run26096.mid.gz
2025-03-03 16:54:58 ERROR: Uploading file: run26096.mid.gz
2025-03-03 16:55:12 Uploading file: run26096.mid.gz
2025-03-03 16:55:12 ERROR: Uploading file: run26096.mid.gz
ERROR: Max try number reached: 5
2025-03-03 16:55:27 Udatentig matadata for filer file: run26097.mid.gz
2025-03-03 16:55:36 Transferring file: run26097.mid.gz
2025-03-03 16:55:36 Uploading file: run26097.mid.gz
2025-03-03 16:55:36 ERROR: Uploading file: run26097.mid.gz
2025-03-03 16:55:47 Uploading file: run26097.mid.gz
2025-03-03 16:55:47 ERROR: Uploading file: run26097.mid.gz
2025-03-03 16:56:01 Uploading file: run26097.mid.gz
2025-03-03 16:56:01 ERROR: Uploading file: run26097.mid.gz
2025-03-03 16:56:15 Uploading file: run26097.mid.gz
2025-03-03 16:56:15 ERROR: Uploading file: run26097.mid.gz
2025-03-03 16:56:28 Uploading file: run26097.mid.gz
2025-03-03 16:56:28 ERROR: Uploading file: run26097.mid.gz
ERROR: Max try number reached: 5
2025-03-03 16:56:57 Udatentig matadata for filer file: run26089.mid.gz
2025-03-03 16:57:01 Transferring file: run26089.mid.gz
2025-03-03 16:57:01 Uploading file: run26089.mid.gz
2025-03-03 16:57:01 ERROR: Uploading file: run26089.mid.gz
2025-03-03 16:57:10 Uploading file: run26089.mid.gz
2025-03-03 16:57:10 ERROR: Uploading file: run26089.mid.gz
2025-03-03 16:57:19 Uploading file: run26089.mid.gz
2025-03-03 16:57:19 ERROR: Uploading file: run26089.mid.gz
2025-03-03 16:57:32 Uploading file: run26089.mid.gz
2025-03-03 16:57:32 ERROR: Uploading file: run26089.mid.gz
2025-03-03 16:57:38 Uploading file: run26089.mid.gz
2025-03-03 16:57:38 ERROR: Uploading file: run26089.mid.gz
ERROR: Max try number reached: 5
2025-03-03 16:57:48 Udatentig matadata for filer file: run26090.mid.gz
2025-03-03 16:57:57 Transferring file: run26090.mid.gz
2025-03-03 16:57:57 Uploading file: run26090.mid.gz
2025-03-03 16:57:57 ERROR: Uploading file: run26090.mid.gz
2025-03-03 16:58:12 Uploading file: run26090.mid.gz
2025-03-03 16:58:12 ERROR: Uploading file: run26090.mid.gz
2025-03-03 16:58:25 Uploading file: run26090.mid.gz
2025-03-03 16:58:25 ERROR: Uploading file: run26090.mid.gz
2025-03-03 16:58:36 Uploading file: run26090.mid.gz
2025-03-03 16:58:36 ERROR: Uploading file: run26090.mid.gz
2025-03-03 16:58:46 Uploading file: run26090.mid.gz
2025-03-03 16:58:46 ERROR: Uploading file: run26090.mid.gz
ERROR: Max try number reached: 5
2025-03-03 16:58:54 Udatentig matadata for filer file: run26092.mid.gz
2025-03-03 16:58:59 Transferring file: run26092.mid.gz
2025-03-03 16:58:59 Uploading file: run26092.mid.gz
2025-03-03 16:58:59 ERROR: Uploading file: run26092.mid.gz
2025-03-03 16:59:09 Uploading file: run26092.mid.gz
2025-03-03 16:59:09 ERROR: Uploading file: run26092.mid.gz
2025-03-03 16:59:22 Uploading file: run26092.mid.gz
2025-03-03 16:59:22 ERROR: Uploading file: run26092.mid.gz
2025-03-03 16:59:30 Uploading file: run26092.mid.gz
2025-03-03 16:59:30 ERROR: Uploading file: run26092.mid.gz
2025-03-03 16:59:41 Uploading file: run26092.mid.gz
2025-03-03 16:59:41 ERROR: Uploading file: run26092.mid.gz
ERROR: Max try number reached: 5
2025-03-03 16:59:46 Udatentig matadata for filer file: run26096.mid.gz
2025-03-03 16:59:55 Transferring file: run26096.mid.gz
2025-03-03 16:59:55 Uploading file: run26096.mid.gz
2025-03-03 16:59:55 ERROR: Uploading file: run26096.mid.gz
2025-03-03 17:00:10 Uploading file: run26096.mid.gz
2025-03-03 17:00:10 ERROR: Uploading file: run26096.mid.gz
2025-03-03 17:00:17 Uploading file: run26096.mid.gz
2025-03-03 17:00:17 ERROR: Uploading file: run26096.mid.gz
2025-03-03 17:00:30 Uploading file: run26096.mid.gz
2025-03-03 17:00:30 ERROR: Uploading file: run26096.mid.gz
2025-03-03 17:00:42 Uploading file: run26096.mid.gz
2025-03-03 17:00:42 ERROR: Uploading file: run26096.mid.gz
ERROR: Max try number reached: 5
2025-03-03 17:00:55 Udatentig matadata for filer file: run26097.mid.gz
2025-03-03 17:01:05 Transferring file: run26097.mid.gz
2025-03-03 17:01:05 Uploading file: run26097.mid.gz
2025-03-03 17:01:05 ERROR: Uploading file: run26097.mid.gz
2025-03-03 17:01:15 Uploading file: run26097.mid.gz
2025-03-03 17:01:15 ERROR: Uploading file: run26097.mid.gz
2025-03-03 17:01:27 Uploading file: run26097.mid.gz
2025-03-03 17:01:27 ERROR: Uploading file: run26097.mid.gz
2025-03-03 17:01:38 Uploading file: run26097.mid.gz
2025-03-03 17:01:38 ERROR: Uploading file: run26097.mid.gz
2025-03-03 17:01:47 Uploading file: run26097.mid.gz
2025-03-03 17:01:47 ERROR: Uploading file: run26097.mid.gz
ERROR: Max try number reached: 5
2025-03-03 17:02:11 Udatentig matadata for filer file: run26089.mid.gz
2025-03-03 17:02:15 Transferring file: run26089.mid.gz
2025-03-03 17:02:15 Uploading file: run26089.mid.gz
2025-03-03 17:02:15 ERROR: Uploading file: run26089.mid.gz
2025-03-03 17:02:29 Uploading file: run26089.mid.gz
2025-03-03 17:02:29 ERROR: Uploading file: run26089.mid.gz
2025-03-03 17:02:41 Uploading file: run26089.mid.gz
2025-03-03 17:02:41 ERROR: Uploading file: run26089.mid.gz
2025-03-03 17:02:45 Uploading file: run26089.mid.gz
2025-03-03 17:02:45 ERROR: Uploading file: run26089.mid.gz
2025-03-03 17:02:51 Uploading file: run26089.mid.gz
2025-03-03 17:02:51 ERROR: Uploading file: run26089.mid.gz
ERROR: Max try number reached: 5
2025-03-03 17:03:00 Udatentig matadata for filer file: run26090.mid.gz
2025-03-03 17:03:10 Transferring file: run26090.mid.gz
2025-03-03 17:03:10 Uploading file: run26090.mid.gz
2025-03-03 17:03:10 ERROR: Uploading file: run26090.mid.gz
2025-03-03 17:03:20 Uploading file: run26090.mid.gz
2025-03-03 17:03:20 ERROR: Uploading file: run26090.mid.gz
2025-03-03 17:03:30 Uploading file: run26090.mid.gz
2025-03-03 17:03:30 ERROR: Uploading file: run26090.mid.gz
2025-03-03 17:03:39 Uploading file: run26090.mid.gz
2025-03-03 17:03:39 ERROR: Uploading file: run26090.mid.gz
2025-03-03 17:03:53 Uploading file: run26090.mid.gz
2025-03-03 17:03:53 ERROR: Uploading file: run26090.mid.gz
ERROR: Max try number reached: 5
2025-03-03 17:04:00 Udatentig matadata for filer file: run26092.mid.gz
2025-03-03 17:04:04 Transferring file: run26092.mid.gz
2025-03-03 17:04:04 Uploading file: run26092.mid.gz
2025-03-03 17:04:04 ERROR: Uploading file: run26092.mid.gz
2025-03-03 17:04:13 Uploading file: run26092.mid.gz
2025-03-03 17:04:13 ERROR: Uploading file: run26092.mid.gz
2025-03-03 17:04:25 Uploading file: run26092.mid.gz
2025-03-03 17:04:25 ERROR: Uploading file: run26092.mid.gz
2025-03-03 17:04:33 Uploading file: run26092.mid.gz
2025-03-03 17:04:33 ERROR: Uploading file: run26092.mid.gz
2025-03-03 17:04:46 Uploading file: run26092.mid.gz
2025-03-03 17:04:46 ERROR: Uploading file: run26092.mid.gz
ERROR: Max try number reached: 5
2025-03-03 17:05:00 Udatentig matadata for filer file: run26096.mid.gz
2025-03-03 17:05:09 Transferring file: run26096.mid.gz
2025-03-03 17:05:09 Uploading file: run26096.mid.gz
2025-03-03 17:05:09 ERROR: Uploading file: run26096.mid.gz
2025-03-03 17:05:19 Uploading file: run26096.mid.gz
2025-03-03 17:05:19 ERROR: Uploading file: run26096.mid.gz
2025-03-03 17:05:32 Uploading file: run26096.mid.gz
2025-03-03 17:05:32 ERROR: Uploading file: run26096.mid.gz
2025-03-03 17:05:48 Uploading file: run26096.mid.gz
2025-03-03 17:05:48 ERROR: Uploading file: run26096.mid.gz
2025-03-03 17:06:05 Uploading file: run26096.mid.gz
2025-03-03 17:06:05 ERROR: Uploading file: run26096.mid.gz
ERROR: Max try number reached: 5
2025-03-03 17:06:18 Udatentig matadata for filer file: run26097.mid.gz
2025-03-03 17:06:27 Transferring file: run26097.mid.gz
2025-03-03 17:06:27 Uploading file: run26097.mid.gz
2025-03-03 17:06:27 ERROR: Uploading file: run26097.mid.gz
2025-03-03 17:06:42 Uploading file: run26097.mid.gz
2025-03-03 17:06:42 ERROR: Uploading file: run26097.mid.gz
2025-03-03 17:06:54 Uploading file: run26097.mid.gz
2025-03-03 17:06:54 ERROR: Uploading file: run26097.mid.gz
2025-03-03 17:07:03 Uploading file: run26097.mid.gz
2025-03-03 17:07:03 ERROR: Uploading file: run26097.mid.gz
2025-03-03 17:07:20 Uploading file: run26097.mid.gz
2025-03-03 17:07:20 ERROR: Uploading file: run26097.mid.gz
ERROR: Max try number reached: 5
2025-03-03 17:07:42 Udatentig matadata for filer file: run26089.mid.gz
2025-03-03 17:07:46 Transferring file: run26089.mid.gz
2025-03-03 17:07:46 Uploading file: run26089.mid.gz
2025-03-03 17:07:46 ERROR: Uploading file: run26089.mid.gz
2025-03-03 17:08:00 Uploading file: run26089.mid.gz
2025-03-03 17:08:00 ERROR: Uploading file: run26089.mid.gz
2025-03-03 17:08:13 Uploading file: run26089.mid.gz
2025-03-03 17:08:13 ERROR: Uploading file: run26089.mid.gz
2025-03-03 17:08:27 Uploading file: run26089.mid.gz
2025-03-03 17:08:27 ERROR: Uploading file: run26089.mid.gz
2025-03-03 17:08:35 Uploading file: run26089.mid.gz
2025-03-03 17:08:35 ERROR: Uploading file: run26089.mid.gz
ERROR: Max try number reached: 5
2025-03-03 17:08:48 Udatentig matadata for filer file: run26090.mid.gz
2025-03-03 17:08:57 Transferring file: run26090.mid.gz
2025-03-03 17:08:57 Uploading file: run26090.mid.gz
2025-03-03 17:08:57 ERROR: Uploading file: run26090.mid.gz
2025-03-03 17:09:07 Uploading file: run26090.mid.gz
2025-03-03 17:09:07 ERROR: Uploading file: run26090.mid.gz
2025-03-03 17:09:18 Uploading file: run26090.mid.gz
2025-03-03 17:09:18 ERROR: Uploading file: run26090.mid.gz
2025-03-03 17:09:28 Uploading file: run26090.mid.gz
2025-03-03 17:09:28 ERROR: Uploading file: run26090.mid.gz
2025-03-03 17:09:44 Uploading file: run26090.mid.gz
2025-03-03 17:09:44 ERROR: Uploading file: run26090.mid.gz
ERROR: Max try number reached: 5
2025-03-03 17:09:53 Udatentig matadata for filer file: run26092.mid.gz
2025-03-03 17:09:58 Transferring file: run26092.mid.gz
2025-03-03 17:09:58 Uploading file: run26092.mid.gz
2025-03-03 17:09:58 ERROR: Uploading file: run26092.mid.gz
2025-03-03 17:10:07 Uploading file: run26092.mid.gz
2025-03-03 17:10:07 ERROR: Uploading file: run26092.mid.gz
2025-03-03 17:10:19 Uploading file: run26092.mid.gz
2025-03-03 17:10:19 ERROR: Uploading file: run26092.mid.gz
2025-03-03 17:10:31 Uploading file: run26092.mid.gz
2025-03-03 17:10:31 ERROR: Uploading file: run26092.mid.gz
2025-03-03 17:10:40 Uploading file: run26092.mid.gz
2025-03-03 17:10:40 ERROR: Uploading file: run26092.mid.gz
ERROR: Max try number reached: 5
2025-03-03 17:10:49 Udatentig matadata for filer file: run26096.mid.gz
2025-03-03 17:11:00 Transferring file: run26096.mid.gz
2025-03-03 17:11:00 Uploading file: run26096.mid.gz
2025-03-03 17:11:00 ERROR: Uploading file: run26096.mid.gz
2025-03-03 17:11:08 Uploading file: run26096.mid.gz
2025-03-03 17:11:08 ERROR: Uploading file: run26096.mid.gz
2025-03-03 17:11:16 Uploading file: run26096.mid.gz
2025-03-03 17:11:16 ERROR: Uploading file: run26096.mid.gz
2025-03-03 17:11:24 Uploading file: run26096.mid.gz
2025-03-03 17:11:24 ERROR: Uploading file: run26096.mid.gz
2025-03-03 17:11:41 Uploading file: run26096.mid.gz
2025-03-03 17:11:41 ERROR: Uploading file: run26096.mid.gz
ERROR: Max try number reached: 5
2025-03-03 17:11:54 Udatentig matadata for filer file: run26097.mid.gz
2025-03-03 17:12:04 Transferring file: run26097.mid.gz
2025-03-03 17:12:04 Uploading file: run26097.mid.gz
2025-03-03 17:12:04 ERROR: Uploading file: run26097.mid.gz
2025-03-03 17:12:11 Uploading file: run26097.mid.gz
2025-03-03 17:12:11 ERROR: Uploading file: run26097.mid.gz
2025-03-03 17:12:23 Uploading file: run26097.mid.gz
2025-03-03 17:12:23 ERROR: Uploading file: run26097.mid.gz
2025-03-03 17:12:37 Uploading file: run26097.mid.gz
2025-03-03 17:12:37 ERROR: Uploading file: run26097.mid.gz
2025-03-03 17:12:49 Uploading file: run26097.mid.gz
2025-03-03 17:12:49 ERROR: Uploading file: run26097.mid.gz
ERROR: Max try number reached: 5
2025-03-03 17:13:00 Udatentig matadata for filer file: run26099.mid.gz
2025-03-03 17:13:10 Transferring file: run26099.mid.gz
2025-03-03 17:13:10 Uploading file: run26099.mid.gz
2025-03-03 17:13:10 ERROR: Uploading file: run26099.mid.gz
2025-03-03 17:13:21 Uploading file: run26099.mid.gz
2025-03-03 17:13:21 ERROR: Uploading file: run26099.mid.gz
2025-03-03 17:13:34 Uploading file: run26099.mid.gz
2025-03-03 17:13:34 ERROR: Uploading file: run26099.mid.gz
2025-03-03 17:13:47 Uploading file: run26099.mid.gz
2025-03-03 17:13:47 ERROR: Uploading file: run26099.mid.gz
2025-03-03 17:13:58 Uploading file: run26099.mid.gz
2025-03-03 17:13:58 ERROR: Uploading file: run26099.mid.gz
ERROR: Max try number reached: 5
2025-03-03 17:14:24 Udatentig matadata for filer file: run26089.mid.gz
2025-03-03 17:14:28 Transferring file: run26089.mid.gz
2025-03-03 17:14:28 Uploading file: run26089.mid.gz
2025-03-03 17:14:28 ERROR: Uploading file: run26089.mid.gz
2025-03-03 17:14:34 Uploading file: run26089.mid.gz
2025-03-03 17:14:34 ERROR: Uploading file: run26089.mid.gz
2025-03-03 17:14:47 Uploading file: run26089.mid.gz
2025-03-03 17:14:47 ERROR: Uploading file: run26089.mid.gz
2025-03-03 17:14:55 Uploading file: run26089.mid.gz
2025-03-03 17:14:55 ERROR: Uploading file: run26089.mid.gz
2025-03-03 17:15:04 Uploading file: run26089.mid.gz
2025-03-03 17:15:04 ERROR: Uploading file: run26089.mid.gz
ERROR: Max try number reached: 5
2025-03-03 17:15:15 Udatentig matadata for filer file: run26090.mid.gz
2025-03-03 17:15:25 Transferring file: run26090.mid.gz
2025-03-03 17:15:25 Uploading file: run26090.mid.gz
2025-03-03 17:15:25 ERROR: Uploading file: run26090.mid.gz
2025-03-03 17:15:37 Uploading file: run26090.mid.gz
2025-03-03 17:15:37 ERROR: Uploading file: run26090.mid.gz
2025-03-03 17:15:47 Uploading file: run26090.mid.gz
2025-03-03 17:15:47 ERROR: Uploading file: run26090.mid.gz
2025-03-03 17:16:02 Uploading file: run26090.mid.gz
2025-03-03 17:16:02 ERROR: Uploading file: run26090.mid.gz
2025-03-03 17:16:18 Uploading file: run26090.mid.gz
2025-03-03 17:16:18 ERROR: Uploading file: run26090.mid.gz
ERROR: Max try number reached: 5
2025-03-03 17:16:28 Udatentig matadata for filer file: run26092.mid.gz
2025-03-03 17:16:33 Transferring file: run26092.mid.gz
2025-03-03 17:16:33 Uploading file: run26092.mid.gz
2025-03-03 17:16:33 ERROR: Uploading file: run26092.mid.gz
2025-03-03 17:16:41 Uploading file: run26092.mid.gz
2025-03-03 17:16:41 ERROR: Uploading file: run26092.mid.gz
2025-03-03 17:16:52 Uploading file: run26092.mid.gz
2025-03-03 17:16:52 ERROR: Uploading file: run26092.mid.gz
2025-03-03 17:17:04 Uploading file: run26092.mid.gz
2025-03-03 17:17:04 ERROR: Uploading file: run26092.mid.gz
2025-03-03 17:17:11 Uploading file: run26092.mid.gz
2025-03-03 17:17:11 ERROR: Uploading file: run26092.mid.gz
ERROR: Max try number reached: 5
2025-03-03 17:17:23 Udatentig matadata for filer file: run26096.mid.gz
2025-03-03 17:17:33 Transferring file: run26096.mid.gz
2025-03-03 17:17:33 Uploading file: run26096.mid.gz
2025-03-03 17:17:33 ERROR: Uploading file: run26096.mid.gz
2025-03-03 17:17:45 Uploading file: run26096.mid.gz
2025-03-03 17:17:45 ERROR: Uploading file: run26096.mid.gz
2025-03-03 17:17:56 Uploading file: run26096.mid.gz
2025-03-03 17:17:56 ERROR: Uploading file: run26096.mid.gz
2025-03-03 17:18:08 Uploading file: run26096.mid.gz
2025-03-03 17:18:08 ERROR: Uploading file: run26096.mid.gz
2025-03-03 17:18:21 Uploading file: run26096.mid.gz
2025-03-03 17:18:21 ERROR: Uploading file: run26096.mid.gz
ERROR: Max try number reached: 5
2025-03-03 17:18:34 Udatentig matadata for filer file: run26097.mid.gz
2025-03-03 17:18:44 Transferring file: run26097.mid.gz
2025-03-03 17:18:44 Uploading file: run26097.mid.gz
2025-03-03 17:18:44 ERROR: Uploading file: run26097.mid.gz
2025-03-03 17:18:55 Uploading file: run26097.mid.gz
2025-03-03 17:18:55 ERROR: Uploading file: run26097.mid.gz
2025-03-03 17:19:03 Uploading file: run26097.mid.gz
2025-03-03 17:19:03 ERROR: Uploading file: run26097.mid.gz
2025-03-03 17:19:17 Uploading file: run26097.mid.gz
2025-03-03 17:19:17 ERROR: Uploading file: run26097.mid.gz
2025-03-03 17:19:28 Uploading file: run26097.mid.gz
2025-03-03 17:19:28 ERROR: Uploading file: run26097.mid.gz
ERROR: Max try number reached: 5
2025-03-03 17:19:39 Udatentig matadata for filer file: run26099.mid.gz
2025-03-03 17:19:49 Transferring file: run26099.mid.gz
2025-03-03 17:19:49 Uploading file: run26099.mid.gz
2025-03-03 17:19:49 ERROR: Uploading file: run26099.mid.gz
2025-03-03 17:19:58 Uploading file: run26099.mid.gz
2025-03-03 17:19:58 ERROR: Uploading file: run26099.mid.gz
2025-03-03 17:20:09 Uploading file: run26099.mid.gz
2025-03-03 17:20:09 ERROR: Uploading file: run26099.mid.gz
2025-03-03 17:20:22 Uploading file: run26099.mid.gz
2025-03-03 17:20:22 ERROR: Uploading file: run26099.mid.gz
2025-03-03 17:20:35 Uploading file: run26099.mid.gz
2025-03-03 17:20:35 ERROR: Uploading file: run26099.mid.gz
ERROR: Max try number reached: 5
2025-03-03 17:20:59 Udatentig matadata for filer file: run26089.mid.gz
2025-03-03 17:21:02 Transferring file: run26089.mid.gz
2025-03-03 17:21:02 Uploading file: run26089.mid.gz
2025-03-03 17:21:02 ERROR: Uploading file: run26089.mid.gz
2025-03-03 17:21:08 Uploading file: run26089.mid.gz
2025-03-03 17:21:08 ERROR: Uploading file: run26089.mid.gz
2025-03-03 17:21:20 Uploading file: run26089.mid.gz
2025-03-03 17:21:20 ERROR: Uploading file: run26089.mid.gz
2025-03-03 17:21:29 Uploading file: run26089.mid.gz
2025-03-03 17:21:29 ERROR: Uploading file: run26089.mid.gz
2025-03-03 17:21:42 Uploading file: run26089.mid.gz
2025-03-03 17:21:42 ERROR: Uploading file: run26089.mid.gz
ERROR: Max try number reached: 5
2025-03-03 17:21:50 Udatentig matadata for filer file: run26090.mid.gz
2025-03-03 17:21:59 Transferring file: run26090.mid.gz
2025-03-03 17:21:59 Uploading file: run26090.mid.gz
2025-03-03 17:21:59 ERROR: Uploading file: run26090.mid.gz
2025-03-03 17:22:12 Uploading file: run26090.mid.gz
2025-03-03 17:22:12 ERROR: Uploading file: run26090.mid.gz
2025-03-03 17:22:28 Uploading file: run26090.mid.gz
2025-03-03 17:22:28 ERROR: Uploading file: run26090.mid.gz
2025-03-03 17:22:37 Uploading file: run26090.mid.gz
2025-03-03 17:22:37 ERROR: Uploading file: run26090.mid.gz
2025-03-03 17:22:49 Uploading file: run26090.mid.gz
2025-03-03 17:22:49 ERROR: Uploading file: run26090.mid.gz
ERROR: Max try number reached: 5
2025-03-03 17:23:02 Udatentig matadata for filer file: run26092.mid.gz
2025-03-03 17:23:07 Transferring file: run26092.mid.gz
2025-03-03 17:23:07 Uploading file: run26092.mid.gz
2025-03-03 17:23:07 ERROR: Uploading file: run26092.mid.gz
2025-03-03 17:23:17 Uploading file: run26092.mid.gz
2025-03-03 17:23:17 ERROR: Uploading file: run26092.mid.gz
2025-03-03 17:23:31 Uploading file: run26092.mid.gz
2025-03-03 17:23:31 ERROR: Uploading file: run26092.mid.gz
2025-03-03 17:23:38 Uploading file: run26092.mid.gz
2025-03-03 17:23:38 ERROR: Uploading file: run26092.mid.gz
2025-03-03 17:23:47 Uploading file: run26092.mid.gz
2025-03-03 17:23:47 ERROR: Uploading file: run26092.mid.gz
ERROR: Max try number reached: 5
2025-03-03 17:23:57 Udatentig matadata for filer file: run26096.mid.gz
2025-03-03 17:24:06 Transferring file: run26096.mid.gz
2025-03-03 17:24:06 Uploading file: run26096.mid.gz
2025-03-03 17:24:06 ERROR: Uploading file: run26096.mid.gz
2025-03-03 17:24:19 Uploading file: run26096.mid.gz
2025-03-03 17:24:19 ERROR: Uploading file: run26096.mid.gz
2025-03-03 17:24:34 Uploading file: run26096.mid.gz
2025-03-03 17:24:34 ERROR: Uploading file: run26096.mid.gz
2025-03-03 17:24:40 Uploading file: run26096.mid.gz
2025-03-03 17:24:40 ERROR: Uploading file: run26096.mid.gz
2025-03-03 17:24:55 Uploading file: run26096.mid.gz
2025-03-03 17:24:55 ERROR: Uploading file: run26096.mid.gz
ERROR: Max try number reached: 5
2025-03-03 17:25:03 Udatentig matadata for filer file: run26097.mid.gz
2025-03-03 17:25:12 Transferring file: run26097.mid.gz
2025-03-03 17:25:12 Uploading file: run26097.mid.gz
2025-03-03 17:25:12 ERROR: Uploading file: run26097.mid.gz
2025-03-03 17:25:23 Uploading file: run26097.mid.gz
2025-03-03 17:25:23 ERROR: Uploading file: run26097.mid.gz
2025-03-03 17:25:37 Uploading file: run26097.mid.gz
2025-03-03 17:25:37 ERROR: Uploading file: run26097.mid.gz
2025-03-03 17:25:52 Uploading file: run26097.mid.gz
2025-03-03 17:25:52 ERROR: Uploading file: run26097.mid.gz
2025-03-03 17:26:02 Uploading file: run26097.mid.gz
2025-03-03 17:26:02 ERROR: Uploading file: run26097.mid.gz
ERROR: Max try number reached: 5
2025-03-03 17:26:16 Udatentig matadata for filer file: run26099.mid.gz
2025-03-03 17:26:27 Transferring file: run26099.mid.gz
2025-03-03 17:26:27 Uploading file: run26099.mid.gz
2025-03-03 17:26:27 ERROR: Uploading file: run26099.mid.gz
2025-03-03 17:26:46 Uploading file: run26099.mid.gz
2025-03-03 17:26:46 ERROR: Uploading file: run26099.mid.gz
2025-03-03 17:27:02 Uploading file: run26099.mid.gz
2025-03-03 17:27:02 ERROR: Uploading file: run26099.mid.gz
2025-03-03 17:27:17 Uploading file: run26099.mid.gz
2025-03-03 17:27:17 ERROR: Uploading file: run26099.mid.gz
2025-03-03 17:27:35 Uploading file: run26099.mid.gz
2025-03-03 17:27:35 ERROR: Uploading file: run26099.mid.gz
ERROR: Max try number reached: 5
2025-03-03 17:28:03 Udatentig matadata for filer file: run26089.mid.gz
2025-03-03 17:28:08 Transferring file: run26089.mid.gz
2025-03-03 17:28:08 Uploading file: run26089.mid.gz
2025-03-03 17:28:08 ERROR: Uploading file: run26089.mid.gz
2025-03-03 17:28:15 Uploading file: run26089.mid.gz
2025-03-03 17:28:15 ERROR: Uploading file: run26089.mid.gz
2025-03-03 17:28:20 Uploading file: run26089.mid.gz
2025-03-03 17:28:20 ERROR: Uploading file: run26089.mid.gz
2025-03-03 17:28:27 Uploading file: run26089.mid.gz
2025-03-03 17:28:27 ERROR: Uploading file: run26089.mid.gz
2025-03-03 17:28:32 Uploading file: run26089.mid.gz
2025-03-03 17:28:32 ERROR: Uploading file: run26089.mid.gz
ERROR: Max try number reached: 5
2025-03-03 17:28:43 Udatentig matadata for filer file: run26090.mid.gz
2025-03-03 17:28:52 Transferring file: run26090.mid.gz
2025-03-03 17:28:52 Uploading file: run26090.mid.gz
2025-03-03 17:28:52 ERROR: Uploading file: run26090.mid.gz
2025-03-03 17:29:05 Uploading file: run26090.mid.gz
2025-03-03 17:29:05 ERROR: Uploading file: run26090.mid.gz
2025-03-03 17:29:22 Uploading file: run26090.mid.gz
2025-03-03 17:29:22 ERROR: Uploading file: run26090.mid.gz
2025-03-03 17:29:32 Uploading file: run26090.mid.gz
2025-03-03 17:29:32 ERROR: Uploading file: run26090.mid.gz
2025-03-03 17:29:44 Uploading file: run26090.mid.gz
2025-03-03 17:29:44 ERROR: Uploading file: run26090.mid.gz
ERROR: Max try number reached: 5
2025-03-03 17:29:55 Udatentig matadata for filer file: run26092.mid.gz
2025-03-03 17:30:00 Transferring file: run26092.mid.gz
2025-03-03 17:30:00 Uploading file: run26092.mid.gz
2025-03-03 17:30:00 ERROR: Uploading file: run26092.mid.gz
2025-03-03 17:30:05 Uploading file: run26092.mid.gz
2025-03-03 17:30:05 ERROR: Uploading file: run26092.mid.gz
2025-03-03 17:30:15 Uploading file: run26092.mid.gz
2025-03-03 17:30:15 ERROR: Uploading file: run26092.mid.gz
2025-03-03 17:30:22 Uploading file: run26092.mid.gz
2025-03-03 17:30:22 ERROR: Uploading file: run26092.mid.gz
2025-03-03 17:30:32 Uploading file: run26092.mid.gz
2025-03-03 17:30:32 ERROR: Uploading file: run26092.mid.gz
ERROR: Max try number reached: 5
2025-03-03 17:30:38 Udatentig matadata for filer file: run26096.mid.gz
2025-03-03 17:30:47 Transferring file: run26096.mid.gz
2025-03-03 17:30:47 Uploading file: run26096.mid.gz
2025-03-03 17:30:47 ERROR: Uploading file: run26096.mid.gz
2025-03-03 17:31:01 Uploading file: run26096.mid.gz
2025-03-03 17:31:01 ERROR: Uploading file: run26096.mid.gz
2025-03-03 17:31:15 Uploading file: run26096.mid.gz
2025-03-03 17:31:15 ERROR: Uploading file: run26096.mid.gz
2025-03-03 17:31:26 Uploading file: run26096.mid.gz
2025-03-03 17:31:26 ERROR: Uploading file: run26096.mid.gz
2025-03-03 17:31:37 Uploading file: run26096.mid.gz
2025-03-03 17:31:37 ERROR: Uploading file: run26096.mid.gz
ERROR: Max try number reached: 5
2025-03-03 17:31:48 Udatentig matadata for filer file: run26097.mid.gz
2025-03-03 17:32:03 Transferring file: run26097.mid.gz
2025-03-03 17:32:03 Uploading file: run26097.mid.gz
2025-03-03 17:32:03 ERROR: Uploading file: run26097.mid.gz
2025-03-03 17:32:18 Uploading file: run26097.mid.gz
2025-03-03 17:32:18 ERROR: Uploading file: run26097.mid.gz
2025-03-03 17:32:31 Uploading file: run26097.mid.gz
2025-03-03 17:32:31 ERROR: Uploading file: run26097.mid.gz
2025-03-03 17:32:48 Uploading file: run26097.mid.gz
2025-03-03 17:32:48 ERROR: Uploading file: run26097.mid.gz
2025-03-03 17:33:00 Uploading file: run26097.mid.gz
2025-03-03 17:33:00 ERROR: Uploading file: run26097.mid.gz
ERROR: Max try number reached: 5
2025-03-03 17:33:11 Udatentig matadata for filer file: run26099.mid.gz
2025-03-03 17:33:24 Transferring file: run26099.mid.gz
2025-03-03 17:33:24 Uploading file: run26099.mid.gz
2025-03-03 17:33:24 ERROR: Uploading file: run26099.mid.gz
2025-03-03 17:33:41 Uploading file: run26099.mid.gz
2025-03-03 17:33:41 ERROR: Uploading file: run26099.mid.gz
2025-03-03 17:33:54 Uploading file: run26099.mid.gz
2025-03-03 17:33:54 ERROR: Uploading file: run26099.mid.gz
2025-03-03 17:34:10 Uploading file: run26099.mid.gz
2025-03-03 17:34:10 ERROR: Uploading file: run26099.mid.gz
2025-03-03 17:34:21 Uploading file: run26099.mid.gz
2025-03-03 17:34:21 ERROR: Uploading file: run26099.mid.gz
ERROR: Max try number reached: 5
2025-03-03 17:34:32 Udatentig matadata for filer file: run26101.mid.gz
2025-03-03 17:34:44 Transferring file: run26101.mid.gz
2025-03-03 17:34:44 Uploading file: run26101.mid.gz
2025-03-03 17:34:44 ERROR: Uploading file: run26101.mid.gz
2025-03-03 17:35:00 Uploading file: run26101.mid.gz
2025-03-03 17:35:00 ERROR: Uploading file: run26101.mid.gz
2025-03-03 17:35:08 Uploading file: run26101.mid.gz
2025-03-03 17:35:08 ERROR: Uploading file: run26101.mid.gz
2025-03-03 17:35:17 Uploading file: run26101.mid.gz
2025-03-03 17:35:17 ERROR: Uploading file: run26101.mid.gz
2025-03-03 17:35:26 Uploading file: run26101.mid.gz
2025-03-03 17:35:26 ERROR: Uploading file: run26101.mid.gz
ERROR: Max try number reached: 5
2025-03-03 17:35:56 Udatentig matadata for filer file: run26089.mid.gz
2025-03-03 17:36:00 Transferring file: run26089.mid.gz
2025-03-03 17:36:00 Uploading file: run26089.mid.gz
2025-03-03 17:36:00 ERROR: Uploading file: run26089.mid.gz
2025-03-03 17:36:15 Uploading file: run26089.mid.gz
2025-03-03 17:36:15 ERROR: Uploading file: run26089.mid.gz
2025-03-03 17:36:21 Uploading file: run26089.mid.gz
2025-03-03 17:36:21 ERROR: Uploading file: run26089.mid.gz
2025-03-03 17:36:35 Uploading file: run26089.mid.gz
2025-03-03 17:36:35 ERROR: Uploading file: run26089.mid.gz
2025-03-03 17:36:47 Uploading file: run26089.mid.gz
2025-03-03 17:36:47 ERROR: Uploading file: run26089.mid.gz
ERROR: Max try number reached: 5
2025-03-03 17:37:00 Udatentig matadata for filer file: run26090.mid.gz
2025-03-03 17:37:09 Transferring file: run26090.mid.gz
2025-03-03 17:37:09 Uploading file: run26090.mid.gz
2025-03-03 17:37:09 ERROR: Uploading file: run26090.mid.gz
2025-03-03 17:37:19 Uploading file: run26090.mid.gz
2025-03-03 17:37:19 ERROR: Uploading file: run26090.mid.gz
2025-03-03 17:37:27 Uploading file: run26090.mid.gz
2025-03-03 17:37:27 ERROR: Uploading file: run26090.mid.gz
2025-03-03 17:37:34 Uploading file: run26090.mid.gz
2025-03-03 17:37:34 ERROR: Uploading file: run26090.mid.gz
2025-03-03 17:37:42 Uploading file: run26090.mid.gz
2025-03-03 17:37:42 ERROR: Uploading file: run26090.mid.gz
ERROR: Max try number reached: 5
2025-03-03 17:37:58 Udatentig matadata for filer file: run26092.mid.gz
2025-03-03 17:38:02 Transferring file: run26092.mid.gz
2025-03-03 17:38:02 Uploading file: run26092.mid.gz
2025-03-03 17:38:02 ERROR: Uploading file: run26092.mid.gz
2025-03-03 17:38:16 Uploading file: run26092.mid.gz
2025-03-03 17:38:16 ERROR: Uploading file: run26092.mid.gz
2025-03-03 17:38:28 Uploading file: run26092.mid.gz
2025-03-03 17:38:28 ERROR: Uploading file: run26092.mid.gz
2025-03-03 17:38:40 Uploading file: run26092.mid.gz
2025-03-03 17:38:40 ERROR: Uploading file: run26092.mid.gz
2025-03-03 17:38:48 Uploading file: run26092.mid.gz
2025-03-03 17:38:48 ERROR: Uploading file: run26092.mid.gz
ERROR: Max try number reached: 5
2025-03-03 17:39:00 Udatentig matadata for filer file: run26096.mid.gz
2025-03-03 17:39:10 Transferring file: run26096.mid.gz
2025-03-03 17:39:10 Uploading file: run26096.mid.gz
2025-03-03 17:39:10 ERROR: Uploading file: run26096.mid.gz
2025-03-03 17:39:21 Uploading file: run26096.mid.gz
2025-03-03 17:39:21 ERROR: Uploading file: run26096.mid.gz
2025-03-03 17:39:31 Uploading file: run26096.mid.gz
2025-03-03 17:39:31 ERROR: Uploading file: run26096.mid.gz
2025-03-03 17:39:40 Uploading file: run26096.mid.gz
2025-03-03 17:39:40 ERROR: Uploading file: run26096.mid.gz
2025-03-03 17:39:54 Uploading file: run26096.mid.gz
2025-03-03 17:39:54 ERROR: Uploading file: run26096.mid.gz
ERROR: Max try number reached: 5
2025-03-03 17:40:05 Udatentig matadata for filer file: run26097.mid.gz
2025-03-03 17:40:16 Transferring file: run26097.mid.gz
2025-03-03 17:40:16 Uploading file: run26097.mid.gz
2025-03-03 17:40:16 ERROR: Uploading file: run26097.mid.gz
2025-03-03 17:40:27 Uploading file: run26097.mid.gz
2025-03-03 17:40:27 ERROR: Uploading file: run26097.mid.gz
2025-03-03 17:40:35 Uploading file: run26097.mid.gz
2025-03-03 17:40:35 ERROR: Uploading file: run26097.mid.gz
2025-03-03 17:40:45 Uploading file: run26097.mid.gz
2025-03-03 17:40:45 ERROR: Uploading file: run26097.mid.gz
2025-03-03 17:40:57 Uploading file: run26097.mid.gz
2025-03-03 17:40:57 ERROR: Uploading file: run26097.mid.gz
ERROR: Max try number reached: 5
2025-03-03 17:41:06 Udatentig matadata for filer file: run26099.mid.gz
2025-03-03 17:41:16 Transferring file: run26099.mid.gz
2025-03-03 17:41:16 Uploading file: run26099.mid.gz
2025-03-03 17:41:16 ERROR: Uploading file: run26099.mid.gz
2025-03-03 17:41:29 Uploading file: run26099.mid.gz
2025-03-03 17:41:29 ERROR: Uploading file: run26099.mid.gz
2025-03-03 17:41:43 Uploading file: run26099.mid.gz
2025-03-03 17:41:43 ERROR: Uploading file: run26099.mid.gz
2025-03-03 17:41:52 Uploading file: run26099.mid.gz
2025-03-03 17:41:52 ERROR: Uploading file: run26099.mid.gz
2025-03-03 17:42:03 Uploading file: run26099.mid.gz
2025-03-03 17:42:03 ERROR: Uploading file: run26099.mid.gz
ERROR: Max try number reached: 5
2025-03-03 17:42:09 Udatentig matadata for filer file: run26101.mid.gz
2025-03-03 17:42:21 Transferring file: run26101.mid.gz
2025-03-03 17:42:21 Uploading file: run26101.mid.gz
2025-03-03 17:42:21 ERROR: Uploading file: run26101.mid.gz
2025-03-03 17:42:36 Uploading file: run26101.mid.gz
2025-03-03 17:42:36 ERROR: Uploading file: run26101.mid.gz
2025-03-03 17:42:52 Uploading file: run26101.mid.gz
2025-03-03 17:42:52 ERROR: Uploading file: run26101.mid.gz
2025-03-03 17:43:03 Uploading file: run26101.mid.gz
2025-03-03 17:43:03 ERROR: Uploading file: run26101.mid.gz
2025-03-03 17:43:16 Uploading file: run26101.mid.gz
2025-03-03 17:43:16 ERROR: Uploading file: run26101.mid.gz
ERROR: Max try number reached: 5
2025-03-03 17:43:27 Udatentig matadata for filer file: run26102.mid.gz
2025-03-03 17:43:38 Transferring file: run26102.mid.gz
2025-03-03 17:43:38 Uploading file: run26102.mid.gz
2025-03-03 17:43:38 ERROR: Uploading file: run26102.mid.gz
2025-03-03 17:43:54 Uploading file: run26102.mid.gz
2025-03-03 17:43:54 ERROR: Uploading file: run26102.mid.gz
2025-03-03 17:44:06 Uploading file: run26102.mid.gz
2025-03-03 17:44:06 ERROR: Uploading file: run26102.mid.gz
2025-03-03 17:44:18 Uploading file: run26102.mid.gz
2025-03-03 17:44:18 ERROR: Uploading file: run26102.mid.gz
2025-03-03 17:44:29 Uploading file: run26102.mid.gz
2025-03-03 17:44:29 ERROR: Uploading file: run26102.mid.gz
ERROR: Max try number reached: 5
2025-03-03 17:44:50 Udatentig matadata for filer file: run26089.mid.gz
2025-03-03 17:44:54 Transferring file: run26089.mid.gz
2025-03-03 17:44:54 Uploading file: run26089.mid.gz
2025-03-03 17:44:54 ERROR: Uploading file: run26089.mid.gz
2025-03-03 17:45:06 Uploading file: run26089.mid.gz
2025-03-03 17:45:06 ERROR: Uploading file: run26089.mid.gz
2025-03-03 17:45:20 Uploading file: run26089.mid.gz
2025-03-03 17:45:20 ERROR: Uploading file: run26089.mid.gz
2025-03-03 17:45:27 Uploading file: run26089.mid.gz
2025-03-03 17:45:27 ERROR: Uploading file: run26089.mid.gz
2025-03-03 17:45:34 Uploading file: run26089.mid.gz
2025-03-03 17:45:34 ERROR: Uploading file: run26089.mid.gz
ERROR: Max try number reached: 5
2025-03-03 17:45:41 Udatentig matadata for filer file: run26090.mid.gz
2025-03-03 17:45:51 Transferring file: run26090.mid.gz
2025-03-03 17:45:51 Uploading file: run26090.mid.gz
2025-03-03 17:45:51 ERROR: Uploading file: run26090.mid.gz
2025-03-03 17:46:04 Uploading file: run26090.mid.gz
2025-03-03 17:46:04 ERROR: Uploading file: run26090.mid.gz
2025-03-03 17:46:17 Uploading file: run26090.mid.gz
2025-03-03 17:46:17 ERROR: Uploading file: run26090.mid.gz
2025-03-03 17:46:28 Uploading file: run26090.mid.gz
2025-03-03 17:46:28 ERROR: Uploading file: run26090.mid.gz
2025-03-03 17:46:42 Uploading file: run26090.mid.gz
2025-03-03 17:46:42 ERROR: Uploading file: run26090.mid.gz
ERROR: Max try number reached: 5
2025-03-03 17:46:56 Udatentig matadata for filer file: run26092.mid.gz
2025-03-03 17:47:01 Transferring file: run26092.mid.gz
2025-03-03 17:47:01 Uploading file: run26092.mid.gz
2025-03-03 17:47:01 ERROR: Uploading file: run26092.mid.gz
2025-03-03 17:47:11 Uploading file: run26092.mid.gz
2025-03-03 17:47:11 ERROR: Uploading file: run26092.mid.gz
2025-03-03 17:47:16 Uploading file: run26092.mid.gz
2025-03-03 17:47:16 ERROR: Uploading file: run26092.mid.gz
2025-03-03 17:47:30 Uploading file: run26092.mid.gz
2025-03-03 17:47:30 ERROR: Uploading file: run26092.mid.gz
2025-03-03 17:47:44 Uploading file: run26092.mid.gz
2025-03-03 17:47:44 ERROR: Uploading file: run26092.mid.gz
ERROR: Max try number reached: 5
2025-03-03 17:47:57 Udatentig matadata for filer file: run26096.mid.gz
2025-03-03 17:48:06 Transferring file: run26096.mid.gz
2025-03-03 17:48:06 Uploading file: run26096.mid.gz
2025-03-03 17:48:06 ERROR: Uploading file: run26096.mid.gz
2025-03-03 17:48:23 Uploading file: run26096.mid.gz
2025-03-03 17:48:23 ERROR: Uploading file: run26096.mid.gz
2025-03-03 17:48:40 Uploading file: run26096.mid.gz
2025-03-03 17:48:40 ERROR: Uploading file: run26096.mid.gz
2025-03-03 17:48:56 Uploading file: run26096.mid.gz
2025-03-03 17:48:56 ERROR: Uploading file: run26096.mid.gz
2025-03-03 17:49:05 Uploading file: run26096.mid.gz
2025-03-03 17:49:05 ERROR: Uploading file: run26096.mid.gz
ERROR: Max try number reached: 5
2025-03-03 17:49:17 Udatentig matadata for filer file: run26097.mid.gz
2025-03-03 17:49:27 Transferring file: run26097.mid.gz
2025-03-03 17:49:27 Uploading file: run26097.mid.gz
2025-03-03 17:49:27 ERROR: Uploading file: run26097.mid.gz
2025-03-03 17:49:42 Uploading file: run26097.mid.gz
2025-03-03 17:49:42 ERROR: Uploading file: run26097.mid.gz
2025-03-03 17:49:57 Uploading file: run26097.mid.gz
2025-03-03 17:49:57 ERROR: Uploading file: run26097.mid.gz
2025-03-03 17:50:13 Uploading file: run26097.mid.gz
2025-03-03 17:50:13 ERROR: Uploading file: run26097.mid.gz
2025-03-03 17:50:30 Uploading file: run26097.mid.gz
2025-03-03 17:50:30 ERROR: Uploading file: run26097.mid.gz
ERROR: Max try number reached: 5
2025-03-03 17:50:42 Udatentig matadata for filer file: run26099.mid.gz
2025-03-03 17:50:51 Transferring file: run26099.mid.gz
2025-03-03 17:50:51 Uploading file: run26099.mid.gz
2025-03-03 17:50:51 ERROR: Uploading file: run26099.mid.gz
2025-03-03 17:51:06 Uploading file: run26099.mid.gz
2025-03-03 17:51:06 ERROR: Uploading file: run26099.mid.gz
2025-03-03 17:51:18 Uploading file: run26099.mid.gz
2025-03-03 17:51:18 ERROR: Uploading file: run26099.mid.gz
2025-03-03 17:51:36 Uploading file: run26099.mid.gz
2025-03-03 17:51:36 ERROR: Uploading file: run26099.mid.gz
2025-03-03 17:51:51 Uploading file: run26099.mid.gz
2025-03-03 17:51:51 ERROR: Uploading file: run26099.mid.gz
ERROR: Max try number reached: 5
2025-03-03 17:52:03 Udatentig matadata for filer file: run26101.mid.gz
2025-03-03 17:52:13 Transferring file: run26101.mid.gz
2025-03-03 17:52:13 Uploading file: run26101.mid.gz
2025-03-03 17:52:13 ERROR: Uploading file: run26101.mid.gz
2025-03-03 17:52:28 Uploading file: run26101.mid.gz
2025-03-03 17:52:28 ERROR: Uploading file: run26101.mid.gz
2025-03-03 17:52:38 Uploading file: run26101.mid.gz
2025-03-03 17:52:38 ERROR: Uploading file: run26101.mid.gz
2025-03-03 17:52:47 Uploading file: run26101.mid.gz
2025-03-03 17:52:47 ERROR: Uploading file: run26101.mid.gz
2025-03-03 17:53:04 Uploading file: run26101.mid.gz
2025-03-03 17:53:04 ERROR: Uploading file: run26101.mid.gz
ERROR: Max try number reached: 5
2025-03-03 17:53:19 Udatentig matadata for filer file: run26102.mid.gz
2025-03-03 17:53:29 Transferring file: run26102.mid.gz
2025-03-03 17:53:29 Uploading file: run26102.mid.gz
2025-03-03 17:53:29 ERROR: Uploading file: run26102.mid.gz
2025-03-03 17:53:43 Uploading file: run26102.mid.gz
2025-03-03 17:53:43 ERROR: Uploading file: run26102.mid.gz
2025-03-03 17:53:55 Uploading file: run26102.mid.gz
2025-03-03 17:53:55 ERROR: Uploading file: run26102.mid.gz
2025-03-03 17:54:06 Uploading file: run26102.mid.gz
2025-03-03 17:54:06 ERROR: Uploading file: run26102.mid.gz
2025-03-03 17:54:22 Uploading file: run26102.mid.gz
2025-03-03 17:54:22 ERROR: Uploading file: run26102.mid.gz
ERROR: Max try number reached: 5
2025-03-03 17:54:47 Udatentig matadata for filer file: run26089.mid.gz
2025-03-03 17:54:51 Transferring file: run26089.mid.gz
2025-03-03 17:54:51 Uploading file: run26089.mid.gz
2025-03-03 17:54:51 ERROR: Uploading file: run26089.mid.gz
2025-03-03 17:55:02 Uploading file: run26089.mid.gz
2025-03-03 17:55:02 ERROR: Uploading file: run26089.mid.gz
2025-03-03 17:55:06 Uploading file: run26089.mid.gz
2025-03-03 17:55:06 ERROR: Uploading file: run26089.mid.gz
2025-03-03 17:55:20 Uploading file: run26089.mid.gz
2025-03-03 17:55:20 Upload done: run26089.mid.gz
2025-03-03 17:55:49 Udatentig matadata for filer file: run26090.mid.gz
2025-03-03 17:55:58 Transferring file: run26090.mid.gz
2025-03-03 17:55:58 Uploading file: run26090.mid.gz
2025-03-03 17:55:58 Upload done: run26090.mid.gz
2025-03-03 17:56:41 Udatentig matadata for filer file: run26092.mid.gz
2025-03-03 17:56:46 Transferring file: run26092.mid.gz
2025-03-03 17:56:46 Uploading file: run26092.mid.gz
2025-03-03 17:56:46 Upload done: run26092.mid.gz
2025-03-03 17:57:07 Udatentig matadata for filer file: run26096.mid.gz
2025-03-03 17:57:16 Transferring file: run26096.mid.gz
2025-03-03 17:57:16 Uploading file: run26096.mid.gz
2025-03-03 17:57:16 Upload done: run26096.mid.gz
2025-03-03 17:58:13 Udatentig matadata for filer file: run26097.mid.gz
2025-03-03 17:58:22 Transferring file: run26097.mid.gz
2025-03-03 17:58:22 Uploading file: run26097.mid.gz
2025-03-03 17:58:22 Upload done: run26097.mid.gz
2025-03-03 17:58:59 Udatentig matadata for filer file: run26099.mid.gz
2025-03-03 17:59:08 Transferring file: run26099.mid.gz
2025-03-03 17:59:08 Uploading file: run26099.mid.gz
2025-03-03 17:59:08 Upload done: run26099.mid.gz
2025-03-03 17:59:42 Udatentig matadata for filer file: run26101.mid.gz
2025-03-03 17:59:51 Transferring file: run26101.mid.gz
2025-03-03 17:59:51 Uploading file: run26101.mid.gz
2025-03-03 17:59:51 Upload done: run26101.mid.gz
2025-03-03 18:00:25 Udatentig matadata for filer file: run26102.mid.gz
2025-03-03 18:00:35 Transferring file: run26102.mid.gz
2025-03-03 18:00:35 Uploading file: run26102.mid.gz
2025-03-03 18:00:35 Upload done: run26102.mid.gz
2025-03-03 18:01:10 Udatentig matadata for filer file: run26105.mid.gz
2025-03-03 18:01:20 Transferring file: run26105.mid.gz
2025-03-03 18:01:20 Uploading file: run26105.mid.gz
2025-03-03 18:01:20 Upload done: run26105.mid.gz
2025-03-03 18:01:54 Udatentig matadata for filer file: run26106.mid.gz
2025-03-03 18:02:04 Transferring file: run26106.mid.gz
2025-03-03 18:02:04 Uploading file: run26106.mid.gz
2025-03-03 18:02:04 Upload done: run26106.mid.gz
2025-03-04 16:49:44 Udatentig matadata for filer file: run26112.mid.gz
2025-03-04 16:49:47 Transferring file: run26112.mid.gz
2025-03-04 16:49:47 Uploading file: run26112.mid.gz
2025-03-04 16:49:47 Upload done: run26112.mid.gz
2025-03-04 17:05:59 Udatentig matadata for filer file: run26113.mid.gz
2025-03-04 17:06:05 Transferring file: run26113.mid.gz
2025-03-04 17:06:05 Uploading file: run26113.mid.gz
2025-03-04 17:06:05 Upload done: run26113.mid.gz
2025-03-04 17:42:19 Udatentig matadata for filer file: run26114.mid.gz
2025-03-04 17:42:30 Transferring file: run26114.mid.gz
2025-03-04 17:42:30 Uploading file: run26114.mid.gz
2025-03-04 17:42:30 Upload done: run26114.mid.gz
2025-03-04 17:47:52 Udatentig matadata for filer file: run26115.mid.gz
2025-03-04 17:48:01 Transferring file: run26115.mid.gz
2025-03-04 17:48:01 Uploading file: run26115.mid.gz
2025-03-04 17:48:01 Upload done: run26115.mid.gz
2025-03-04 17:53:12 Udatentig matadata for filer file: run26116.mid.gz
2025-03-04 17:53:22 Transferring file: run26116.mid.gz
2025-03-04 17:53:22 Uploading file: run26116.mid.gz
2025-03-04 17:53:22 Upload done: run26116.mid.gz
2025-03-04 17:59:24 Udatentig matadata for filer file: run26117.mid.gz
2025-03-04 17:59:34 Transferring file: run26117.mid.gz
2025-03-04 17:59:34 Uploading file: run26117.mid.gz
2025-03-04 17:59:34 Upload done: run26117.mid.gz
2025-03-04 18:05:23 Udatentig matadata for filer file: run26118.mid.gz
2025-03-04 18:05:33 Transferring file: run26118.mid.gz
2025-03-04 18:05:33 Uploading file: run26118.mid.gz
2025-03-04 18:05:33 Upload done: run26118.mid.gz
2025-03-04 18:11:11 Udatentig matadata for filer file: run26119.mid.gz
2025-03-04 18:11:28 Transferring file: run26119.mid.gz
2025-03-04 18:11:28 Uploading file: run26119.mid.gz
2025-03-04 18:11:28 Upload done: run26119.mid.gz
2025-03-04 18:17:42 Udatentig matadata for filer file: run26120.mid.gz
2025-03-04 18:17:58 Transferring file: run26120.mid.gz
2025-03-04 18:17:58 Uploading file: run26120.mid.gz
2025-03-04 18:17:58 Upload done: run26120.mid.gz
2025-03-04 18:22:46 Udatentig matadata for filer file: run26121.mid.gz
2025-03-04 18:22:58 Transferring file: run26121.mid.gz
2025-03-04 18:22:58 Uploading file: run26121.mid.gz
2025-03-04 18:22:58 Upload done: run26121.mid.gz
2025-03-04 18:27:44 Udatentig matadata for filer file: run26122.mid.gz
2025-03-04 18:27:53 Transferring file: run26122.mid.gz
2025-03-04 18:27:53 Uploading file: run26122.mid.gz
2025-03-04 18:27:53 Upload done: run26122.mid.gz
2025-03-04 18:32:51 Udatentig matadata for filer file: run26123.mid.gz
2025-03-04 18:32:58 Transferring file: run26123.mid.gz
2025-03-04 18:32:58 Uploading file: run26123.mid.gz
2025-03-04 18:32:58 Upload done: run26123.mid.gz
2025-03-04 18:49:53 Udatentig matadata for filer file: run26124.mid.gz
2025-03-04 18:49:53 Transferring file: run26124.mid.gz
2025-03-04 18:49:53 Uploading file: run26124.mid.gz
2025-03-04 18:49:53 Upload done: run26124.mid.gz
2025-03-04 19:09:08 Udatentig matadata for filer file: run26125.mid.gz
2025-03-04 19:09:17 Transferring file: run26125.mid.gz
2025-03-04 19:09:17 Uploading file: run26125.mid.gz
2025-03-04 19:09:17 Upload done: run26125.mid.gz
2025-03-04 19:13:38 Udatentig matadata for filer file: run26126.mid.gz
2025-03-04 19:13:46 Transferring file: run26126.mid.gz
2025-03-04 19:13:46 Uploading file: run26126.mid.gz
2025-03-04 19:13:46 Upload done: run26126.mid.gz
2025-03-05 10:03:40 Udatentig matadata for filer file: run26129.mid.gz
2025-03-05 10:03:40 Transferring file: run26129.mid.gz
2025-03-05 10:03:40 Uploading file: run26129.mid.gz
2025-03-05 10:03:40 Upload done: run26129.mid.gz
2025-03-05 10:04:21 Udatentig matadata for filer file: run26128.mid.gz
2025-03-05 10:04:23 Transferring file: run26128.mid.gz
2025-03-05 10:04:23 Uploading file: run26128.mid.gz
2025-03-05 10:04:23 Upload done: run26128.mid.gz
2025-03-05 10:35:09 Udatentig matadata for filer file: run26130.mid.gz
2025-03-05 10:35:16 Transferring file: run26130.mid.gz
2025-03-05 10:35:16 Uploading file: run26130.mid.gz
2025-03-05 10:35:16 Upload done: run26130.mid.gz
2025-03-05 11:01:01 Udatentig matadata for filer file: run26132.mid.gz
2025-03-05 11:01:09 Transferring file: run26132.mid.gz
2025-03-05 11:01:09 Uploading file: run26132.mid.gz
2025-03-05 11:01:09 Upload done: run26132.mid.gz
2025-03-05 11:05:45 Udatentig matadata for filer file: run26133.mid.gz
2025-03-05 11:05:55 Transferring file: run26133.mid.gz
2025-03-05 11:05:55 Uploading file: run26133.mid.gz
2025-03-05 11:05:55 Upload done: run26133.mid.gz
2025-03-05 11:23:23 Udatentig matadata for filer file: run26135.mid.gz
2025-03-05 11:23:32 Transferring file: run26135.mid.gz
2025-03-05 11:23:32 Uploading file: run26135.mid.gz
2025-03-05 11:23:32 Upload done: run26135.mid.gz
2025-03-05 11:30:07 Udatentig matadata for filer file: run26136.mid.gz
2025-03-05 11:30:17 Transferring file: run26136.mid.gz
2025-03-05 11:30:17 Uploading file: run26136.mid.gz
2025-03-05 11:30:17 Upload done: run26136.mid.gz
2025-03-05 11:45:05 Udatentig matadata for filer file: run26138.mid.gz
2025-03-05 11:45:14 Transferring file: run26138.mid.gz
2025-03-05 11:45:14 Uploading file: run26138.mid.gz
2025-03-05 11:45:14 Upload done: run26138.mid.gz
2025-03-05 11:50:01 Udatentig matadata for filer file: run26140.mid.gz
2025-03-05 11:50:11 Transferring file: run26140.mid.gz
2025-03-05 11:50:11 Uploading file: run26140.mid.gz
2025-03-05 11:50:11 Upload done: run26140.mid.gz
2025-03-05 12:08:01 Udatentig matadata for filer file: run26142.mid.gz
2025-03-05 12:08:09 Transferring file: run26142.mid.gz
2025-03-05 12:08:09 Uploading file: run26142.mid.gz
2025-03-05 12:08:09 Upload done: run26142.mid.gz
2025-03-05 12:13:38 Udatentig matadata for filer file: run26143.mid.gz
2025-03-05 12:13:51 Transferring file: run26143.mid.gz
2025-03-05 12:13:51 Uploading file: run26143.mid.gz
2025-03-05 12:13:51 Upload done: run26143.mid.gz
2025-03-05 12:21:47 Udatentig matadata for filer file: run26145.mid.gz
2025-03-05 12:21:49 Transferring file: run26145.mid.gz
2025-03-05 12:21:49 Uploading file: run26145.mid.gz
2025-03-05 12:21:49 Upload done: run26145.mid.gz
2025-03-05 18:33:43 Udatentig matadata for filer file: run26147.mid.gz
2025-03-05 18:33:46 Transferring file: run26147.mid.gz
2025-03-05 18:33:46 Uploading file: run26147.mid.gz
2025-03-05 18:33:46 Upload done: run26147.mid.gz
2025-03-05 18:48:57 Udatentig matadata for filer file: run26148.mid.gz
2025-03-05 18:49:05 Transferring file: run26148.mid.gz
2025-03-05 18:49:05 Uploading file: run26148.mid.gz
2025-03-05 18:49:05 Upload done: run26148.mid.gz
2025-03-05 19:13:26 Udatentig matadata for filer file: run26151.mid.gz
2025-03-05 19:13:34 Transferring file: run26151.mid.gz
2025-03-05 19:13:34 Uploading file: run26151.mid.gz
2025-03-05 19:13:34 Upload done: run26151.mid.gz
2025-03-05 19:26:24 Udatentig matadata for filer file: run26153.mid.gz
2025-03-05 19:26:32 Transferring file: run26153.mid.gz
2025-03-05 19:26:32 Uploading file: run26153.mid.gz
2025-03-05 19:26:32 Upload done: run26153.mid.gz
2025-03-05 19:37:48 Udatentig matadata for filer file: run26155.mid.gz
2025-03-05 19:37:56 Transferring file: run26155.mid.gz
2025-03-05 19:37:56 Uploading file: run26155.mid.gz
2025-03-05 19:37:56 Upload done: run26155.mid.gz
2025-03-05 19:47:55 Udatentig matadata for filer file: run26157.mid.gz
2025-03-05 19:48:05 Transferring file: run26157.mid.gz
2025-03-05 19:48:05 Uploading file: run26157.mid.gz
2025-03-05 19:48:05 Upload done: run26157.mid.gz
2025-03-05 20:02:22 Udatentig matadata for filer file: run26159.mid.gz
2025-03-05 20:02:32 Transferring file: run26159.mid.gz
2025-03-05 20:02:32 Uploading file: run26159.mid.gz
2025-03-05 20:02:32 Upload done: run26159.mid.gz
2025-03-05 20:18:06 Udatentig matadata for filer file: run26161.mid.gz
2025-03-05 20:18:16 Transferring file: run26161.mid.gz
2025-03-05 20:18:16 Uploading file: run26161.mid.gz
2025-03-05 20:18:16 Upload done: run26161.mid.gz
2025-03-05 20:23:17 Udatentig matadata for filer file: run26162.mid.gz
2025-03-05 20:23:32 Transferring file: run26162.mid.gz
2025-03-05 20:23:32 Uploading file: run26162.mid.gz
2025-03-05 20:23:32 Upload done: run26162.mid.gz
2025-03-05 20:37:45 Udatentig matadata for filer file: run26164.mid.gz
2025-03-05 20:37:56 Transferring file: run26164.mid.gz
2025-03-05 20:37:56 Uploading file: run26164.mid.gz
2025-03-05 20:37:56 Upload done: run26164.mid.gz
Killed
2025-03-12 13:25:44 midas2cloud started
2025-03-12 13:25:48 WARNING: No new file uploaded
2025-03-12 13:26:01 WARNING: No new file uploaded
2025-03-12 13:26:15 WARNING: No new file uploaded
2025-03-12 13:26:28 WARNING: No new file uploaded
2025-03-12 13:26:42 WARNING: No new file uploaded
2025-03-12 13:26:56 WARNING: No new file uploaded
2025-03-12 13:27:09 WARNING: No new file uploaded
2025-03-12 13:27:23 WARNING: No new file uploaded
2025-03-12 13:27:36 WARNING: No new file uploaded
2025-03-12 13:27:50 WARNING: No new file uploaded
2025-03-12 13:28:03 WARNING: No new file uploaded
2025-03-12 13:28:17 WARNING: No new file uploaded
2025-03-12 13:28:30 WARNING: No new file uploaded
2025-03-12 13:28:44 WARNING: No new file uploaded
2025-03-12 13:28:57 WARNING: No new file uploaded
2025-03-12 13:29:11 WARNING: No new file uploaded
2025-03-12 13:29:25 WARNING: No new file uploaded
2025-03-12 13:29:38 WARNING: No new file uploaded
2025-03-12 13:29:52 WARNING: No new file uploaded
2025-03-12 13:30:05 WARNING: No new file uploaded
2025-03-12 13:30:19 WARNING: No new file uploaded
2025-03-12 13:30:33 WARNING: No new file uploaded
2025-03-12 13:30:46 WARNING: No new file uploaded
2025-03-12 13:31:00 WARNING: No new file uploaded
2025-03-12 13:31:14 WARNING: No new file uploaded
2025-03-12 13:31:27 WARNING: No new file uploaded
2025-03-12 13:31:41 WARNING: No new file uploaded
2025-03-12 13:31:54 WARNING: No new file uploaded
2025-03-12 13:32:08 WARNING: No new file uploaded
2025-03-12 13:32:21 WARNING: No new file uploaded
2025-03-12 13:32:35 WARNING: No new file uploaded
2025-03-12 13:32:49 WARNING: No new file uploaded
2025-03-12 13:33:02 WARNING: No new file uploaded
2025-03-12 13:33:16 WARNING: No new file uploaded
2025-03-12 13:33:30 WARNING: No new file uploaded
2025-03-12 13:33:43 WARNING: No new file uploaded
2025-03-12 13:33:57 WARNING: No new file uploaded
2025-03-12 13:34:10 WARNING: No new file uploaded
2025-03-12 13:34:24 WARNING: No new file uploaded
2025-03-12 13:34:38 WARNING: No new file uploaded
2025-03-12 13:34:51 WARNING: No new file uploaded
2025-03-12 13:35:05 WARNING: No new file uploaded
2025-03-12 13:35:19 WARNING: No new file uploaded
2025-03-12 13:35:32 WARNING: No new file uploaded
2025-03-12 13:35:46 WARNING: No new file uploaded
2025-03-12 13:36:00 WARNING: No new file uploaded
2025-03-12 13:36:13 WARNING: No new file uploaded
2025-03-12 13:36:27 WARNING: No new file uploaded
2025-03-12 13:36:40 WARNING: No new file uploaded
2025-03-12 13:36:54 WARNING: No new file uploaded
2025-03-12 13:37:08 WARNING: No new file uploaded
2025-03-12 13:37:21 WARNING: No new file uploaded
2025-03-12 13:37:35 WARNING: No new file uploaded
2025-03-12 13:37:49 WARNING: No new file uploaded
2025-03-12 13:38:02 WARNING: No new file uploaded
2025-03-12 13:38:16 WARNING: No new file uploaded
2025-03-12 13:38:29 WARNING: No new file uploaded
2025-03-12 13:38:43 WARNING: No new file uploaded
2025-03-12 13:38:57 WARNING: No new file uploaded
2025-03-12 13:39:10 WARNING: No new file uploaded
2025-03-12 13:39:24 WARNING: No new file uploaded
2025-03-12 13:39:37 WARNING: No new file uploaded
2025-03-12 13:39:51 WARNING: No new file uploaded
2025-03-12 13:40:05 WARNING: No new file uploaded
2025-03-12 13:40:18 WARNING: No new file uploaded
2025-03-12 13:40:32 WARNING: No new file uploaded
2025-03-12 13:40:45 WARNING: No new file uploaded
2025-03-12 13:40:59 WARNING: No new file uploaded
2025-03-12 13:41:13 WARNING: No new file uploaded
2025-03-12 13:41:26 WARNING: No new file uploaded
2025-03-12 13:41:40 WARNING: No new file uploaded
2025-03-12 13:41:54 WARNING: No new file uploaded
2025-03-12 13:42:07 WARNING: No new file uploaded
2025-03-12 13:42:21 WARNING: No new file uploaded
2025-03-12 13:42:35 WARNING: No new file uploaded
2025-03-12 13:42:48 WARNING: No new file uploaded
2025-03-12 13:43:02 WARNING: No new file uploaded
2025-03-12 13:43:15 WARNING: No new file uploaded
2025-03-12 13:43:29 WARNING: No new file uploaded
2025-03-12 13:43:43 WARNING: No new file uploaded
2025-03-12 13:43:56 WARNING: No new file uploaded
2025-03-12 13:44:10 WARNING: No new file uploaded
2025-03-12 13:44:24 WARNING: No new file uploaded
2025-03-12 13:44:37 WARNING: No new file uploaded
2025-03-12 13:44:51 WARNING: No new file uploaded
2025-03-12 13:45:05 WARNING: No new file uploaded
2025-03-12 13:45:18 WARNING: No new file uploaded
2025-03-12 13:45:32 WARNING: No new file uploaded
2025-03-12 13:45:45 WARNING: No new file uploaded
2025-03-12 13:45:59 WARNING: No new file uploaded
2025-03-12 13:46:13 WARNING: No new file uploaded
2025-03-12 13:46:26 WARNING: No new file uploaded
2025-03-12 13:46:40 WARNING: No new file uploaded
2025-03-12 13:46:54 WARNING: No new file uploaded
2025-03-12 13:47:07 WARNING: No new file uploaded
2025-03-12 13:47:21 WARNING: No new file uploaded
2025-03-12 13:47:34 WARNING: No new file uploaded
2025-03-12 13:47:48 WARNING: No new file uploaded
2025-03-12 13:48:02 WARNING: No new file uploaded
2025-03-12 13:48:15 WARNING: No new file uploaded
2025-03-12 13:48:29 WARNING: No new file uploaded
2025-03-12 13:48:42 WARNING: No new file uploaded
2025-03-12 13:48:56 WARNING: No new file uploaded
2025-03-12 13:49:10 WARNING: No new file uploaded
2025-03-12 13:49:23 WARNING: No new file uploaded
2025-03-12 13:49:37 WARNING: No new file uploaded
2025-03-12 13:49:50 WARNING: No new file uploaded
2025-03-12 13:50:04 WARNING: No new file uploaded
2025-03-12 13:50:18 WARNING: No new file uploaded
2025-03-12 13:50:31 WARNING: No new file uploaded
2025-03-12 13:50:45 WARNING: No new file uploaded
2025-03-12 13:50:58 WARNING: No new file uploaded
2025-03-12 13:51:12 WARNING: No new file uploaded
2025-03-12 13:51:26 WARNING: No new file uploaded
2025-03-12 13:51:39 WARNING: No new file uploaded
2025-03-12 13:51:53 WARNING: No new file uploaded
2025-03-12 13:52:06 WARNING: No new file uploaded
2025-03-12 13:52:20 WARNING: No new file uploaded
2025-03-12 13:52:34 WARNING: No new file uploaded
2025-03-12 13:52:47 WARNING: No new file uploaded
2025-03-12 13:53:01 WARNING: No new file uploaded
2025-03-12 13:53:14 WARNING: No new file uploaded
2025-03-12 13:53:28 WARNING: No new file uploaded
2025-03-12 13:53:42 WARNING: No new file uploaded
2025-03-12 13:53:55 WARNING: No new file uploaded
2025-03-12 13:54:09 WARNING: No new file uploaded
2025-03-12 13:54:22 WARNING: No new file uploaded
2025-03-12 13:54:36 WARNING: No new file uploaded
2025-03-12 13:54:50 WARNING: No new file uploaded
2025-03-12 13:55:03 WARNING: No new file uploaded
2025-03-12 13:55:17 WARNING: No new file uploaded
2025-03-12 13:55:31 WARNING: No new file uploaded
2025-03-12 13:55:44 WARNING: No new file uploaded
2025-03-12 13:55:58 WARNING: No new file uploaded
2025-03-12 13:56:11 WARNING: No new file uploaded
2025-03-12 13:56:25 WARNING: No new file uploaded
2025-03-12 13:56:39 WARNING: No new file uploaded
2025-03-12 13:56:52 WARNING: No new file uploaded
2025-03-12 13:57:06 WARNING: No new file uploaded
2025-03-12 13:57:19 WARNING: No new file uploaded
2025-03-12 13:57:33 WARNING: No new file uploaded
2025-03-12 13:57:47 WARNING: No new file uploaded
2025-03-12 13:58:00 WARNING: No new file uploaded
2025-03-12 13:58:14 WARNING: No new file uploaded
2025-03-12 13:58:27 WARNING: No new file uploaded
2025-03-12 13:58:41 WARNING: No new file uploaded
2025-03-12 13:58:55 WARNING: No new file uploaded
2025-03-12 13:59:08 WARNING: No new file uploaded
2025-03-12 13:59:22 WARNING: No new file uploaded
2025-03-12 13:59:35 WARNING: No new file uploaded
2025-03-12 13:59:49 WARNING: No new file uploaded
2025-03-12 14:00:03 WARNING: No new file uploaded
2025-03-12 14:00:16 WARNING: No new file uploaded
2025-03-12 14:00:30 WARNING: No new file uploaded
2025-03-12 14:00:44 WARNING: No new file uploaded
2025-03-12 14:00:57 WARNING: No new file uploaded
2025-03-12 14:01:11 WARNING: No new file uploaded
2025-03-12 14:01:24 WARNING: No new file uploaded
2025-03-12 14:01:38 WARNING: No new file uploaded
2025-03-12 14:01:52 WARNING: No new file uploaded
2025-03-12 14:02:05 WARNING: No new file uploaded
2025-03-12 14:02:19 WARNING: No new file uploaded
2025-03-12 14:02:32 WARNING: No new file uploaded
2025-03-12 14:02:46 WARNING: No new file uploaded
2025-03-12 14:03:00 WARNING: No new file uploaded
2025-03-12 14:03:13 WARNING: No new file uploaded
2025-03-12 14:03:27 WARNING: No new file uploaded
2025-03-12 14:03:41 WARNING: No new file uploaded
2025-03-12 14:03:54 WARNING: No new file uploaded
2025-03-12 14:04:08 WARNING: No new file uploaded
2025-03-12 14:04:21 WARNING: No new file uploaded
2025-03-12 14:04:35 WARNING: No new file uploaded
2025-03-12 14:04:49 WARNING: No new file uploaded
2025-03-12 14:05:02 WARNING: No new file uploaded
2025-03-12 14:05:16 WARNING: No new file uploaded
2025-03-12 14:05:29 WARNING: No new file uploaded
2025-03-12 14:05:43 WARNING: No new file uploaded
2025-03-12 14:05:57 WARNING: No new file uploaded
2025-03-12 14:06:10 WARNING: No new file uploaded
2025-03-12 14:06:24 WARNING: No new file uploaded
2025-03-12 14:06:37 WARNING: No new file uploaded
2025-03-12 14:06:51 WARNING: No new file uploaded
2025-03-12 14:07:04 WARNING: No new file uploaded
2025-03-12 14:07:18 WARNING: No new file uploaded
2025-03-12 14:07:32 WARNING: No new file uploaded
2025-03-12 14:07:45 WARNING: No new file uploaded
2025-03-12 14:07:59 WARNING: No new file uploaded
2025-03-12 14:08:12 WARNING: No new file uploaded
2025-03-12 14:08:26 WARNING: No new file uploaded
2025-03-12 14:08:40 WARNING: No new file uploaded
2025-03-12 14:08:53 WARNING: No new file uploaded
2025-03-12 14:09:07 WARNING: No new file uploaded
2025-03-12 14:09:20 WARNING: No new file uploaded
2025-03-12 14:09:34 WARNING: No new file uploaded
2025-03-12 14:09:48 WARNING: No new file uploaded
2025-03-12 14:10:01 WARNING: No new file uploaded
2025-03-12 14:10:15 WARNING: No new file uploaded
2025-03-12 14:10:29 WARNING: No new file uploaded
2025-03-12 14:10:42 WARNING: No new file uploaded
2025-03-12 14:10:56 WARNING: No new file uploaded
2025-03-12 14:11:09 WARNING: No new file uploaded
2025-03-12 14:11:23 WARNING: No new file uploaded
2025-03-12 14:11:36 WARNING: No new file uploaded
2025-03-12 14:11:50 WARNING: No new file uploaded
2025-03-12 14:12:03 WARNING: No new file uploaded
2025-03-12 14:12:17 WARNING: No new file uploaded
2025-03-12 14:12:30 WARNING: No new file uploaded
2025-03-12 14:12:44 WARNING: No new file uploaded
2025-03-12 14:12:57 WARNING: No new file uploaded
2025-03-12 14:13:11 WARNING: No new file uploaded
2025-03-12 14:13:25 WARNING: No new file uploaded
2025-03-12 14:13:38 WARNING: No new file uploaded
2025-03-12 14:13:52 WARNING: No new file uploaded
2025-03-12 14:14:05 WARNING: No new file uploaded
2025-03-12 14:14:19 WARNING: No new file uploaded
2025-03-12 14:14:33 WARNING: No new file uploaded
2025-03-12 14:14:46 WARNING: No new file uploaded
2025-03-12 14:15:00 WARNING: No new file uploaded
2025-03-12 14:15:13 WARNING: No new file uploaded
2025-03-12 14:15:27 WARNING: No new file uploaded
2025-03-12 14:15:40 WARNING: No new file uploaded
2025-03-12 14:15:54 WARNING: No new file uploaded
2025-03-12 14:16:08 WARNING: No new file uploaded
2025-03-12 14:16:21 WARNING: No new file uploaded
2025-03-12 14:16:35 WARNING: No new file uploaded
2025-03-12 14:16:48 WARNING: No new file uploaded
2025-03-12 14:17:02 WARNING: No new file uploaded
2025-03-12 14:17:16 WARNING: No new file uploaded
2025-03-12 14:17:29 WARNING: No new file uploaded
2025-03-12 14:17:43 WARNING: No new file uploaded
2025-03-12 14:17:56 WARNING: No new file uploaded
2025-03-12 14:18:10 WARNING: No new file uploaded
2025-03-12 14:18:24 WARNING: No new file uploaded
2025-03-12 14:18:37 WARNING: No new file uploaded
2025-03-12 14:18:51 WARNING: No new file uploaded
2025-03-12 14:19:04 WARNING: No new file uploaded
2025-03-12 14:19:18 WARNING: No new file uploaded
2025-03-12 14:19:32 WARNING: No new file uploaded
2025-03-12 14:19:45 WARNING: No new file uploaded
2025-03-12 14:19:59 WARNING: No new file uploaded
2025-03-12 14:20:12 WARNING: No new file uploaded
2025-03-12 14:20:26 WARNING: No new file uploaded
2025-03-12 14:20:40 WARNING: No new file uploaded
2025-03-12 14:20:53 WARNING: No new file uploaded
2025-03-12 14:21:07 WARNING: No new file uploaded
2025-03-12 14:21:20 WARNING: No new file uploaded
2025-03-12 14:21:34 WARNING: No new file uploaded
2025-03-12 14:21:48 WARNING: No new file uploaded
2025-03-12 14:22:01 WARNING: No new file uploaded
2025-03-12 14:22:15 WARNING: No new file uploaded
2025-03-12 14:22:28 WARNING: No new file uploaded
2025-03-12 14:22:42 WARNING: No new file uploaded
2025-03-12 14:22:56 WARNING: No new file uploaded
2025-03-12 14:23:09 WARNING: No new file uploaded
2025-03-12 14:23:23 WARNING: No new file uploaded
2025-03-12 14:23:36 WARNING: No new file uploaded
2025-03-12 14:23:50 WARNING: No new file uploaded
2025-03-12 14:24:04 WARNING: No new file uploaded
2025-03-12 14:24:17 WARNING: No new file uploaded
2025-03-12 14:24:31 WARNING: No new file uploaded
2025-03-12 14:24:45 WARNING: No new file uploaded
2025-03-12 14:24:58 WARNING: No new file uploaded
2025-03-12 14:25:12 WARNING: No new file uploaded
2025-03-12 14:25:26 WARNING: No new file uploaded
2025-03-12 14:25:39 WARNING: No new file uploaded
2025-03-12 14:25:53 WARNING: No new file uploaded
2025-03-12 14:26:07 WARNING: No new file uploaded
2025-03-12 14:26:20 WARNING: No new file uploaded
2025-03-12 14:26:34 WARNING: No new file uploaded
2025-03-12 14:26:47 WARNING: No new file uploaded
2025-03-12 14:27:01 WARNING: No new file uploaded
2025-03-12 14:27:15 WARNING: No new file uploaded
2025-03-12 14:27:28 WARNING: No new file uploaded
2025-03-12 14:27:42 WARNING: No new file uploaded
2025-03-12 14:27:55 WARNING: No new file uploaded
2025-03-12 14:28:09 WARNING: No new file uploaded
2025-03-12 14:28:23 WARNING: No new file uploaded
2025-03-12 14:28:36 WARNING: No new file uploaded
2025-03-12 14:28:50 WARNING: No new file uploaded
2025-03-12 14:29:03 WARNING: No new file uploaded
2025-03-12 14:29:17 WARNING: No new file uploaded
2025-03-12 14:29:31 WARNING: No new file uploaded
2025-03-12 14:29:44 WARNING: No new file uploaded
2025-03-12 14:29:58 WARNING: No new file uploaded
2025-03-12 14:30:11 WARNING: No new file uploaded
2025-03-12 14:30:25 WARNING: No new file uploaded
2025-03-12 14:30:39 WARNING: No new file uploaded
2025-03-12 14:30:52 WARNING: No new file uploaded
2025-03-12 14:31:06 WARNING: No new file uploaded
2025-03-12 14:31:20 WARNING: No new file uploaded
2025-03-12 14:31:33 WARNING: No new file uploaded
2025-03-12 14:31:47 WARNING: No new file uploaded
2025-03-12 14:32:00 WARNING: No new file uploaded
2025-03-12 14:32:14 WARNING: No new file uploaded
2025-03-12 14:32:28 WARNING: No new file uploaded
2025-03-12 14:32:41 WARNING: No new file uploaded
2025-03-12 14:32:55 WARNING: No new file uploaded
2025-03-12 14:33:08 WARNING: No new file uploaded
2025-03-12 14:33:22 WARNING: No new file uploaded
2025-03-12 14:33:36 WARNING: No new file uploaded
2025-03-12 14:33:49 WARNING: No new file uploaded
2025-03-12 14:34:03 WARNING: No new file uploaded
2025-03-12 14:34:17 WARNING: No new file uploaded
2025-03-12 14:34:30 WARNING: No new file uploaded
2025-03-12 14:34:44 WARNING: No new file uploaded
2025-03-12 14:34:57 WARNING: No new file uploaded
2025-03-12 14:35:11 WARNING: No new file uploaded
2025-03-12 14:35:25 WARNING: No new file uploaded
2025-03-12 14:35:38 WARNING: No new file uploaded
2025-03-12 14:35:52 WARNING: No new file uploaded
2025-03-12 14:36:05 WARNING: No new file uploaded
2025-03-12 14:36:19 WARNING: No new file uploaded
2025-03-12 14:36:33 WARNING: No new file uploaded
2025-03-12 14:36:46 WARNING: No new file uploaded
2025-03-12 14:37:00 WARNING: No new file uploaded
2025-03-12 14:37:14 WARNING: No new file uploaded
2025-03-12 14:37:27 WARNING: No new file uploaded
2025-03-12 14:37:41 WARNING: No new file uploaded
2025-03-12 14:37:54 WARNING: No new file uploaded
2025-03-12 14:38:08 WARNING: No new file uploaded
2025-03-12 14:38:22 WARNING: No new file uploaded
2025-03-12 14:38:35 WARNING: No new file uploaded
2025-03-12 14:38:49 WARNING: No new file uploaded
2025-03-12 14:39:02 WARNING: No new file uploaded
2025-03-12 14:39:16 WARNING: No new file uploaded
2025-03-12 14:39:30 WARNING: No new file uploaded
2025-03-12 14:39:43 WARNING: No new file uploaded
2025-03-12 14:39:57 WARNING: No new file uploaded
2025-03-12 14:40:11 WARNING: No new file uploaded
2025-03-12 14:40:24 WARNING: No new file uploaded
2025-03-12 14:40:38 WARNING: No new file uploaded
2025-03-12 14:40:51 WARNING: No new file uploaded
2025-03-12 14:41:05 WARNING: No new file uploaded
2025-03-12 14:41:19 WARNING: No new file uploaded
2025-03-12 14:41:32 WARNING: No new file uploaded
2025-03-12 14:41:46 WARNING: No new file uploaded
2025-03-12 14:41:59 WARNING: No new file uploaded
2025-03-12 14:42:13 WARNING: No new file uploaded
2025-03-12 14:42:27 WARNING: No new file uploaded
2025-03-12 14:42:40 WARNING: No new file uploaded
2025-03-12 14:42:54 WARNING: No new file uploaded
2025-03-12 14:43:07 WARNING: No new file uploaded
2025-03-12 14:43:21 WARNING: No new file uploaded
2025-03-12 14:43:35 WARNING: No new file uploaded
2025-03-12 14:43:48 WARNING: No new file uploaded
2025-03-12 14:44:02 WARNING: No new file uploaded
2025-03-12 14:44:16 WARNING: No new file uploaded
2025-03-12 14:44:29 WARNING: No new file uploaded
2025-03-12 14:44:43 WARNING: No new file uploaded
2025-03-12 14:44:56 WARNING: No new file uploaded
2025-03-12 14:45:10 WARNING: No new file uploaded
2025-03-12 14:45:23 WARNING: No new file uploaded
2025-03-12 14:45:37 WARNING: No new file uploaded
2025-03-12 14:45:51 WARNING: No new file uploaded
2025-03-12 14:46:04 WARNING: No new file uploaded
2025-03-12 14:46:18 WARNING: No new file uploaded
2025-03-12 14:46:31 WARNING: No new file uploaded
2025-03-12 14:46:45 WARNING: No new file uploaded
2025-03-12 14:46:59 WARNING: No new file uploaded
2025-03-12 14:47:12 WARNING: No new file uploaded
2025-03-12 14:47:26 WARNING: No new file uploaded
2025-03-12 14:47:39 WARNING: No new file uploaded
2025-03-12 14:47:53 WARNING: No new file uploaded
2025-03-12 14:48:07 WARNING: No new file uploaded
2025-03-12 14:48:20 WARNING: No new file uploaded
2025-03-12 14:48:34 WARNING: No new file uploaded
2025-03-12 14:48:47 WARNING: No new file uploaded
2025-03-12 14:49:01 WARNING: No new file uploaded
2025-03-12 14:49:15 WARNING: No new file uploaded
2025-03-12 14:49:28 WARNING: No new file uploaded
2025-03-12 14:49:42 WARNING: No new file uploaded
2025-03-12 14:49:55 WARNING: No new file uploaded
2025-03-12 14:50:09 WARNING: No new file uploaded
2025-03-12 14:50:23 WARNING: No new file uploaded
2025-03-12 14:50:36 WARNING: No new file uploaded
2025-03-12 14:50:50 WARNING: No new file uploaded
2025-03-12 14:51:03 WARNING: No new file uploaded
2025-03-12 14:51:17 WARNING: No new file uploaded
2025-03-12 14:51:30 WARNING: No new file uploaded
2025-03-12 14:51:44 WARNING: No new file uploaded
2025-03-12 14:51:58 WARNING: No new file uploaded
2025-03-12 14:52:11 WARNING: No new file uploaded
2025-03-12 14:52:25 WARNING: No new file uploaded
2025-03-12 14:52:38 WARNING: No new file uploaded
2025-03-12 14:52:52 WARNING: No new file uploaded
2025-03-12 14:53:06 WARNING: No new file uploaded
2025-03-12 14:53:19 WARNING: No new file uploaded
2025-03-12 14:53:33 WARNING: No new file uploaded
2025-03-12 14:53:47 WARNING: No new file uploaded
2025-03-12 14:54:00 WARNING: No new file uploaded
2025-03-12 14:54:14 WARNING: No new file uploaded
2025-03-12 14:54:27 WARNING: No new file uploaded
2025-03-12 14:54:41 WARNING: No new file uploaded
2025-03-12 14:54:55 WARNING: No new file uploaded
2025-03-12 14:55:08 WARNING: No new file uploaded
2025-03-12 14:55:22 WARNING: No new file uploaded
2025-03-12 14:55:35 WARNING: No new file uploaded
2025-03-12 14:55:49 WARNING: No new file uploaded
2025-03-12 14:56:03 WARNING: No new file uploaded
2025-03-12 14:56:16 WARNING: No new file uploaded
2025-03-12 14:56:30 WARNING: No new file uploaded
2025-03-12 14:56:44 WARNING: No new file uploaded
2025-03-12 14:56:57 WARNING: No new file uploaded
2025-03-12 14:57:11 WARNING: No new file uploaded
2025-03-12 14:57:24 WARNING: No new file uploaded
2025-03-12 14:57:38 WARNING: No new file uploaded
2025-03-12 14:57:52 WARNING: No new file uploaded
2025-03-12 14:58:05 WARNING: No new file uploaded
2025-03-12 14:58:19 WARNING: No new file uploaded
2025-03-12 14:58:32 WARNING: No new file uploaded
2025-03-12 14:58:46 WARNING: No new file uploaded
2025-03-12 14:59:00 WARNING: No new file uploaded
2025-03-12 14:59:13 WARNING: No new file uploaded
2025-03-12 14:59:27 WARNING: No new file uploaded
2025-03-12 14:59:40 WARNING: No new file uploaded
2025-03-12 14:59:54 WARNING: No new file uploaded
2025-03-12 15:00:08 WARNING: No new file uploaded
2025-03-12 15:00:21 WARNING: No new file uploaded
2025-03-12 15:00:35 WARNING: No new file uploaded
2025-03-12 15:00:49 WARNING: No new file uploaded
2025-03-12 15:01:02 WARNING: No new file uploaded
2025-03-12 15:01:16 WARNING: No new file uploaded
2025-03-12 15:01:29 WARNING: No new file uploaded
2025-03-12 15:01:43 WARNING: No new file uploaded
2025-03-12 15:01:57 WARNING: No new file uploaded
2025-03-12 15:02:10 WARNING: No new file uploaded
2025-03-12 15:02:24 WARNING: No new file uploaded
2025-03-12 15:02:37 WARNING: No new file uploaded
2025-03-12 15:02:51 WARNING: No new file uploaded
2025-03-12 15:03:05 WARNING: No new file uploaded
2025-03-12 15:03:18 WARNING: No new file uploaded
2025-03-12 15:03:32 WARNING: No new file uploaded
2025-03-12 15:03:45 WARNING: No new file uploaded
2025-03-12 15:03:59 WARNING: No new file uploaded
2025-03-12 15:04:13 WARNING: No new file uploaded
2025-03-12 15:04:26 WARNING: No new file uploaded
2025-03-12 15:04:40 WARNING: No new file uploaded
2025-03-12 15:04:53 WARNING: No new file uploaded
2025-03-12 15:05:07 WARNING: No new file uploaded
2025-03-12 15:05:21 WARNING: No new file uploaded
2025-03-12 15:05:34 WARNING: No new file uploaded
2025-03-12 15:05:48 WARNING: No new file uploaded
2025-03-12 15:06:02 WARNING: No new file uploaded
2025-03-12 15:06:15 WARNING: No new file uploaded
2025-03-12 15:06:29 WARNING: No new file uploaded
2025-03-12 15:06:42 WARNING: No new file uploaded
2025-03-12 15:06:56 WARNING: No new file uploaded
2025-03-12 15:07:10 WARNING: No new file uploaded
2025-03-12 15:07:23 WARNING: No new file uploaded
2025-03-12 15:07:37 WARNING: No new file uploaded
2025-03-12 15:07:50 WARNING: No new file uploaded
2025-03-12 15:08:04 WARNING: No new file uploaded
2025-03-12 15:08:18 WARNING: No new file uploaded
2025-03-12 15:08:31 WARNING: No new file uploaded
2025-03-12 15:08:45 WARNING: No new file uploaded
2025-03-12 15:08:58 WARNING: No new file uploaded
2025-03-12 15:09:12 WARNING: No new file uploaded
2025-03-12 15:09:25 WARNING: No new file uploaded
2025-03-12 15:09:39 WARNING: No new file uploaded
2025-03-12 15:09:53 WARNING: No new file uploaded
2025-03-12 15:10:06 WARNING: No new file uploaded
2025-03-12 15:10:20 WARNING: No new file uploaded
2025-03-12 15:10:34 WARNING: No new file uploaded
2025-03-12 15:10:47 WARNING: No new file uploaded
2025-03-12 15:11:01 WARNING: No new file uploaded
2025-03-12 15:11:14 WARNING: No new file uploaded
2025-03-12 15:11:28 WARNING: No new file uploaded
2025-03-12 15:11:42 WARNING: No new file uploaded
2025-03-12 15:11:55 WARNING: No new file uploaded
2025-03-12 15:12:09 WARNING: No new file uploaded
2025-03-12 15:12:22 WARNING: No new file uploaded
2025-03-12 15:12:36 WARNING: No new file uploaded
2025-03-12 15:12:50 WARNING: No new file uploaded
2025-03-12 15:13:03 WARNING: No new file uploaded
2025-03-12 15:13:17 WARNING: No new file uploaded
2025-03-12 15:13:30 WARNING: No new file uploaded
2025-03-12 15:13:44 WARNING: No new file uploaded
2025-03-12 15:13:58 WARNING: No new file uploaded
2025-03-12 15:14:11 WARNING: No new file uploaded
2025-03-12 15:14:25 WARNING: No new file uploaded
2025-03-12 15:14:38 WARNING: No new file uploaded
2025-03-12 15:14:52 WARNING: No new file uploaded
2025-03-12 15:15:06 WARNING: No new file uploaded
2025-03-12 15:15:19 WARNING: No new file uploaded
2025-03-12 15:15:33 WARNING: No new file uploaded
2025-03-12 15:15:47 WARNING: No new file uploaded
2025-03-12 15:16:00 WARNING: No new file uploaded
2025-03-12 15:16:14 WARNING: No new file uploaded
2025-03-12 15:16:27 WARNING: No new file uploaded
2025-03-12 15:16:41 WARNING: No new file uploaded
2025-03-12 15:16:55 WARNING: No new file uploaded
2025-03-12 15:17:08 WARNING: No new file uploaded
2025-03-12 15:17:22 WARNING: No new file uploaded
2025-03-12 15:17:35 WARNING: No new file uploaded
2025-03-12 15:17:49 WARNING: No new file uploaded
2025-03-12 15:18:03 WARNING: No new file uploaded
2025-03-12 15:18:16 WARNING: No new file uploaded
2025-03-12 15:18:30 WARNING: No new file uploaded
2025-03-12 15:18:44 WARNING: No new file uploaded
2025-03-12 15:18:57 WARNING: No new file uploaded
2025-03-12 15:19:11 WARNING: No new file uploaded
2025-03-12 15:19:24 WARNING: No new file uploaded
2025-03-12 15:19:38 WARNING: No new file uploaded
2025-03-12 15:19:52 WARNING: No new file uploaded
2025-03-12 15:20:05 WARNING: No new file uploaded
2025-03-12 15:20:19 WARNING: No new file uploaded
2025-03-12 15:20:32 WARNING: No new file uploaded
2025-03-12 15:20:46 WARNING: No new file uploaded
2025-03-12 15:21:00 WARNING: No new file uploaded
2025-03-12 15:21:13 WARNING: No new file uploaded
2025-03-12 15:21:27 WARNING: No new file uploaded
2025-03-12 15:21:40 WARNING: No new file uploaded
2025-03-12 15:21:54 WARNING: No new file uploaded
2025-03-12 15:22:08 WARNING: No new file uploaded
2025-03-12 15:22:21 WARNING: No new file uploaded
2025-03-12 15:22:35 WARNING: No new file uploaded
2025-03-12 15:22:48 WARNING: No new file uploaded
2025-03-12 15:23:02 WARNING: No new file uploaded
2025-03-12 15:23:16 WARNING: No new file uploaded
2025-03-12 15:23:29 WARNING: No new file uploaded
2025-03-12 15:23:43 WARNING: No new file uploaded
2025-03-12 15:23:56 WARNING: No new file uploaded
2025-03-12 15:24:10 WARNING: No new file uploaded
2025-03-12 15:24:24 WARNING: No new file uploaded
2025-03-12 15:24:37 WARNING: No new file uploaded
2025-03-12 15:24:51 WARNING: No new file uploaded
2025-03-12 15:25:05 WARNING: No new file uploaded
2025-03-12 15:25:18 WARNING: No new file uploaded
2025-03-12 15:25:32 WARNING: No new file uploaded
2025-03-12 15:25:45 WARNING: No new file uploaded
2025-03-12 15:25:59 WARNING: No new file uploaded
2025-03-12 15:26:13 WARNING: No new file uploaded
2025-03-12 15:26:26 WARNING: No new file uploaded
2025-03-12 15:26:40 WARNING: No new file uploaded
2025-03-12 15:26:53 WARNING: No new file uploaded
2025-03-12 15:27:07 WARNING: No new file uploaded
2025-03-12 15:27:21 WARNING: No new file uploaded
2025-03-12 15:27:34 WARNING: No new file uploaded
2025-03-12 15:27:48 WARNING: No new file uploaded
2025-03-12 15:28:02 WARNING: No new file uploaded
2025-03-12 15:28:15 WARNING: No new file uploaded
2025-03-12 15:28:29 WARNING: No new file uploaded
2025-03-12 15:28:43 WARNING: No new file uploaded
2025-03-12 15:28:56 WARNING: No new file uploaded
2025-03-12 15:29:10 WARNING: No new file uploaded
2025-03-12 15:29:23 WARNING: No new file uploaded
2025-03-12 15:29:37 WARNING: No new file uploaded
2025-03-12 15:29:51 WARNING: No new file uploaded
2025-03-12 15:30:04 WARNING: No new file uploaded
2025-03-12 15:30:18 WARNING: No new file uploaded
2025-03-12 15:30:31 WARNING: No new file uploaded
2025-03-12 15:30:45 WARNING: No new file uploaded
2025-03-12 15:30:59 WARNING: No new file uploaded
2025-03-12 15:31:12 WARNING: No new file uploaded
2025-03-12 15:31:26 WARNING: No new file uploaded
2025-03-12 15:31:39 WARNING: No new file uploaded
2025-03-12 15:31:53 WARNING: No new file uploaded
2025-03-12 15:32:07 WARNING: No new file uploaded
2025-03-12 15:32:20 WARNING: No new file uploaded
2025-03-12 15:32:34 WARNING: No new file uploaded
2025-03-12 15:32:48 WARNING: No new file uploaded
2025-03-12 15:33:01 WARNING: No new file uploaded
2025-03-12 15:33:15 WARNING: No new file uploaded
2025-03-12 15:33:28 WARNING: No new file uploaded
2025-03-12 15:33:42 WARNING: No new file uploaded
2025-03-12 15:33:56 WARNING: No new file uploaded
2025-03-12 15:34:09 WARNING: No new file uploaded
2025-03-12 15:34:23 WARNING: No new file uploaded
2025-03-12 15:34:36 WARNING: No new file uploaded
2025-03-12 15:34:50 WARNING: No new file uploaded
2025-03-12 15:35:04 WARNING: No new file uploaded
2025-03-12 15:35:17 WARNING: No new file uploaded
2025-03-12 15:35:31 WARNING: No new file uploaded
2025-03-12 15:35:44 WARNING: No new file uploaded
2025-03-12 15:35:58 WARNING: No new file uploaded
2025-03-12 15:36:12 WARNING: No new file uploaded
2025-03-12 15:36:25 WARNING: No new file uploaded
2025-03-12 15:36:39 WARNING: No new file uploaded
2025-03-12 15:36:52 WARNING: No new file uploaded
2025-03-12 15:37:06 WARNING: No new file uploaded
2025-03-12 15:37:20 WARNING: No new file uploaded
2025-03-12 15:37:33 WARNING: No new file uploaded
2025-03-12 15:37:47 WARNING: No new file uploaded
2025-03-12 15:38:00 WARNING: No new file uploaded
2025-03-12 15:38:14 WARNING: No new file uploaded
2025-03-12 15:38:28 WARNING: No new file uploaded
2025-03-12 15:38:41 WARNING: No new file uploaded
2025-03-12 15:38:55 WARNING: No new file uploaded
2025-03-12 15:39:09 WARNING: No new file uploaded
2025-03-12 15:39:22 WARNING: No new file uploaded
2025-03-12 15:39:36 WARNING: No new file uploaded
2025-03-12 15:39:49 WARNING: No new file uploaded
2025-03-12 15:40:03 WARNING: No new file uploaded
2025-03-12 15:40:17 WARNING: No new file uploaded
2025-03-12 15:40:30 WARNING: No new file uploaded
2025-03-12 15:40:44 WARNING: No new file uploaded
2025-03-12 15:40:58 WARNING: No new file uploaded
2025-03-12 15:41:11 WARNING: No new file uploaded
2025-03-12 15:41:25 WARNING: No new file uploaded
2025-03-12 15:41:38 WARNING: No new file uploaded
2025-03-12 15:41:52 WARNING: No new file uploaded
2025-03-12 15:42:05 WARNING: No new file uploaded
2025-03-12 15:42:19 WARNING: No new file uploaded
2025-03-12 15:42:32 WARNING: No new file uploaded
2025-03-12 15:42:46 WARNING: No new file uploaded
2025-03-12 15:42:59 WARNING: No new file uploaded
2025-03-12 15:43:13 WARNING: No new file uploaded
2025-03-12 15:43:27 WARNING: No new file uploaded
2025-03-12 15:43:40 WARNING: No new file uploaded
2025-03-12 15:43:54 WARNING: No new file uploaded
2025-03-12 15:44:07 WARNING: No new file uploaded
2025-03-12 15:44:21 WARNING: No new file uploaded
2025-03-12 15:44:35 WARNING: No new file uploaded
2025-03-12 15:44:48 WARNING: No new file uploaded
2025-03-12 15:45:02 WARNING: No new file uploaded
2025-03-12 15:45:16 WARNING: No new file uploaded
2025-03-12 15:45:29 WARNING: No new file uploaded
2025-03-12 15:45:43 WARNING: No new file uploaded
2025-03-12 15:45:56 WARNING: No new file uploaded
2025-03-12 15:46:10 WARNING: No new file uploaded
2025-03-12 15:46:24 WARNING: No new file uploaded
2025-03-12 15:46:37 WARNING: No new file uploaded
2025-03-12 15:46:51 WARNING: No new file uploaded
2025-03-12 15:47:05 WARNING: No new file uploaded
2025-03-12 15:47:18 WARNING: No new file uploaded
2025-03-12 15:47:32 WARNING: No new file uploaded
2025-03-12 15:47:45 WARNING: No new file uploaded
2025-03-12 15:47:59 WARNING: No new file uploaded
2025-03-12 15:48:13 WARNING: No new file uploaded
2025-03-12 15:48:26 WARNING: No new file uploaded
2025-03-12 15:48:40 WARNING: No new file uploaded
2025-03-12 15:48:53 WARNING: No new file uploaded
2025-03-12 15:49:07 WARNING: No new file uploaded
2025-03-12 15:49:21 WARNING: No new file uploaded
2025-03-12 15:49:34 WARNING: No new file uploaded
2025-03-12 15:49:47 WARNING: No new file uploaded
2025-03-12 15:50:01 WARNING: No new file uploaded
2025-03-12 15:50:15 WARNING: No new file uploaded
2025-03-12 15:50:28 WARNING: No new file uploaded
2025-03-12 15:50:42 WARNING: No new file uploaded
2025-03-12 15:50:56 WARNING: No new file uploaded
2025-03-12 15:51:09 WARNING: No new file uploaded
2025-03-12 15:51:23 WARNING: No new file uploaded
2025-03-12 15:51:36 WARNING: No new file uploaded
2025-03-12 15:51:50 WARNING: No new file uploaded
2025-03-12 15:52:04 WARNING: No new file uploaded
2025-03-12 15:52:17 WARNING: No new file uploaded
2025-03-12 15:52:31 WARNING: No new file uploaded
2025-03-12 15:52:44 WARNING: No new file uploaded
2025-03-12 15:52:58 WARNING: No new file uploaded
2025-03-12 15:53:12 WARNING: No new file uploaded
2025-03-12 15:53:25 WARNING: No new file uploaded
2025-03-12 15:53:39 WARNING: No new file uploaded
2025-03-12 15:53:53 WARNING: No new file uploaded
2025-03-12 15:54:06 WARNING: No new file uploaded
2025-03-12 15:54:20 WARNING: No new file uploaded
2025-03-12 15:54:33 WARNING: No new file uploaded
2025-03-12 15:54:47 WARNING: No new file uploaded
2025-03-12 15:55:01 WARNING: No new file uploaded
2025-03-12 15:55:14 WARNING: No new file uploaded
2025-03-12 15:55:28 WARNING: No new file uploaded
2025-03-12 15:55:42 WARNING: No new file uploaded
2025-03-12 15:55:55 WARNING: No new file uploaded
2025-03-12 15:56:09 WARNING: No new file uploaded
2025-03-12 15:56:22 WARNING: No new file uploaded
2025-03-12 15:56:36 WARNING: No new file uploaded
2025-03-12 15:56:50 WARNING: No new file uploaded
2025-03-12 15:57:03 WARNING: No new file uploaded
2025-03-12 15:57:17 WARNING: No new file uploaded
2025-03-12 15:57:31 WARNING: No new file uploaded
2025-03-12 15:57:44 WARNING: No new file uploaded
2025-03-12 15:57:58 WARNING: No new file uploaded
2025-03-12 15:58:12 WARNING: No new file uploaded
2025-03-12 15:58:25 WARNING: No new file uploaded
2025-03-12 15:58:39 WARNING: No new file uploaded
2025-03-12 15:58:52 WARNING: No new file uploaded
2025-03-12 15:59:06 WARNING: No new file uploaded
2025-03-12 15:59:20 WARNING: No new file uploaded
2025-03-12 15:59:33 WARNING: No new file uploaded
2025-03-12 15:59:47 WARNING: No new file uploaded
2025-03-12 16:00:00 WARNING: No new file uploaded
2025-03-12 16:00:14 WARNING: No new file uploaded
2025-03-12 16:00:28 WARNING: No new file uploaded
2025-03-12 16:00:41 WARNING: No new file uploaded
2025-03-12 16:00:55 WARNING: No new file uploaded
2025-03-12 16:01:08 WARNING: No new file uploaded
2025-03-12 16:01:22 WARNING: No new file uploaded
2025-03-12 16:01:36 WARNING: No new file uploaded
2025-03-12 16:01:49 WARNING: No new file uploaded
2025-03-12 16:02:03 WARNING: No new file uploaded
2025-03-12 16:02:17 WARNING: No new file uploaded
2025-03-12 16:02:30 WARNING: No new file uploaded
2025-03-12 16:02:44 WARNING: No new file uploaded
2025-03-12 16:02:57 WARNING: No new file uploaded
2025-03-12 16:03:11 WARNING: No new file uploaded
2025-03-12 16:03:25 WARNING: No new file uploaded
2025-03-12 16:03:38 WARNING: No new file uploaded
2025-03-12 16:03:52 WARNING: No new file uploaded
2025-03-12 16:04:05 WARNING: No new file uploaded
2025-03-12 16:04:19 WARNING: No new file uploaded
2025-03-12 16:04:33 WARNING: No new file uploaded
2025-03-12 16:04:46 WARNING: No new file uploaded
2025-03-12 16:05:00 WARNING: No new file uploaded
2025-03-12 16:05:13 WARNING: No new file uploaded
2025-03-12 16:05:27 WARNING: No new file uploaded
2025-03-12 16:05:41 WARNING: No new file uploaded
2025-03-12 16:05:54 WARNING: No new file uploaded
2025-03-12 16:06:08 WARNING: No new file uploaded
2025-03-12 16:06:21 WARNING: No new file uploaded
2025-03-12 16:06:35 WARNING: No new file uploaded
2025-03-12 16:06:49 WARNING: No new file uploaded
2025-03-12 16:07:02 WARNING: No new file uploaded
2025-03-12 16:07:16 WARNING: No new file uploaded
2025-03-12 16:07:29 WARNING: No new file uploaded
2025-03-12 16:07:43 WARNING: No new file uploaded
2025-03-12 16:07:57 WARNING: No new file uploaded
2025-03-12 16:08:10 WARNING: No new file uploaded
2025-03-12 16:08:24 WARNING: No new file uploaded
2025-03-12 16:08:37 WARNING: No new file uploaded
2025-03-12 16:08:51 WARNING: No new file uploaded
2025-03-12 16:09:05 WARNING: No new file uploaded
2025-03-12 16:09:18 WARNING: No new file uploaded
2025-03-12 16:09:32 WARNING: No new file uploaded
2025-03-12 16:09:46 WARNING: No new file uploaded
2025-03-12 16:09:59 WARNING: No new file uploaded
2025-03-12 16:10:13 WARNING: No new file uploaded
2025-03-12 16:10:26 WARNING: No new file uploaded
2025-03-12 16:10:40 WARNING: No new file uploaded
2025-03-12 16:10:54 WARNING: No new file uploaded
2025-03-12 16:11:07 WARNING: No new file uploaded
2025-03-12 16:11:21 WARNING: No new file uploaded
2025-03-12 16:11:35 WARNING: No new file uploaded
2025-03-12 16:11:48 WARNING: No new file uploaded
2025-03-12 16:12:02 WARNING: No new file uploaded
2025-03-12 16:12:15 WARNING: No new file uploaded
2025-03-12 16:12:29 WARNING: No new file uploaded
2025-03-12 16:12:43 WARNING: No new file uploaded
2025-03-12 16:12:56 WARNING: No new file uploaded
2025-03-12 16:13:10 WARNING: No new file uploaded
2025-03-12 16:13:23 WARNING: No new file uploaded
2025-03-12 16:13:37 WARNING: No new file uploaded
2025-03-12 16:13:51 WARNING: No new file uploaded
2025-03-12 16:14:04 WARNING: No new file uploaded
2025-03-12 16:14:18 WARNING: No new file uploaded
2025-03-12 16:14:32 WARNING: No new file uploaded
2025-03-12 16:14:45 WARNING: No new file uploaded
2025-03-12 16:14:59 WARNING: No new file uploaded
2025-03-12 16:15:13 WARNING: No new file uploaded
2025-03-12 16:15:26 WARNING: No new file uploaded
2025-03-12 16:15:40 WARNING: No new file uploaded
2025-03-12 16:15:53 WARNING: No new file uploaded
2025-03-12 16:16:07 WARNING: No new file uploaded
2025-03-12 16:16:21 WARNING: No new file uploaded
2025-03-12 16:16:34 WARNING: No new file uploaded
2025-03-12 16:16:48 WARNING: No new file uploaded
2025-03-12 16:17:02 WARNING: No new file uploaded
2025-03-12 16:17:15 WARNING: No new file uploaded
2025-03-12 16:17:28 WARNING: No new file uploaded
2025-03-12 16:17:42 WARNING: No new file uploaded
2025-03-12 16:17:56 WARNING: No new file uploaded
2025-03-12 16:18:09 WARNING: No new file uploaded
2025-03-12 16:18:23 WARNING: No new file uploaded
2025-03-12 16:18:37 WARNING: No new file uploaded
2025-03-12 16:18:50 WARNING: No new file uploaded
2025-03-12 16:19:04 WARNING: No new file uploaded
2025-03-12 16:19:17 WARNING: No new file uploaded
2025-03-12 16:19:31 WARNING: No new file uploaded
2025-03-12 16:19:45 WARNING: No new file uploaded
2025-03-12 16:19:58 WARNING: No new file uploaded
2025-03-12 16:20:12 WARNING: No new file uploaded
2025-03-12 16:20:26 WARNING: No new file uploaded
2025-03-12 16:20:39 WARNING: No new file uploaded
2025-03-12 16:20:53 WARNING: No new file uploaded
2025-03-12 16:21:06 WARNING: No new file uploaded
2025-03-12 16:21:20 WARNING: No new file uploaded
2025-03-12 16:21:34 WARNING: No new file uploaded
2025-03-12 16:21:47 WARNING: No new file uploaded
2025-03-12 16:22:01 WARNING: No new file uploaded
2025-03-12 16:22:15 WARNING: No new file uploaded
2025-03-12 16:22:28 WARNING: No new file uploaded
2025-03-12 16:22:42 WARNING: No new file uploaded
2025-03-12 16:22:55 WARNING: No new file uploaded
2025-03-12 16:23:09 WARNING: No new file uploaded
2025-03-12 16:23:23 WARNING: No new file uploaded
2025-03-12 16:23:36 WARNING: No new file uploaded
2025-03-12 16:23:50 WARNING: No new file uploaded
2025-03-12 16:24:04 WARNING: No new file uploaded
2025-03-12 16:24:17 WARNING: No new file uploaded
2025-03-12 16:24:31 WARNING: No new file uploaded
2025-03-12 16:24:44 WARNING: No new file uploaded
2025-03-12 16:24:58 WARNING: No new file uploaded
2025-03-12 16:25:12 WARNING: No new file uploaded
2025-03-12 16:25:25 WARNING: No new file uploaded
2025-03-12 16:25:39 WARNING: No new file uploaded
2025-03-12 16:25:53 WARNING: No new file uploaded
2025-03-12 16:26:06 WARNING: No new file uploaded
2025-03-12 16:26:20 WARNING: No new file uploaded
2025-03-12 16:26:33 WARNING: No new file uploaded
2025-03-12 16:26:47 WARNING: No new file uploaded
2025-03-12 16:27:01 WARNING: No new file uploaded
2025-03-12 16:27:14 WARNING: No new file uploaded
2025-03-12 16:27:28 WARNING: No new file uploaded
2025-03-12 16:27:42 WARNING: No new file uploaded
2025-03-12 16:27:55 WARNING: No new file uploaded
2025-03-12 16:28:09 WARNING: No new file uploaded
2025-03-12 16:28:22 WARNING: No new file uploaded
2025-03-12 16:28:36 WARNING: No new file uploaded
2025-03-12 16:28:50 WARNING: No new file uploaded
2025-03-12 16:29:03 WARNING: No new file uploaded
2025-03-12 16:29:17 WARNING: No new file uploaded
2025-03-12 16:29:31 WARNING: No new file uploaded
2025-03-12 16:29:44 WARNING: No new file uploaded
2025-03-12 16:29:58 WARNING: No new file uploaded
2025-03-12 16:30:11 WARNING: No new file uploaded
2025-03-12 16:30:25 WARNING: No new file uploaded
2025-03-12 16:30:39 WARNING: No new file uploaded
2025-03-12 16:30:52 WARNING: No new file uploaded
2025-03-12 16:31:06 WARNING: No new file uploaded
2025-03-12 16:31:20 WARNING: No new file uploaded
2025-03-12 16:31:33 WARNING: No new file uploaded
2025-03-12 16:31:47 WARNING: No new file uploaded
2025-03-12 16:32:00 WARNING: No new file uploaded
2025-03-12 16:32:14 WARNING: No new file uploaded
2025-03-12 16:32:28 WARNING: No new file uploaded
2025-03-12 16:32:41 WARNING: No new file uploaded
2025-03-12 16:32:55 WARNING: No new file uploaded
2025-03-12 16:33:08 WARNING: No new file uploaded
2025-03-12 16:33:22 WARNING: No new file uploaded
2025-03-12 16:33:36 WARNING: No new file uploaded
2025-03-12 16:33:49 WARNING: No new file uploaded
2025-03-12 16:34:03 WARNING: No new file uploaded
2025-03-12 16:34:16 WARNING: No new file uploaded
2025-03-12 16:34:30 WARNING: No new file uploaded
2025-03-12 16:34:44 WARNING: No new file uploaded
2025-03-12 16:34:57 WARNING: No new file uploaded
2025-03-12 16:35:11 WARNING: No new file uploaded
2025-03-12 16:35:25 WARNING: No new file uploaded
2025-03-12 16:35:38 WARNING: No new file uploaded
2025-03-12 16:35:52 WARNING: No new file uploaded
2025-03-12 16:36:06 WARNING: No new file uploaded
2025-03-12 16:36:19 WARNING: No new file uploaded
2025-03-12 16:36:33 WARNING: No new file uploaded
2025-03-12 16:36:46 WARNING: No new file uploaded
2025-03-12 16:37:00 WARNING: No new file uploaded
2025-03-12 16:37:14 WARNING: No new file uploaded
2025-03-12 16:37:27 WARNING: No new file uploaded
2025-03-12 16:37:41 WARNING: No new file uploaded
2025-03-12 16:37:54 WARNING: No new file uploaded
2025-03-12 16:38:08 WARNING: No new file uploaded
2025-03-12 16:38:22 WARNING: No new file uploaded
2025-03-12 16:38:35 WARNING: No new file uploaded
2025-03-12 16:38:49 WARNING: No new file uploaded
2025-03-12 16:39:03 WARNING: No new file uploaded
2025-03-12 16:39:16 WARNING: No new file uploaded
2025-03-12 16:39:30 WARNING: No new file uploaded
2025-03-12 16:39:43 WARNING: No new file uploaded
2025-03-12 16:39:57 WARNING: No new file uploaded
2025-03-12 16:40:11 WARNING: No new file uploaded
2025-03-12 16:40:24 WARNING: No new file uploaded
2025-03-12 16:40:38 WARNING: No new file uploaded
2025-03-12 16:40:52 WARNING: No new file uploaded
2025-03-12 16:41:05 WARNING: No new file uploaded
2025-03-12 16:41:19 WARNING: No new file uploaded
2025-03-12 16:41:32 WARNING: No new file uploaded
2025-03-12 16:41:46 WARNING: No new file uploaded
2025-03-12 16:42:00 WARNING: No new file uploaded
2025-03-12 16:42:13 WARNING: No new file uploaded
2025-03-12 16:42:27 WARNING: No new file uploaded
2025-03-12 16:42:41 WARNING: No new file uploaded
2025-03-12 16:42:54 WARNING: No new file uploaded
2025-03-12 16:43:08 WARNING: No new file uploaded
2025-03-12 16:43:21 WARNING: No new file uploaded
2025-03-12 16:43:35 WARNING: No new file uploaded
2025-03-12 16:43:49 WARNING: No new file uploaded
2025-03-12 16:44:02 WARNING: No new file uploaded
2025-03-12 16:44:16 WARNING: No new file uploaded
2025-03-12 16:44:30 WARNING: No new file uploaded
2025-03-12 16:44:43 WARNING: No new file uploaded
2025-03-12 16:44:57 WARNING: No new file uploaded
2025-03-12 16:45:11 WARNING: No new file uploaded
2025-03-12 16:45:24 WARNING: No new file uploaded
2025-03-12 16:45:38 WARNING: No new file uploaded
2025-03-12 16:45:51 WARNING: No new file uploaded
2025-03-12 16:46:05 WARNING: No new file uploaded
2025-03-12 16:46:19 WARNING: No new file uploaded
2025-03-12 16:46:32 WARNING: No new file uploaded
2025-03-12 16:46:46 WARNING: No new file uploaded
2025-03-12 16:47:00 WARNING: No new file uploaded
2025-03-12 16:47:13 WARNING: No new file uploaded
2025-03-12 16:47:27 WARNING: No new file uploaded
2025-03-12 16:47:40 WARNING: No new file uploaded
2025-03-12 16:47:54 WARNING: No new file uploaded
2025-03-12 16:48:08 WARNING: No new file uploaded
2025-03-12 16:48:21 WARNING: No new file uploaded
2025-03-12 16:48:35 WARNING: No new file uploaded
2025-03-12 16:48:49 WARNING: No new file uploaded
2025-03-12 16:49:02 WARNING: No new file uploaded
2025-03-12 16:49:16 WARNING: No new file uploaded
2025-03-12 16:49:29 WARNING: No new file uploaded
2025-03-12 16:49:43 WARNING: No new file uploaded
2025-03-12 16:49:57 WARNING: No new file uploaded
2025-03-12 16:50:10 WARNING: No new file uploaded
2025-03-12 16:50:24 WARNING: No new file uploaded
2025-03-12 16:50:38 WARNING: No new file uploaded
2025-03-12 16:50:51 WARNING: No new file uploaded
2025-03-12 16:51:05 WARNING: No new file uploaded
2025-03-12 16:51:19 WARNING: No new file uploaded
2025-03-12 16:51:32 WARNING: No new file uploaded
2025-03-12 16:51:46 WARNING: No new file uploaded
2025-03-12 16:51:59 WARNING: No new file uploaded
2025-03-12 16:52:13 WARNING: No new file uploaded
2025-03-12 16:52:27 WARNING: No new file uploaded
2025-03-12 16:52:40 WARNING: No new file uploaded
2025-03-12 16:52:54 WARNING: No new file uploaded
2025-03-12 16:53:08 WARNING: No new file uploaded
2025-03-12 16:53:21 WARNING: No new file uploaded
2025-03-12 16:53:35 WARNING: No new file uploaded
2025-03-12 16:53:48 WARNING: No new file uploaded
2025-03-12 16:54:02 WARNING: No new file uploaded
2025-03-12 16:54:16 WARNING: No new file uploaded
2025-03-12 16:54:29 WARNING: No new file uploaded
2025-03-12 16:54:43 WARNING: No new file uploaded
2025-03-12 16:54:57 WARNING: No new file uploaded
2025-03-12 16:55:10 WARNING: No new file uploaded
2025-03-12 16:55:24 WARNING: No new file uploaded
2025-03-12 16:55:37 WARNING: No new file uploaded
2025-03-12 16:55:51 WARNING: No new file uploaded
2025-03-12 16:56:05 WARNING: No new file uploaded
2025-03-12 16:56:18 WARNING: No new file uploaded
2025-03-12 16:56:32 WARNING: No new file uploaded
2025-03-12 16:56:46 WARNING: No new file uploaded
2025-03-12 16:56:59 WARNING: No new file uploaded
2025-03-12 16:57:13 WARNING: No new file uploaded
2025-03-12 16:57:26 WARNING: No new file uploaded
2025-03-12 16:57:40 WARNING: No new file uploaded
2025-03-12 16:57:54 WARNING: No new file uploaded
2025-03-12 16:58:07 WARNING: No new file uploaded
2025-03-12 16:58:21 WARNING: No new file uploaded
2025-03-12 16:58:34 WARNING: No new file uploaded
2025-03-12 16:58:48 WARNING: No new file uploaded
2025-03-12 16:59:02 WARNING: No new file uploaded
2025-03-12 16:59:15 WARNING: No new file uploaded
2025-03-12 16:59:29 WARNING: No new file uploaded
2025-03-12 16:59:43 WARNING: No new file uploaded
2025-03-12 16:59:56 WARNING: No new file uploaded
2025-03-12 17:00:10 WARNING: No new file uploaded
2025-03-12 17:00:23 WARNING: No new file uploaded
2025-03-12 17:00:37 WARNING: No new file uploaded
2025-03-12 17:00:51 WARNING: No new file uploaded
2025-03-12 17:01:04 WARNING: No new file uploaded
2025-03-12 17:01:18 WARNING: No new file uploaded
2025-03-12 17:01:32 WARNING: No new file uploaded
2025-03-12 17:01:45 WARNING: No new file uploaded
2025-03-12 17:01:59 WARNING: No new file uploaded
2025-03-12 17:02:13 WARNING: No new file uploaded
2025-03-12 17:02:26 WARNING: No new file uploaded
2025-03-12 17:02:40 WARNING: No new file uploaded
2025-03-12 17:02:53 WARNING: No new file uploaded
2025-03-12 17:03:07 WARNING: No new file uploaded
2025-03-12 17:03:21 WARNING: No new file uploaded
2025-03-12 17:03:34 WARNING: No new file uploaded
2025-03-12 17:03:48 WARNING: No new file uploaded
2025-03-12 17:04:01 WARNING: No new file uploaded
2025-03-12 17:04:15 WARNING: No new file uploaded
2025-03-12 17:04:29 WARNING: No new file uploaded
2025-03-12 17:04:42 WARNING: No new file uploaded
2025-03-12 17:04:56 WARNING: No new file uploaded
2025-03-12 17:05:10 WARNING: No new file uploaded
2025-03-12 17:05:23 WARNING: No new file uploaded
2025-03-12 17:05:37 WARNING: No new file uploaded
2025-03-12 17:05:51 WARNING: No new file uploaded
2025-03-12 17:06:04 WARNING: No new file uploaded
2025-03-12 17:06:18 WARNING: No new file uploaded
2025-03-12 17:06:31 WARNING: No new file uploaded
2025-03-12 17:06:45 WARNING: No new file uploaded
2025-03-12 17:06:59 WARNING: No new file uploaded
2025-03-12 17:07:12 WARNING: No new file uploaded
2025-03-12 17:07:26 WARNING: No new file uploaded
2025-03-12 17:07:39 WARNING: No new file uploaded
2025-03-12 17:07:53 WARNING: No new file uploaded
2025-03-12 17:08:07 WARNING: No new file uploaded
2025-03-12 17:08:20 WARNING: No new file uploaded
2025-03-12 17:08:34 WARNING: No new file uploaded
2025-03-12 17:08:48 WARNING: No new file uploaded
2025-03-12 17:09:01 WARNING: No new file uploaded
2025-03-12 17:09:15 WARNING: No new file uploaded
2025-03-12 17:09:28 WARNING: No new file uploaded
2025-03-12 17:09:42 WARNING: No new file uploaded
2025-03-12 17:09:56 WARNING: No new file uploaded
2025-03-12 17:10:09 WARNING: No new file uploaded
2025-03-12 17:10:23 WARNING: No new file uploaded
2025-03-12 17:10:37 WARNING: No new file uploaded
2025-03-12 17:10:50 WARNING: No new file uploaded
2025-03-12 17:11:04 WARNING: No new file uploaded
2025-03-12 17:11:17 WARNING: No new file uploaded
2025-03-12 17:11:31 WARNING: No new file uploaded
2025-03-12 17:11:45 WARNING: No new file uploaded
2025-03-12 17:11:58 WARNING: No new file uploaded
2025-03-12 17:12:12 WARNING: No new file uploaded
2025-03-12 17:12:25 WARNING: No new file uploaded
2025-03-12 17:12:39 WARNING: No new file uploaded
2025-03-12 17:12:52 WARNING: No new file uploaded
2025-03-12 17:13:06 WARNING: No new file uploaded
2025-03-12 17:13:19 WARNING: No new file uploaded
2025-03-12 17:13:33 WARNING: No new file uploaded
2025-03-12 17:13:47 WARNING: No new file uploaded
2025-03-12 17:14:00 WARNING: No new file uploaded
2025-03-12 17:14:14 WARNING: No new file uploaded
2025-03-12 17:14:28 WARNING: No new file uploaded
2025-03-12 17:14:41 WARNING: No new file uploaded
2025-03-12 17:14:55 WARNING: No new file uploaded
2025-03-12 17:15:08 WARNING: No new file uploaded
2025-03-12 17:15:22 WARNING: No new file uploaded
2025-03-12 17:15:36 WARNING: No new file uploaded
2025-03-12 17:15:49 WARNING: No new file uploaded
2025-03-12 17:16:03 WARNING: No new file uploaded
2025-03-12 17:16:17 WARNING: No new file uploaded
2025-03-12 17:16:30 WARNING: No new file uploaded
2025-03-12 17:16:44 WARNING: No new file uploaded
2025-03-12 17:16:57 WARNING: No new file uploaded
2025-03-12 17:17:11 WARNING: No new file uploaded
2025-03-12 17:17:25 WARNING: No new file uploaded
2025-03-12 17:17:38 WARNING: No new file uploaded
2025-03-12 17:17:52 WARNING: No new file uploaded
2025-03-12 17:18:05 WARNING: No new file uploaded
2025-03-12 17:18:19 WARNING: No new file uploaded
2025-03-12 17:18:33 WARNING: No new file uploaded
2025-03-12 17:18:46 WARNING: No new file uploaded
2025-03-12 17:19:00 WARNING: No new file uploaded
2025-03-12 17:19:14 WARNING: No new file uploaded
2025-03-12 17:19:27 WARNING: No new file uploaded
2025-03-12 17:19:41 WARNING: No new file uploaded
2025-03-12 17:19:54 WARNING: No new file uploaded
2025-03-12 17:20:08 WARNING: No new file uploaded
2025-03-12 17:20:22 WARNING: No new file uploaded
2025-03-12 17:20:35 WARNING: No new file uploaded
2025-03-12 17:20:49 WARNING: No new file uploaded
2025-03-12 17:21:03 WARNING: No new file uploaded
2025-03-12 17:21:16 WARNING: No new file uploaded
2025-03-12 17:21:30 WARNING: No new file uploaded
2025-03-12 17:21:44 WARNING: No new file uploaded
2025-03-12 17:21:57 WARNING: No new file uploaded
2025-03-12 17:22:11 WARNING: No new file uploaded
2025-03-12 17:22:24 WARNING: No new file uploaded
2025-03-12 17:22:38 WARNING: No new file uploaded
2025-03-12 17:22:52 WARNING: No new file uploaded
2025-03-12 17:23:05 WARNING: No new file uploaded
2025-03-12 17:23:19 WARNING: No new file uploaded
2025-03-12 17:23:33 WARNING: No new file uploaded
2025-03-12 17:23:46 WARNING: No new file uploaded
2025-03-12 17:24:00 WARNING: No new file uploaded
2025-03-12 17:24:14 WARNING: No new file uploaded
2025-03-12 17:24:27 WARNING: No new file uploaded
2025-03-12 17:24:40 WARNING: No new file uploaded
2025-03-12 17:24:54 WARNING: No new file uploaded
2025-03-12 17:25:07 WARNING: No new file uploaded
2025-03-12 17:25:20 WARNING: No new file uploaded
2025-03-12 17:25:34 WARNING: No new file uploaded
2025-03-12 17:25:47 WARNING: No new file uploaded
2025-03-12 17:26:00 WARNING: No new file uploaded
2025-03-12 17:26:14 WARNING: No new file uploaded
2025-03-12 17:26:27 WARNING: No new file uploaded
2025-03-12 17:26:40 WARNING: No new file uploaded
2025-03-12 17:26:54 WARNING: No new file uploaded
2025-03-12 17:27:07 WARNING: No new file uploaded
2025-03-12 17:27:20 WARNING: No new file uploaded
2025-03-12 17:27:34 WARNING: No new file uploaded
2025-03-12 17:27:47 WARNING: No new file uploaded
2025-03-12 17:28:00 WARNING: No new file uploaded
2025-03-12 17:28:14 WARNING: No new file uploaded
2025-03-12 17:28:27 WARNING: No new file uploaded
2025-03-12 17:28:40 WARNING: No new file uploaded
2025-03-12 17:28:54 WARNING: No new file uploaded
2025-03-12 17:29:07 WARNING: No new file uploaded
2025-03-12 17:29:20 WARNING: No new file uploaded
2025-03-12 17:29:34 WARNING: No new file uploaded
2025-03-12 17:29:47 WARNING: No new file uploaded
2025-03-12 17:30:00 WARNING: No new file uploaded
2025-03-12 17:30:14 WARNING: No new file uploaded
2025-03-12 17:30:27 Udatentig matadata for filer file: run26183.mid.gz
2025-03-12 17:30:29 Transferring file: run26183.mid.gz
2025-03-12 17:30:29 Uploading file: run26183.mid.gz
2025-03-12 17:30:29 Upload done: run26183.mid.gz
2025-03-12 17:33:44 Udatentig matadata for filer file: run26184.mid.gz
2025-03-12 17:33:44 Transferring file: run26184.mid.gz
2025-03-12 17:33:44 Uploading file: run26184.mid.gz
2025-03-12 17:33:44 Upload done: run26184.mid.gz
2025-03-12 17:45:22 Udatentig matadata for filer file: run26186.mid.gz
2025-03-12 17:45:22 Transferring file: run26186.mid.gz
2025-03-12 17:45:22 Uploading file: run26186.mid.gz
2025-03-12 17:45:22 Upload done: run26186.mid.gz
2025-03-12 17:50:04 Udatentig matadata for filer file: run26185.mid.gz
2025-03-12 17:50:07 Transferring file: run26185.mid.gz
2025-03-12 17:50:07 Uploading file: run26185.mid.gz
2025-03-12 17:50:07 Upload done: run26185.mid.gz
2025-03-12 17:53:52 Udatentig matadata for filer file: run26188.mid.gz
2025-03-12 17:53:52 Transferring file: run26188.mid.gz
2025-03-12 17:53:52 Uploading file: run26188.mid.gz
2025-03-12 17:53:52 Upload done: run26188.mid.gz
2025-03-12 17:58:08 Udatentig matadata for filer file: run26189.mid.gz
2025-03-12 17:58:08 Transferring file: run26189.mid.gz
2025-03-12 17:58:08 Uploading file: run26189.mid.gz
2025-03-12 17:58:08 Upload done: run26189.mid.gz
2025-03-12 17:58:36 Udatentig matadata for filer file: run26187.mid.gz
2025-03-12 17:58:38 Transferring file: run26187.mid.gz
2025-03-12 17:58:38 Uploading file: run26187.mid.gz
2025-03-12 17:58:38 Upload done: run26187.mid.gz
2025-03-12 18:01:57 Udatentig matadata for filer file: run26191.mid.gz
2025-03-12 18:01:57 Transferring file: run26191.mid.gz
2025-03-12 18:01:57 Uploading file: run26191.mid.gz
2025-03-12 18:01:57 Upload done: run26191.mid.gz
2025-03-12 18:06:02 Udatentig matadata for filer file: run26190.mid.gz
2025-03-12 18:06:04 Transferring file: run26190.mid.gz
2025-03-12 18:06:04 Uploading file: run26190.mid.gz
2025-03-12 18:06:04 Upload done: run26190.mid.gz
2025-03-12 18:09:21 Udatentig matadata for filer file: run26194.mid.gz
2025-03-12 18:09:21 Transferring file: run26194.mid.gz
2025-03-12 18:09:21 Uploading file: run26194.mid.gz
2025-03-12 18:09:21 Upload done: run26194.mid.gz
2025-03-12 18:12:44 Udatentig matadata for filer file: run26192.mid.gz
2025-03-12 18:12:47 Transferring file: run26192.mid.gz
2025-03-12 18:12:47 Uploading file: run26192.mid.gz
2025-03-12 18:12:47 Upload done: run26192.mid.gz
2025-03-12 18:14:44 Udatentig matadata for filer file: run26193.mid.gz
2025-03-12 18:14:46 Transferring file: run26193.mid.gz
2025-03-12 18:14:46 Uploading file: run26193.mid.gz
2025-03-12 18:14:46 Upload done: run26193.mid.gz
2025-03-13 15:06:13 Udatentig matadata for filer file: run26195.mid.gz
2025-03-13 15:06:15 Transferring file: run26195.mid.gz
2025-03-13 15:06:15 Uploading file: run26195.mid.gz
2025-03-13 15:06:15 Upload done: run26195.mid.gz
2025-03-13 15:08:49 Udatentig matadata for filer file: run26196.mid.gz
2025-03-13 15:08:51 Transferring file: run26196.mid.gz
2025-03-13 15:08:51 Uploading file: run26196.mid.gz
2025-03-13 15:08:51 Upload done: run26196.mid.gz
2025-03-13 15:35:13 Udatentig matadata for filer file: run26197.mid.gz
2025-03-13 15:35:15 Transferring file: run26197.mid.gz
2025-03-13 15:35:15 Uploading file: run26197.mid.gz
2025-03-13 15:35:15 Upload done: run26197.mid.gz
2025-03-13 15:40:29 Udatentig matadata for filer file: run26199.mid.gz
2025-03-13 15:40:29 Transferring file: run26199.mid.gz
2025-03-13 15:40:29 Uploading file: run26199.mid.gz
2025-03-13 15:40:29 Upload done: run26199.mid.gz
2025-03-13 15:44:53 Udatentig matadata for filer file: run26198.mid.gz
2025-03-13 15:44:55 Transferring file: run26198.mid.gz
2025-03-13 15:44:55 Uploading file: run26198.mid.gz
2025-03-13 15:44:55 Upload done: run26198.mid.gz
2025-03-13 15:47:26 Udatentig matadata for filer file: run26200.mid.gz
2025-03-13 15:47:28 Transferring file: run26200.mid.gz
2025-03-13 15:47:28 Uploading file: run26200.mid.gz
2025-03-13 15:47:28 Upload done: run26200.mid.gz
2025-03-13 15:55:00 Udatentig matadata for filer file: run26202.mid.gz
2025-03-13 15:55:03 Transferring file: run26202.mid.gz
2025-03-13 15:55:03 Uploading file: run26202.mid.gz
2025-03-13 15:55:03 Upload done: run26202.mid.gz
2025-03-13 16:04:58 Udatentig matadata for filer file: run26204.mid.gz
2025-03-13 16:05:00 Transferring file: run26204.mid.gz
2025-03-13 16:05:00 Uploading file: run26204.mid.gz
2025-03-13 16:05:00 Upload done: run26204.mid.gz
Midas shutdown
[midas2cloud,TALK] Software alarm: Program cygnus_daq is not running
[midas2cloud,TALK] Software alarm: Program cygnus_daq is not running
[midas2cloud,TALK] Software alarm: Program cygnus_daq is not running
[midas2cloud,TALK] Software alarm: Program cygnus_daq is not running
[midas2cloud,TALK] Software alarm: Program cygnus_daq is not running
[midas2cloud,TALK] Software alarm: Program cygnus_daq is not running
[midas2cloud,TALK] Software alarm: Program cygnus_daq is not running
[midas2cloud,TALK] Software alarm: Program cygnus_daq is not running
[midas2cloud,TALK] Software alarm: Program cygnus_daq is not running
[midas2cloud,TALK] Software alarm: Program cygnus_daq is not running
[midas2cloud,TALK] Software alarm: Program cygnus_daq is not running
[midas2cloud,TALK] Software alarm: Program cygnus_daq is not running
[midas2cloud,TALK] Software alarm: Program cygnus_daq is not running
[midas2cloud,TALK] Software alarm: Program cygnus_daq is not running
[midas2cloud,INFO] Execute: sh /home/cygno01/daq/online/discord_alarm.sh Software
[midas2cloud,TALK] Software alarm: Program cygnus_daq is not running
[midas2cloud,TALK] Software alarm: Program cygnus_daq is not running
[midas2cloud,TALK] Software alarm: Program cygnus_daq is not running
[midas2cloud,TALK] Software alarm: Program cygnus_daq is not running
[midas2cloud,TALK] Software alarm: Program cygnus_daq is not running
[midas2cloud,TALK] Software alarm: Program cygnus_daq is not running
[midas2cloud,TALK] Software alarm: Program cygnus_daq is not running
[midas2cloud,TALK] Software alarm: Program MANGOSC is not running
[midas2cloud,INFO] Execute: sh /home/cygno01/daq/online/discord_alarm.sh Software
[midas2cloud,TALK] Software alarm: Program MANGOSC is not running
