2023-12-12 16:31:25 midas2cloud started
2023-12-12 16:31:32 WARNING: No new file uploaded
2023-12-12 16:31:47 WARNING: No new file uploaded
2023-12-12 16:32:02 WARNING: No new file uploaded
2023-12-12 16:32:17 WARNING: No new file uploaded
2023-12-12 16:32:32 WARNING: No new file uploaded
2023-12-12 16:32:47 WARNING: No new file uploaded
2023-12-12 16:33:02 WARNING: No new file uploaded
2023-12-12 16:33:17 WARNING: No new file uploaded
2023-12-12 16:33:32 WARNING: No new file uploaded
2023-12-12 16:33:47 WARNING: No new file uploaded
2023-12-12 16:34:02 WARNING: No new file uploaded
2023-12-12 16:34:17 WARNING: No new file uploaded
2023-12-12 16:34:32 WARNING: No new file uploaded
2023-12-12 16:34:47 WARNING: No new file uploaded
2023-12-12 16:35:02 WARNING: No new file uploaded
2023-12-12 16:35:17 WARNING: No new file uploaded
2023-12-12 16:35:32 WARNING: No new file uploaded
2023-12-12 16:35:47 WARNING: No new file uploaded
2023-12-12 16:36:02 WARNING: No new file uploaded
2023-12-12 16:36:17 WARNING: No new file uploaded
2023-12-12 16:36:32 WARNING: No new file uploaded
2023-12-12 16:36:47 WARNING: No new file uploaded
2023-12-12 16:37:02 WARNING: No new file uploaded
2023-12-12 16:37:17 WARNING: No new file uploaded
2023-12-12 16:37:32 WARNING: No new file uploaded
2023-12-12 16:37:47 WARNING: No new file uploaded
2023-12-12 16:38:03 WARNING: No new file uploaded
2023-12-12 16:38:18 WARNING: No new file uploaded
2023-12-12 16:38:33 WARNING: No new file uploaded
2023-12-12 16:38:48 WARNING: No new file uploaded
2023-12-12 16:39:03 WARNING: No new file uploaded
2023-12-12 16:39:18 WARNING: No new file uploaded
2023-12-12 16:39:33 WARNING: No new file uploaded
2023-12-12 16:39:48 WARNING: No new file uploaded
2023-12-12 16:40:03 WARNING: No new file uploaded
2023-12-12 16:40:18 WARNING: No new file uploaded
2023-12-12 16:40:33 WARNING: No new file uploaded
2023-12-12 16:40:48 WARNING: No new file uploaded
2023-12-12 16:41:03 WARNING: No new file uploaded
2023-12-12 16:41:18 WARNING: No new file uploaded
2023-12-12 16:41:33 WARNING: No new file uploaded
2023-12-12 16:41:48 WARNING: No new file uploaded
2023-12-12 16:42:03 WARNING: No new file uploaded
2023-12-12 16:42:18 WARNING: No new file uploaded
2023-12-12 16:42:33 WARNING: No new file uploaded
2023-12-12 16:42:47 WARNING: No new file uploaded
2023-12-12 16:43:02 WARNING: No new file uploaded
2023-12-12 16:43:17 WARNING: No new file uploaded
2023-12-12 16:43:32 WARNING: No new file uploaded
2023-12-12 16:43:47 WARNING: No new file uploaded
2023-12-12 16:44:02 WARNING: No new file uploaded
2023-12-12 16:44:17 WARNING: No new file uploaded
2023-12-12 16:44:32 WARNING: No new file uploaded
2023-12-12 16:44:47 WARNING: No new file uploaded
2023-12-12 16:45:02 WARNING: No new file uploaded
2023-12-12 16:45:18 WARNING: No new file uploaded
2023-12-12 16:45:33 WARNING: No new file uploaded
2023-12-12 16:45:48 WARNING: No new file uploaded
2023-12-12 16:46:03 WARNING: No new file uploaded
2023-12-12 16:46:17 WARNING: No new file uploaded
2023-12-12 16:46:32 WARNING: No new file uploaded
2023-12-12 16:46:47 WARNING: No new file uploaded
2023-12-12 16:47:02 WARNING: No new file uploaded
2023-12-12 16:47:17 WARNING: No new file uploaded
2023-12-12 16:47:32 Udatentig matadata for filer file: run11308.mid.gz
2023-12-12 16:47:35 Transferring file: run11308.mid.gz
2023-12-12 16:47:35 Uploading file: run11308.mid.gz
2023-12-12 16:47:35 Upload done: run11308.mid.gz
2023-12-12 16:49:53 Udatentig matadata for filer file: run11309.mid.gz
2023-12-12 16:49:53 Transferring file: run11309.mid.gz
2023-12-12 16:49:53 Uploading file: run11309.mid.gz
2023-12-12 16:49:53 Upload done: run11309.mid.gz
2023-12-12 16:50:04 Udatentig matadata for filer file: run11310.mid.gz
2023-12-12 16:50:04 Transferring file: run11310.mid.gz
2023-12-12 16:50:04 Uploading file: run11310.mid.gz
2023-12-12 16:50:04 Upload done: run11310.mid.gz
2023-12-12 16:57:50 Udatentig matadata for filer file: run11315.mid.gz
2023-12-12 16:57:50 Transferring file: run11315.mid.gz
2023-12-12 16:57:50 Uploading file: run11315.mid.gz
2023-12-12 16:57:50 Upload done: run11315.mid.gz
2023-12-12 17:00:11 Udatentig matadata for filer file: run11316.mid.gz
2023-12-12 17:00:14 Transferring file: run11316.mid.gz
2023-12-12 17:00:14 Uploading file: run11316.mid.gz
2023-12-12 17:00:14 Upload done: run11316.mid.gz
2023-12-12 17:00:40 Udatentig matadata for filer file: run11317.mid.gz
2023-12-12 17:00:40 Transferring file: run11317.mid.gz
2023-12-12 17:00:40 Uploading file: run11317.mid.gz
2023-12-12 17:00:40 Upload done: run11317.mid.gz
2023-12-12 17:01:06 Udatentig matadata for filer file: run11318.mid.gz
2023-12-12 17:01:06 Transferring file: run11318.mid.gz
2023-12-12 17:01:06 Uploading file: run11318.mid.gz
2023-12-12 17:01:06 Upload done: run11318.mid.gz
2023-12-12 17:02:48 Udatentig matadata for filer file: run11319.mid.gz
2023-12-12 17:02:52 Transferring file: run11319.mid.gz
2023-12-12 17:02:52 Uploading file: run11319.mid.gz
2023-12-12 17:02:52 Upload done: run11319.mid.gz
2023-12-12 17:03:18 Udatentig matadata for filer file: run11320.mid.gz
2023-12-12 17:03:18 Transferring file: run11320.mid.gz
2023-12-12 17:03:18 Uploading file: run11320.mid.gz
2023-12-12 17:03:18 Upload done: run11320.mid.gz
2023-12-12 17:03:44 Udatentig matadata for filer file: run11321.mid.gz
2023-12-12 17:03:45 Transferring file: run11321.mid.gz
2023-12-12 17:03:45 Uploading file: run11321.mid.gz
2023-12-12 17:03:45 Upload done: run11321.mid.gz
2023-12-13 10:49:52 Udatentig matadata for filer file: run11329.mid.gz
2023-12-13 10:50:17 Transferring file: run11329.mid.gz
2023-12-13 10:50:17 Uploading file: run11329.mid.gz
2023-12-13 10:50:17 Upload done: run11329.mid.gz
2023-12-13 10:52:20 Udatentig matadata for filer file: run11330.mid.gz
2023-12-13 10:52:49 Transferring file: run11330.mid.gz
2023-12-13 10:52:49 Uploading file: run11330.mid.gz
2023-12-13 10:52:49 Upload done: run11330.mid.gz
2023-12-13 10:54:18 Udatentig matadata for filer file: run11331.mid.gz
2023-12-13 10:54:43 Transferring file: run11331.mid.gz
2023-12-13 10:54:43 Uploading file: run11331.mid.gz
2023-12-13 10:54:43 Upload done: run11331.mid.gz
2023-12-13 10:56:54 Udatentig matadata for filer file: run11332.mid.gz
2023-12-13 10:57:12 Transferring file: run11332.mid.gz
2023-12-13 10:57:12 Uploading file: run11332.mid.gz
2023-12-13 10:57:12 Upload done: run11332.mid.gz
2023-12-13 10:58:51 Udatentig matadata for filer file: run11333.mid.gz
2023-12-13 10:59:06 Transferring file: run11333.mid.gz
2023-12-13 10:59:06 Uploading file: run11333.mid.gz
2023-12-13 10:59:06 Upload done: run11333.mid.gz
2023-12-13 11:00:56 Udatentig matadata for filer file: run11334.mid.gz
2023-12-13 11:01:10 Transferring file: run11334.mid.gz
2023-12-13 11:01:10 Uploading file: run11334.mid.gz
2023-12-13 11:01:10 Upload done: run11334.mid.gz
2023-12-13 11:02:50 Udatentig matadata for filer file: run11335.mid.gz
2023-12-13 11:03:09 Transferring file: run11335.mid.gz
2023-12-13 11:03:09 Uploading file: run11335.mid.gz
2023-12-13 11:03:09 Upload done: run11335.mid.gz
2023-12-13 11:04:48 Udatentig matadata for filer file: run11336.mid.gz
2023-12-13 11:04:58 Transferring file: run11336.mid.gz
2023-12-13 11:04:58 Uploading file: run11336.mid.gz
2023-12-13 11:04:58 Upload done: run11336.mid.gz
2023-12-13 11:06:59 Udatentig matadata for filer file: run11337.mid.gz
2023-12-13 11:07:00 Transferring file: run11337.mid.gz
2023-12-13 11:07:00 Uploading file: run11337.mid.gz
2023-12-13 11:07:00 Upload done: run11337.mid.gz
2023-12-13 11:08:08 Udatentig matadata for filer file: run11338.mid.gz
2023-12-13 11:08:09 Transferring file: run11338.mid.gz
2023-12-13 11:08:09 Uploading file: run11338.mid.gz
2023-12-13 11:08:09 Upload done: run11338.mid.gz
2023-12-13 11:50:35 Udatentig matadata for filer file: run11339.mid.gz
2023-12-13 11:51:32 Transferring file: run11339.mid.gz
2023-12-13 11:51:32 Uploading file: run11339.mid.gz
2023-12-13 11:51:32 Upload done: run11339.mid.gz
2023-12-13 11:53:27 Udatentig matadata for filer file: run11340.mid.gz
2023-12-13 11:54:21 Transferring file: run11340.mid.gz
2023-12-13 11:54:21 Uploading file: run11340.mid.gz
2023-12-13 11:54:21 Upload done: run11340.mid.gz
2023-12-13 11:55:54 Udatentig matadata for filer file: run11341.mid.gz
2023-12-13 11:56:14 Transferring file: run11341.mid.gz
2023-12-13 11:56:14 Uploading file: run11341.mid.gz
2023-12-13 11:56:14 Upload done: run11341.mid.gz
Midas shutdown
[midas2cloud,TALK] software alarm: Program cygnus_daq is not running
[midas2cloud,TALK] software alarm: Program cygnus_daq is not running
[midas2cloud,TALK] software alarm: Program cygnus_daq is not running
[midas2cloud,TALK] software alarm: Program cygnus_daq is not running
[midas2cloud,TALK] software alarm: Program cygnus_daq is not running
[midas2cloud,TALK] software alarm: Program cygnus_daq is not running
[midas2cloud,TALK] software alarm: Program cygnus_daq is not running
[midas2cloud,TALK] software alarm: Program cygnus_daq is not running
[midas2cloud,TALK] software alarm: Program cygnus_daq is not running
[midas2cloud,TALK] software alarm: Program cygnus_daq is not running
[midas2cloud,TALK] software alarm: Program cygnus_daq is not running
[midas2cloud,TALK] software alarm: Program cygnus_daq is not running
[midas2cloud,TALK] software alarm: Program cygnus_daq is not running
[midas2cloud,TALK] software alarm: Program cygnus_daq is not running
[midas2cloud,TALK] software alarm: Program cygnus_daq is not running
[midas2cloud,TALK] software alarm: Program cygnus_daq is not running
[midas2cloud,TALK] software alarm: Program cygnus_daq is not running
[midas2cloud,TALK] software alarm: Program cygnus_daq is not running
[midas2cloud,TALK] software alarm: Program cygnus_daq is not running
[midas2cloud,TALK] software alarm: Program cygnus_daq is not running
[midas2cloud,TALK] software alarm: Program cygnus_daq is not running
[midas2cloud,TALK] software alarm: Program cygnus_daq is not running
[midas2cloud,TALK] software alarm: Program cygnus_daq is not running
[midas2cloud,TALK] software alarm: Program cygnus_daq is not running
[midas2cloud,TALK] software alarm: Program cygnus_daq is not running
[midas2cloud,TALK] software alarm: Program cygnus_daq is not running
[midas2cloud,TALK] software alarm: Program cygnus_daq is not running
[midas2cloud,TALK] software alarm: Program cygnus_daq is not running
[midas2cloud,TALK] software alarm: Program cygnus_daq is not running
[midas2cloud,TALK] software alarm: Program cygnus_daq is not running
[midas2cloud,TALK] software alarm: Program cygnus_daq is not running
[midas2cloud,TALK] software alarm: Program cygnus_daq is not running
[midas2cloud,TALK] software alarm: Program cygnus_daq is not running
[midas2cloud,TALK] software alarm: Program cygnus_daq is not running
[midas2cloud,TALK] software alarm: Program cygnus_daq is not running
[midas2cloud,TALK] software alarm: Program cygnus_daq is not running
[midas2cloud,TALK] software alarm: Program cygnus_daq is not running
[midas2cloud,TALK] software alarm: Program cygnus_daq is not running
[midas2cloud,TALK] software alarm: Program cygnus_daq is not running
[midas2cloud,TALK] software alarm: Program cygnus_daq is not running
[midas2cloud,TALK] software alarm: Program cygnus_daq is not running
[midas2cloud,TALK] software alarm: Program cygnus_daq is not running
[midas2cloud,TALK] software alarm: Program cygnus_daq is not running
2023-12-13 16:11:23 midas2cloud started
2023-12-13 16:11:31 Udatentig matadata for filer file: run11342.mid.gz
2023-12-13 16:11:31 Transferring file: run11342.mid.gz
2023-12-13 16:11:31 Uploading file: run11342.mid.gz
2023-12-13 16:11:31 Upload done: run11342.mid.gz
2023-12-13 16:14:38 Udatentig matadata for filer file: run11344.mid.gz
2023-12-13 16:14:55 Transferring file: run11344.mid.gz
2023-12-13 16:14:55 Uploading file: run11344.mid.gz
2023-12-13 16:14:55 Upload done: run11344.mid.gz
2023-12-13 16:15:46 Udatentig matadata for filer file: run11345.mid.gz
2023-12-13 16:16:00 Transferring file: run11345.mid.gz
2023-12-13 16:16:00 Uploading file: run11345.mid.gz
2023-12-13 16:16:00 Upload done: run11345.mid.gz
2023-12-13 16:16:35 Udatentig matadata for filer file: run11346.mid.gz
2023-12-13 16:16:40 Transferring file: run11346.mid.gz
2023-12-13 16:16:40 Uploading file: run11346.mid.gz
2023-12-13 16:16:40 Upload done: run11346.mid.gz
2023-12-13 16:16:58 Udatentig matadata for filer file: run11347.mid.gz
2023-12-13 16:17:00 Transferring file: run11347.mid.gz
2023-12-13 16:17:00 Uploading file: run11347.mid.gz
2023-12-13 16:17:00 Upload done: run11347.mid.gz
2023-12-13 16:17:36 Udatentig matadata for filer file: run11348.mid.gz
2023-12-13 16:17:37 Transferring file: run11348.mid.gz
2023-12-13 16:17:37 Uploading file: run11348.mid.gz
2023-12-13 16:17:37 Upload done: run11348.mid.gz
Midas shutdown
2023-12-13 16:24:25 midas2cloud started
2023-12-13 16:24:32 WARNING: No new file uploaded
2023-12-13 16:24:46 WARNING: No new file uploaded
2023-12-13 16:25:01 WARNING: No new file uploaded
2023-12-13 16:25:16 WARNING: No new file uploaded
2023-12-13 16:25:31 WARNING: No new file uploaded
2023-12-13 16:25:45 WARNING: No new file uploaded
2023-12-13 16:26:00 Udatentig matadata for filer file: run11349.mid.gz
2023-12-13 16:26:00 Transferring file: run11349.mid.gz
2023-12-13 16:26:00 Uploading file: run11349.mid.gz
2023-12-13 16:26:00 Upload done: run11349.mid.gz
2023-12-13 16:26:33 Udatentig matadata for filer file: run11350.mid.gz
2023-12-13 16:26:34 Transferring file: run11350.mid.gz
2023-12-13 16:26:34 Uploading file: run11350.mid.gz
2023-12-13 16:26:34 Upload done: run11350.mid.gz
2023-12-13 16:26:52 Udatentig matadata for filer file: run11351.mid.gz
2023-12-13 16:26:52 Transferring file: run11351.mid.gz
2023-12-13 16:26:52 Uploading file: run11351.mid.gz
2023-12-13 16:26:52 Upload done: run11351.mid.gz
2023-12-13 16:33:14 Udatentig matadata for filer file: run11353.mid.gz
2023-12-13 16:33:39 Transferring file: run11353.mid.gz
2023-12-13 16:33:39 Uploading file: run11353.mid.gz
2023-12-13 16:33:39 Upload done: run11353.mid.gz
2023-12-13 16:34:14 Udatentig matadata for filer file: run11354.mid.gz
2023-12-13 16:34:33 Transferring file: run11354.mid.gz
2023-12-13 16:34:33 Uploading file: run11354.mid.gz
2023-12-13 16:34:33 Upload done: run11354.mid.gz
Midas shutdown
[midas2cloud,INFO] Client 'db_display' on buffer 'SYSMSG' removed by cm_periodic_tasks because process pid 1170457 does not exist
[midas2cloud,INFO] Client 'db_display' on database 'ODB' pid 1170457 does not exist and db_cleanup called by cm_periodic_tasks removed it
[midas2cloud,TALK] software alarm: Program cygnus_daq is not running
[midas2cloud,TALK] software alarm: Program cygnus_daq is not running
[midas2cloud,TALK] software alarm: Program cygnus_daq is not running
[midas2cloud,TALK] software alarm: Program cygnus_daq is not running
[midas2cloud,TALK] software alarm: Program cygnus_daq is not running
[midas2cloud,TALK] software alarm: Program cygnus_daq is not running
[midas2cloud,TALK] software alarm: Program cygnus_daq is not running
[midas2cloud,TALK] software alarm: Program cygnus_daq is not running
[midas2cloud,TALK] software alarm: Program cygnus_daq is not running
[midas2cloud,TALK] software alarm: Program cygnus_daq is not running
[midas2cloud,TALK] software alarm: Program cygnus_daq is not running
[midas2cloud,TALK] software alarm: Program cygnus_daq is not running
[midas2cloud,TALK] software alarm: Program cygnus_daq is not running
[midas2cloud,TALK] software alarm: Program cygnus_daq is not running
[midas2cloud,TALK] software alarm: Program cygnus_daq is not running
[midas2cloud,TALK] software alarm: Program cygnus_daq is not running
[midas2cloud,TALK] software alarm: Program cygnus_daq is not running
[midas2cloud,TALK] software alarm: Program cygnus_daq is not running
[midas2cloud,TALK] software alarm: Program cygnus_daq is not running
[midas2cloud,TALK] software alarm: Program cygnus_daq is not running
[midas2cloud,TALK] software alarm: Program cygnus_daq is not running
[midas2cloud,TALK] software alarm: Program cygnus_daq is not running
[midas2cloud,TALK] software alarm: Program cygnus_daq is not running
[midas2cloud,TALK] software alarm: Program cygnus_daq is not running
[midas2cloud,TALK] software alarm: Program cygnus_daq is not running
[midas2cloud,TALK] software alarm: Program cygnus_daq is not running
[midas2cloud,TALK] software alarm: Program cygnus_daq is not running
[midas2cloud,TALK] software alarm: Program cygnus_daq is not running
[midas2cloud,TALK] software alarm: Program cygnus_daq is not running
[midas2cloud,TALK] software alarm: Program cygnus_daq is not running
[midas2cloud,TALK] software alarm: Program cygnus_daq is not running
[midas2cloud,TALK] software alarm: Program cygnus_daq is not running
[midas2cloud,TALK] software alarm: Program cygnus_daq is not running
[midas2cloud,TALK] software alarm: Program cygnus_daq is not running
[midas2cloud,TALK] software alarm: Program cygnus_daq is not running
[midas2cloud,TALK] software alarm: Program cygnus_daq is not running
[midas2cloud,TALK] software alarm: Program cygnus_daq is not running
[midas2cloud,TALK] software alarm: Program cygnus_daq is not running
[midas2cloud,TALK] software alarm: Program cygnus_daq is not running
[midas2cloud,TALK] software alarm: Program cygnus_daq is not running
[midas2cloud,TALK] software alarm: Program cygnus_daq is not running
[midas2cloud,TALK] software alarm: Program cygnus_daq is not running
[midas2cloud,TALK] software alarm: Program cygnus_daq is not running
[midas2cloud,TALK] software alarm: Program cygnus_daq is not running
[midas2cloud,TALK] software alarm: Program cygnus_daq is not running
[midas2cloud,TALK] software alarm: Program cygnus_daq is not running
[midas2cloud,TALK] software alarm: Program cygnus_daq is not running
[midas2cloud,TALK] software alarm: Program cygnus_daq is not running
[midas2cloud,TALK] software alarm: Program cygnus_daq is not running
[midas2cloud,TALK] software alarm: Program cygnus_daq is not running
[midas2cloud,TALK] software alarm: Program cygnus_daq is not running
[midas2cloud,TALK] software alarm: Program cygnus_daq is not running
[midas2cloud,TALK] software alarm: Program cygnus_daq is not running
[midas2cloud,TALK] software alarm: Program cygnus_daq is not running
[midas2cloud,TALK] software alarm: Program cygnus_daq is not running
[midas2cloud,TALK] software alarm: Program cygnus_daq is not running
[midas2cloud,TALK] software alarm: Program cygnus_daq is not running
[midas2cloud,TALK] software alarm: Program cygnus_daq is not running
[midas2cloud,TALK] software alarm: Program cygnus_daq is not running
[midas2cloud,TALK] software alarm: Program cygnus_daq is not running
[midas2cloud,TALK] software alarm: Program cygnus_daq is not running
[midas2cloud,TALK] software alarm: Program cygnus_daq is not running
[midas2cloud,TALK] software alarm: Program cygnus_daq is not running
[midas2cloud,TALK] software alarm: Program cygnus_daq is not running
[midas2cloud,TALK] software alarm: Program cygnus_daq is not running
[midas2cloud,TALK] software alarm: Program cygnus_daq is not running
[midas2cloud,TALK] software alarm: Program cygnus_daq is not running
[midas2cloud,TALK] software alarm: Program cygnus_daq is not running
[midas2cloud,TALK] software alarm: Program cygnus_daq is not running
[midas2cloud,TALK] software alarm: Program cygnus_daq is not running
[midas2cloud,TALK] software alarm: Program cygnus_daq is not running
[midas2cloud,TALK] software alarm: Program cygnus_daq is not running
[midas2cloud,TALK] software alarm: Program cygnus_daq is not running
[midas2cloud,TALK] software alarm: Program cygnus_daq is not running
[midas2cloud,TALK] software alarm: Program cygnus_daq is not running
[midas2cloud,TALK] software alarm: Program cygnus_daq is not running
[midas2cloud,TALK] software alarm: Program cygnus_daq is not running
[midas2cloud,TALK] software alarm: Program cygnus_daq is not running
[midas2cloud,TALK] software alarm: Program cygnus_daq is not running
[midas2cloud,TALK] software alarm: Program cygnus_daq is not running
[midas2cloud,TALK] software alarm: Program cygnus_daq is not running
[midas2cloud,TALK] software alarm: Program cygnus_daq is not running
[midas2cloud,TALK] software alarm: Program cygnus_daq is not running
[midas2cloud,TALK] software alarm: Program cygnus_daq is not running
[midas2cloud,TALK] software alarm: Program cygnus_daq is not running
[midas2cloud,TALK] software alarm: Program cygnus_daq is not running
[midas2cloud,TALK] software alarm: Program cygnus_daq is not running
[midas2cloud,TALK] software alarm: Program cygnus_daq is not running
[midas2cloud,TALK] software alarm: Program cygnus_daq is not running
[midas2cloud,TALK] software alarm: Program cygnus_daq is not running
[midas2cloud,TALK] software alarm: Program cygnus_daq is not running
[midas2cloud,TALK] software alarm: Program cygnus_daq is not running
[midas2cloud,TALK] software alarm: Program cygnus_daq is not running
[midas2cloud,TALK] software alarm: Program cygnus_daq is not running
[midas2cloud,TALK] software alarm: Program cygnus_daq is not running
[midas2cloud,TALK] software alarm: Program cygnus_daq is not running
[midas2cloud,TALK] software alarm: Program cygnus_daq is not running
[midas2cloud,TALK] software alarm: Program cygnus_daq is not running
[midas2cloud,TALK] software alarm: Program cygnus_daq is not running
[midas2cloud,TALK] software alarm: Program cygnus_daq is not running
[midas2cloud,TALK] software alarm: Program cygnus_daq is not running
[midas2cloud,TALK] software alarm: Program cygnus_daq is not running
[midas2cloud,TALK] software alarm: Program cygnus_daq is not running
[midas2cloud,TALK] software alarm: Program cygnus_daq is not running
[midas2cloud,TALK] software alarm: Program cygnus_daq is not running
[midas2cloud,TALK] software alarm: Program cygnus_daq is not running
[midas2cloud,TALK] software alarm: Program cygnus_daq is not running
[midas2cloud,TALK] software alarm: Program cygnus_daq is not running
[midas2cloud,TALK] software alarm: Program cygnus_daq is not running
[midas2cloud,TALK] software alarm: Program cygnus_daq is not running
[midas2cloud,TALK] software alarm: Program cygnus_daq is not running
[midas2cloud,TALK] software alarm: Program cygnus_daq is not running
[midas2cloud,TALK] software alarm: Program cygnus_daq is not running
[midas2cloud,TALK] software alarm: Program cygnus_daq is not running
[midas2cloud,TALK] software alarm: Program cygnus_daq is not running
[midas2cloud,TALK] software alarm: Program cygnus_daq is not running
[midas2cloud,TALK] software alarm: Program cygnus_daq is not running
[midas2cloud,TALK] software alarm: Program cygnus_daq is not running
[midas2cloud,TALK] software alarm: Program cygnus_daq is not running
[midas2cloud,TALK] software alarm: Program cygnus_daq is not running
[midas2cloud,TALK] software alarm: Program cygnus_daq is not running
[midas2cloud,TALK] software alarm: Program cygnus_daq is not running
[midas2cloud,TALK] software alarm: Program cygnus_daq is not running
[midas2cloud,TALK] software alarm: Program cygnus_daq is not running
[midas2cloud,TALK] software alarm: Program cygnus_daq is not running
[midas2cloud,TALK] software alarm: Program cygnus_daq is not running
[midas2cloud,TALK] software alarm: Program cygnus_daq is not running
[midas2cloud,TALK] software alarm: Program cygnus_daq is not running
[midas2cloud,TALK] software alarm: Program cygnus_daq is not running
[midas2cloud,TALK] software alarm: Program cygnus_daq is not running
[midas2cloud,TALK] software alarm: Program cygnus_daq is not running
[midas2cloud,TALK] software alarm: Program cygnus_daq is not running
[midas2cloud,TALK] software alarm: Program cygnus_daq is not running
[midas2cloud,TALK] software alarm: Program cygnus_daq is not running
[midas2cloud,TALK] software alarm: Program cygnus_daq is not running
[midas2cloud,TALK] software alarm: Program cygnus_daq is not running
[midas2cloud,TALK] software alarm: Program cygnus_daq is not running
[midas2cloud,TALK] software alarm: Program cygnus_daq is not running
[midas2cloud,TALK] software alarm: Program cygnus_daq is not running
[midas2cloud,TALK] software alarm: Program cygnus_daq is not running
[midas2cloud,TALK] software alarm: Program cygnus_daq is not running
[midas2cloud,TALK] software alarm: Program cygnus_daq is not running
[midas2cloud,TALK] software alarm: Program cygnus_daq is not running
[midas2cloud,TALK] software alarm: Program cygnus_daq is not running
[midas2cloud,TALK] software alarm: Program cygnus_daq is not running
[midas2cloud,TALK] software alarm: Program cygnus_daq is not running
[midas2cloud,TALK] software alarm: Program cygnus_daq is not running
[midas2cloud,TALK] software alarm: Program cygnus_daq is not running
[midas2cloud,TALK] software alarm: Program cygnus_daq is not running
[midas2cloud,TALK] software alarm: Program cygnus_daq is not running
[midas2cloud,TALK] software alarm: Program cygnus_daq is not running
[midas2cloud,TALK] software alarm: Program cygnus_daq is not running
[midas2cloud,TALK] software alarm: Program cygnus_daq is not running
[midas2cloud,TALK] software alarm: Program cygnus_daq is not running
[midas2cloud,TALK] software alarm: Program cygnus_daq is not running
[midas2cloud,TALK] software alarm: Program cygnus_daq is not running
[midas2cloud,TALK] software alarm: Program cygnus_daq is not running
[midas2cloud,TALK] software alarm: Program cygnus_daq is not running
[midas2cloud,TALK] software alarm: Program cygnus_daq is not running
[midas2cloud,TALK] software alarm: Program cygnus_daq is not running
[midas2cloud,TALK] software alarm: Program cygnus_daq is not running
[midas2cloud,TALK] software alarm: Program cygnus_daq is not running
[midas2cloud,TALK] software alarm: Program cygnus_daq is not running
[midas2cloud,TALK] software alarm: Program cygnus_daq is not running
[midas2cloud,TALK] software alarm: Program cygnus_daq is not running
[midas2cloud,TALK] software alarm: Program cygnus_daq is not running
[midas2cloud,TALK] software alarm: Program cygnus_daq is not running
[midas2cloud,TALK] software alarm: Program cygnus_daq is not running
[midas2cloud,TALK] software alarm: Program cygnus_daq is not running
[midas2cloud,TALK] software alarm: Program cygnus_daq is not running
[midas2cloud,TALK] software alarm: Program cygnus_daq is not running
[midas2cloud,TALK] software alarm: Program cygnus_daq is not running
[midas2cloud,TALK] software alarm: Program cygnus_daq is not running
[midas2cloud,TALK] software alarm: Program cygnus_daq is not running
[midas2cloud,TALK] software alarm: Program cygnus_daq is not running
[midas2cloud,TALK] software alarm: Program cygnus_daq is not running
[midas2cloud,TALK] software alarm: Program cygnus_daq is not running
[midas2cloud,TALK] software alarm: Program cygnus_daq is not running
[midas2cloud,TALK] software alarm: Program cygnus_daq is not running
[midas2cloud,TALK] software alarm: Program cygnus_daq is not running
[midas2cloud,TALK] software alarm: Program cygnus_daq is not running
[midas2cloud,TALK] software alarm: Program cygnus_daq is not running
[midas2cloud,TALK] software alarm: Program cygnus_daq is not running
[midas2cloud,TALK] software alarm: Program cygnus_daq is not running
[midas2cloud,TALK] software alarm: Program cygnus_daq is not running
[midas2cloud,TALK] software alarm: Program cygnus_daq is not running
[midas2cloud,TALK] software alarm: Program cygnus_daq is not running
[midas2cloud,TALK] software alarm: Program cygnus_daq is not running
[midas2cloud,TALK] software alarm: Program cygnus_daq is not running
[midas2cloud,TALK] software alarm: Program cygnus_daq is not running
[midas2cloud,TALK] software alarm: Program cygnus_daq is not running
[midas2cloud,TALK] software alarm: Program cygnus_daq is not running
[midas2cloud,TALK] software alarm: Program cygnus_daq is not running
[midas2cloud,TALK] software alarm: Program cygnus_daq is not running
[midas2cloud,TALK] software alarm: Program cygnus_daq is not running
[midas2cloud,TALK] software alarm: Program cygnus_daq is not running
[midas2cloud,TALK] software alarm: Program cygnus_daq is not running
[midas2cloud,TALK] software alarm: Program cygnus_daq is not running
[midas2cloud,TALK] software alarm: Program cygnus_daq is not running
[midas2cloud,TALK] software alarm: Program cygnus_daq is not running
[midas2cloud,TALK] software alarm: Program cygnus_daq is not running
[midas2cloud,TALK] software alarm: Program cygnus_daq is not running
[midas2cloud,TALK] software alarm: Program cygnus_daq is not running
[midas2cloud,TALK] software alarm: Program cygnus_daq is not running
[midas2cloud,TALK] software alarm: Program cygnus_daq is not running
[midas2cloud,TALK] software alarm: Program cygnus_daq is not running
[midas2cloud,TALK] software alarm: Program cygnus_daq is not running
[midas2cloud,TALK] software alarm: Program cygnus_daq is not running
[midas2cloud,TALK] software alarm: Program cygnus_daq is not running
[midas2cloud,TALK] software alarm: Program cygnus_daq is not running
[midas2cloud,TALK] software alarm: Program cygnus_daq is not running
[midas2cloud,TALK] software alarm: Program cygnus_daq is not running
[midas2cloud,TALK] software alarm: Program cygnus_daq is not running
[midas2cloud,TALK] software alarm: Program cygnus_daq is not running
[midas2cloud,TALK] software alarm: Program cygnus_daq is not running
[midas2cloud,TALK] software alarm: Program cygnus_daq is not running
[midas2cloud,TALK] software alarm: Program cygnus_daq is not running
[midas2cloud,TALK] software alarm: Program cygnus_daq is not running
[midas2cloud,TALK] software alarm: Program cygnus_daq is not running
[midas2cloud,TALK] software alarm: Program cygnus_daq is not running
[midas2cloud,TALK] software alarm: Program cygnus_daq is not running
[midas2cloud,TALK] software alarm: Program cygnus_daq is not running
[midas2cloud,TALK] software alarm: Program cygnus_daq is not running
[midas2cloud,TALK] software alarm: Program cygnus_daq is not running
[midas2cloud,TALK] software alarm: Program cygnus_daq is not running
[midas2cloud,TALK] software alarm: Program cygnus_daq is not running
[midas2cloud,TALK] software alarm: Program cygnus_daq is not running
[midas2cloud,TALK] software alarm: Program cygnus_daq is not running
[midas2cloud,TALK] software alarm: Program cygnus_daq is not running
[midas2cloud,TALK] software alarm: Program cygnus_daq is not running
[midas2cloud,TALK] software alarm: Program cygnus_daq is not running
[midas2cloud,TALK] software alarm: Program cygnus_daq is not running
[midas2cloud,TALK] software alarm: Program cygnus_daq is not running
[midas2cloud,TALK] software alarm: Program cygnus_daq is not running
[midas2cloud,TALK] software alarm: Program cygnus_daq is not running
[midas2cloud,TALK] software alarm: Program cygnus_daq is not running
[midas2cloud,TALK] software alarm: Program cygnus_daq is not running
[midas2cloud,TALK] software alarm: Program cygnus_daq is not running
[midas2cloud,TALK] software alarm: Program cygnus_daq is not running
[midas2cloud,TALK] software alarm: Program cygnus_daq is not running
[midas2cloud,TALK] software alarm: Program cygnus_daq is not running
[midas2cloud,TALK] software alarm: Program cygnus_daq is not running
[midas2cloud,TALK] software alarm: Program cygnus_daq is not running
[midas2cloud,TALK] software alarm: Program cygnus_daq is not running
[midas2cloud,TALK] software alarm: Program cygnus_daq is not running
[midas2cloud,TALK] software alarm: Program cygnus_daq is not running
[midas2cloud,TALK] software alarm: Program cygnus_daq is not running
[midas2cloud,TALK] software alarm: Program cygnus_daq is not running
[midas2cloud,TALK] software alarm: Program cygnus_daq is not running
[midas2cloud,TALK] software alarm: Program cygnus_daq is not running
[midas2cloud,TALK] software alarm: Program cygnus_daq is not running
[midas2cloud,TALK] software alarm: Program cygnus_daq is not running
[midas2cloud,TALK] software alarm: Program cygnus_daq is not running
[midas2cloud,TALK] software alarm: Program cygnus_daq is not running
[midas2cloud,TALK] software alarm: Program cygnus_daq is not running
[midas2cloud,TALK] software alarm: Program cygnus_daq is not running
[midas2cloud,TALK] software alarm: Program cygnus_daq is not running
[midas2cloud,TALK] software alarm: Program cygnus_daq is not running
[midas2cloud,TALK] software alarm: Program cygnus_daq is not running
[midas2cloud,TALK] software alarm: Program cygnus_daq is not running
[midas2cloud,TALK] software alarm: Program cygnus_daq is not running
[midas2cloud,TALK] software alarm: Program cygnus_daq is not running
[midas2cloud,TALK] software alarm: Program cygnus_daq is not running
[midas2cloud,TALK] software alarm: Program cygnus_daq is not running
[midas2cloud,TALK] software alarm: Program cygnus_daq is not running
[midas2cloud,TALK] software alarm: Program cygnus_daq is not running
[midas2cloud,TALK] software alarm: Program cygnus_daq is not running
[midas2cloud,TALK] software alarm: Program cygnus_daq is not running
[midas2cloud,TALK] software alarm: Program cygnus_daq is not running
[midas2cloud,TALK] software alarm: Program cygnus_daq is not running
[midas2cloud,TALK] software alarm: Program cygnus_daq is not running
[midas2cloud,TALK] software alarm: Program cygnus_daq is not running
[midas2cloud,TALK] software alarm: Program cygnus_daq is not running
[midas2cloud,TALK] software alarm: Program cygnus_daq is not running
[midas2cloud,TALK] software alarm: Program cygnus_daq is not running
[midas2cloud,TALK] software alarm: Program cygnus_daq is not running
[midas2cloud,TALK] software alarm: Program cygnus_daq is not running
[midas2cloud,TALK] software alarm: Program cygnus_daq is not running
[midas2cloud,TALK] software alarm: Program cygnus_daq is not running
[midas2cloud,TALK] software alarm: Program cygnus_daq is not running
[midas2cloud,TALK] software alarm: Program cygnus_daq is not running
[midas2cloud,TALK] software alarm: Program cygnus_daq is not running
[midas2cloud,TALK] software alarm: Program cygnus_daq is not running
[midas2cloud,TALK] software alarm: Program cygnus_daq is not running
[midas2cloud,TALK] software alarm: Program cygnus_daq is not running
[midas2cloud,TALK] software alarm: Program cygnus_daq is not running
[midas2cloud,TALK] software alarm: Program cygnus_daq is not running
[midas2cloud,TALK] software alarm: Program cygnus_daq is not running
[midas2cloud,TALK] software alarm: Program cygnus_daq is not running
[midas2cloud,TALK] software alarm: Program cygnus_daq is not running
[midas2cloud,TALK] software alarm: Program cygnus_daq is not running
[midas2cloud,TALK] software alarm: Program cygnus_daq is not running
[midas2cloud,TALK] software alarm: Program cygnus_daq is not running
[midas2cloud,TALK] software alarm: Program cygnus_daq is not running
[midas2cloud,TALK] software alarm: Program cygnus_daq is not running
[midas2cloud,TALK] software alarm: Program cygnus_daq is not running
[midas2cloud,TALK] software alarm: Program cygnus_daq is not running
[midas2cloud,TALK] software alarm: Program cygnus_daq is not running
[midas2cloud,TALK] software alarm: Program cygnus_daq is not running
[midas2cloud,TALK] software alarm: Program cygnus_daq is not running
[midas2cloud,TALK] software alarm: Program cygnus_daq is not running
[midas2cloud,TALK] software alarm: Program cygnus_daq is not running
[midas2cloud,TALK] software alarm: Program cygnus_daq is not running
[midas2cloud,TALK] software alarm: Program cygnus_daq is not running
[midas2cloud,TALK] software alarm: Program cygnus_daq is not running
[midas2cloud,TALK] software alarm: Program cygnus_daq is not running
[midas2cloud,TALK] software alarm: Program cygnus_daq is not running
[midas2cloud,TALK] software alarm: Program cygnus_daq is not running
[midas2cloud,TALK] software alarm: Program cygnus_daq is not running
[midas2cloud,TALK] software alarm: Program cygnus_daq is not running
[midas2cloud,TALK] software alarm: Program cygnus_daq is not running
[midas2cloud,TALK] software alarm: Program cygnus_daq is not running
[midas2cloud,TALK] software alarm: Program cygnus_daq is not running
[midas2cloud,TALK] software alarm: Program cygnus_daq is not running
[midas2cloud,TALK] software alarm: Program cygnus_daq is not running
[midas2cloud,TALK] software alarm: Program cygnus_daq is not running
[midas2cloud,TALK] software alarm: Program cygnus_daq is not running
[midas2cloud,TALK] software alarm: Program cygnus_daq is not running
[midas2cloud,TALK] software alarm: Program cygnus_daq is not running
[midas2cloud,TALK] software alarm: Program cygnus_daq is not running
[midas2cloud,TALK] software alarm: Program cygnus_daq is not running
[midas2cloud,TALK] software alarm: Program cygnus_daq is not running
[midas2cloud,TALK] software alarm: Program cygnus_daq is not running
[midas2cloud,TALK] software alarm: Program cygnus_daq is not running
[midas2cloud,TALK] software alarm: Program cygnus_daq is not running
[midas2cloud,TALK] software alarm: Program cygnus_daq is not running
[midas2cloud,TALK] software alarm: Program cygnus_daq is not running
[midas2cloud,TALK] software alarm: Program cygnus_daq is not running
[midas2cloud,TALK] software alarm: Program cygnus_daq is not running
[midas2cloud,TALK] software alarm: Program cygnus_daq is not running
[midas2cloud,TALK] software alarm: Program cygnus_daq is not running
[midas2cloud,TALK] software alarm: Program cygnus_daq is not running
[midas2cloud,TALK] software alarm: Program cygnus_daq is not running
[midas2cloud,TALK] software alarm: Program cygnus_daq is not running
[midas2cloud,TALK] software alarm: Program cygnus_daq is not running
[midas2cloud,TALK] software alarm: Program cygnus_daq is not running
[midas2cloud,TALK] software alarm: Program cygnus_daq is not running
[midas2cloud,TALK] software alarm: Program cygnus_daq is not running
[midas2cloud,TALK] software alarm: Program cygnus_daq is not running
[midas2cloud,TALK] software alarm: Program cygnus_daq is not running
[midas2cloud,TALK] software alarm: Program cygnus_daq is not running
[midas2cloud,TALK] software alarm: Program cygnus_daq is not running
[midas2cloud,TALK] software alarm: Program cygnus_daq is not running
[midas2cloud,TALK] software alarm: Program cygnus_daq is not running
[midas2cloud,TALK] software alarm: Program cygnus_daq is not running
[midas2cloud,TALK] software alarm: Program cygnus_daq is not running
[midas2cloud,TALK] software alarm: Program cygnus_daq is not running
[midas2cloud,TALK] software alarm: Program cygnus_daq is not running
[midas2cloud,TALK] software alarm: Program cygnus_daq is not running
[midas2cloud,TALK] software alarm: Program cygnus_daq is not running
[midas2cloud,TALK] software alarm: Program cygnus_daq is not running
[midas2cloud,TALK] software alarm: Program cygnus_daq is not running
[midas2cloud,TALK] software alarm: Program cygnus_daq is not running
[midas2cloud,TALK] software alarm: Program cygnus_daq is not running
[midas2cloud,TALK] software alarm: Program cygnus_daq is not running
[midas2cloud,TALK] software alarm: Program cygnus_daq is not running
[midas2cloud,TALK] software alarm: Program cygnus_daq is not running
[midas2cloud,TALK] software alarm: Program cygnus_daq is not running
[midas2cloud,TALK] software alarm: Program cygnus_daq is not running
[midas2cloud,TALK] software alarm: Program cygnus_daq is not running
[midas2cloud,TALK] software alarm: Program cygnus_daq is not running
[midas2cloud,TALK] software alarm: Program cygnus_daq is not running
[midas2cloud,TALK] software alarm: Program cygnus_daq is not running
[midas2cloud,TALK] software alarm: Program cygnus_daq is not running
[midas2cloud,TALK] software alarm: Program cygnus_daq is not running
[midas2cloud,TALK] software alarm: Program cygnus_daq is not running
[midas2cloud,TALK] software alarm: Program cygnus_daq is not running
[midas2cloud,TALK] software alarm: Program cygnus_daq is not running
[midas2cloud,TALK] software alarm: Program cygnus_daq is not running
[midas2cloud,TALK] software alarm: Program cygnus_daq is not running
[midas2cloud,TALK] software alarm: Program cygnus_daq is not running
[midas2cloud,TALK] software alarm: Program cygnus_daq is not running
[midas2cloud,TALK] software alarm: Program cygnus_daq is not running
[midas2cloud,TALK] software alarm: Program cygnus_daq is not running
[midas2cloud,TALK] software alarm: Program cygnus_daq is not running
[midas2cloud,TALK] software alarm: Program cygnus_daq is not running
[midas2cloud,TALK] software alarm: Program cygnus_daq is not running
[midas2cloud,TALK] software alarm: Program cygnus_daq is not running
[midas2cloud,TALK] software alarm: Program cygnus_daq is not running
[midas2cloud,TALK] software alarm: Program cygnus_daq is not running
[midas2cloud,TALK] software alarm: Program cygnus_daq is not running
[midas2cloud,TALK] software alarm: Program cygnus_daq is not running
[midas2cloud,TALK] software alarm: Program cygnus_daq is not running
[midas2cloud,TALK] software alarm: Program cygnus_daq is not running
[midas2cloud,TALK] software alarm: Program cygnus_daq is not running
[midas2cloud,TALK] software alarm: Program cygnus_daq is not running
[midas2cloud,TALK] software alarm: Program cygnus_daq is not running
[midas2cloud,TALK] software alarm: Program cygnus_daq is not running
[midas2cloud,TALK] software alarm: Program cygnus_daq is not running
[midas2cloud,TALK] software alarm: Program cygnus_daq is not running
[midas2cloud,TALK] software alarm: Program cygnus_daq is not running
[midas2cloud,TALK] software alarm: Program cygnus_daq is not running
[midas2cloud,TALK] software alarm: Program cygnus_daq is not running
[midas2cloud,TALK] software alarm: Program cygnus_daq is not running
[midas2cloud,TALK] software alarm: Program cygnus_daq is not running
[midas2cloud,TALK] software alarm: Program cygnus_daq is not running
[midas2cloud,TALK] software alarm: Program cygnus_daq is not running
[midas2cloud,TALK] software alarm: Program cygnus_daq is not running
[midas2cloud,TALK] software alarm: Program cygnus_daq is not running
[midas2cloud,TALK] software alarm: Program cygnus_daq is not running
[midas2cloud,TALK] software alarm: Program cygnus_daq is not running
[midas2cloud,TALK] software alarm: Program cygnus_daq is not running
[midas2cloud,TALK] software alarm: Program cygnus_daq is not running
[midas2cloud,TALK] software alarm: Program cygnus_daq is not running
[midas2cloud,TALK] software alarm: Program cygnus_daq is not running
[midas2cloud,TALK] software alarm: Program cygnus_daq is not running
[midas2cloud,TALK] software alarm: Program cygnus_daq is not running
[midas2cloud,TALK] software alarm: Program cygnus_daq is not running
[midas2cloud,TALK] software alarm: Program cygnus_daq is not running
[midas2cloud,TALK] software alarm: Program cygnus_daq is not running
[midas2cloud,TALK] software alarm: Program cygnus_daq is not running
[midas2cloud,TALK] software alarm: Program cygnus_daq is not running
[midas2cloud,TALK] software alarm: Program cygnus_daq is not running
[midas2cloud,TALK] software alarm: Program cygnus_daq is not running
[midas2cloud,TALK] software alarm: Program cygnus_daq is not running
[midas2cloud,TALK] software alarm: Program cygnus_daq is not running
[midas2cloud,TALK] software alarm: Program cygnus_daq is not running
[midas2cloud,TALK] software alarm: Program cygnus_daq is not running
[midas2cloud,TALK] software alarm: Program cygnus_daq is not running
[midas2cloud,TALK] software alarm: Program cygnus_daq is not running
[midas2cloud,TALK] software alarm: Program cygnus_daq is not running
[midas2cloud,TALK] software alarm: Program cygnus_daq is not running
[midas2cloud,TALK] software alarm: Program cygnus_daq is not running
[midas2cloud,TALK] software alarm: Program cygnus_daq is not running
[midas2cloud,TALK] software alarm: Program cygnus_daq is not running
[midas2cloud,TALK] software alarm: Program cygnus_daq is not running
[midas2cloud,TALK] software alarm: Program cygnus_daq is not running
[midas2cloud,TALK] software alarm: Program cygnus_daq is not running
[midas2cloud,TALK] software alarm: Program cygnus_daq is not running
[midas2cloud,TALK] software alarm: Program cygnus_daq is not running
[midas2cloud,TALK] software alarm: Program cygnus_daq is not running
[midas2cloud,TALK] software alarm: Program cygnus_daq is not running
[midas2cloud,TALK] software alarm: Program cygnus_daq is not running
[midas2cloud,TALK] software alarm: Program cygnus_daq is not running
[midas2cloud,TALK] software alarm: Program cygnus_daq is not running
[midas2cloud,TALK] software alarm: Program cygnus_daq is not running
[midas2cloud,TALK] software alarm: Program cygnus_daq is not running
[midas2cloud,TALK] software alarm: Program cygnus_daq is not running
[midas2cloud,TALK] software alarm: Program cygnus_daq is not running
[midas2cloud,TALK] software alarm: Program cygnus_daq is not running
[midas2cloud,TALK] software alarm: Program cygnus_daq is not running
[midas2cloud,TALK] software alarm: Program cygnus_daq is not running
[midas2cloud,TALK] software alarm: Program cygnus_daq is not running
[midas2cloud,TALK] software alarm: Program cygnus_daq is not running
[midas2cloud,TALK] software alarm: Program cygnus_daq is not running
[midas2cloud,TALK] software alarm: Program cygnus_daq is not running
[midas2cloud,TALK] software alarm: Program cygnus_daq is not running
[midas2cloud,TALK] software alarm: Program cygnus_daq is not running
[midas2cloud,TALK] software alarm: Program cygnus_daq is not running
[midas2cloud,TALK] software alarm: Program cygnus_daq is not running
[midas2cloud,TALK] software alarm: Program cygnus_daq is not running
[midas2cloud,TALK] software alarm: Program cygnus_daq is not running
[midas2cloud,TALK] software alarm: Program cygnus_daq is not running
[midas2cloud,TALK] software alarm: Program cygnus_daq is not running
[midas2cloud,TALK] software alarm: Program cygnus_daq is not running
[midas2cloud,TALK] software alarm: Program cygnus_daq is not running
[midas2cloud,TALK] software alarm: Program cygnus_daq is not running
[midas2cloud,TALK] software alarm: Program cygnus_daq is not running
[midas2cloud,TALK] software alarm: Program cygnus_daq is not running
[midas2cloud,TALK] software alarm: Program cygnus_daq is not running
[midas2cloud,TALK] software alarm: Program cygnus_daq is not running
[midas2cloud,TALK] software alarm: Program cygnus_daq is not running
[midas2cloud,TALK] software alarm: Program cygnus_daq is not running
[midas2cloud,TALK] software alarm: Program cygnus_daq is not running
[midas2cloud,TALK] software alarm: Program cygnus_daq is not running
[midas2cloud,TALK] software alarm: Program cygnus_daq is not running
[midas2cloud,TALK] software alarm: Program cygnus_daq is not running
[midas2cloud,TALK] software alarm: Program cygnus_daq is not running
[midas2cloud,TALK] software alarm: Program cygnus_daq is not running
[midas2cloud,TALK] software alarm: Program cygnus_daq is not running
[midas2cloud,TALK] software alarm: Program cygnus_daq is not running
[midas2cloud,TALK] software alarm: Program cygnus_daq is not running
[midas2cloud,TALK] software alarm: Program cygnus_daq is not running
[midas2cloud,TALK] software alarm: Program cygnus_daq is not running
[midas2cloud,TALK] software alarm: Program cygnus_daq is not running
[midas2cloud,TALK] software alarm: Program cygnus_daq is not running
[midas2cloud,TALK] software alarm: Program cygnus_daq is not running
[midas2cloud,TALK] software alarm: Program cygnus_daq is not running
[midas2cloud,TALK] software alarm: Program cygnus_daq is not running
[midas2cloud,TALK] software alarm: Program cygnus_daq is not running
[midas2cloud,TALK] software alarm: Program cygnus_daq is not running
[midas2cloud,TALK] software alarm: Program cygnus_daq is not running
[midas2cloud,TALK] software alarm: Program cygnus_daq is not running
[midas2cloud,TALK] software alarm: Program cygnus_daq is not running
[midas2cloud,TALK] software alarm: Program cygnus_daq is not running
[midas2cloud,TALK] software alarm: Program cygnus_daq is not running
[midas2cloud,TALK] software alarm: Program cygnus_daq is not running
[midas2cloud,TALK] software alarm: Program cygnus_daq is not running
[midas2cloud,TALK] software alarm: Program cygnus_daq is not running
[midas2cloud,TALK] software alarm: Program cygnus_daq is not running
[midas2cloud,TALK] software alarm: Program cygnus_daq is not running
[midas2cloud,TALK] software alarm: Program cygnus_daq is not running
[midas2cloud,TALK] software alarm: Program cygnus_daq is not running
[midas2cloud,TALK] software alarm: Program cygnus_daq is not running
[midas2cloud,TALK] software alarm: Program cygnus_daq is not running
[midas2cloud,TALK] software alarm: Program cygnus_daq is not running
[midas2cloud,TALK] software alarm: Program cygnus_daq is not running
[midas2cloud,TALK] software alarm: Program cygnus_daq is not running
[midas2cloud,TALK] software alarm: Program cygnus_daq is not running
[midas2cloud,TALK] software alarm: Program cygnus_daq is not running
[midas2cloud,TALK] software alarm: Program cygnus_daq is not running
[midas2cloud,TALK] software alarm: Program cygnus_daq is not running
[midas2cloud,TALK] software alarm: Program cygnus_daq is not running
[midas2cloud,TALK] software alarm: Program cygnus_daq is not running
[midas2cloud,TALK] software alarm: Program cygnus_daq is not running
[midas2cloud,TALK] software alarm: Program cygnus_daq is not running
[midas2cloud,TALK] software alarm: Program cygnus_daq is not running
[midas2cloud,TALK] software alarm: Program cygnus_daq is not running
[midas2cloud,TALK] software alarm: Program cygnus_daq is not running
[midas2cloud,TALK] software alarm: Program cygnus_daq is not running
[midas2cloud,TALK] software alarm: Program cygnus_daq is not running
[midas2cloud,TALK] software alarm: Program cygnus_daq is not running
[midas2cloud,TALK] software alarm: Program cygnus_daq is not running
[midas2cloud,TALK] software alarm: Program cygnus_daq is not running
[midas2cloud,TALK] software alarm: Program cygnus_daq is not running
[midas2cloud,TALK] software alarm: Program cygnus_daq is not running
[midas2cloud,TALK] software alarm: Program cygnus_daq is not running
[midas2cloud,TALK] software alarm: Program cygnus_daq is not running
[midas2cloud,TALK] software alarm: Program cygnus_daq is not running
[midas2cloud,TALK] software alarm: Program cygnus_daq is not running
[midas2cloud,TALK] software alarm: Program cygnus_daq is not running
[midas2cloud,TALK] software alarm: Program cygnus_daq is not running
[midas2cloud,TALK] software alarm: Program cygnus_daq is not running
[midas2cloud,TALK] software alarm: Program cygnus_daq is not running
[midas2cloud,TALK] software alarm: Program cygnus_daq is not running
[midas2cloud,TALK] software alarm: Program cygnus_daq is not running
[midas2cloud,TALK] software alarm: Program cygnus_daq is not running
[midas2cloud,TALK] software alarm: Program cygnus_daq is not running
[midas2cloud,TALK] software alarm: Program cygnus_daq is not running
[midas2cloud,TALK] software alarm: Program cygnus_daq is not running
[midas2cloud,TALK] software alarm: Program cygnus_daq is not running
[midas2cloud,TALK] software alarm: Program cygnus_daq is not running
[midas2cloud,TALK] software alarm: Program cygnus_daq is not running
[midas2cloud,TALK] software alarm: Program cygnus_daq is not running
[midas2cloud,TALK] software alarm: Program cygnus_daq is not running
[midas2cloud,TALK] software alarm: Program cygnus_daq is not running
[midas2cloud,TALK] software alarm: Program cygnus_daq is not running
[midas2cloud,TALK] software alarm: Program cygnus_daq is not running
[midas2cloud,TALK] software alarm: Program cygnus_daq is not running
[midas2cloud,TALK] software alarm: Program cygnus_daq is not running
[midas2cloud,TALK] software alarm: Program cygnus_daq is not running
[midas2cloud,TALK] software alarm: Program cygnus_daq is not running
[midas2cloud,TALK] software alarm: Program cygnus_daq is not running
[midas2cloud,TALK] software alarm: Program cygnus_daq is not running
[midas2cloud,TALK] software alarm: Program cygnus_daq is not running
[midas2cloud,TALK] software alarm: Program cygnus_daq is not running
[midas2cloud,TALK] software alarm: Program cygnus_daq is not running
[midas2cloud,TALK] software alarm: Program cygnus_daq is not running
[midas2cloud,TALK] software alarm: Program cygnus_daq is not running
[midas2cloud,TALK] software alarm: Program cygnus_daq is not running
[midas2cloud,TALK] software alarm: Program cygnus_daq is not running
[midas2cloud,TALK] software alarm: Program cygnus_daq is not running
[midas2cloud,TALK] software alarm: Program cygnus_daq is not running
[midas2cloud,TALK] software alarm: Program cygnus_daq is not running
[midas2cloud,TALK] software alarm: Program cygnus_daq is not running
[midas2cloud,TALK] software alarm: Program cygnus_daq is not running
[midas2cloud,TALK] software alarm: Program cygnus_daq is not running
[midas2cloud,TALK] software alarm: Program cygnus_daq is not running
[midas2cloud,TALK] software alarm: Program cygnus_daq is not running
[midas2cloud,TALK] software alarm: Program cygnus_daq is not running
[midas2cloud,TALK] software alarm: Program cygnus_daq is not running
[midas2cloud,TALK] software alarm: Program cygnus_daq is not running
[midas2cloud,TALK] software alarm: Program cygnus_daq is not running
[midas2cloud,TALK] software alarm: Program cygnus_daq is not running
[midas2cloud,TALK] software alarm: Program cygnus_daq is not running
[midas2cloud,TALK] software alarm: Program cygnus_daq is not running
[midas2cloud,TALK] software alarm: Program cygnus_daq is not running
[midas2cloud,TALK] software alarm: Program cygnus_daq is not running
[midas2cloud,TALK] software alarm: Program cygnus_daq is not running
[midas2cloud,TALK] software alarm: Program cygnus_daq is not running
[midas2cloud,TALK] software alarm: Program cygnus_daq is not running
[midas2cloud,TALK] software alarm: Program cygnus_daq is not running
[midas2cloud,TALK] software alarm: Program cygnus_daq is not running
[midas2cloud,TALK] software alarm: Program cygnus_daq is not running
[midas2cloud,TALK] software alarm: Program cygnus_daq is not running
[midas2cloud,TALK] software alarm: Program cygnus_daq is not running
[midas2cloud,TALK] software alarm: Program cygnus_daq is not running
[midas2cloud,TALK] software alarm: Program cygnus_daq is not running
[midas2cloud,TALK] software alarm: Program cygnus_daq is not running
[midas2cloud,TALK] software alarm: Program cygnus_daq is not running
[midas2cloud,TALK] software alarm: Program cygnus_daq is not running
[midas2cloud,TALK] software alarm: Program cygnus_daq is not running
[midas2cloud,TALK] software alarm: Program cygnus_daq is not running
[midas2cloud,TALK] software alarm: Program cygnus_daq is not running
[midas2cloud,TALK] software alarm: Program cygnus_daq is not running
[midas2cloud,TALK] software alarm: Program cygnus_daq is not running
[midas2cloud,TALK] software alarm: Program cygnus_daq is not running
[midas2cloud,TALK] software alarm: Program cygnus_daq is not running
[midas2cloud,TALK] software alarm: Program cygnus_daq is not running
[midas2cloud,TALK] software alarm: Program cygnus_daq is not running
[midas2cloud,TALK] software alarm: Program cygnus_daq is not running
[midas2cloud,TALK] software alarm: Program cygnus_daq is not running
[midas2cloud,TALK] software alarm: Program cygnus_daq is not running
[midas2cloud,TALK] software alarm: Program cygnus_daq is not running
[midas2cloud,TALK] software alarm: Program cygnus_daq is not running
[midas2cloud,TALK] software alarm: Program cygnus_daq is not running
[midas2cloud,TALK] software alarm: Program cygnus_daq is not running
[midas2cloud,TALK] software alarm: Program cygnus_daq is not running
[midas2cloud,TALK] software alarm: Program cygnus_daq is not running
[midas2cloud,TALK] software alarm: Program cygnus_daq is not running
[midas2cloud,TALK] software alarm: Program cygnus_daq is not running
[midas2cloud,TALK] software alarm: Program cygnus_daq is not running
[midas2cloud,TALK] software alarm: Program cygnus_daq is not running
[midas2cloud,TALK] software alarm: Program cygnus_daq is not running
[midas2cloud,TALK] software alarm: Program cygnus_daq is not running
[midas2cloud,TALK] software alarm: Program cygnus_daq is not running
[midas2cloud,TALK] software alarm: Program cygnus_daq is not running
[midas2cloud,TALK] software alarm: Program cygnus_daq is not running
[midas2cloud,TALK] software alarm: Program cygnus_daq is not running
[midas2cloud,TALK] software alarm: Program cygnus_daq is not running
[midas2cloud,TALK] software alarm: Program cygnus_daq is not running
[midas2cloud,TALK] software alarm: Program cygnus_daq is not running
[midas2cloud,TALK] software alarm: Program cygnus_daq is not running
[midas2cloud,TALK] software alarm: Program cygnus_daq is not running
[midas2cloud,TALK] software alarm: Program cygnus_daq is not running
[midas2cloud,TALK] software alarm: Program cygnus_daq is not running
[midas2cloud,TALK] software alarm: Program cygnus_daq is not running
[midas2cloud,TALK] software alarm: Program cygnus_daq is not running
[midas2cloud,TALK] software alarm: Program cygnus_daq is not running
[midas2cloud,TALK] software alarm: Program cygnus_daq is not running
[midas2cloud,TALK] software alarm: Program cygnus_daq is not running
[midas2cloud,TALK] software alarm: Program cygnus_daq is not running
[midas2cloud,TALK] software alarm: Program cygnus_daq is not running
[midas2cloud,TALK] software alarm: Program cygnus_daq is not running
[midas2cloud,TALK] software alarm: Program cygnus_daq is not running
[midas2cloud,TALK] software alarm: Program cygnus_daq is not running
[midas2cloud,TALK] software alarm: Program cygnus_daq is not running
[midas2cloud,TALK] software alarm: Program cygnus_daq is not running
[midas2cloud,TALK] software alarm: Program cygnus_daq is not running
[midas2cloud,TALK] software alarm: Program cygnus_daq is not running
[midas2cloud,TALK] software alarm: Program cygnus_daq is not running
[midas2cloud,TALK] software alarm: Program cygnus_daq is not running
[midas2cloud,TALK] software alarm: Program cygnus_daq is not running
[midas2cloud,TALK] software alarm: Program cygnus_daq is not running
[midas2cloud,TALK] software alarm: Program cygnus_daq is not running
[midas2cloud,TALK] software alarm: Program cygnus_daq is not running
[midas2cloud,TALK] software alarm: Program cygnus_daq is not running
[midas2cloud,TALK] software alarm: Program cygnus_daq is not running
[midas2cloud,TALK] software alarm: Program cygnus_daq is not running
[midas2cloud,TALK] software alarm: Program cygnus_daq is not running
[midas2cloud,TALK] software alarm: Program cygnus_daq is not running
[midas2cloud,TALK] software alarm: Program cygnus_daq is not running
[midas2cloud,TALK] software alarm: Program cygnus_daq is not running
[midas2cloud,TALK] software alarm: Program cygnus_daq is not running
[midas2cloud,TALK] software alarm: Program cygnus_daq is not running
[midas2cloud,TALK] software alarm: Program cygnus_daq is not running
[midas2cloud,TALK] software alarm: Program cygnus_daq is not running
[midas2cloud,TALK] software alarm: Program cygnus_daq is not running
[midas2cloud,TALK] software alarm: Program cygnus_daq is not running
[midas2cloud,TALK] software alarm: Program cygnus_daq is not running
[midas2cloud,TALK] software alarm: Program cygnus_daq is not running
[midas2cloud,TALK] software alarm: Program cygnus_daq is not running
[midas2cloud,TALK] software alarm: Program cygnus_daq is not running
[midas2cloud,TALK] software alarm: Program cygnus_daq is not running
[midas2cloud,TALK] software alarm: Program cygnus_daq is not running
[midas2cloud,TALK] software alarm: Program cygnus_daq is not running
[midas2cloud,TALK] software alarm: Program cygnus_daq is not running
[midas2cloud,TALK] software alarm: Program cygnus_daq is not running
[midas2cloud,TALK] software alarm: Program cygnus_daq is not running
[midas2cloud,TALK] software alarm: Program cygnus_daq is not running
[midas2cloud,TALK] software alarm: Program cygnus_daq is not running
[midas2cloud,TALK] software alarm: Program cygnus_daq is not running
[midas2cloud,TALK] software alarm: Program cygnus_daq is not running
[midas2cloud,TALK] software alarm: Program cygnus_daq is not running
[midas2cloud,TALK] software alarm: Program cygnus_daq is not running
[midas2cloud,TALK] software alarm: Program cygnus_daq is not running
[midas2cloud,TALK] software alarm: Program cygnus_daq is not running
[midas2cloud,TALK] software alarm: Program cygnus_daq is not running
[midas2cloud,TALK] software alarm: Program cygnus_daq is not running
[midas2cloud,TALK] software alarm: Program cygnus_daq is not running
[midas2cloud,TALK] software alarm: Program cygnus_daq is not running
[midas2cloud,TALK] software alarm: Program cygnus_daq is not running
[midas2cloud,TALK] software alarm: Program cygnus_daq is not running
[midas2cloud,TALK] software alarm: Program cygnus_daq is not running
[midas2cloud,TALK] software alarm: Program cygnus_daq is not running
[midas2cloud,TALK] software alarm: Program cygnus_daq is not running
[midas2cloud,TALK] software alarm: Program cygnus_daq is not running
[midas2cloud,TALK] software alarm: Program cygnus_daq is not running
[midas2cloud,TALK] software alarm: Program cygnus_daq is not running
[midas2cloud,TALK] software alarm: Program cygnus_daq is not running
[midas2cloud,TALK] software alarm: Program cygnus_daq is not running
[midas2cloud,TALK] software alarm: Program cygnus_daq is not running
[midas2cloud,TALK] software alarm: Program cygnus_daq is not running
[midas2cloud,TALK] software alarm: Program cygnus_daq is not running
[midas2cloud,TALK] software alarm: Program cygnus_daq is not running
[midas2cloud,TALK] software alarm: Program cygnus_daq is not running
[midas2cloud,TALK] software alarm: Program cygnus_daq is not running
[midas2cloud,TALK] software alarm: Program cygnus_daq is not running
[midas2cloud,TALK] software alarm: Program cygnus_daq is not running
[midas2cloud,TALK] software alarm: Program cygnus_daq is not running
[midas2cloud,TALK] software alarm: Program cygnus_daq is not running
[midas2cloud,TALK] software alarm: Program cygnus_daq is not running
[midas2cloud,TALK] software alarm: Program cygnus_daq is not running
[midas2cloud,TALK] software alarm: Program cygnus_daq is not running
[midas2cloud,TALK] software alarm: Program cygnus_daq is not running
[midas2cloud,TALK] software alarm: Program cygnus_daq is not running
[midas2cloud,TALK] software alarm: Program cygnus_daq is not running
[midas2cloud,TALK] software alarm: Program cygnus_daq is not running
[midas2cloud,TALK] software alarm: Program cygnus_daq is not running
[midas2cloud,TALK] software alarm: Program cygnus_daq is not running
[midas2cloud,TALK] software alarm: Program cygnus_daq is not running
[midas2cloud,TALK] software alarm: Program cygnus_daq is not running
[midas2cloud,TALK] software alarm: Program cygnus_daq is not running
[midas2cloud,TALK] software alarm: Program cygnus_daq is not running
[midas2cloud,TALK] software alarm: Program cygnus_daq is not running
[midas2cloud,TALK] software alarm: Program cygnus_daq is not running
[midas2cloud,TALK] software alarm: Program cygnus_daq is not running
[midas2cloud,TALK] software alarm: Program cygnus_daq is not running
[midas2cloud,TALK] software alarm: Program cygnus_daq is not running
[midas2cloud,TALK] software alarm: Program cygnus_daq is not running
[midas2cloud,TALK] software alarm: Program cygnus_daq is not running
[midas2cloud,TALK] software alarm: Program cygnus_daq is not running
[midas2cloud,TALK] software alarm: Program cygnus_daq is not running
[midas2cloud,TALK] software alarm: Program cygnus_daq is not running
[midas2cloud,TALK] software alarm: Program cygnus_daq is not running
[midas2cloud,TALK] software alarm: Program cygnus_daq is not running
[midas2cloud,TALK] software alarm: Program cygnus_daq is not running
[midas2cloud,TALK] software alarm: Program cygnus_daq is not running
[midas2cloud,TALK] software alarm: Program cygnus_daq is not running
[midas2cloud,TALK] software alarm: Program cygnus_daq is not running
[midas2cloud,TALK] software alarm: Program cygnus_daq is not running
[midas2cloud,TALK] software alarm: Program cygnus_daq is not running
[midas2cloud,TALK] software alarm: Program cygnus_daq is not running
[midas2cloud,TALK] software alarm: Program cygnus_daq is not running
[midas2cloud,TALK] software alarm: Program cygnus_daq is not running
[midas2cloud,TALK] software alarm: Program cygnus_daq is not running
[midas2cloud,TALK] software alarm: Program cygnus_daq is not running
[midas2cloud,TALK] software alarm: Program cygnus_daq is not running
[midas2cloud,TALK] software alarm: Program cygnus_daq is not running
[midas2cloud,TALK] software alarm: Program cygnus_daq is not running
[midas2cloud,TALK] software alarm: Program cygnus_daq is not running
[midas2cloud,TALK] software alarm: Program cygnus_daq is not running
[midas2cloud,TALK] software alarm: Program cygnus_daq is not running
[midas2cloud,TALK] software alarm: Program cygnus_daq is not running
[midas2cloud,TALK] software alarm: Program cygnus_daq is not running
[midas2cloud,TALK] software alarm: Program cygnus_daq is not running
[midas2cloud,TALK] software alarm: Program cygnus_daq is not running
[midas2cloud,TALK] software alarm: Program cygnus_daq is not running
[midas2cloud,TALK] software alarm: Program cygnus_daq is not running
[midas2cloud,TALK] software alarm: Program cygnus_daq is not running
[midas2cloud,TALK] software alarm: Program cygnus_daq is not running
[midas2cloud,TALK] software alarm: Program cygnus_daq is not running
[midas2cloud,TALK] software alarm: Program cygnus_daq is not running
[midas2cloud,TALK] software alarm: Program cygnus_daq is not running
[midas2cloud,TALK] software alarm: Program cygnus_daq is not running
[midas2cloud,TALK] software alarm: Program cygnus_daq is not running
[midas2cloud,TALK] software alarm: Program cygnus_daq is not running
[midas2cloud,TALK] software alarm: Program cygnus_daq is not running
[midas2cloud,TALK] software alarm: Program cygnus_daq is not running
[midas2cloud,TALK] software alarm: Program cygnus_daq is not running
[midas2cloud,TALK] software alarm: Program cygnus_daq is not running
[midas2cloud,TALK] software alarm: Program cygnus_daq is not running
[midas2cloud,TALK] software alarm: Program cygnus_daq is not running
[midas2cloud,TALK] software alarm: Program cygnus_daq is not running
[midas2cloud,TALK] software alarm: Program cygnus_daq is not running
[midas2cloud,TALK] software alarm: Program cygnus_daq is not running
[midas2cloud,TALK] software alarm: Program cygnus_daq is not running
[midas2cloud,TALK] software alarm: Program cygnus_daq is not running
[midas2cloud,TALK] software alarm: Program cygnus_daq is not running
[midas2cloud,TALK] software alarm: Program cygnus_daq is not running
[midas2cloud,TALK] software alarm: Program cygnus_daq is not running
[midas2cloud,TALK] software alarm: Program cygnus_daq is not running
[midas2cloud,TALK] software alarm: Program cygnus_daq is not running
[midas2cloud,TALK] software alarm: Program cygnus_daq is not running
[midas2cloud,TALK] software alarm: Program cygnus_daq is not running
[midas2cloud,TALK] software alarm: Program cygnus_daq is not running
[midas2cloud,TALK] software alarm: Program cygnus_daq is not running
[midas2cloud,TALK] software alarm: Program cygnus_daq is not running
[midas2cloud,TALK] software alarm: Program cygnus_daq is not running
[midas2cloud,TALK] software alarm: Program cygnus_daq is not running
[midas2cloud,TALK] software alarm: Program cygnus_daq is not running
[midas2cloud,TALK] software alarm: Program cygnus_daq is not running
[midas2cloud,TALK] software alarm: Program cygnus_daq is not running
[midas2cloud,TALK] software alarm: Program cygnus_daq is not running
[midas2cloud,TALK] software alarm: Program cygnus_daq is not running
[midas2cloud,TALK] software alarm: Program cygnus_daq is not running
[midas2cloud,TALK] software alarm: Program cygnus_daq is not running
[midas2cloud,TALK] software alarm: Program cygnus_daq is not running
[midas2cloud,TALK] software alarm: Program cygnus_daq is not running
[midas2cloud,TALK] software alarm: Program cygnus_daq is not running
[midas2cloud,TALK] software alarm: Program cygnus_daq is not running
[midas2cloud,TALK] software alarm: Program cygnus_daq is not running
[midas2cloud,TALK] software alarm: Program cygnus_daq is not running
[midas2cloud,TALK] software alarm: Program cygnus_daq is not running
[midas2cloud,TALK] software alarm: Program cygnus_daq is not running
[midas2cloud,TALK] software alarm: Program cygnus_daq is not running
[midas2cloud,TALK] software alarm: Program cygnus_daq is not running
[midas2cloud,TALK] software alarm: Program cygnus_daq is not running
[midas2cloud,TALK] software alarm: Program cygnus_daq is not running
[midas2cloud,TALK] software alarm: Program cygnus_daq is not running
[midas2cloud,TALK] software alarm: Program cygnus_daq is not running
[midas2cloud,TALK] software alarm: Program cygnus_daq is not running
[midas2cloud,TALK] software alarm: Program cygnus_daq is not running
[midas2cloud,TALK] software alarm: Program cygnus_daq is not running
[midas2cloud,TALK] software alarm: Program cygnus_daq is not running
[midas2cloud,TALK] software alarm: Program cygnus_daq is not running
[midas2cloud,TALK] software alarm: Program cygnus_daq is not running
[midas2cloud,TALK] software alarm: Program cygnus_daq is not running
[midas2cloud,TALK] software alarm: Program cygnus_daq is not running
[midas2cloud,TALK] software alarm: Program cygnus_daq is not running
[midas2cloud,TALK] software alarm: Program cygnus_daq is not running
[midas2cloud,TALK] software alarm: Program cygnus_daq is not running
[midas2cloud,TALK] software alarm: Program cygnus_daq is not running
[midas2cloud,TALK] software alarm: Program cygnus_daq is not running
[midas2cloud,TALK] software alarm: Program cygnus_daq is not running
[midas2cloud,TALK] software alarm: Program cygnus_daq is not running
[midas2cloud,TALK] software alarm: Program cygnus_daq is not running
[midas2cloud,TALK] software alarm: Program cygnus_daq is not running
[midas2cloud,TALK] software alarm: Program cygnus_daq is not running
[midas2cloud,TALK] software alarm: Program cygnus_daq is not running
[midas2cloud,TALK] software alarm: Program cygnus_daq is not running
[midas2cloud,TALK] software alarm: Program cygnus_daq is not running
[midas2cloud,TALK] software alarm: Program cygnus_daq is not running
[midas2cloud,TALK] software alarm: Program cygnus_daq is not running
[midas2cloud,TALK] software alarm: Program cygnus_daq is not running
[midas2cloud,TALK] software alarm: Program cygnus_daq is not running
[midas2cloud,TALK] software alarm: Program cygnus_daq is not running
[midas2cloud,TALK] software alarm: Program cygnus_daq is not running
[midas2cloud,TALK] software alarm: Program cygnus_daq is not running
[midas2cloud,TALK] software alarm: Program cygnus_daq is not running
[midas2cloud,TALK] software alarm: Program cygnus_daq is not running
[midas2cloud,TALK] software alarm: Program cygnus_daq is not running
[midas2cloud,TALK] software alarm: Program cygnus_daq is not running
[midas2cloud,TALK] software alarm: Program cygnus_daq is not running
[midas2cloud,TALK] software alarm: Program cygnus_daq is not running
[midas2cloud,TALK] software alarm: Program cygnus_daq is not running
[midas2cloud,TALK] software alarm: Program cygnus_daq is not running
[midas2cloud,TALK] software alarm: Program cygnus_daq is not running
[midas2cloud,TALK] software alarm: Program cygnus_daq is not running
[midas2cloud,TALK] software alarm: Program cygnus_daq is not running
[midas2cloud,TALK] software alarm: Program cygnus_daq is not running
[midas2cloud,TALK] software alarm: Program cygnus_daq is not running
[midas2cloud,TALK] software alarm: Program cygnus_daq is not running
[midas2cloud,TALK] software alarm: Program cygnus_daq is not running
[midas2cloud,TALK] software alarm: Program cygnus_daq is not running
[midas2cloud,TALK] software alarm: Program cygnus_daq is not running
[midas2cloud,TALK] software alarm: Program cygnus_daq is not running
[midas2cloud,TALK] software alarm: Program cygnus_daq is not running
[midas2cloud,TALK] software alarm: Program cygnus_daq is not running
[midas2cloud,TALK] software alarm: Program cygnus_daq is not running
[midas2cloud,TALK] software alarm: Program cygnus_daq is not running
[midas2cloud,TALK] software alarm: Program cygnus_daq is not running
[midas2cloud,TALK] software alarm: Program cygnus_daq is not running
[midas2cloud,TALK] software alarm: Program cygnus_daq is not running
[midas2cloud,TALK] software alarm: Program cygnus_daq is not running
[midas2cloud,TALK] software alarm: Program cygnus_daq is not running
[midas2cloud,TALK] software alarm: Program cygnus_daq is not running
[midas2cloud,TALK] software alarm: Program cygnus_daq is not running
[midas2cloud,TALK] software alarm: Program cygnus_daq is not running
[midas2cloud,TALK] software alarm: Program cygnus_daq is not running
[midas2cloud,TALK] software alarm: Program cygnus_daq is not running
[midas2cloud,TALK] software alarm: Program cygnus_daq is not running
[midas2cloud,TALK] software alarm: Program cygnus_daq is not running
[midas2cloud,TALK] software alarm: Program cygnus_daq is not running
[midas2cloud,TALK] software alarm: Program cygnus_daq is not running
[midas2cloud,TALK] software alarm: Program cygnus_daq is not running
[midas2cloud,TALK] software alarm: Program cygnus_daq is not running
[midas2cloud,TALK] software alarm: Program cygnus_daq is not running
[midas2cloud,TALK] software alarm: Program cygnus_daq is not running
[midas2cloud,TALK] software alarm: Program cygnus_daq is not running
[midas2cloud,TALK] software alarm: Program cygnus_daq is not running
[midas2cloud,TALK] software alarm: Program cygnus_daq is not running
[midas2cloud,TALK] software alarm: Program cygnus_daq is not running
[midas2cloud,TALK] software alarm: Program cygnus_daq is not running
[midas2cloud,TALK] software alarm: Program cygnus_daq is not running
[midas2cloud,TALK] software alarm: Program cygnus_daq is not running
[midas2cloud,TALK] software alarm: Program cygnus_daq is not running
[midas2cloud,TALK] software alarm: Program cygnus_daq is not running
[midas2cloud,TALK] software alarm: Program cygnus_daq is not running
[midas2cloud,TALK] software alarm: Program cygnus_daq is not running
[midas2cloud,TALK] software alarm: Program cygnus_daq is not running
[midas2cloud,TALK] software alarm: Program cygnus_daq is not running
[midas2cloud,TALK] software alarm: Program cygnus_daq is not running
[midas2cloud,TALK] software alarm: Program cygnus_daq is not running
[midas2cloud,TALK] software alarm: Program cygnus_daq is not running
[midas2cloud,TALK] software alarm: Program cygnus_daq is not running
[midas2cloud,TALK] software alarm: Program cygnus_daq is not running
[midas2cloud,TALK] software alarm: Program cygnus_daq is not running
[midas2cloud,TALK] software alarm: Program cygnus_daq is not running
[midas2cloud,TALK] software alarm: Program cygnus_daq is not running
[midas2cloud,TALK] software alarm: Program cygnus_daq is not running
[midas2cloud,TALK] software alarm: Program cygnus_daq is not running
[midas2cloud,TALK] software alarm: Program cygnus_daq is not running
[midas2cloud,TALK] software alarm: Program cygnus_daq is not running
[midas2cloud,TALK] software alarm: Program cygnus_daq is not running
[midas2cloud,TALK] software alarm: Program cygnus_daq is not running
[midas2cloud,TALK] software alarm: Program cygnus_daq is not running
[midas2cloud,TALK] software alarm: Program cygnus_daq is not running
[midas2cloud,TALK] software alarm: Program cygnus_daq is not running
[midas2cloud,TALK] software alarm: Program cygnus_daq is not running
[midas2cloud,TALK] software alarm: Program cygnus_daq is not running
[midas2cloud,TALK] software alarm: Program cygnus_daq is not running
[midas2cloud,TALK] software alarm: Program cygnus_daq is not running
[midas2cloud,TALK] software alarm: Program cygnus_daq is not running
[midas2cloud,TALK] software alarm: Program cygnus_daq is not running
[midas2cloud,TALK] software alarm: Program cygnus_daq is not running
[midas2cloud,TALK] software alarm: Program cygnus_daq is not running
[midas2cloud,TALK] software alarm: Program cygnus_daq is not running
[midas2cloud,TALK] software alarm: Program cygnus_daq is not running
[midas2cloud,TALK] software alarm: Program cygnus_daq is not running
[midas2cloud,TALK] software alarm: Program cygnus_daq is not running
[midas2cloud,TALK] software alarm: Program cygnus_daq is not running
[midas2cloud,TALK] software alarm: Program cygnus_daq is not running
[midas2cloud,TALK] software alarm: Program cygnus_daq is not running
[midas2cloud,TALK] software alarm: Program cygnus_daq is not running
[midas2cloud,TALK] software alarm: Program cygnus_daq is not running
[midas2cloud,TALK] software alarm: Program cygnus_daq is not running
[midas2cloud,TALK] software alarm: Program cygnus_daq is not running
[midas2cloud,TALK] software alarm: Program cygnus_daq is not running
[midas2cloud,TALK] software alarm: Program cygnus_daq is not running
[midas2cloud,TALK] software alarm: Program cygnus_daq is not running
[midas2cloud,TALK] software alarm: Program cygnus_daq is not running
[midas2cloud,TALK] software alarm: Program cygnus_daq is not running
[midas2cloud,TALK] software alarm: Program cygnus_daq is not running
[midas2cloud,TALK] software alarm: Program cygnus_daq is not running
[midas2cloud,TALK] software alarm: Program cygnus_daq is not running
[midas2cloud,TALK] software alarm: Program cygnus_daq is not running
[midas2cloud,TALK] software alarm: Program cygnus_daq is not running
[midas2cloud,TALK] software alarm: Program cygnus_daq is not running
[midas2cloud,TALK] software alarm: Program cygnus_daq is not running
[midas2cloud,TALK] software alarm: Program cygnus_daq is not running
[midas2cloud,TALK] software alarm: Program cygnus_daq is not running
[midas2cloud,TALK] software alarm: Program cygnus_daq is not running
[midas2cloud,TALK] software alarm: Program cygnus_daq is not running
[midas2cloud,TALK] software alarm: Program cygnus_daq is not running
[midas2cloud,TALK] software alarm: Program cygnus_daq is not running
[midas2cloud,TALK] software alarm: Program cygnus_daq is not running
[midas2cloud,TALK] software alarm: Program cygnus_daq is not running
[midas2cloud,TALK] software alarm: Program cygnus_daq is not running
[midas2cloud,TALK] software alarm: Program cygnus_daq is not running
[midas2cloud,TALK] software alarm: Program cygnus_daq is not running
[midas2cloud,TALK] software alarm: Program cygnus_daq is not running
[midas2cloud,TALK] software alarm: Program cygnus_daq is not running
[midas2cloud,TALK] software alarm: Program cygnus_daq is not running
[midas2cloud,TALK] software alarm: Program cygnus_daq is not running
[midas2cloud,TALK] software alarm: Program cygnus_daq is not running
[midas2cloud,TALK] software alarm: Program cygnus_daq is not running
[midas2cloud,TALK] software alarm: Program cygnus_daq is not running
[midas2cloud,TALK] software alarm: Program cygnus_daq is not running
[midas2cloud,TALK] software alarm: Program cygnus_daq is not running
[midas2cloud,TALK] software alarm: Program cygnus_daq is not running
[midas2cloud,TALK] software alarm: Program cygnus_daq is not running
[midas2cloud,TALK] software alarm: Program cygnus_daq is not running
[midas2cloud,TALK] software alarm: Program cygnus_daq is not running
[midas2cloud,TALK] software alarm: Program cygnus_daq is not running
[midas2cloud,TALK] software alarm: Program cygnus_daq is not running
[midas2cloud,TALK] software alarm: Program cygnus_daq is not running
[midas2cloud,TALK] software alarm: Program cygnus_daq is not running
[midas2cloud,TALK] software alarm: Program cygnus_daq is not running
[midas2cloud,TALK] software alarm: Program cygnus_daq is not running
[midas2cloud,TALK] software alarm: Program cygnus_daq is not running
[midas2cloud,TALK] software alarm: Program cygnus_daq is not running
[midas2cloud,TALK] software alarm: Program cygnus_daq is not running
[midas2cloud,TALK] software alarm: Program cygnus_daq is not running
[midas2cloud,TALK] software alarm: Program cygnus_daq is not running
[midas2cloud,TALK] software alarm: Program cygnus_daq is not running
[midas2cloud,TALK] software alarm: Program cygnus_daq is not running
[midas2cloud,TALK] software alarm: Program cygnus_daq is not running
[midas2cloud,TALK] software alarm: Program cygnus_daq is not running
[midas2cloud,TALK] software alarm: Program cygnus_daq is not running
[midas2cloud,TALK] software alarm: Program cygnus_daq is not running
[midas2cloud,TALK] software alarm: Program cygnus_daq is not running
[midas2cloud,TALK] software alarm: Program cygnus_daq is not running
[midas2cloud,TALK] software alarm: Program cygnus_daq is not running
[midas2cloud,TALK] software alarm: Program cygnus_daq is not running
[midas2cloud,TALK] software alarm: Program cygnus_daq is not running
[midas2cloud,TALK] software alarm: Program cygnus_daq is not running
[midas2cloud,TALK] software alarm: Program cygnus_daq is not running
[midas2cloud,TALK] software alarm: Program cygnus_daq is not running
[midas2cloud,TALK] software alarm: Program cygnus_daq is not running
[midas2cloud,TALK] software alarm: Program cygnus_daq is not running
[midas2cloud,TALK] software alarm: Program cygnus_daq is not running
[midas2cloud,TALK] software alarm: Program cygnus_daq is not running
[midas2cloud,TALK] software alarm: Program cygnus_daq is not running
[midas2cloud,TALK] software alarm: Program cygnus_daq is not running
[midas2cloud,TALK] software alarm: Program cygnus_daq is not running
[midas2cloud,TALK] software alarm: Program cygnus_daq is not running
[midas2cloud,TALK] software alarm: Program cygnus_daq is not running
[midas2cloud,TALK] software alarm: Program cygnus_daq is not running
[midas2cloud,TALK] software alarm: Program cygnus_daq is not running
[midas2cloud,TALK] software alarm: Program cygnus_daq is not running
[midas2cloud,TALK] software alarm: Program cygnus_daq is not running
[midas2cloud,TALK] software alarm: Program cygnus_daq is not running
[midas2cloud,TALK] software alarm: Program cygnus_daq is not running
[midas2cloud,TALK] software alarm: Program cygnus_daq is not running
[midas2cloud,TALK] software alarm: Program cygnus_daq is not running
[midas2cloud,TALK] software alarm: Program cygnus_daq is not running
[midas2cloud,TALK] software alarm: Program cygnus_daq is not running
[midas2cloud,TALK] software alarm: Program cygnus_daq is not running
[midas2cloud,TALK] software alarm: Program cygnus_daq is not running
[midas2cloud,TALK] software alarm: Program cygnus_daq is not running
[midas2cloud,TALK] software alarm: Program cygnus_daq is not running
[midas2cloud,TALK] software alarm: Program cygnus_daq is not running
[midas2cloud,TALK] software alarm: Program cygnus_daq is not running
[midas2cloud,TALK] software alarm: Program cygnus_daq is not running
[midas2cloud,TALK] software alarm: Program cygnus_daq is not running
[midas2cloud,TALK] software alarm: Program cygnus_daq is not running
[midas2cloud,TALK] software alarm: Program cygnus_daq is not running
[midas2cloud,TALK] software alarm: Program cygnus_daq is not running
[midas2cloud,TALK] software alarm: Program cygnus_daq is not running
[midas2cloud,TALK] software alarm: Program cygnus_daq is not running
[midas2cloud,TALK] software alarm: Program cygnus_daq is not running
[midas2cloud,TALK] software alarm: Program cygnus_daq is not running
[midas2cloud,TALK] software alarm: Program cygnus_daq is not running
[midas2cloud,TALK] software alarm: Program cygnus_daq is not running
[midas2cloud,TALK] software alarm: Program cygnus_daq is not running
[midas2cloud,TALK] software alarm: Program cygnus_daq is not running
[midas2cloud,TALK] software alarm: Program cygnus_daq is not running
[midas2cloud,TALK] software alarm: Program cygnus_daq is not running
[midas2cloud,TALK] software alarm: Program cygnus_daq is not running
[midas2cloud,TALK] software alarm: Program cygnus_daq is not running
[midas2cloud,TALK] software alarm: Program cygnus_daq is not running
[midas2cloud,TALK] software alarm: Program cygnus_daq is not running
[midas2cloud,TALK] software alarm: Program cygnus_daq is not running
[midas2cloud,TALK] software alarm: Program cygnus_daq is not running
[midas2cloud,TALK] software alarm: Program cygnus_daq is not running
[midas2cloud,TALK] software alarm: Program cygnus_daq is not running
[midas2cloud,TALK] software alarm: Program cygnus_daq is not running
[midas2cloud,TALK] software alarm: Program cygnus_daq is not running
[midas2cloud,TALK] software alarm: Program cygnus_daq is not running
[midas2cloud,TALK] software alarm: Program cygnus_daq is not running
[midas2cloud,TALK] software alarm: Program cygnus_daq is not running
[midas2cloud,TALK] software alarm: Program cygnus_daq is not running
[midas2cloud,TALK] software alarm: Program cygnus_daq is not running
[midas2cloud,TALK] software alarm: Program cygnus_daq is not running
[midas2cloud,TALK] software alarm: Program cygnus_daq is not running
[midas2cloud,TALK] software alarm: Program cygnus_daq is not running
[midas2cloud,TALK] software alarm: Program cygnus_daq is not running
[midas2cloud,TALK] software alarm: Program cygnus_daq is not running
[midas2cloud,TALK] software alarm: Program cygnus_daq is not running
[midas2cloud,TALK] software alarm: Program cygnus_daq is not running
[midas2cloud,TALK] software alarm: Program cygnus_daq is not running
[midas2cloud,TALK] software alarm: Program cygnus_daq is not running
[midas2cloud,TALK] software alarm: Program cygnus_daq is not running
[midas2cloud,TALK] software alarm: Program cygnus_daq is not running
[midas2cloud,TALK] software alarm: Program cygnus_daq is not running
[midas2cloud,TALK] software alarm: Program cygnus_daq is not running
[midas2cloud,TALK] software alarm: Program cygnus_daq is not running
[midas2cloud,TALK] software alarm: Program cygnus_daq is not running
[midas2cloud,TALK] software alarm: Program cygnus_daq is not running
[midas2cloud,TALK] software alarm: Program cygnus_daq is not running
[midas2cloud,TALK] software alarm: Program cygnus_daq is not running
[midas2cloud,TALK] software alarm: Program cygnus_daq is not running
[midas2cloud,TALK] software alarm: Program cygnus_daq is not running
[midas2cloud,TALK] software alarm: Program cygnus_daq is not running
[midas2cloud,TALK] software alarm: Program cygnus_daq is not running
[midas2cloud,TALK] software alarm: Program cygnus_daq is not running
[midas2cloud,TALK] software alarm: Program cygnus_daq is not running
[midas2cloud,TALK] software alarm: Program cygnus_daq is not running
[midas2cloud,TALK] software alarm: Program cygnus_daq is not running
[midas2cloud,TALK] software alarm: Program cygnus_daq is not running
[midas2cloud,TALK] software alarm: Program cygnus_daq is not running
[midas2cloud,TALK] software alarm: Program cygnus_daq is not running
[midas2cloud,TALK] software alarm: Program cygnus_daq is not running
[midas2cloud,TALK] software alarm: Program cygnus_daq is not running
[midas2cloud,TALK] software alarm: Program cygnus_daq is not running
[midas2cloud,TALK] software alarm: Program cygnus_daq is not running
[midas2cloud,TALK] software alarm: Program cygnus_daq is not running
[midas2cloud,TALK] software alarm: Program cygnus_daq is not running
[midas2cloud,TALK] software alarm: Program cygnus_daq is not running
[midas2cloud,TALK] software alarm: Program cygnus_daq is not running
[midas2cloud,TALK] software alarm: Program cygnus_daq is not running
[midas2cloud,TALK] software alarm: Program cygnus_daq is not running
[midas2cloud,TALK] software alarm: Program cygnus_daq is not running
[midas2cloud,TALK] software alarm: Program cygnus_daq is not running
[midas2cloud,TALK] software alarm: Program cygnus_daq is not running
[midas2cloud,TALK] software alarm: Program cygnus_daq is not running
[midas2cloud,TALK] software alarm: Program cygnus_daq is not running
[midas2cloud,TALK] software alarm: Program cygnus_daq is not running
[midas2cloud,TALK] software alarm: Program cygnus_daq is not running
[midas2cloud,TALK] software alarm: Program cygnus_daq is not running
[midas2cloud,TALK] software alarm: Program cygnus_daq is not running
[midas2cloud,TALK] software alarm: Program cygnus_daq is not running
[midas2cloud,TALK] software alarm: Program cygnus_daq is not running
[midas2cloud,TALK] software alarm: Program cygnus_daq is not running
[midas2cloud,TALK] software alarm: Program cygnus_daq is not running
[midas2cloud,TALK] software alarm: Program cygnus_daq is not running
[midas2cloud,TALK] software alarm: Program cygnus_daq is not running
[midas2cloud,TALK] software alarm: Program cygnus_daq is not running
[midas2cloud,TALK] software alarm: Program cygnus_daq is not running
[midas2cloud,TALK] software alarm: Program cygnus_daq is not running
[midas2cloud,TALK] software alarm: Program cygnus_daq is not running
[midas2cloud,TALK] software alarm: Program cygnus_daq is not running
[midas2cloud,TALK] software alarm: Program cygnus_daq is not running
[midas2cloud,TALK] software alarm: Program cygnus_daq is not running
[midas2cloud,TALK] software alarm: Program cygnus_daq is not running
[midas2cloud,TALK] software alarm: Program cygnus_daq is not running
[midas2cloud,TALK] software alarm: Program cygnus_daq is not running
[midas2cloud,TALK] software alarm: Program cygnus_daq is not running
[midas2cloud,TALK] software alarm: Program cygnus_daq is not running
[midas2cloud,TALK] software alarm: Program cygnus_daq is not running
[midas2cloud,TALK] software alarm: Program cygnus_daq is not running
[midas2cloud,TALK] software alarm: Program cygnus_daq is not running
[midas2cloud,TALK] software alarm: Program cygnus_daq is not running
[midas2cloud,TALK] software alarm: Program cygnus_daq is not running
[midas2cloud,TALK] software alarm: Program cygnus_daq is not running
[midas2cloud,TALK] software alarm: Program cygnus_daq is not running
[midas2cloud,TALK] software alarm: Program cygnus_daq is not running
[midas2cloud,TALK] software alarm: Program cygnus_daq is not running
[midas2cloud,TALK] software alarm: Program cygnus_daq is not running
[midas2cloud,TALK] software alarm: Program cygnus_daq is not running
[midas2cloud,TALK] software alarm: Program cygnus_daq is not running
[midas2cloud,TALK] software alarm: Program cygnus_daq is not running
[midas2cloud,TALK] software alarm: Program cygnus_daq is not running
[midas2cloud,TALK] software alarm: Program cygnus_daq is not running
[midas2cloud,TALK] software alarm: Program cygnus_daq is not running
[midas2cloud,TALK] software alarm: Program cygnus_daq is not running
[midas2cloud,TALK] software alarm: Program cygnus_daq is not running
[midas2cloud,TALK] software alarm: Program cygnus_daq is not running
[midas2cloud,TALK] software alarm: Program cygnus_daq is not running
[midas2cloud,TALK] software alarm: Program cygnus_daq is not running
[midas2cloud,TALK] software alarm: Program cygnus_daq is not running
[midas2cloud,TALK] software alarm: Program cygnus_daq is not running
[midas2cloud,TALK] software alarm: Program cygnus_daq is not running
[midas2cloud,TALK] software alarm: Program cygnus_daq is not running
[midas2cloud,TALK] software alarm: Program cygnus_daq is not running
[midas2cloud,TALK] software alarm: Program cygnus_daq is not running
[midas2cloud,TALK] software alarm: Program cygnus_daq is not running
[midas2cloud,TALK] software alarm: Program cygnus_daq is not running
[midas2cloud,TALK] software alarm: Program cygnus_daq is not running
[midas2cloud,TALK] software alarm: Program cygnus_daq is not running
[midas2cloud,TALK] software alarm: Program cygnus_daq is not running
[midas2cloud,TALK] software alarm: Program cygnus_daq is not running
[midas2cloud,TALK] software alarm: Program cygnus_daq is not running
[midas2cloud,TALK] software alarm: Program cygnus_daq is not running
[midas2cloud,TALK] software alarm: Program cygnus_daq is not running
[midas2cloud,TALK] software alarm: Program cygnus_daq is not running
[midas2cloud,TALK] software alarm: Program cygnus_daq is not running
[midas2cloud,TALK] software alarm: Program cygnus_daq is not running
[midas2cloud,TALK] software alarm: Program cygnus_daq is not running
[midas2cloud,TALK] software alarm: Program cygnus_daq is not running
[midas2cloud,TALK] software alarm: Program cygnus_daq is not running
[midas2cloud,TALK] software alarm: Program cygnus_daq is not running
[midas2cloud,TALK] software alarm: Program cygnus_daq is not running
[midas2cloud,TALK] software alarm: Program cygnus_daq is not running
[midas2cloud,TALK] software alarm: Program cygnus_daq is not running
[midas2cloud,TALK] software alarm: Program cygnus_daq is not running
[midas2cloud,TALK] software alarm: Program cygnus_daq is not running
[midas2cloud,TALK] software alarm: Program cygnus_daq is not running
[midas2cloud,TALK] software alarm: Program cygnus_daq is not running
[midas2cloud,TALK] software alarm: Program cygnus_daq is not running
[midas2cloud,TALK] software alarm: Program cygnus_daq is not running
[midas2cloud,TALK] software alarm: Program cygnus_daq is not running
[midas2cloud,TALK] software alarm: Program cygnus_daq is not running
[midas2cloud,TALK] software alarm: Program cygnus_daq is not running
[midas2cloud,TALK] software alarm: Program cygnus_daq is not running
[midas2cloud,TALK] software alarm: Program cygnus_daq is not running
[midas2cloud,TALK] software alarm: Program cygnus_daq is not running
[midas2cloud,TALK] software alarm: Program cygnus_daq is not running
[midas2cloud,TALK] software alarm: Program cygnus_daq is not running
[midas2cloud,TALK] software alarm: Program cygnus_daq is not running
[midas2cloud,TALK] software alarm: Program cygnus_daq is not running
[midas2cloud,TALK] software alarm: Program cygnus_daq is not running
[midas2cloud,TALK] software alarm: Program cygnus_daq is not running
[midas2cloud,TALK] software alarm: Program cygnus_daq is not running
[midas2cloud,TALK] software alarm: Program cygnus_daq is not running
[midas2cloud,TALK] software alarm: Program cygnus_daq is not running
[midas2cloud,TALK] software alarm: Program cygnus_daq is not running
[midas2cloud,TALK] software alarm: Program cygnus_daq is not running
[midas2cloud,TALK] software alarm: Program cygnus_daq is not running
[midas2cloud,TALK] software alarm: Program cygnus_daq is not running
[midas2cloud,TALK] software alarm: Program cygnus_daq is not running
[midas2cloud,TALK] software alarm: Program cygnus_daq is not running
[midas2cloud,TALK] software alarm: Program cygnus_daq is not running
[midas2cloud,TALK] software alarm: Program cygnus_daq is not running
[midas2cloud,TALK] software alarm: Program cygnus_daq is not running
[midas2cloud,TALK] software alarm: Program cygnus_daq is not running
[midas2cloud,TALK] software alarm: Program cygnus_daq is not running
[midas2cloud,TALK] software alarm: Program cygnus_daq is not running
[midas2cloud,TALK] software alarm: Program cygnus_daq is not running
[midas2cloud,TALK] software alarm: Program cygnus_daq is not running
[midas2cloud,TALK] software alarm: Program cygnus_daq is not running
[midas2cloud,TALK] software alarm: Program cygnus_daq is not running
[midas2cloud,TALK] software alarm: Program cygnus_daq is not running
[midas2cloud,TALK] software alarm: Program cygnus_daq is not running
[midas2cloud,TALK] software alarm: Program cygnus_daq is not running
[midas2cloud,TALK] software alarm: Program cygnus_daq is not running
[midas2cloud,TALK] software alarm: Program cygnus_daq is not running
[midas2cloud,TALK] software alarm: Program cygnus_daq is not running
[midas2cloud,TALK] software alarm: Program cygnus_daq is not running
[midas2cloud,TALK] software alarm: Program cygnus_daq is not running
[midas2cloud,TALK] software alarm: Program cygnus_daq is not running
[midas2cloud,TALK] software alarm: Program cygnus_daq is not running
[midas2cloud,TALK] software alarm: Program cygnus_daq is not running
[midas2cloud,TALK] software alarm: Program cygnus_daq is not running
[midas2cloud,TALK] software alarm: Program cygnus_daq is not running
[midas2cloud,TALK] software alarm: Program cygnus_daq is not running
[midas2cloud,TALK] software alarm: Program cygnus_daq is not running
[midas2cloud,TALK] software alarm: Program cygnus_daq is not running
[midas2cloud,TALK] software alarm: Program cygnus_daq is not running
[midas2cloud,TALK] software alarm: Program cygnus_daq is not running
[midas2cloud,TALK] software alarm: Program cygnus_daq is not running
[midas2cloud,TALK] software alarm: Program cygnus_daq is not running
[midas2cloud,TALK] software alarm: Program cygnus_daq is not running
[midas2cloud,TALK] software alarm: Program cygnus_daq is not running
[midas2cloud,TALK] software alarm: Program cygnus_daq is not running
[midas2cloud,TALK] software alarm: Program cygnus_daq is not running
[midas2cloud,TALK] software alarm: Program cygnus_daq is not running
[midas2cloud,TALK] software alarm: Program cygnus_daq is not running
[midas2cloud,TALK] software alarm: Program cygnus_daq is not running
[midas2cloud,TALK] software alarm: Program cygnus_daq is not running
[midas2cloud,TALK] software alarm: Program cygnus_daq is not running
[midas2cloud,TALK] software alarm: Program cygnus_daq is not running
[midas2cloud,TALK] software alarm: Program cygnus_daq is not running
[midas2cloud,TALK] software alarm: Program cygnus_daq is not running
[midas2cloud,TALK] software alarm: Program cygnus_daq is not running
[midas2cloud,TALK] software alarm: Program cygnus_daq is not running
[midas2cloud,TALK] software alarm: Program cygnus_daq is not running
[midas2cloud,TALK] software alarm: Program cygnus_daq is not running
[midas2cloud,TALK] software alarm: Program cygnus_daq is not running
[midas2cloud,TALK] software alarm: Program cygnus_daq is not running
[midas2cloud,TALK] software alarm: Program cygnus_daq is not running
[midas2cloud,TALK] software alarm: Program cygnus_daq is not running
[midas2cloud,TALK] software alarm: Program cygnus_daq is not running
[midas2cloud,TALK] software alarm: Program cygnus_daq is not running
[midas2cloud,TALK] software alarm: Program cygnus_daq is not running
[midas2cloud,TALK] software alarm: Program cygnus_daq is not running
[midas2cloud,TALK] software alarm: Program cygnus_daq is not running
[midas2cloud,TALK] software alarm: Program cygnus_daq is not running
[midas2cloud,TALK] software alarm: Program cygnus_daq is not running
[midas2cloud,TALK] software alarm: Program cygnus_daq is not running
[midas2cloud,TALK] software alarm: Program cygnus_daq is not running
[midas2cloud,TALK] software alarm: Program cygnus_daq is not running
[midas2cloud,TALK] software alarm: Program cygnus_daq is not running
[midas2cloud,TALK] software alarm: Program cygnus_daq is not running
[midas2cloud,TALK] software alarm: Program cygnus_daq is not running
[midas2cloud,TALK] software alarm: Program cygnus_daq is not running
[midas2cloud,TALK] software alarm: Program cygnus_daq is not running
[midas2cloud,TALK] software alarm: Program cygnus_daq is not running
[midas2cloud,TALK] software alarm: Program cygnus_daq is not running
[midas2cloud,TALK] software alarm: Program cygnus_daq is not running
[midas2cloud,TALK] software alarm: Program cygnus_daq is not running
[midas2cloud,TALK] software alarm: Program cygnus_daq is not running
[midas2cloud,TALK] software alarm: Program cygnus_daq is not running
[midas2cloud,TALK] software alarm: Program cygnus_daq is not running
[midas2cloud,TALK] software alarm: Program cygnus_daq is not running
[midas2cloud,TALK] software alarm: Program cygnus_daq is not running
[midas2cloud,TALK] software alarm: Program cygnus_daq is not running
[midas2cloud,TALK] software alarm: Program cygnus_daq is not running
[midas2cloud,TALK] software alarm: Program cygnus_daq is not running
[midas2cloud,TALK] software alarm: Program cygnus_daq is not running
[midas2cloud,TALK] software alarm: Program cygnus_daq is not running
[midas2cloud,TALK] software alarm: Program cygnus_daq is not running
[midas2cloud,TALK] software alarm: Program cygnus_daq is not running
[midas2cloud,TALK] software alarm: Program cygnus_daq is not running
[midas2cloud,TALK] software alarm: Program cygnus_daq is not running
[midas2cloud,TALK] software alarm: Program cygnus_daq is not running
[midas2cloud,TALK] software alarm: Program cygnus_daq is not running
[midas2cloud,TALK] software alarm: Program cygnus_daq is not running
[midas2cloud,TALK] software alarm: Program cygnus_daq is not running
[midas2cloud,TALK] software alarm: Program cygnus_daq is not running
[midas2cloud,TALK] software alarm: Program cygnus_daq is not running
[midas2cloud,TALK] software alarm: Program cygnus_daq is not running
[midas2cloud,TALK] software alarm: Program cygnus_daq is not running
[midas2cloud,TALK] software alarm: Program cygnus_daq is not running
[midas2cloud,TALK] software alarm: Program cygnus_daq is not running
[midas2cloud,TALK] software alarm: Program cygnus_daq is not running
[midas2cloud,TALK] software alarm: Program cygnus_daq is not running
[midas2cloud,TALK] software alarm: Program cygnus_daq is not running
[midas2cloud,TALK] software alarm: Program cygnus_daq is not running
[midas2cloud,TALK] software alarm: Program cygnus_daq is not running
[midas2cloud,TALK] software alarm: Program cygnus_daq is not running
[midas2cloud,TALK] software alarm: Program cygnus_daq is not running
[midas2cloud,TALK] software alarm: Program cygnus_daq is not running
[midas2cloud,TALK] software alarm: Program cygnus_daq is not running
[midas2cloud,TALK] software alarm: Program cygnus_daq is not running
[midas2cloud,TALK] software alarm: Program cygnus_daq is not running
[midas2cloud,TALK] software alarm: Program cygnus_daq is not running
[midas2cloud,TALK] software alarm: Program cygnus_daq is not running
[midas2cloud,TALK] software alarm: Program cygnus_daq is not running
[midas2cloud,TALK] software alarm: Program cygnus_daq is not running
[midas2cloud,TALK] software alarm: Program cygnus_daq is not running
[midas2cloud,TALK] software alarm: Program cygnus_daq is not running
[midas2cloud,TALK] software alarm: Program cygnus_daq is not running
[midas2cloud,TALK] software alarm: Program cygnus_daq is not running
[midas2cloud,TALK] software alarm: Program cygnus_daq is not running
[midas2cloud,TALK] software alarm: Program cygnus_daq is not running
[midas2cloud,TALK] software alarm: Program cygnus_daq is not running
[midas2cloud,TALK] software alarm: Program cygnus_daq is not running
[midas2cloud,TALK] software alarm: Program cygnus_daq is not running
[midas2cloud,TALK] software alarm: Program cygnus_daq is not running
[midas2cloud,TALK] software alarm: Program cygnus_daq is not running
[midas2cloud,TALK] software alarm: Program cygnus_daq is not running
[midas2cloud,TALK] software alarm: Program cygnus_daq is not running
[midas2cloud,TALK] software alarm: Program cygnus_daq is not running
[midas2cloud,TALK] software alarm: Program cygnus_daq is not running
[midas2cloud,TALK] software alarm: Program cygnus_daq is not running
[midas2cloud,TALK] software alarm: Program cygnus_daq is not running
[midas2cloud,TALK] software alarm: Program cygnus_daq is not running
[midas2cloud,TALK] software alarm: Program cygnus_daq is not running
[midas2cloud,TALK] software alarm: Program cygnus_daq is not running
[midas2cloud,TALK] software alarm: Program cygnus_daq is not running
[midas2cloud,TALK] software alarm: Program cygnus_daq is not running
[midas2cloud,TALK] software alarm: Program cygnus_daq is not running
[midas2cloud,TALK] software alarm: Program cygnus_daq is not running
[midas2cloud,TALK] software alarm: Program cygnus_daq is not running
[midas2cloud,TALK] software alarm: Program cygnus_daq is not running
[midas2cloud,TALK] software alarm: Program cygnus_daq is not running
[midas2cloud,TALK] software alarm: Program cygnus_daq is not running
[midas2cloud,TALK] software alarm: Program cygnus_daq is not running
[midas2cloud,TALK] software alarm: Program cygnus_daq is not running
[midas2cloud,TALK] software alarm: Program cygnus_daq is not running
[midas2cloud,TALK] software alarm: Program cygnus_daq is not running
[midas2cloud,TALK] software alarm: Program cygnus_daq is not running
[midas2cloud,TALK] software alarm: Program cygnus_daq is not running
[midas2cloud,TALK] software alarm: Program cygnus_daq is not running
[midas2cloud,TALK] software alarm: Program cygnus_daq is not running
[midas2cloud,TALK] software alarm: Program cygnus_daq is not running
[midas2cloud,TALK] software alarm: Program cygnus_daq is not running
[midas2cloud,TALK] software alarm: Program cygnus_daq is not running
[midas2cloud,TALK] software alarm: Program cygnus_daq is not running
[midas2cloud,TALK] software alarm: Program cygnus_daq is not running
[midas2cloud,TALK] software alarm: Program cygnus_daq is not running
[midas2cloud,TALK] software alarm: Program cygnus_daq is not running
[midas2cloud,TALK] software alarm: Program cygnus_daq is not running
[midas2cloud,TALK] software alarm: Program cygnus_daq is not running
[midas2cloud,TALK] software alarm: Program cygnus_daq is not running
[midas2cloud,TALK] software alarm: Program cygnus_daq is not running
[midas2cloud,TALK] software alarm: Program cygnus_daq is not running
[midas2cloud,TALK] software alarm: Program cygnus_daq is not running
[midas2cloud,TALK] software alarm: Program cygnus_daq is not running
[midas2cloud,TALK] software alarm: Program cygnus_daq is not running
[midas2cloud,TALK] software alarm: Program cygnus_daq is not running
[midas2cloud,TALK] software alarm: Program cygnus_daq is not running
[midas2cloud,TALK] software alarm: Program cygnus_daq is not running
[midas2cloud,TALK] software alarm: Program cygnus_daq is not running
[midas2cloud,TALK] software alarm: Program cygnus_daq is not running
[midas2cloud,TALK] software alarm: Program cygnus_daq is not running
[midas2cloud,TALK] software alarm: Program cygnus_daq is not running
[midas2cloud,TALK] software alarm: Program cygnus_daq is not running
[midas2cloud,TALK] software alarm: Program cygnus_daq is not running
[midas2cloud,TALK] software alarm: Program cygnus_daq is not running
[midas2cloud,TALK] software alarm: Program cygnus_daq is not running
[midas2cloud,TALK] software alarm: Program cygnus_daq is not running
[midas2cloud,TALK] software alarm: Program cygnus_daq is not running
[midas2cloud,TALK] software alarm: Program cygnus_daq is not running
[midas2cloud,TALK] software alarm: Program cygnus_daq is not running
[midas2cloud,TALK] software alarm: Program cygnus_daq is not running
[midas2cloud,TALK] software alarm: Program cygnus_daq is not running
[midas2cloud,TALK] software alarm: Program cygnus_daq is not running
[midas2cloud,TALK] software alarm: Program cygnus_daq is not running
[midas2cloud,TALK] software alarm: Program cygnus_daq is not running
[midas2cloud,TALK] software alarm: Program cygnus_daq is not running
[midas2cloud,TALK] software alarm: Program cygnus_daq is not running
[midas2cloud,TALK] software alarm: Program cygnus_daq is not running
[midas2cloud,TALK] software alarm: Program cygnus_daq is not running
[midas2cloud,TALK] software alarm: Program cygnus_daq is not running
[midas2cloud,TALK] software alarm: Program cygnus_daq is not running
[midas2cloud,TALK] software alarm: Program cygnus_daq is not running
[midas2cloud,TALK] software alarm: Program cygnus_daq is not running
[midas2cloud,TALK] software alarm: Program cygnus_daq is not running
[midas2cloud,TALK] software alarm: Program cygnus_daq is not running
[midas2cloud,TALK] software alarm: Program cygnus_daq is not running
[midas2cloud,TALK] software alarm: Program cygnus_daq is not running
[midas2cloud,TALK] software alarm: Program cygnus_daq is not running
[midas2cloud,TALK] software alarm: Program cygnus_daq is not running
[midas2cloud,TALK] software alarm: Program cygnus_daq is not running
[midas2cloud,TALK] software alarm: Program cygnus_daq is not running
[midas2cloud,TALK] software alarm: Program cygnus_daq is not running
[midas2cloud,TALK] software alarm: Program cygnus_daq is not running
[midas2cloud,TALK] software alarm: Program cygnus_daq is not running
[midas2cloud,TALK] software alarm: Program cygnus_daq is not running
[midas2cloud,TALK] software alarm: Program cygnus_daq is not running
[midas2cloud,TALK] software alarm: Program cygnus_daq is not running
[midas2cloud,TALK] software alarm: Program cygnus_daq is not running
[midas2cloud,TALK] software alarm: Program cygnus_daq is not running
[midas2cloud,TALK] software alarm: Program cygnus_daq is not running
[midas2cloud,TALK] software alarm: Program cygnus_daq is not running
[midas2cloud,TALK] software alarm: Program cygnus_daq is not running
[midas2cloud,TALK] software alarm: Program cygnus_daq is not running
[midas2cloud,TALK] software alarm: Program cygnus_daq is not running
[midas2cloud,TALK] software alarm: Program cygnus_daq is not running
[midas2cloud,TALK] software alarm: Program cygnus_daq is not running
[midas2cloud,TALK] software alarm: Program cygnus_daq is not running
[midas2cloud,TALK] software alarm: Program cygnus_daq is not running
[midas2cloud,TALK] software alarm: Program cygnus_daq is not running
[midas2cloud,TALK] software alarm: Program cygnus_daq is not running
[midas2cloud,TALK] software alarm: Program cygnus_daq is not running
[midas2cloud,TALK] software alarm: Program cygnus_daq is not running
[midas2cloud,TALK] software alarm: Program cygnus_daq is not running
[midas2cloud,TALK] software alarm: Program cygnus_daq is not running
[midas2cloud,TALK] software alarm: Program cygnus_daq is not running
[midas2cloud,TALK] software alarm: Program cygnus_daq is not running
[midas2cloud,TALK] software alarm: Program cygnus_daq is not running
[midas2cloud,TALK] software alarm: Program cygnus_daq is not running
[midas2cloud,TALK] software alarm: Program cygnus_daq is not running
[midas2cloud,TALK] software alarm: Program cygnus_daq is not running
[midas2cloud,TALK] software alarm: Program cygnus_daq is not running
[midas2cloud,TALK] software alarm: Program cygnus_daq is not running
[midas2cloud,TALK] software alarm: Program cygnus_daq is not running
[midas2cloud,TALK] software alarm: Program cygnus_daq is not running
[midas2cloud,TALK] software alarm: Program cygnus_daq is not running
[midas2cloud,TALK] software alarm: Program cygnus_daq is not running
[midas2cloud,TALK] software alarm: Program cygnus_daq is not running
[midas2cloud,TALK] software alarm: Program cygnus_daq is not running
[midas2cloud,TALK] software alarm: Program cygnus_daq is not running
[midas2cloud,TALK] software alarm: Program cygnus_daq is not running
[midas2cloud,TALK] software alarm: Program cygnus_daq is not running
[midas2cloud,TALK] software alarm: Program cygnus_daq is not running
[midas2cloud,TALK] software alarm: Program cygnus_daq is not running
[midas2cloud,TALK] software alarm: Program cygnus_daq is not running
[midas2cloud,TALK] software alarm: Program cygnus_daq is not running
[midas2cloud,TALK] software alarm: Program cygnus_daq is not running
[midas2cloud,TALK] software alarm: Program cygnus_daq is not running
[midas2cloud,TALK] software alarm: Program cygnus_daq is not running
[midas2cloud,TALK] software alarm: Program cygnus_daq is not running
[midas2cloud,TALK] software alarm: Program cygnus_daq is not running
[midas2cloud,TALK] software alarm: Program cygnus_daq is not running
[midas2cloud,TALK] software alarm: Program cygnus_daq is not running
[midas2cloud,TALK] software alarm: Program cygnus_daq is not running
[midas2cloud,TALK] software alarm: Program cygnus_daq is not running
[midas2cloud,TALK] software alarm: Program cygnus_daq is not running
[midas2cloud,TALK] software alarm: Program cygnus_daq is not running
[midas2cloud,TALK] software alarm: Program cygnus_daq is not running
[midas2cloud,TALK] software alarm: Program cygnus_daq is not running
[midas2cloud,TALK] software alarm: Program cygnus_daq is not running
[midas2cloud,TALK] software alarm: Program cygnus_daq is not running
[midas2cloud,TALK] software alarm: Program cygnus_daq is not running
[midas2cloud,TALK] software alarm: Program cygnus_daq is not running
[midas2cloud,TALK] software alarm: Program cygnus_daq is not running
[midas2cloud,TALK] software alarm: Program cygnus_daq is not running
[midas2cloud,TALK] software alarm: Program cygnus_daq is not running
[midas2cloud,TALK] software alarm: Program cygnus_daq is not running
[midas2cloud,TALK] software alarm: Program cygnus_daq is not running
[midas2cloud,TALK] software alarm: Program cygnus_daq is not running
[midas2cloud,TALK] software alarm: Program cygnus_daq is not running
[midas2cloud,TALK] software alarm: Program cygnus_daq is not running
[midas2cloud,TALK] software alarm: Program cygnus_daq is not running
[midas2cloud,TALK] software alarm: Program cygnus_daq is not running
[midas2cloud,TALK] software alarm: Program cygnus_daq is not running
[midas2cloud,TALK] software alarm: Program cygnus_daq is not running
[midas2cloud,TALK] software alarm: Program cygnus_daq is not running
[midas2cloud,TALK] software alarm: Program cygnus_daq is not running
[midas2cloud,TALK] software alarm: Program cygnus_daq is not running
[midas2cloud,TALK] software alarm: Program cygnus_daq is not running
[midas2cloud,TALK] software alarm: Program cygnus_daq is not running
[midas2cloud,TALK] software alarm: Program cygnus_daq is not running
[midas2cloud,TALK] software alarm: Program cygnus_daq is not running
[midas2cloud,TALK] software alarm: Program cygnus_daq is not running
[midas2cloud,TALK] software alarm: Program cygnus_daq is not running
[midas2cloud,TALK] software alarm: Program cygnus_daq is not running
[midas2cloud,TALK] software alarm: Program cygnus_daq is not running
[midas2cloud,TALK] software alarm: Program cygnus_daq is not running
[midas2cloud,TALK] software alarm: Program cygnus_daq is not running
[midas2cloud,TALK] software alarm: Program cygnus_daq is not running
[midas2cloud,TALK] software alarm: Program cygnus_daq is not running
[midas2cloud,TALK] software alarm: Program cygnus_daq is not running
[midas2cloud,TALK] software alarm: Program cygnus_daq is not running
[midas2cloud,TALK] software alarm: Program cygnus_daq is not running
[midas2cloud,TALK] software alarm: Program cygnus_daq is not running
[midas2cloud,TALK] software alarm: Program cygnus_daq is not running
[midas2cloud,TALK] software alarm: Program cygnus_daq is not running
[midas2cloud,TALK] software alarm: Program cygnus_daq is not running
[midas2cloud,TALK] software alarm: Program cygnus_daq is not running
[midas2cloud,TALK] software alarm: Program cygnus_daq is not running
[midas2cloud,TALK] software alarm: Program cygnus_daq is not running
[midas2cloud,TALK] software alarm: Program cygnus_daq is not running
[midas2cloud,TALK] software alarm: Program cygnus_daq is not running
[midas2cloud,TALK] software alarm: Program cygnus_daq is not running
[midas2cloud,TALK] software alarm: Program cygnus_daq is not running
[midas2cloud,TALK] software alarm: Program cygnus_daq is not running
[midas2cloud,TALK] software alarm: Program cygnus_daq is not running
[midas2cloud,TALK] software alarm: Program cygnus_daq is not running
[midas2cloud,TALK] software alarm: Program cygnus_daq is not running
[midas2cloud,TALK] software alarm: Program cygnus_daq is not running
[midas2cloud,TALK] software alarm: Program cygnus_daq is not running
[midas2cloud,TALK] software alarm: Program cygnus_daq is not running
[midas2cloud,TALK] software alarm: Program cygnus_daq is not running
[midas2cloud,TALK] software alarm: Program cygnus_daq is not running
[midas2cloud,TALK] software alarm: Program cygnus_daq is not running
[midas2cloud,TALK] software alarm: Program cygnus_daq is not running
[midas2cloud,TALK] software alarm: Program cygnus_daq is not running
[midas2cloud,TALK] software alarm: Program cygnus_daq is not running
[midas2cloud,TALK] software alarm: Program cygnus_daq is not running
[midas2cloud,TALK] software alarm: Program cygnus_daq is not running
[midas2cloud,TALK] software alarm: Program cygnus_daq is not running
[midas2cloud,TALK] software alarm: Program cygnus_daq is not running
[midas2cloud,TALK] software alarm: Program cygnus_daq is not running
[midas2cloud,TALK] software alarm: Program cygnus_daq is not running
[midas2cloud,TALK] software alarm: Program cygnus_daq is not running
[midas2cloud,TALK] software alarm: Program cygnus_daq is not running
[midas2cloud,TALK] software alarm: Program cygnus_daq is not running
[midas2cloud,TALK] software alarm: Program cygnus_daq is not running
[midas2cloud,TALK] software alarm: Program cygnus_daq is not running
[midas2cloud,TALK] software alarm: Program cygnus_daq is not running
[midas2cloud,TALK] software alarm: Program cygnus_daq is not running
[midas2cloud,TALK] software alarm: Program cygnus_daq is not running
[midas2cloud,TALK] software alarm: Program cygnus_daq is not running
[midas2cloud,TALK] software alarm: Program cygnus_daq is not running
[midas2cloud,TALK] software alarm: Program cygnus_daq is not running
[midas2cloud,TALK] software alarm: Program cygnus_daq is not running
[midas2cloud,TALK] software alarm: Program cygnus_daq is not running
[midas2cloud,TALK] software alarm: Program cygnus_daq is not running
[midas2cloud,TALK] software alarm: Program cygnus_daq is not running
[midas2cloud,TALK] software alarm: Program cygnus_daq is not running
[midas2cloud,TALK] software alarm: Program cygnus_daq is not running
[midas2cloud,TALK] software alarm: Program cygnus_daq is not running
[midas2cloud,TALK] software alarm: Program cygnus_daq is not running
[midas2cloud,TALK] software alarm: Program cygnus_daq is not running
[midas2cloud,TALK] software alarm: Program cygnus_daq is not running
[midas2cloud,TALK] software alarm: Program cygnus_daq is not running
[midas2cloud,TALK] software alarm: Program cygnus_daq is not running
[midas2cloud,TALK] software alarm: Program cygnus_daq is not running
[midas2cloud,TALK] software alarm: Program cygnus_daq is not running
[midas2cloud,TALK] software alarm: Program cygnus_daq is not running
[midas2cloud,TALK] software alarm: Program cygnus_daq is not running
[midas2cloud,TALK] software alarm: Program cygnus_daq is not running
[midas2cloud,TALK] software alarm: Program cygnus_daq is not running
[midas2cloud,TALK] software alarm: Program cygnus_daq is not running
[midas2cloud,TALK] software alarm: Program cygnus_daq is not running
[midas2cloud,TALK] software alarm: Program cygnus_daq is not running
[midas2cloud,TALK] software alarm: Program cygnus_daq is not running
[midas2cloud,TALK] software alarm: Program cygnus_daq is not running
[midas2cloud,TALK] software alarm: Program cygnus_daq is not running
[midas2cloud,TALK] software alarm: Program cygnus_daq is not running
[midas2cloud,TALK] software alarm: Program cygnus_daq is not running
[midas2cloud,TALK] software alarm: Program cygnus_daq is not running
[midas2cloud,TALK] software alarm: Program cygnus_daq is not running
[midas2cloud,TALK] software alarm: Program cygnus_daq is not running
[midas2cloud,TALK] software alarm: Program cygnus_daq is not running
[midas2cloud,TALK] software alarm: Program cygnus_daq is not running
[midas2cloud,TALK] software alarm: Program cygnus_daq is not running
[midas2cloud,TALK] software alarm: Program cygnus_daq is not running
[midas2cloud,TALK] software alarm: Program cygnus_daq is not running
[midas2cloud,TALK] software alarm: Program cygnus_daq is not running
[midas2cloud,TALK] software alarm: Program cygnus_daq is not running
[midas2cloud,TALK] software alarm: Program cygnus_daq is not running
[midas2cloud,TALK] software alarm: Program cygnus_daq is not running
[midas2cloud,TALK] software alarm: Program cygnus_daq is not running
[midas2cloud,TALK] software alarm: Program cygnus_daq is not running
[midas2cloud,TALK] software alarm: Program cygnus_daq is not running
[midas2cloud,TALK] software alarm: Program cygnus_daq is not running
[midas2cloud,TALK] software alarm: Program cygnus_daq is not running
[midas2cloud,TALK] software alarm: Program cygnus_daq is not running
[midas2cloud,TALK] software alarm: Program cygnus_daq is not running
[midas2cloud,TALK] software alarm: Program cygnus_daq is not running
[midas2cloud,TALK] software alarm: Program cygnus_daq is not running
[midas2cloud,TALK] software alarm: Program cygnus_daq is not running
[midas2cloud,TALK] software alarm: Program cygnus_daq is not running
[midas2cloud,TALK] software alarm: Program cygnus_daq is not running
[midas2cloud,TALK] software alarm: Program cygnus_daq is not running
[midas2cloud,TALK] software alarm: Program cygnus_daq is not running
[midas2cloud,TALK] software alarm: Program cygnus_daq is not running
[midas2cloud,TALK] software alarm: Program cygnus_daq is not running
[midas2cloud,TALK] software alarm: Program cygnus_daq is not running
[midas2cloud,TALK] software alarm: Program cygnus_daq is not running
[midas2cloud,TALK] software alarm: Program cygnus_daq is not running
[midas2cloud,TALK] software alarm: Program cygnus_daq is not running
[midas2cloud,TALK] software alarm: Program cygnus_daq is not running
[midas2cloud,TALK] software alarm: Program cygnus_daq is not running
[midas2cloud,TALK] software alarm: Program cygnus_daq is not running
[midas2cloud,TALK] software alarm: Program cygnus_daq is not running
[midas2cloud,TALK] software alarm: Program cygnus_daq is not running
[midas2cloud,TALK] software alarm: Program cygnus_daq is not running
[midas2cloud,TALK] software alarm: Program cygnus_daq is not running
[midas2cloud,TALK] software alarm: Program cygnus_daq is not running
[midas2cloud,TALK] software alarm: Program cygnus_daq is not running
[midas2cloud,TALK] software alarm: Program cygnus_daq is not running
[midas2cloud,TALK] software alarm: Program cygnus_daq is not running
[midas2cloud,TALK] software alarm: Program cygnus_daq is not running
[midas2cloud,TALK] software alarm: Program cygnus_daq is not running
[midas2cloud,TALK] software alarm: Program cygnus_daq is not running
[midas2cloud,TALK] software alarm: Program cygnus_daq is not running
[midas2cloud,TALK] software alarm: Program cygnus_daq is not running
[midas2cloud,TALK] software alarm: Program cygnus_daq is not running
[midas2cloud,TALK] software alarm: Program cygnus_daq is not running
[midas2cloud,TALK] software alarm: Program cygnus_daq is not running
[midas2cloud,TALK] software alarm: Program cygnus_daq is not running
[midas2cloud,TALK] software alarm: Program cygnus_daq is not running
[midas2cloud,TALK] software alarm: Program cygnus_daq is not running
[midas2cloud,TALK] software alarm: Program cygnus_daq is not running
[midas2cloud,TALK] software alarm: Program cygnus_daq is not running
[midas2cloud,TALK] software alarm: Program cygnus_daq is not running
[midas2cloud,TALK] software alarm: Program cygnus_daq is not running
[midas2cloud,TALK] software alarm: Program cygnus_daq is not running
[midas2cloud,TALK] software alarm: Program cygnus_daq is not running
[midas2cloud,TALK] software alarm: Program cygnus_daq is not running
[midas2cloud,TALK] software alarm: Program cygnus_daq is not running
[midas2cloud,TALK] software alarm: Program cygnus_daq is not running
[midas2cloud,TALK] software alarm: Program cygnus_daq is not running
[midas2cloud,TALK] software alarm: Program cygnus_daq is not running
[midas2cloud,TALK] software alarm: Program cygnus_daq is not running
[midas2cloud,TALK] software alarm: Program cygnus_daq is not running
[midas2cloud,TALK] software alarm: Program cygnus_daq is not running
[midas2cloud,TALK] software alarm: Program cygnus_daq is not running
[midas2cloud,TALK] software alarm: Program cygnus_daq is not running
[midas2cloud,TALK] software alarm: Program cygnus_daq is not running
[midas2cloud,TALK] software alarm: Program cygnus_daq is not running
[midas2cloud,TALK] software alarm: Program cygnus_daq is not running
[midas2cloud,TALK] software alarm: Program cygnus_daq is not running
[midas2cloud,TALK] software alarm: Program cygnus_daq is not running
[midas2cloud,TALK] software alarm: Program cygnus_daq is not running
[midas2cloud,TALK] software alarm: Program cygnus_daq is not running
[midas2cloud,TALK] software alarm: Program cygnus_daq is not running
[midas2cloud,TALK] software alarm: Program cygnus_daq is not running
[midas2cloud,TALK] software alarm: Program cygnus_daq is not running
[midas2cloud,TALK] software alarm: Program cygnus_daq is not running
[midas2cloud,TALK] software alarm: Program cygnus_daq is not running
[midas2cloud,TALK] software alarm: Program cygnus_daq is not running
[midas2cloud,TALK] software alarm: Program cygnus_daq is not running
[midas2cloud,TALK] software alarm: Program cygnus_daq is not running
[midas2cloud,TALK] software alarm: Program cygnus_daq is not running
[midas2cloud,TALK] software alarm: Program cygnus_daq is not running
[midas2cloud,TALK] software alarm: Program cygnus_daq is not running
[midas2cloud,TALK] software alarm: Program cygnus_daq is not running
[midas2cloud,TALK] software alarm: Program cygnus_daq is not running
[midas2cloud,TALK] software alarm: Program cygnus_daq is not running
[midas2cloud,TALK] software alarm: Program cygnus_daq is not running
[midas2cloud,TALK] software alarm: Program cygnus_daq is not running
[midas2cloud,TALK] software alarm: Program cygnus_daq is not running
[midas2cloud,TALK] software alarm: Program cygnus_daq is not running
[midas2cloud,TALK] software alarm: Program cygnus_daq is not running
[midas2cloud,TALK] software alarm: Program cygnus_daq is not running
[midas2cloud,TALK] software alarm: Program cygnus_daq is not running
[midas2cloud,TALK] software alarm: Program cygnus_daq is not running
[midas2cloud,TALK] software alarm: Program cygnus_daq is not running
[midas2cloud,TALK] software alarm: Program cygnus_daq is not running
[midas2cloud,TALK] software alarm: Program cygnus_daq is not running
[midas2cloud,TALK] software alarm: Program cygnus_daq is not running
[midas2cloud,TALK] software alarm: Program cygnus_daq is not running
[midas2cloud,TALK] software alarm: Program cygnus_daq is not running
[midas2cloud,TALK] software alarm: Program cygnus_daq is not running
[midas2cloud,TALK] software alarm: Program cygnus_daq is not running
[midas2cloud,TALK] software alarm: Program cygnus_daq is not running
[midas2cloud,TALK] software alarm: Program cygnus_daq is not running
[midas2cloud,TALK] software alarm: Program cygnus_daq is not running
[midas2cloud,TALK] software alarm: Program cygnus_daq is not running
[midas2cloud,TALK] software alarm: Program cygnus_daq is not running
[midas2cloud,TALK] software alarm: Program cygnus_daq is not running
[midas2cloud,TALK] software alarm: Program cygnus_daq is not running
[midas2cloud,TALK] software alarm: Program cygnus_daq is not running
[midas2cloud,TALK] software alarm: Program cygnus_daq is not running
[midas2cloud,TALK] software alarm: Program cygnus_daq is not running
[midas2cloud,TALK] software alarm: Program cygnus_daq is not running
[midas2cloud,TALK] software alarm: Program cygnus_daq is not running
[midas2cloud,TALK] software alarm: Program cygnus_daq is not running
[midas2cloud,TALK] software alarm: Program cygnus_daq is not running
[midas2cloud,TALK] software alarm: Program cygnus_daq is not running
[midas2cloud,TALK] software alarm: Program cygnus_daq is not running
[midas2cloud,TALK] software alarm: Program cygnus_daq is not running
[midas2cloud,TALK] software alarm: Program cygnus_daq is not running
[midas2cloud,TALK] software alarm: Program cygnus_daq is not running
[midas2cloud,TALK] software alarm: Program cygnus_daq is not running
[midas2cloud,TALK] software alarm: Program cygnus_daq is not running
[midas2cloud,TALK] software alarm: Program cygnus_daq is not running
[midas2cloud,TALK] software alarm: Program cygnus_daq is not running
[midas2cloud,TALK] software alarm: Program cygnus_daq is not running
[midas2cloud,TALK] software alarm: Program cygnus_daq is not running
[midas2cloud,TALK] software alarm: Program cygnus_daq is not running
[midas2cloud,TALK] software alarm: Program cygnus_daq is not running
[midas2cloud,TALK] software alarm: Program cygnus_daq is not running
[midas2cloud,TALK] software alarm: Program cygnus_daq is not running
[midas2cloud,TALK] software alarm: Program cygnus_daq is not running
[midas2cloud,TALK] software alarm: Program cygnus_daq is not running
[midas2cloud,TALK] software alarm: Program cygnus_daq is not running
[midas2cloud,TALK] software alarm: Program cygnus_daq is not running
[midas2cloud,TALK] software alarm: Program cygnus_daq is not running
[midas2cloud,TALK] software alarm: Program cygnus_daq is not running
[midas2cloud,TALK] software alarm: Program cygnus_daq is not running
[midas2cloud,TALK] software alarm: Program cygnus_daq is not running
[midas2cloud,TALK] software alarm: Program cygnus_daq is not running
[midas2cloud,TALK] software alarm: Program cygnus_daq is not running
[midas2cloud,TALK] software alarm: Program cygnus_daq is not running
[midas2cloud,TALK] software alarm: Program cygnus_daq is not running
[midas2cloud,TALK] software alarm: Program cygnus_daq is not running
[midas2cloud,TALK] software alarm: Program cygnus_daq is not running
[midas2cloud,TALK] software alarm: Program cygnus_daq is not running
[midas2cloud,TALK] software alarm: Program cygnus_daq is not running
[midas2cloud,TALK] software alarm: Program cygnus_daq is not running
[midas2cloud,TALK] software alarm: Program cygnus_daq is not running
[midas2cloud,TALK] software alarm: Program cygnus_daq is not running
[midas2cloud,TALK] software alarm: Program cygnus_daq is not running
[midas2cloud,TALK] software alarm: Program cygnus_daq is not running
[midas2cloud,TALK] software alarm: Program cygnus_daq is not running
[midas2cloud,TALK] software alarm: Program cygnus_daq is not running
[midas2cloud,TALK] software alarm: Program cygnus_daq is not running
[midas2cloud,TALK] software alarm: Program cygnus_daq is not running
[midas2cloud,TALK] software alarm: Program cygnus_daq is not running
[midas2cloud,TALK] software alarm: Program cygnus_daq is not running
[midas2cloud,TALK] software alarm: Program cygnus_daq is not running
[midas2cloud,TALK] software alarm: Program cygnus_daq is not running
[midas2cloud,TALK] software alarm: Program cygnus_daq is not running
[midas2cloud,TALK] software alarm: Program cygnus_daq is not running
[midas2cloud,TALK] software alarm: Program cygnus_daq is not running
[midas2cloud,TALK] software alarm: Program cygnus_daq is not running
[midas2cloud,TALK] software alarm: Program cygnus_daq is not running
[midas2cloud,TALK] software alarm: Program cygnus_daq is not running
[midas2cloud,TALK] software alarm: Program cygnus_daq is not running
[midas2cloud,TALK] software alarm: Program cygnus_daq is not running
[midas2cloud,TALK] software alarm: Program cygnus_daq is not running
[midas2cloud,TALK] software alarm: Program cygnus_daq is not running
[midas2cloud,TALK] software alarm: Program cygnus_daq is not running
[midas2cloud,TALK] software alarm: Program cygnus_daq is not running
[midas2cloud,TALK] software alarm: Program cygnus_daq is not running
[midas2cloud,TALK] software alarm: Program cygnus_daq is not running
[midas2cloud,TALK] software alarm: Program cygnus_daq is not running
[midas2cloud,TALK] software alarm: Program cygnus_daq is not running
[midas2cloud,TALK] software alarm: Program cygnus_daq is not running
[midas2cloud,TALK] software alarm: Program cygnus_daq is not running
[midas2cloud,TALK] software alarm: Program cygnus_daq is not running
[midas2cloud,TALK] software alarm: Program cygnus_daq is not running
[midas2cloud,TALK] software alarm: Program cygnus_daq is not running
[midas2cloud,TALK] software alarm: Program cygnus_daq is not running
[midas2cloud,TALK] software alarm: Program cygnus_daq is not running
[midas2cloud,TALK] software alarm: Program cygnus_daq is not running
[midas2cloud,TALK] software alarm: Program cygnus_daq is not running
[midas2cloud,TALK] software alarm: Program cygnus_daq is not running
[midas2cloud,TALK] software alarm: Program cygnus_daq is not running
[midas2cloud,TALK] software alarm: Program cygnus_daq is not running
[midas2cloud,TALK] software alarm: Program cygnus_daq is not running
[midas2cloud,TALK] software alarm: Program cygnus_daq is not running
[midas2cloud,TALK] software alarm: Program cygnus_daq is not running
[midas2cloud,TALK] software alarm: Program cygnus_daq is not running
[midas2cloud,TALK] software alarm: Program cygnus_daq is not running
[midas2cloud,TALK] software alarm: Program cygnus_daq is not running
[midas2cloud,TALK] software alarm: Program cygnus_daq is not running
[midas2cloud,TALK] software alarm: Program cygnus_daq is not running
[midas2cloud,TALK] software alarm: Program cygnus_daq is not running
[midas2cloud,TALK] software alarm: Program cygnus_daq is not running
[midas2cloud,TALK] software alarm: Program cygnus_daq is not running
[midas2cloud,TALK] software alarm: Program cygnus_daq is not running
[midas2cloud,TALK] software alarm: Program cygnus_daq is not running
[midas2cloud,TALK] software alarm: Program cygnus_daq is not running
[midas2cloud,TALK] software alarm: Program cygnus_daq is not running
[midas2cloud,TALK] software alarm: Program cygnus_daq is not running
[midas2cloud,TALK] software alarm: Program cygnus_daq is not running
[midas2cloud,TALK] software alarm: Program cygnus_daq is not running
[midas2cloud,TALK] software alarm: Program cygnus_daq is not running
[midas2cloud,TALK] software alarm: Program cygnus_daq is not running
[midas2cloud,TALK] software alarm: Program cygnus_daq is not running
[midas2cloud,TALK] software alarm: Program cygnus_daq is not running
[midas2cloud,TALK] software alarm: Program cygnus_daq is not running
[midas2cloud,TALK] software alarm: Program cygnus_daq is not running
[midas2cloud,TALK] software alarm: Program cygnus_daq is not running
[midas2cloud,TALK] software alarm: Program cygnus_daq is not running
[midas2cloud,TALK] software alarm: Program cygnus_daq is not running
[midas2cloud,TALK] software alarm: Program cygnus_daq is not running
[midas2cloud,TALK] software alarm: Program cygnus_daq is not running
[midas2cloud,TALK] software alarm: Program cygnus_daq is not running
[midas2cloud,TALK] software alarm: Program cygnus_daq is not running
[midas2cloud,TALK] software alarm: Program cygnus_daq is not running
[midas2cloud,TALK] software alarm: Program cygnus_daq is not running
[midas2cloud,TALK] software alarm: Program cygnus_daq is not running
[midas2cloud,TALK] software alarm: Program cygnus_daq is not running
[midas2cloud,TALK] software alarm: Program cygnus_daq is not running
[midas2cloud,TALK] software alarm: Program cygnus_daq is not running
[midas2cloud,TALK] software alarm: Program cygnus_daq is not running
[midas2cloud,TALK] software alarm: Program cygnus_daq is not running
[midas2cloud,TALK] software alarm: Program cygnus_daq is not running
[midas2cloud,TALK] software alarm: Program cygnus_daq is not running
[midas2cloud,TALK] software alarm: Program cygnus_daq is not running
[midas2cloud,TALK] software alarm: Program cygnus_daq is not running
[midas2cloud,TALK] software alarm: Program cygnus_daq is not running
[midas2cloud,TALK] software alarm: Program cygnus_daq is not running
[midas2cloud,TALK] software alarm: Program cygnus_daq is not running
[midas2cloud,TALK] software alarm: Program cygnus_daq is not running
[midas2cloud,TALK] software alarm: Program cygnus_daq is not running
[midas2cloud,TALK] software alarm: Program cygnus_daq is not running
[midas2cloud,TALK] software alarm: Program cygnus_daq is not running
[midas2cloud,TALK] software alarm: Program cygnus_daq is not running
[midas2cloud,TALK] software alarm: Program cygnus_daq is not running
[midas2cloud,TALK] software alarm: Program cygnus_daq is not running
[midas2cloud,TALK] software alarm: Program cygnus_daq is not running
[midas2cloud,TALK] software alarm: Program cygnus_daq is not running
[midas2cloud,TALK] software alarm: Program cygnus_daq is not running
[midas2cloud,TALK] software alarm: Program cygnus_daq is not running
[midas2cloud,TALK] software alarm: Program cygnus_daq is not running
[midas2cloud,TALK] software alarm: Program cygnus_daq is not running
[midas2cloud,TALK] software alarm: Program cygnus_daq is not running
[midas2cloud,TALK] software alarm: Program cygnus_daq is not running
[midas2cloud,TALK] software alarm: Program cygnus_daq is not running
[midas2cloud,TALK] software alarm: Program cygnus_daq is not running
[midas2cloud,TALK] software alarm: Program cygnus_daq is not running
[midas2cloud,TALK] software alarm: Program cygnus_daq is not running
[midas2cloud,TALK] software alarm: Program cygnus_daq is not running
[midas2cloud,TALK] software alarm: Program cygnus_daq is not running
[midas2cloud,TALK] software alarm: Program cygnus_daq is not running
[midas2cloud,TALK] software alarm: Program cygnus_daq is not running
[midas2cloud,TALK] software alarm: Program cygnus_daq is not running
[midas2cloud,TALK] software alarm: Program cygnus_daq is not running
[midas2cloud,TALK] software alarm: Program cygnus_daq is not running
[midas2cloud,TALK] software alarm: Program cygnus_daq is not running
[midas2cloud,TALK] software alarm: Program cygnus_daq is not running
[midas2cloud,TALK] software alarm: Program cygnus_daq is not running
[midas2cloud,TALK] software alarm: Program cygnus_daq is not running
[midas2cloud,TALK] software alarm: Program cygnus_daq is not running
[midas2cloud,TALK] software alarm: Program cygnus_daq is not running
[midas2cloud,TALK] software alarm: Program cygnus_daq is not running
[midas2cloud,TALK] software alarm: Program cygnus_daq is not running
[midas2cloud,TALK] software alarm: Program cygnus_daq is not running
[midas2cloud,TALK] software alarm: Program cygnus_daq is not running
[midas2cloud,TALK] software alarm: Program cygnus_daq is not running
[midas2cloud,TALK] software alarm: Program cygnus_daq is not running
[midas2cloud,TALK] software alarm: Program cygnus_daq is not running
[midas2cloud,TALK] software alarm: Program cygnus_daq is not running
[midas2cloud,TALK] software alarm: Program cygnus_daq is not running
[midas2cloud,TALK] software alarm: Program cygnus_daq is not running
[midas2cloud,TALK] software alarm: Program cygnus_daq is not running
[midas2cloud,TALK] software alarm: Program cygnus_daq is not running
[midas2cloud,TALK] software alarm: Program cygnus_daq is not running
[midas2cloud,TALK] software alarm: Program cygnus_daq is not running
[midas2cloud,TALK] software alarm: Program cygnus_daq is not running
[midas2cloud,TALK] software alarm: Program cygnus_daq is not running
[midas2cloud,TALK] software alarm: Program cygnus_daq is not running
[midas2cloud,TALK] software alarm: Program cygnus_daq is not running
[midas2cloud,TALK] software alarm: Program cygnus_daq is not running
[midas2cloud,TALK] software alarm: Program cygnus_daq is not running
[midas2cloud,TALK] software alarm: Program cygnus_daq is not running
[midas2cloud,TALK] software alarm: Program cygnus_daq is not running
[midas2cloud,TALK] software alarm: Program cygnus_daq is not running
[midas2cloud,TALK] software alarm: Program cygnus_daq is not running
[midas2cloud,TALK] software alarm: Program cygnus_daq is not running
[midas2cloud,TALK] software alarm: Program cygnus_daq is not running
[midas2cloud,TALK] software alarm: Program cygnus_daq is not running
[midas2cloud,TALK] software alarm: Program cygnus_daq is not running
[midas2cloud,TALK] software alarm: Program cygnus_daq is not running
[midas2cloud,TALK] software alarm: Program cygnus_daq is not running
[midas2cloud,TALK] software alarm: Program cygnus_daq is not running
[midas2cloud,TALK] software alarm: Program cygnus_daq is not running
[midas2cloud,TALK] software alarm: Program cygnus_daq is not running
[midas2cloud,TALK] software alarm: Program cygnus_daq is not running
[midas2cloud,TALK] software alarm: Program cygnus_daq is not running
[midas2cloud,TALK] software alarm: Program cygnus_daq is not running
[midas2cloud,TALK] software alarm: Program cygnus_daq is not running
[midas2cloud,TALK] software alarm: Program cygnus_daq is not running
[midas2cloud,TALK] software alarm: Program cygnus_daq is not running
[midas2cloud,TALK] software alarm: Program cygnus_daq is not running
[midas2cloud,TALK] software alarm: Program cygnus_daq is not running
[midas2cloud,TALK] software alarm: Program cygnus_daq is not running
[midas2cloud,TALK] software alarm: Program cygnus_daq is not running
[midas2cloud,TALK] software alarm: Program cygnus_daq is not running
[midas2cloud,TALK] software alarm: Program cygnus_daq is not running
[midas2cloud,TALK] software alarm: Program cygnus_daq is not running
[midas2cloud,TALK] software alarm: Program cygnus_daq is not running
[midas2cloud,TALK] software alarm: Program cygnus_daq is not running
[midas2cloud,TALK] software alarm: Program cygnus_daq is not running
[midas2cloud,TALK] software alarm: Program cygnus_daq is not running
[midas2cloud,TALK] software alarm: Program cygnus_daq is not running
[midas2cloud,TALK] software alarm: Program cygnus_daq is not running
[midas2cloud,TALK] software alarm: Program cygnus_daq is not running
[midas2cloud,TALK] software alarm: Program cygnus_daq is not running
[midas2cloud,TALK] software alarm: Program cygnus_daq is not running
[midas2cloud,TALK] software alarm: Program cygnus_daq is not running
[midas2cloud,TALK] software alarm: Program cygnus_daq is not running
[midas2cloud,TALK] software alarm: Program cygnus_daq is not running
[midas2cloud,TALK] software alarm: Program cygnus_daq is not running
[midas2cloud,TALK] software alarm: Program cygnus_daq is not running
[midas2cloud,TALK] software alarm: Program cygnus_daq is not running
[midas2cloud,TALK] software alarm: Program cygnus_daq is not running
[midas2cloud,TALK] software alarm: Program cygnus_daq is not running
[midas2cloud,TALK] software alarm: Program cygnus_daq is not running
[midas2cloud,TALK] software alarm: Program cygnus_daq is not running
[midas2cloud,TALK] software alarm: Program cygnus_daq is not running
[midas2cloud,TALK] software alarm: Program cygnus_daq is not running
[midas2cloud,TALK] software alarm: Program cygnus_daq is not running
[midas2cloud,TALK] software alarm: Program cygnus_daq is not running
[midas2cloud,TALK] software alarm: Program cygnus_daq is not running
[midas2cloud,TALK] software alarm: Program cygnus_daq is not running
[midas2cloud,TALK] software alarm: Program cygnus_daq is not running
[midas2cloud,TALK] software alarm: Program cygnus_daq is not running
[midas2cloud,TALK] software alarm: Program cygnus_daq is not running
[midas2cloud,TALK] software alarm: Program cygnus_daq is not running
[midas2cloud,TALK] software alarm: Program cygnus_daq is not running
[midas2cloud,TALK] software alarm: Program cygnus_daq is not running
[midas2cloud,TALK] software alarm: Program cygnus_daq is not running
[midas2cloud,TALK] software alarm: Program cygnus_daq is not running
[midas2cloud,TALK] software alarm: Program cygnus_daq is not running
[midas2cloud,TALK] software alarm: Program cygnus_daq is not running
[midas2cloud,TALK] software alarm: Program cygnus_daq is not running
[midas2cloud,TALK] software alarm: Program cygnus_daq is not running
[midas2cloud,TALK] software alarm: Program cygnus_daq is not running
[midas2cloud,TALK] software alarm: Program cygnus_daq is not running
[midas2cloud,TALK] software alarm: Program cygnus_daq is not running
[midas2cloud,TALK] software alarm: Program cygnus_daq is not running
[midas2cloud,TALK] software alarm: Program cygnus_daq is not running
[midas2cloud,TALK] software alarm: Program cygnus_daq is not running
[midas2cloud,TALK] software alarm: Program cygnus_daq is not running
[midas2cloud,TALK] software alarm: Program cygnus_daq is not running
[midas2cloud,TALK] software alarm: Program cygnus_daq is not running
[midas2cloud,TALK] software alarm: Program cygnus_daq is not running
[midas2cloud,TALK] software alarm: Program cygnus_daq is not running
[midas2cloud,TALK] software alarm: Program cygnus_daq is not running
[midas2cloud,TALK] software alarm: Program cygnus_daq is not running
[midas2cloud,TALK] software alarm: Program cygnus_daq is not running
[midas2cloud,TALK] software alarm: Program cygnus_daq is not running
[midas2cloud,TALK] software alarm: Program cygnus_daq is not running
[midas2cloud,TALK] software alarm: Program cygnus_daq is not running
[midas2cloud,TALK] software alarm: Program cygnus_daq is not running
[midas2cloud,TALK] software alarm: Program cygnus_daq is not running
[midas2cloud,TALK] software alarm: Program cygnus_daq is not running
[midas2cloud,TALK] software alarm: Program cygnus_daq is not running
[midas2cloud,TALK] software alarm: Program cygnus_daq is not running
[midas2cloud,TALK] software alarm: Program cygnus_daq is not running
[midas2cloud,TALK] software alarm: Program cygnus_daq is not running
[midas2cloud,TALK] software alarm: Program cygnus_daq is not running
[midas2cloud,TALK] software alarm: Program cygnus_daq is not running
[midas2cloud,TALK] software alarm: Program cygnus_daq is not running
[midas2cloud,TALK] software alarm: Program cygnus_daq is not running
[midas2cloud,TALK] software alarm: Program cygnus_daq is not running
[midas2cloud,TALK] software alarm: Program cygnus_daq is not running
[midas2cloud,TALK] software alarm: Program cygnus_daq is not running
[midas2cloud,TALK] software alarm: Program cygnus_daq is not running
[midas2cloud,TALK] software alarm: Program cygnus_daq is not running
[midas2cloud,TALK] software alarm: Program cygnus_daq is not running
[midas2cloud,TALK] software alarm: Program cygnus_daq is not running
[midas2cloud,TALK] software alarm: Program cygnus_daq is not running
[midas2cloud,TALK] software alarm: Program cygnus_daq is not running
[midas2cloud,TALK] software alarm: Program cygnus_daq is not running
[midas2cloud,TALK] software alarm: Program cygnus_daq is not running
[midas2cloud,TALK] software alarm: Program cygnus_daq is not running
[midas2cloud,TALK] software alarm: Program cygnus_daq is not running
[midas2cloud,TALK] software alarm: Program cygnus_daq is not running
[midas2cloud,TALK] software alarm: Program cygnus_daq is not running
[midas2cloud,TALK] software alarm: Program cygnus_daq is not running
[midas2cloud,TALK] software alarm: Program cygnus_daq is not running
[midas2cloud,TALK] software alarm: Program cygnus_daq is not running
[midas2cloud,TALK] software alarm: Program cygnus_daq is not running
[midas2cloud,TALK] software alarm: Program cygnus_daq is not running
[midas2cloud,TALK] software alarm: Program cygnus_daq is not running
[midas2cloud,TALK] software alarm: Program cygnus_daq is not running
[midas2cloud,TALK] software alarm: Program cygnus_daq is not running
[midas2cloud,TALK] software alarm: Program cygnus_daq is not running
[midas2cloud,TALK] software alarm: Program cygnus_daq is not running
[midas2cloud,TALK] software alarm: Program cygnus_daq is not running
[midas2cloud,TALK] software alarm: Program cygnus_daq is not running
[midas2cloud,TALK] software alarm: Program cygnus_daq is not running
[midas2cloud,TALK] software alarm: Program cygnus_daq is not running
[midas2cloud,TALK] software alarm: Program cygnus_daq is not running
[midas2cloud,TALK] software alarm: Program cygnus_daq is not running
[midas2cloud,TALK] software alarm: Program cygnus_daq is not running
[midas2cloud,TALK] software alarm: Program cygnus_daq is not running
[midas2cloud,TALK] software alarm: Program cygnus_daq is not running
[midas2cloud,TALK] software alarm: Program cygnus_daq is not running
[midas2cloud,TALK] software alarm: Program cygnus_daq is not running
[midas2cloud,TALK] software alarm: Program cygnus_daq is not running
[midas2cloud,TALK] software alarm: Program cygnus_daq is not running
[midas2cloud,TALK] software alarm: Program cygnus_daq is not running
[midas2cloud,TALK] software alarm: Program cygnus_daq is not running
[midas2cloud,TALK] software alarm: Program cygnus_daq is not running
[midas2cloud,TALK] software alarm: Program cygnus_daq is not running
[midas2cloud,TALK] software alarm: Program cygnus_daq is not running
[midas2cloud,TALK] software alarm: Program cygnus_daq is not running
[midas2cloud,TALK] software alarm: Program cygnus_daq is not running
[midas2cloud,TALK] software alarm: Program cygnus_daq is not running
[midas2cloud,TALK] software alarm: Program cygnus_daq is not running
[midas2cloud,TALK] software alarm: Program cygnus_daq is not running
[midas2cloud,TALK] software alarm: Program cygnus_daq is not running
[midas2cloud,TALK] software alarm: Program cygnus_daq is not running
[midas2cloud,TALK] software alarm: Program cygnus_daq is not running
[midas2cloud,TALK] software alarm: Program cygnus_daq is not running
[midas2cloud,TALK] software alarm: Program cygnus_daq is not running
[midas2cloud,TALK] software alarm: Program cygnus_daq is not running
[midas2cloud,TALK] software alarm: Program cygnus_daq is not running
[midas2cloud,TALK] software alarm: Program cygnus_daq is not running
[midas2cloud,TALK] software alarm: Program cygnus_daq is not running
[midas2cloud,TALK] software alarm: Program cygnus_daq is not running
[midas2cloud,TALK] software alarm: Program cygnus_daq is not running
[midas2cloud,TALK] software alarm: Program cygnus_daq is not running
[midas2cloud,TALK] software alarm: Program cygnus_daq is not running
[midas2cloud,TALK] software alarm: Program cygnus_daq is not running
[midas2cloud,TALK] software alarm: Program cygnus_daq is not running
[midas2cloud,TALK] software alarm: Program cygnus_daq is not running
[midas2cloud,TALK] software alarm: Program cygnus_daq is not running
[midas2cloud,TALK] software alarm: Program cygnus_daq is not running
[midas2cloud,TALK] software alarm: Program cygnus_daq is not running
[midas2cloud,TALK] software alarm: Program cygnus_daq is not running
[midas2cloud,TALK] software alarm: Program cygnus_daq is not running
[midas2cloud,TALK] software alarm: Program cygnus_daq is not running
[midas2cloud,TALK] software alarm: Program cygnus_daq is not running
[midas2cloud,TALK] software alarm: Program cygnus_daq is not running
[midas2cloud,TALK] software alarm: Program cygnus_daq is not running
[midas2cloud,TALK] software alarm: Program cygnus_daq is not running
[midas2cloud,TALK] software alarm: Program cygnus_daq is not running
[midas2cloud,TALK] software alarm: Program cygnus_daq is not running
[midas2cloud,TALK] software alarm: Program cygnus_daq is not running
[midas2cloud,TALK] software alarm: Program cygnus_daq is not running
[midas2cloud,TALK] software alarm: Program cygnus_daq is not running
[midas2cloud,TALK] software alarm: Program cygnus_daq is not running
[midas2cloud,TALK] software alarm: Program cygnus_daq is not running
[midas2cloud,TALK] software alarm: Program cygnus_daq is not running
[midas2cloud,TALK] software alarm: Program cygnus_daq is not running
[midas2cloud,TALK] software alarm: Program cygnus_daq is not running
[midas2cloud,TALK] software alarm: Program cygnus_daq is not running
[midas2cloud,TALK] software alarm: Program cygnus_daq is not running
[midas2cloud,TALK] software alarm: Program cygnus_daq is not running
[midas2cloud,TALK] software alarm: Program cygnus_daq is not running
[midas2cloud,TALK] software alarm: Program cygnus_daq is not running
[midas2cloud,TALK] software alarm: Program cygnus_daq is not running
[midas2cloud,TALK] software alarm: Program cygnus_daq is not running
[midas2cloud,TALK] software alarm: Program cygnus_daq is not running
[midas2cloud,TALK] software alarm: Program cygnus_daq is not running
[midas2cloud,TALK] software alarm: Program cygnus_daq is not running
[midas2cloud,TALK] software alarm: Program cygnus_daq is not running
[midas2cloud,TALK] software alarm: Program cygnus_daq is not running
[midas2cloud,TALK] software alarm: Program cygnus_daq is not running
[midas2cloud,TALK] software alarm: Program cygnus_daq is not running
[midas2cloud,TALK] software alarm: Program cygnus_daq is not running
[midas2cloud,TALK] software alarm: Program cygnus_daq is not running
[midas2cloud,TALK] software alarm: Program cygnus_daq is not running
[midas2cloud,TALK] software alarm: Program cygnus_daq is not running
[midas2cloud,TALK] software alarm: Program cygnus_daq is not running
[midas2cloud,TALK] software alarm: Program cygnus_daq is not running
[midas2cloud,TALK] software alarm: Program cygnus_daq is not running
[midas2cloud,TALK] software alarm: Program cygnus_daq is not running
[midas2cloud,TALK] software alarm: Program cygnus_daq is not running
[midas2cloud,TALK] software alarm: Program cygnus_daq is not running
[midas2cloud,TALK] software alarm: Program cygnus_daq is not running
[midas2cloud,TALK] software alarm: Program cygnus_daq is not running
[midas2cloud,TALK] software alarm: Program cygnus_daq is not running
[midas2cloud,TALK] software alarm: Program cygnus_daq is not running
[midas2cloud,TALK] software alarm: Program cygnus_daq is not running
[midas2cloud,TALK] software alarm: Program cygnus_daq is not running
[midas2cloud,TALK] software alarm: Program cygnus_daq is not running
[midas2cloud,TALK] software alarm: Program cygnus_daq is not running
[midas2cloud,TALK] software alarm: Program cygnus_daq is not running
[midas2cloud,TALK] software alarm: Program cygnus_daq is not running
[midas2cloud,TALK] software alarm: Program cygnus_daq is not running
[midas2cloud,TALK] software alarm: Program cygnus_daq is not running
[midas2cloud,TALK] software alarm: Program cygnus_daq is not running
[midas2cloud,TALK] software alarm: Program cygnus_daq is not running
[midas2cloud,TALK] software alarm: Program cygnus_daq is not running
[midas2cloud,TALK] software alarm: Program cygnus_daq is not running
[midas2cloud,TALK] software alarm: Program cygnus_daq is not running
[midas2cloud,TALK] software alarm: Program cygnus_daq is not running
[midas2cloud,TALK] software alarm: Program cygnus_daq is not running
[midas2cloud,TALK] software alarm: Program cygnus_daq is not running
[midas2cloud,TALK] software alarm: Program cygnus_daq is not running
[midas2cloud,TALK] software alarm: Program cygnus_daq is not running
[midas2cloud,TALK] software alarm: Program cygnus_daq is not running
[midas2cloud,TALK] software alarm: Program cygnus_daq is not running
[midas2cloud,TALK] software alarm: Program cygnus_daq is not running
[midas2cloud,TALK] software alarm: Program cygnus_daq is not running
[midas2cloud,TALK] software alarm: Program cygnus_daq is not running
[midas2cloud,TALK] software alarm: Program cygnus_daq is not running
[midas2cloud,TALK] software alarm: Program cygnus_daq is not running
[midas2cloud,TALK] software alarm: Program cygnus_daq is not running
[midas2cloud,TALK] software alarm: Program cygnus_daq is not running
[midas2cloud,TALK] software alarm: Program cygnus_daq is not running
[midas2cloud,TALK] software alarm: Program cygnus_daq is not running
[midas2cloud,TALK] software alarm: Program cygnus_daq is not running
[midas2cloud,TALK] software alarm: Program cygnus_daq is not running
[midas2cloud,TALK] software alarm: Program cygnus_daq is not running
[midas2cloud,TALK] software alarm: Program cygnus_daq is not running
[midas2cloud,TALK] software alarm: Program cygnus_daq is not running
[midas2cloud,TALK] software alarm: Program cygnus_daq is not running
[midas2cloud,TALK] software alarm: Program cygnus_daq is not running
[midas2cloud,TALK] software alarm: Program cygnus_daq is not running
[midas2cloud,TALK] software alarm: Program cygnus_daq is not running
[midas2cloud,TALK] software alarm: Program cygnus_daq is not running
[midas2cloud,TALK] software alarm: Program cygnus_daq is not running
[midas2cloud,TALK] software alarm: Program cygnus_daq is not running
[midas2cloud,TALK] software alarm: Program cygnus_daq is not running
[midas2cloud,TALK] software alarm: Program cygnus_daq is not running
[midas2cloud,TALK] software alarm: Program cygnus_daq is not running
[midas2cloud,TALK] software alarm: Program cygnus_daq is not running
[midas2cloud,TALK] software alarm: Program cygnus_daq is not running
[midas2cloud,TALK] software alarm: Program cygnus_daq is not running
[midas2cloud,TALK] software alarm: Program cygnus_daq is not running
[midas2cloud,TALK] software alarm: Program cygnus_daq is not running
[midas2cloud,TALK] software alarm: Program cygnus_daq is not running
[midas2cloud,TALK] software alarm: Program cygnus_daq is not running
[midas2cloud,TALK] software alarm: Program cygnus_daq is not running
[midas2cloud,TALK] software alarm: Program cygnus_daq is not running
[midas2cloud,TALK] software alarm: Program cygnus_daq is not running
[midas2cloud,TALK] software alarm: Program cygnus_daq is not running
[midas2cloud,TALK] software alarm: Program cygnus_daq is not running
[midas2cloud,TALK] software alarm: Program cygnus_daq is not running
[midas2cloud,TALK] software alarm: Program cygnus_daq is not running
[midas2cloud,TALK] software alarm: Program cygnus_daq is not running
[midas2cloud,TALK] software alarm: Program cygnus_daq is not running
[midas2cloud,TALK] software alarm: Program cygnus_daq is not running
[midas2cloud,TALK] software alarm: Program cygnus_daq is not running
[midas2cloud,TALK] software alarm: Program cygnus_daq is not running
[midas2cloud,TALK] software alarm: Program cygnus_daq is not running
[midas2cloud,TALK] software alarm: Program cygnus_daq is not running
[midas2cloud,TALK] software alarm: Program cygnus_daq is not running
[midas2cloud,TALK] software alarm: Program cygnus_daq is not running
[midas2cloud,TALK] software alarm: Program cygnus_daq is not running
[midas2cloud,TALK] software alarm: Program cygnus_daq is not running
[midas2cloud,TALK] software alarm: Program cygnus_daq is not running
[midas2cloud,TALK] software alarm: Program cygnus_daq is not running
[midas2cloud,TALK] software alarm: Program cygnus_daq is not running
[midas2cloud,TALK] software alarm: Program cygnus_daq is not running
[midas2cloud,TALK] software alarm: Program cygnus_daq is not running
[midas2cloud,TALK] software alarm: Program cygnus_daq is not running
[midas2cloud,TALK] software alarm: Program cygnus_daq is not running
[midas2cloud,TALK] software alarm: Program cygnus_daq is not running
[midas2cloud,TALK] software alarm: Program cygnus_daq is not running
[midas2cloud,TALK] software alarm: Program cygnus_daq is not running
[midas2cloud,TALK] software alarm: Program cygnus_daq is not running
[midas2cloud,TALK] software alarm: Program cygnus_daq is not running
[midas2cloud,TALK] software alarm: Program cygnus_daq is not running
[midas2cloud,TALK] software alarm: Program cygnus_daq is not running
[midas2cloud,TALK] software alarm: Program cygnus_daq is not running
[midas2cloud,TALK] software alarm: Program cygnus_daq is not running
[midas2cloud,TALK] software alarm: Program cygnus_daq is not running
[midas2cloud,TALK] software alarm: Program cygnus_daq is not running
[midas2cloud,TALK] software alarm: Program cygnus_daq is not running
[midas2cloud,TALK] software alarm: Program cygnus_daq is not running
[midas2cloud,TALK] software alarm: Program cygnus_daq is not running
[midas2cloud,TALK] software alarm: Program cygnus_daq is not running
[midas2cloud,TALK] software alarm: Program cygnus_daq is not running
[midas2cloud,TALK] software alarm: Program cygnus_daq is not running
[midas2cloud,TALK] software alarm: Program cygnus_daq is not running
[midas2cloud,TALK] software alarm: Program cygnus_daq is not running
[midas2cloud,TALK] software alarm: Program cygnus_daq is not running
[midas2cloud,TALK] software alarm: Program cygnus_daq is not running
[midas2cloud,TALK] software alarm: Program cygnus_daq is not running
[midas2cloud,TALK] software alarm: Program cygnus_daq is not running
[midas2cloud,TALK] software alarm: Program cygnus_daq is not running
[midas2cloud,TALK] software alarm: Program cygnus_daq is not running
[midas2cloud,TALK] software alarm: Program cygnus_daq is not running
[midas2cloud,TALK] software alarm: Program cygnus_daq is not running
[midas2cloud,TALK] software alarm: Program cygnus_daq is not running
[midas2cloud,TALK] software alarm: Program cygnus_daq is not running
[midas2cloud,TALK] software alarm: Program cygnus_daq is not running
[midas2cloud,TALK] software alarm: Program cygnus_daq is not running
[midas2cloud,TALK] software alarm: Program cygnus_daq is not running
[midas2cloud,TALK] software alarm: Program cygnus_daq is not running
[midas2cloud,TALK] software alarm: Program cygnus_daq is not running
[midas2cloud,TALK] software alarm: Program cygnus_daq is not running
[midas2cloud,TALK] software alarm: Program cygnus_daq is not running
[midas2cloud,TALK] software alarm: Program cygnus_daq is not running
[midas2cloud,TALK] software alarm: Program cygnus_daq is not running
[midas2cloud,TALK] software alarm: Program cygnus_daq is not running
[midas2cloud,TALK] software alarm: Program cygnus_daq is not running
[midas2cloud,TALK] software alarm: Program cygnus_daq is not running
[midas2cloud,TALK] software alarm: Program cygnus_daq is not running
[midas2cloud,TALK] software alarm: Program cygnus_daq is not running
[midas2cloud,TALK] software alarm: Program cygnus_daq is not running
[midas2cloud,TALK] software alarm: Program cygnus_daq is not running
[midas2cloud,TALK] software alarm: Program cygnus_daq is not running
[midas2cloud,TALK] software alarm: Program cygnus_daq is not running
[midas2cloud,TALK] software alarm: Program cygnus_daq is not running
[midas2cloud,TALK] software alarm: Program cygnus_daq is not running
[midas2cloud,TALK] software alarm: Program cygnus_daq is not running
[midas2cloud,TALK] software alarm: Program cygnus_daq is not running
[midas2cloud,TALK] software alarm: Program cygnus_daq is not running
[midas2cloud,TALK] software alarm: Program cygnus_daq is not running
[midas2cloud,TALK] software alarm: Program cygnus_daq is not running
[midas2cloud,TALK] software alarm: Program cygnus_daq is not running
[midas2cloud,TALK] software alarm: Program cygnus_daq is not running
[midas2cloud,TALK] software alarm: Program cygnus_daq is not running
[midas2cloud,TALK] software alarm: Program cygnus_daq is not running
[midas2cloud,TALK] software alarm: Program cygnus_daq is not running
[midas2cloud,TALK] software alarm: Program cygnus_daq is not running
[midas2cloud,TALK] software alarm: Program cygnus_daq is not running
[midas2cloud,TALK] software alarm: Program cygnus_daq is not running
[midas2cloud,TALK] software alarm: Program cygnus_daq is not running
[midas2cloud,TALK] software alarm: Program cygnus_daq is not running
[midas2cloud,TALK] software alarm: Program cygnus_daq is not running
[midas2cloud,TALK] software alarm: Program cygnus_daq is not running
[midas2cloud,TALK] software alarm: Program cygnus_daq is not running
[midas2cloud,TALK] software alarm: Program cygnus_daq is not running
[midas2cloud,TALK] software alarm: Program cygnus_daq is not running
[midas2cloud,TALK] software alarm: Program cygnus_daq is not running
[midas2cloud,TALK] software alarm: Program cygnus_daq is not running
[midas2cloud,TALK] software alarm: Program cygnus_daq is not running
[midas2cloud,TALK] software alarm: Program cygnus_daq is not running
[midas2cloud,TALK] software alarm: Program cygnus_daq is not running
[midas2cloud,TALK] software alarm: Program cygnus_daq is not running
[midas2cloud,TALK] software alarm: Program cygnus_daq is not running
[midas2cloud,TALK] software alarm: Program cygnus_daq is not running
[midas2cloud,TALK] software alarm: Program cygnus_daq is not running
[midas2cloud,TALK] software alarm: Program cygnus_daq is not running
[midas2cloud,TALK] software alarm: Program cygnus_daq is not running
[midas2cloud,TALK] software alarm: Program cygnus_daq is not running
[midas2cloud,TALK] software alarm: Program cygnus_daq is not running
[midas2cloud,TALK] software alarm: Program cygnus_daq is not running
[midas2cloud,TALK] software alarm: Program cygnus_daq is not running
[midas2cloud,TALK] software alarm: Program cygnus_daq is not running
[midas2cloud,TALK] software alarm: Program cygnus_daq is not running
[midas2cloud,TALK] software alarm: Program cygnus_daq is not running
[midas2cloud,TALK] software alarm: Program cygnus_daq is not running
[midas2cloud,TALK] software alarm: Program cygnus_daq is not running
[midas2cloud,TALK] software alarm: Program cygnus_daq is not running
[midas2cloud,TALK] software alarm: Program cygnus_daq is not running
[midas2cloud,TALK] software alarm: Program cygnus_daq is not running
[midas2cloud,TALK] software alarm: Program cygnus_daq is not running
[midas2cloud,TALK] software alarm: Program cygnus_daq is not running
[midas2cloud,TALK] software alarm: Program cygnus_daq is not running
[midas2cloud,TALK] software alarm: Program cygnus_daq is not running
[midas2cloud,TALK] software alarm: Program cygnus_daq is not running
[midas2cloud,TALK] software alarm: Program cygnus_daq is not running
[midas2cloud,TALK] software alarm: Program cygnus_daq is not running
[midas2cloud,TALK] software alarm: Program cygnus_daq is not running
[midas2cloud,TALK] software alarm: Program cygnus_daq is not running
[midas2cloud,TALK] software alarm: Program cygnus_daq is not running
[midas2cloud,TALK] software alarm: Program cygnus_daq is not running
[midas2cloud,TALK] software alarm: Program cygnus_daq is not running
[midas2cloud,TALK] software alarm: Program cygnus_daq is not running
[midas2cloud,TALK] software alarm: Program cygnus_daq is not running
[midas2cloud,TALK] software alarm: Program cygnus_daq is not running
[midas2cloud,TALK] software alarm: Program cygnus_daq is not running
[midas2cloud,TALK] software alarm: Program cygnus_daq is not running
[midas2cloud,TALK] software alarm: Program cygnus_daq is not running
[midas2cloud,TALK] software 2023-12-13 16:48:25 midas2cloud started
2023-12-13 16:48:28 WARNING: No new file uploaded
2023-12-13 16:48:38 WARNING: No new file uploaded
2023-12-13 16:48:49 WARNING: No new file uploaded
2023-12-13 16:49:00 WARNING: No new file uploaded
2023-12-13 16:49:11 WARNING: No new file uploaded
2023-12-13 16:49:21 WARNING: No new file uploaded
2023-12-13 16:49:32 WARNING: No new file uploaded
2023-12-13 16:49:43 WARNING: No new file uploaded
2023-12-13 16:49:54 WARNING: No new file uploaded
2023-12-13 16:50:05 WARNING: No new file uploaded
2023-12-13 16:50:15 WARNING: No new file uploaded
2023-12-13 16:50:26 WARNING: No new file uploaded
2023-12-13 16:50:37 WARNING: No new file uploaded
2023-12-13 16:50:48 WARNING: No new file uploaded
2023-12-13 16:50:58 Udatentig matadata for filer file: run11358.mid.gz
2023-12-13 16:51:08 Transferring file: run11358.mid.gz
2023-12-13 16:51:08 Uploading file: run11358.mid.gz
2023-12-13 16:51:08 Upload done: run11358.mid.gz
2023-12-13 16:53:22 Udatentig matadata for filer file: run11359.mid.gz
2023-12-13 16:53:27 Transferring file: run11359.mid.gz
2023-12-13 16:53:27 Uploading file: run11359.mid.gz
2023-12-13 16:53:27 Upload done: run11359.mid.gz
2023-12-13 16:53:45 Udatentig matadata for filer file: run11360.mid.gz
2023-12-13 16:53:46 Transferring file: run11360.mid.gz
2023-12-13 16:53:46 Uploading file: run11360.mid.gz
2023-12-13 16:53:46 Upload done: run11360.mid.gz
2023-12-13 16:54:04 Udatentig matadata for filer file: run11361.mid.gz
2023-12-13 16:54:04 Transferring file: run11361.mid.gz
2023-12-13 16:54:04 Uploading file: run11361.mid.gz
2023-12-13 16:54:04 Upload done: run11361.mid.gz
2023-12-13 16:54:22 Udatentig matadata for filer file: run11362.mid.gz
2023-12-13 16:54:23 Transferring file: run11362.mid.gz
2023-12-13 16:54:23 Uploading file: run11362.mid.gz
2023-12-13 16:54:23 Upload done: run11362.mid.gz
2023-12-14 13:25:37 Udatentig matadata for filer file: run11365.mid.gz
2023-12-14 13:25:37 Transferring file: run11365.mid.gz
2023-12-14 13:25:37 Uploading file: run11365.mid.gz
2023-12-14 13:25:37 Upload done: run11365.mid.gz
2023-12-14 13:29:30 Udatentig matadata for filer file: run11368.mid.gz
2023-12-14 13:29:30 Transferring file: run11368.mid.gz
2023-12-14 13:29:30 Uploading file: run11368.mid.gz
2023-12-14 13:29:30 Upload done: run11368.mid.gz
2023-12-14 13:31:42 Udatentig matadata for filer file: run11369.mid.gz
2023-12-14 13:31:42 Transferring file: run11369.mid.gz
2023-12-14 13:31:42 Uploading file: run11369.mid.gz
2023-12-14 13:31:42 Upload done: run11369.mid.gz
2023-12-14 14:35:16 Udatentig matadata for filer file: run11370.mid.gz
2023-12-14 14:35:24 Transferring file: run11370.mid.gz
2023-12-14 14:35:24 Uploading file: run11370.mid.gz
2023-12-14 14:35:24 Upload done: run11370.mid.gz
2023-12-14 14:40:59 Udatentig matadata for filer file: run11371.mid.gz
2023-12-14 14:41:08 Transferring file: run11371.mid.gz
2023-12-14 14:41:08 Uploading file: run11371.mid.gz
2023-12-14 14:41:08 Upload done: run11371.mid.gz
2024-01-09 12:51:26 Udatentig matadata for filer file: run11373.mid.gz
2024-01-09 12:51:26 Transferring file: run11373.mid.gz
2024-01-09 12:51:26 Uploading file: run11373.mid.gz
2024-01-09 12:51:26 Upload done: run11373.mid.gz
2024-01-09 12:54:23 Udatentig matadata for filer file: run11375.mid.gz
2024-01-09 12:54:23 Transferring file: run11375.mid.gz
2024-01-09 12:54:23 Uploading file: run11375.mid.gz
2024-01-09 12:54:23 Upload done: run11375.mid.gz
2024-01-10 10:07:39 Udatentig matadata for filer file: run11377.mid.gz
2024-01-10 10:07:39 Transferring file: run11377.mid.gz
2024-01-10 10:07:39 Uploading file: run11377.mid.gz
2024-01-10 10:07:39 Upload done: run11377.mid.gz
2024-01-10 10:08:41 Udatentig matadata for filer file: run11378.mid.gz
2024-01-10 10:08:41 Transferring file: run11378.mid.gz
2024-01-10 10:08:41 Uploading file: run11378.mid.gz
2024-01-10 10:08:41 Upload done: run11378.mid.gz
2024-01-10 10:16:40 Udatentig matadata for filer file: run11379.mid.gz
2024-01-10 10:16:40 Transferring file: run11379.mid.gz
2024-01-10 10:16:40 Uploading file: run11379.mid.gz
2024-01-10 10:16:40 Upload done: run11379.mid.gz
2024-01-10 10:28:11 Udatentig matadata for filer file: run11380.mid.gz
2024-01-10 10:28:11 Transferring file: run11380.mid.gz
2024-01-10 10:28:11 Uploading file: run11380.mid.gz
2024-01-10 10:28:11 Upload done: run11380.mid.gz
2024-01-10 11:09:24 Udatentig matadata for filer file: run11381.mid.gz
2024-01-10 11:09:25 Transferring file: run11381.mid.gz
2024-01-10 11:09:25 Uploading file: run11381.mid.gz
2024-01-10 11:09:25 Upload done: run11381.mid.gz
2024-01-10 11:10:21 Udatentig matadata for filer file: run11382.mid.gz
2024-01-10 11:10:21 Transferring file: run11382.mid.gz
2024-01-10 11:10:21 Uploading file: run11382.mid.gz
2024-01-10 11:10:21 Upload done: run11382.mid.gz
2024-01-10 11:17:46 Udatentig matadata for filer file: run11383.mid.gz
2024-01-10 11:18:08 Transferring file: run11383.mid.gz
2024-01-10 11:18:08 Uploading file: run11383.mid.gz
2024-01-10 11:18:08 Upload done: run11383.mid.gz
2024-01-10 11:22:55 Udatentig matadata for filer file: run11384.mid.gz
2024-01-10 11:22:55 Transferring file: run11384.mid.gz
2024-01-10 11:22:55 Uploading file: run11384.mid.gz
2024-01-10 11:22:55 Upload done: run11384.mid.gz
2024-01-10 11:28:54 Udatentig matadata for filer file: run11385.mid.gz
2024-01-10 11:28:54 Transferring file: run11385.mid.gz
2024-01-10 11:28:54 Uploading file: run11385.mid.gz
2024-01-10 11:28:54 Upload done: run11385.mid.gz
2024-01-10 11:37:19 Udatentig matadata for filer file: run11386.mid.gz
2024-01-10 11:37:29 Transferring file: run11386.mid.gz
2024-01-10 11:37:29 Uploading file: run11386.mid.gz
2024-01-10 11:37:29 Upload done: run11386.mid.gz
2024-01-10 11:41:55 Udatentig matadata for filer file: run11387.mid.gz
2024-01-10 11:42:09 Transferring file: run11387.mid.gz
2024-01-10 11:42:09 Uploading file: run11387.mid.gz
2024-01-10 11:42:09 Upload done: run11387.mid.gz
2024-01-10 11:45:40 Udatentig matadata for filer file: run11388.mid.gz
2024-01-10 11:45:50 Transferring file: run11388.mid.gz
2024-01-10 11:45:50 Uploading file: run11388.mid.gz
2024-01-10 11:45:50 Upload done: run11388.mid.gz
2024-01-10 11:49:09 Udatentig matadata for filer file: run11389.mid.gz
2024-01-10 11:49:25 Transferring file: run11389.mid.gz
2024-01-10 11:49:25 Uploading file: run11389.mid.gz
2024-01-10 11:49:25 Upload done: run11389.mid.gz
2024-01-10 11:53:08 Udatentig matadata for filer file: run11390.mid.gz
2024-01-10 11:53:19 Transferring file: run11390.mid.gz
2024-01-10 11:53:19 Uploading file: run11390.mid.gz
2024-01-10 11:53:19 Upload done: run11390.mid.gz
2024-01-10 11:56:34 Udatentig matadata for filer file: run11391.mid.gz
2024-01-10 11:56:48 Transferring file: run11391.mid.gz
2024-01-10 11:56:48 Uploading file: run11391.mid.gz
2024-01-10 11:56:48 Upload done: run11391.mid.gz
2024-01-10 12:00:27 Udatentig matadata for filer file: run11392.mid.gz
2024-01-10 12:00:41 Transferring file: run11392.mid.gz
2024-01-10 12:00:41 Uploading file: run11392.mid.gz
2024-01-10 12:00:41 Upload done: run11392.mid.gz
2024-01-10 12:04:30 Udatentig matadata for filer file: run11393.mid.gz
2024-01-10 12:04:39 Transferring file: run11393.mid.gz
2024-01-10 12:04:39 Uploading file: run11393.mid.gz
2024-01-10 12:04:39 Upload done: run11393.mid.gz
2024-01-10 12:08:27 Udatentig matadata for filer file: run11394.mid.gz
2024-01-10 12:08:43 Transferring file: run11394.mid.gz
2024-01-10 12:08:43 Uploading file: run11394.mid.gz
2024-01-10 12:08:43 Upload done: run11394.mid.gz
2024-01-10 12:12:21 Udatentig matadata for filer file: run11395.mid.gz
2024-01-10 12:12:25 Transferring file: run11395.mid.gz
2024-01-10 12:12:25 Uploading file: run11395.mid.gz
2024-01-10 12:12:25 Upload done: run11395.mid.gz
2024-01-10 12:22:28 Udatentig matadata for filer file: run11396.mid.gz
2024-01-10 12:22:43 Transferring file: run11396.mid.gz
2024-01-10 12:22:43 Uploading file: run11396.mid.gz
2024-01-10 12:22:43 Upload done: run11396.mid.gz
2024-01-10 12:25:58 Udatentig matadata for filer file: run11397.mid.gz
2024-01-10 12:26:12 Transferring file: run11397.mid.gz
2024-01-10 12:26:12 Uploading file: run11397.mid.gz
2024-01-10 12:26:12 Upload done: run11397.mid.gz
2024-01-10 12:30:07 Udatentig matadata for filer file: run11398.mid.gz
2024-01-10 12:30:18 Transferring file: run11398.mid.gz
2024-01-10 12:30:18 Uploading file: run11398.mid.gz
2024-01-10 12:30:18 Upload done: run11398.mid.gz
2024-01-10 12:33:45 Udatentig matadata for filer file: run11399.mid.gz
2024-01-10 12:33:56 Transferring file: run11399.mid.gz
2024-01-10 12:33:56 Uploading file: run11399.mid.gz
2024-01-10 12:33:56 Upload done: run11399.mid.gz
2024-01-10 12:37:17 Udatentig matadata for filer file: run11400.mid.gz
2024-01-10 12:37:37 Transferring file: run11400.mid.gz
2024-01-10 12:37:37 Uploading file: run11400.mid.gz
2024-01-10 12:37:37 Upload done: run11400.mid.gz
2024-01-10 12:40:43 Udatentig matadata for filer file: run11401.mid.gz
2024-01-10 12:40:59 Transferring file: run11401.mid.gz
2024-01-10 12:40:59 Uploading file: run11401.mid.gz
2024-01-10 12:40:59 Upload done: run11401.mid.gz
2024-01-10 12:44:42 Udatentig matadata for filer file: run11402.mid.gz
2024-01-10 12:44:54 Transferring file: run11402.mid.gz
2024-01-10 12:44:54 Uploading file: run11402.mid.gz
2024-01-10 12:44:54 Upload done: run11402.mid.gz
2024-01-10 12:48:09 Udatentig matadata for filer file: run11403.mid.gz
2024-01-10 12:48:20 Transferring file: run11403.mid.gz
2024-01-10 12:48:20 Uploading file: run11403.mid.gz
2024-01-10 12:48:20 Upload done: run11403.mid.gz
2024-01-10 12:51:41 Udatentig matadata for filer file: run11404.mid.gz
2024-01-10 12:51:59 Transferring file: run11404.mid.gz
2024-01-10 12:51:59 Uploading file: run11404.mid.gz
2024-01-10 12:51:59 Upload done: run11404.mid.gz
2024-01-10 12:55:07 Udatentig matadata for filer file: run11405.mid.gz
2024-01-10 12:55:18 Transferring file: run11405.mid.gz
2024-01-10 12:55:18 Uploading file: run11405.mid.gz
2024-01-10 12:55:18 Upload done: run11405.mid.gz
2024-01-10 13:00:45 Udatentig matadata for filer file: run11406.mid.gz
2024-01-10 13:00:56 Transferring file: run11406.mid.gz
2024-01-10 13:00:56 Uploading file: run11406.mid.gz
2024-01-10 13:00:56 Upload done: run11406.mid.gz
2024-01-10 13:03:34 Udatentig matadata for filer file: run11407.mid.gz
2024-01-10 13:03:41 Transferring file: run11407.mid.gz
2024-01-10 13:03:41 Uploading file: run11407.mid.gz
2024-01-10 13:03:41 Upload done: run11407.mid.gz
2024-01-10 13:07:16 Udatentig matadata for filer file: run11408.mid.gz
2024-01-10 13:07:27 Transferring file: run11408.mid.gz
2024-01-10 13:07:27 Uploading file: run11408.mid.gz
2024-01-10 13:07:27 Upload done: run11408.mid.gz
2024-01-10 13:10:26 Udatentig matadata for filer file: run11409.mid.gz
2024-01-10 13:10:36 Transferring file: run11409.mid.gz
2024-01-10 13:10:36 Uploading file: run11409.mid.gz
2024-01-10 13:10:36 Upload done: run11409.mid.gz
2024-01-10 13:14:10 Udatentig matadata for filer file: run11410.mid.gz
2024-01-10 13:14:24 Transferring file: run11410.mid.gz
2024-01-10 13:14:24 Uploading file: run11410.mid.gz
2024-01-10 13:14:24 Upload done: run11410.mid.gz
2024-01-10 13:17:53 Udatentig matadata for filer file: run11411.mid.gz
2024-01-10 13:18:12 Transferring file: run11411.mid.gz
2024-01-10 13:18:12 Uploading file: run11411.mid.gz
2024-01-10 13:18:12 Upload done: run11411.mid.gz
2024-01-10 13:20:50 Udatentig matadata for filer file: run11412.mid.gz
2024-01-10 13:20:59 Transferring file: run11412.mid.gz
2024-01-10 13:20:59 Uploading file: run11412.mid.gz
2024-01-10 13:20:59 Upload done: run11412.mid.gz
2024-01-10 13:25:20 Udatentig matadata for filer file: run11413.mid.gz
2024-01-10 13:25:36 Transferring file: run11413.mid.gz
2024-01-10 13:25:36 Uploading file: run11413.mid.gz
2024-01-10 13:25:36 Upload done: run11413.mid.gz
2024-01-10 13:28:20 Udatentig matadata for filer file: run11414.mid.gz
2024-01-10 13:28:29 Transferring file: run11414.mid.gz
2024-01-10 13:28:29 Uploading file: run11414.mid.gz
2024-01-10 13:28:29 Upload done: run11414.mid.gz
2024-01-10 13:31:07 Udatentig matadata for filer file: run11415.mid.gz
2024-01-10 13:31:12 Transferring file: run11415.mid.gz
2024-01-10 13:31:12 Uploading file: run11415.mid.gz
2024-01-10 13:31:12 Upload done: run11415.mid.gz
2024-01-10 14:15:47 Udatentig matadata for filer file: run11416.mid.gz
2024-01-10 14:15:53 Transferring file: run11416.mid.gz
2024-01-10 14:15:53 Uploading file: run11416.mid.gz
2024-01-10 14:15:53 Upload done: run11416.mid.gz
2024-01-10 14:19:11 Udatentig matadata for filer file: run11417.mid.gz
2024-01-10 14:19:17 Transferring file: run11417.mid.gz
2024-01-10 14:19:17 Uploading file: run11417.mid.gz
2024-01-10 14:19:17 Upload done: run11417.mid.gz
2024-01-10 14:22:52 Udatentig matadata for filer file: run11418.mid.gz
2024-01-10 14:23:04 Transferring file: run11418.mid.gz
2024-01-10 14:23:04 Uploading file: run11418.mid.gz
2024-01-10 14:23:04 Upload done: run11418.mid.gz
2024-01-10 14:26:17 Udatentig matadata for filer file: run11419.mid.gz
2024-01-10 14:26:32 Transferring file: run11419.mid.gz
2024-01-10 14:26:32 Uploading file: run11419.mid.gz
2024-01-10 14:26:32 Upload done: run11419.mid.gz
2024-01-10 14:29:46 Udatentig matadata for filer file: run11420.mid.gz
2024-01-10 14:29:53 Transferring file: run11420.mid.gz
2024-01-10 14:29:53 Uploading file: run11420.mid.gz
2024-01-10 14:29:53 Upload done: run11420.mid.gz
2024-01-10 14:32:46 Udatentig matadata for filer file: run11421.mid.gz
2024-01-10 14:32:55 Transferring file: run11421.mid.gz
2024-01-10 14:32:55 Uploading file: run11421.mid.gz
2024-01-10 14:32:55 Upload done: run11421.mid.gz
2024-01-10 14:36:20 Udatentig matadata for filer file: run11422.mid.gz
2024-01-10 14:36:26 Transferring file: run11422.mid.gz
2024-01-10 14:36:26 Uploading file: run11422.mid.gz
2024-01-10 14:36:26 Upload done: run11422.mid.gz
2024-01-10 14:39:51 Udatentig matadata for filer file: run11423.mid.gz
2024-01-10 14:39:57 Transferring file: run11423.mid.gz
2024-01-10 14:39:57 Uploading file: run11423.mid.gz
2024-01-10 14:39:57 Upload done: run11423.mid.gz
2024-01-10 14:43:22 Udatentig matadata for filer file: run11424.mid.gz
2024-01-10 14:43:28 Transferring file: run11424.mid.gz
2024-01-10 14:43:28 Uploading file: run11424.mid.gz
2024-01-10 14:43:28 Upload done: run11424.mid.gz
2024-01-10 14:46:42 Udatentig matadata for filer file: run11425.mid.gz
2024-01-10 14:46:45 Transferring file: run11425.mid.gz
2024-01-10 14:46:45 Uploading file: run11425.mid.gz
2024-01-10 14:46:45 Upload done: run11425.mid.gz
2024-01-10 14:55:22 Udatentig matadata for filer file: run11426.mid.gz
2024-01-10 14:55:27 Transferring file: run11426.mid.gz
2024-01-10 14:55:27 Uploading file: run11426.mid.gz
2024-01-10 14:55:27 Upload done: run11426.mid.gz
2024-01-10 14:58:18 Udatentig matadata for filer file: run11427.mid.gz
2024-01-10 14:58:26 Transferring file: run11427.mid.gz
2024-01-10 14:58:26 Uploading file: run11427.mid.gz
2024-01-10 14:58:26 Upload done: run11427.mid.gz
2024-01-10 15:02:26 Udatentig matadata for filer file: run11428.mid.gz
2024-01-10 15:02:31 Transferring file: run11428.mid.gz
2024-01-10 15:02:31 Uploading file: run11428.mid.gz
2024-01-10 15:02:31 Upload done: run11428.mid.gz
2024-01-10 15:05:24 Udatentig matadata for filer file: run11429.mid.gz
2024-01-10 15:05:30 Transferring file: run11429.mid.gz
2024-01-10 15:05:30 Uploading file: run11429.mid.gz
2024-01-10 15:05:30 Upload done: run11429.mid.gz
2024-01-10 15:08:56 Udatentig matadata for filer file: run11430.mid.gz
2024-01-10 15:09:01 Transferring file: run11430.mid.gz
2024-01-10 15:09:01 Uploading file: run11430.mid.gz
2024-01-10 15:09:01 Upload done: run11430.mid.gz
2024-01-10 15:12:55 Udatentig matadata for filer file: run11431.mid.gz
2024-01-10 15:13:02 Transferring file: run11431.mid.gz
2024-01-10 15:13:02 Uploading file: run11431.mid.gz
2024-01-10 15:13:02 Upload done: run11431.mid.gz
2024-01-10 15:15:30 Udatentig matadata for filer file: run11432.mid.gz
2024-01-10 15:15:37 Transferring file: run11432.mid.gz
2024-01-10 15:15:37 Uploading file: run11432.mid.gz
2024-01-10 15:15:37 Upload done: run11432.mid.gz
2024-01-10 15:18:28 Udatentig matadata for filer file: run11433.mid.gz
2024-01-10 15:18:34 Transferring file: run11433.mid.gz
2024-01-10 15:18:34 Uploading file: run11433.mid.gz
2024-01-10 15:18:34 Upload done: run11433.mid.gz
2024-01-10 15:21:48 Udatentig matadata for filer file: run11434.mid.gz
2024-01-10 15:21:54 Transferring file: run11434.mid.gz
2024-01-10 15:21:54 Uploading file: run11434.mid.gz
2024-01-10 15:21:54 Upload done: run11434.mid.gz
2024-01-10 15:25:09 Udatentig matadata for filer file: run11435.mid.gz
2024-01-10 15:25:12 Transferring file: run11435.mid.gz
2024-01-10 15:25:12 Uploading file: run11435.mid.gz
2024-01-10 15:25:12 Upload done: run11435.mid.gz
2024-01-10 15:37:22 Udatentig matadata for filer file: run11436.mid.gz
2024-01-10 15:37:28 Transferring file: run11436.mid.gz
2024-01-10 15:37:28 Uploading file: run11436.mid.gz
2024-01-10 15:37:28 Upload done: run11436.mid.gz
2024-01-10 15:41:35 Udatentig matadata for filer file: run11437.mid.gz
2024-01-10 15:41:41 Transferring file: run11437.mid.gz
2024-01-10 15:41:41 Uploading file: run11437.mid.gz
2024-01-10 15:41:41 Upload done: run11437.mid.gz
2024-01-10 15:45:01 Udatentig matadata for filer file: run11438.mid.gz
2024-01-10 15:45:07 Transferring file: run11438.mid.gz
2024-01-10 15:45:07 Uploading file: run11438.mid.gz
2024-01-10 15:45:07 Upload done: run11438.mid.gz
2024-01-10 15:48:57 Udatentig matadata for filer file: run11439.mid.gz
2024-01-10 15:49:07 Transferring file: run11439.mid.gz
2024-01-10 15:49:07 Uploading file: run11439.mid.gz
2024-01-10 15:49:07 Upload done: run11439.mid.gz
2024-01-10 15:52:31 Udatentig matadata for filer file: run11440.mid.gz
2024-01-10 15:52:35 Transferring file: run11440.mid.gz
2024-01-10 15:52:35 Uploading file: run11440.mid.gz
2024-01-10 15:52:35 Upload done: run11440.mid.gz
2024-01-10 15:56:25 Udatentig matadata for filer file: run11441.mid.gz
2024-01-10 15:56:32 Transferring file: run11441.mid.gz
2024-01-10 15:56:32 Uploading file: run11441.mid.gz
2024-01-10 15:56:32 Upload done: run11441.mid.gz
2024-01-10 16:00:05 Udatentig matadata for filer file: run11442.mid.gz
2024-01-10 16:00:10 Transferring file: run11442.mid.gz
2024-01-10 16:00:10 Uploading file: run11442.mid.gz
2024-01-10 16:00:10 Upload done: run11442.mid.gz
2024-01-10 16:03:31 Udatentig matadata for filer file: run11443.mid.gz
2024-01-10 16:03:37 Transferring file: run11443.mid.gz
2024-01-10 16:03:37 Uploading file: run11443.mid.gz
2024-01-10 16:03:37 Upload done: run11443.mid.gz
2024-01-10 16:07:04 Udatentig matadata for filer file: run11444.mid.gz
2024-01-10 16:07:08 Transferring file: run11444.mid.gz
2024-01-10 16:07:08 Uploading file: run11444.mid.gz
2024-01-10 16:07:08 Upload done: run11444.mid.gz
2024-01-10 16:10:29 Udatentig matadata for filer file: run11445.mid.gz
2024-01-10 16:10:30 Transferring file: run11445.mid.gz
2024-01-10 16:10:30 Uploading file: run11445.mid.gz
2024-01-10 16:10:30 Upload done: run11445.mid.gz
2024-01-10 16:28:35 Udatentig matadata for filer file: run11446.mid.gz
2024-01-10 16:28:40 Transferring file: run11446.mid.gz
2024-01-10 16:28:40 Uploading file: run11446.mid.gz
2024-01-10 16:28:40 Upload done: run11446.mid.gz
2024-01-10 16:32:38 Udatentig matadata for filer file: run11447.mid.gz
2024-01-10 16:32:43 Transferring file: run11447.mid.gz
2024-01-10 16:32:43 Uploading file: run11447.mid.gz
2024-01-10 16:32:43 Upload done: run11447.mid.gz
2024-01-10 16:36:08 Udatentig matadata for filer file: run11448.mid.gz
2024-01-10 16:36:14 Transferring file: run11448.mid.gz
2024-01-10 16:36:14 Uploading file: run11448.mid.gz
2024-01-10 16:36:14 Upload done: run11448.mid.gz
2024-01-10 16:39:41 Udatentig matadata for filer file: run11449.mid.gz
2024-01-10 16:39:53 Transferring file: run11449.mid.gz
2024-01-10 16:39:53 Uploading file: run11449.mid.gz
2024-01-10 16:39:53 Upload done: run11449.mid.gz
2024-01-10 16:43:03 Udatentig matadata for filer file: run11450.mid.gz
2024-01-10 16:43:08 Transferring file: run11450.mid.gz
2024-01-10 16:43:08 Uploading file: run11450.mid.gz
2024-01-10 16:43:08 Upload done: run11450.mid.gz
2024-01-10 16:46:36 Udatentig matadata for filer file: run11451.mid.gz
2024-01-10 16:46:42 Transferring file: run11451.mid.gz
2024-01-10 16:46:42 Uploading file: run11451.mid.gz
2024-01-10 16:46:42 Upload done: run11451.mid.gz
2024-01-10 16:50:38 Udatentig matadata for filer file: run11452.mid.gz
2024-01-10 16:50:43 Transferring file: run11452.mid.gz
2024-01-10 16:50:43 Uploading file: run11452.mid.gz
2024-01-10 16:50:43 Upload done: run11452.mid.gz
2024-01-10 16:54:11 Udatentig matadata for filer file: run11453.mid.gz
2024-01-10 16:54:21 Transferring file: run11453.mid.gz
2024-01-10 16:54:21 Uploading file: run11453.mid.gz
2024-01-10 16:54:21 Upload done: run11453.mid.gz
2024-01-10 16:57:08 Udatentig matadata for filer file: run11454.mid.gz
2024-01-10 16:57:13 Transferring file: run11454.mid.gz
2024-01-10 16:57:13 Uploading file: run11454.mid.gz
2024-01-10 16:57:13 Upload done: run11454.mid.gz
2024-01-10 17:01:06 Udatentig matadata for filer file: run11455.mid.gz
2024-01-10 17:01:09 Transferring file: run11455.mid.gz
2024-01-10 17:01:09 Uploading file: run11455.mid.gz
2024-01-10 17:01:09 Upload done: run11455.mid.gz
2024-01-10 17:07:41 Udatentig matadata for filer file: run11456.mid.gz
2024-01-10 17:07:51 Transferring file: run11456.mid.gz
2024-01-10 17:07:51 Uploading file: run11456.mid.gz
2024-01-10 17:07:51 Upload done: run11456.mid.gz
2024-01-10 17:11:43 Udatentig matadata for filer file: run11457.mid.gz
2024-01-10 17:11:49 Transferring file: run11457.mid.gz
2024-01-10 17:11:49 Uploading file: run11457.mid.gz
2024-01-10 17:11:49 Upload done: run11457.mid.gz
2024-01-10 17:15:47 Udatentig matadata for filer file: run11458.mid.gz
2024-01-10 17:15:52 Transferring file: run11458.mid.gz
2024-01-10 17:15:52 Uploading file: run11458.mid.gz
2024-01-10 17:15:52 Upload done: run11458.mid.gz
2024-01-10 17:19:09 Udatentig matadata for filer file: run11459.mid.gz
2024-01-10 17:19:16 Transferring file: run11459.mid.gz
2024-01-10 17:19:16 Uploading file: run11459.mid.gz
2024-01-10 17:19:16 Upload done: run11459.mid.gz
2024-01-10 17:22:41 Udatentig matadata for filer file: run11460.mid.gz
2024-01-10 17:22:46 Transferring file: run11460.mid.gz
2024-01-10 17:22:46 Uploading file: run11460.mid.gz
2024-01-10 17:22:46 Upload done: run11460.mid.gz
2024-01-10 17:26:15 Udatentig matadata for filer file: run11461.mid.gz
2024-01-10 17:26:29 Transferring file: run11461.mid.gz
2024-01-10 17:26:29 Uploading file: run11461.mid.gz
2024-01-10 17:26:29 Upload done: run11461.mid.gz
2024-01-10 17:28:56 Udatentig matadata for filer file: run11462.mid.gz
2024-01-10 17:29:06 Transferring file: run11462.mid.gz
2024-01-10 17:29:06 Uploading file: run11462.mid.gz
2024-01-10 17:29:06 Upload done: run11462.mid.gz
2024-01-10 17:31:49 Udatentig matadata for filer file: run11463.mid.gz
2024-01-10 17:31:55 Transferring file: run11463.mid.gz
2024-01-10 17:31:55 Uploading file: run11463.mid.gz
2024-01-10 17:31:55 Upload done: run11463.mid.gz
2024-01-10 17:35:49 Udatentig matadata for filer file: run11464.mid.gz
2024-01-10 17:35:57 Transferring file: run11464.mid.gz
2024-01-10 17:35:57 Uploading file: run11464.mid.gz
2024-01-10 17:35:57 Upload done: run11464.mid.gz
2024-01-10 17:39:04 Udatentig matadata for filer file: run11465.mid.gz
2024-01-10 17:39:07 Transferring file: run11465.mid.gz
2024-01-10 17:39:07 Uploading file: run11465.mid.gz
2024-01-10 17:39:07 Upload done: run11465.mid.gz
2024-01-10 17:57:39 Udatentig matadata for filer file: run11466.mid.gz
2024-01-10 17:57:49 Transferring file: run11466.mid.gz
2024-01-10 17:57:49 Uploading file: run11466.mid.gz
2024-01-10 17:57:49 Upload done: run11466.mid.gz
2024-01-10 18:01:25 Udatentig matadata for filer file: run11467.mid.gz
2024-01-10 18:01:40 Transferring file: run11467.mid.gz
2024-01-10 18:01:40 Uploading file: run11467.mid.gz
2024-01-10 18:01:40 Upload done: run11467.mid.gz
2024-01-10 18:04:12 Udatentig matadata for filer file: run11468.mid.gz
2024-01-10 18:04:23 Transferring file: run11468.mid.gz
2024-01-10 18:04:23 Uploading file: run11468.mid.gz
2024-01-10 18:04:23 Upload done: run11468.mid.gz
2024-01-10 18:07:56 Udatentig matadata for filer file: run11469.mid.gz
2024-01-10 18:08:02 Transferring file: run11469.mid.gz
2024-01-10 18:08:02 Uploading file: run11469.mid.gz
2024-01-10 18:08:02 Upload done: run11469.mid.gz
2024-01-10 18:11:20 Udatentig matadata for filer file: run11470.mid.gz
2024-01-10 18:11:25 Transferring file: run11470.mid.gz
2024-01-10 18:11:25 Uploading file: run11470.mid.gz
2024-01-10 18:11:25 Upload done: run11470.mid.gz
2024-01-10 18:15:21 Udatentig matadata for filer file: run11471.mid.gz
2024-01-10 18:15:27 Transferring file: run11471.mid.gz
2024-01-10 18:15:27 Uploading file: run11471.mid.gz
2024-01-10 18:15:27 Upload done: run11471.mid.gz
2024-01-10 18:18:47 Udatentig matadata for filer file: run11472.mid.gz
2024-01-10 18:18:52 Transferring file: run11472.mid.gz
2024-01-10 18:18:52 Uploading file: run11472.mid.gz
2024-01-10 18:18:52 Upload done: run11472.mid.gz
2024-01-10 18:22:58 Udatentig matadata for filer file: run11473.mid.gz
2024-01-10 18:23:05 Transferring file: run11473.mid.gz
2024-01-10 18:23:05 Uploading file: run11473.mid.gz
2024-01-10 18:23:05 Upload done: run11473.mid.gz
2024-01-10 18:26:24 Udatentig matadata for filer file: run11474.mid.gz
2024-01-10 18:26:35 Transferring file: run11474.mid.gz
2024-01-10 18:26:35 Uploading file: run11474.mid.gz
2024-01-10 18:26:35 Upload done: run11474.mid.gz
2024-01-10 18:29:35 Udatentig matadata for filer file: run11475.mid.gz
2024-01-10 18:29:40 Transferring file: run11475.mid.gz
2024-01-10 18:29:40 Uploading file: run11475.mid.gz
2024-01-10 18:29:40 Upload done: run11475.mid.gz
2024-01-10 18:35:59 Udatentig matadata for filer file: run11476.mid.gz
2024-01-10 18:36:08 Transferring file: run11476.mid.gz
2024-01-10 18:36:08 Uploading file: run11476.mid.gz
2024-01-10 18:36:08 Upload done: run11476.mid.gz
2024-01-10 18:39:20 Udatentig matadata for filer file: run11477.mid.gz
2024-01-10 18:39:26 Transferring file: run11477.mid.gz
2024-01-10 18:39:26 Uploading file: run11477.mid.gz
2024-01-10 18:39:26 Upload done: run11477.mid.gz
2024-01-10 18:42:58 Udatentig matadata for filer file: run11478.mid.gz
2024-01-10 18:43:10 Transferring file: run11478.mid.gz
2024-01-10 18:43:10 Uploading file: run11478.mid.gz
2024-01-10 18:43:10 Upload done: run11478.mid.gz
2024-01-10 18:46:46 Udatentig matadata for filer file: run11479.mid.gz
2024-01-10 18:46:59 Transferring file: run11479.mid.gz
2024-01-10 18:46:59 Uploading file: run11479.mid.gz
2024-01-10 18:46:59 Upload done: run11479.mid.gz
2024-01-10 18:50:47 Udatentig matadata for filer file: run11480.mid.gz
2024-01-10 18:50:53 Transferring file: run11480.mid.gz
2024-01-10 18:50:53 Uploading file: run11480.mid.gz
2024-01-10 18:50:53 Upload done: run11480.mid.gz
2024-01-10 18:55:04 Udatentig matadata for filer file: run11481.mid.gz
2024-01-10 18:55:15 Transferring file: run11481.mid.gz
2024-01-10 18:55:15 Uploading file: run11481.mid.gz
2024-01-10 18:55:15 Upload done: run11481.mid.gz
2024-01-10 18:58:11 Udatentig matadata for filer file: run11482.mid.gz
2024-01-10 18:58:20 Transferring file: run11482.mid.gz
2024-01-10 18:58:20 Uploading file: run11482.mid.gz
2024-01-10 18:58:20 Upload done: run11482.mid.gz
2024-01-10 19:01:40 Udatentig matadata for filer file: run11483.mid.gz
2024-01-10 19:01:49 Transferring file: run11483.mid.gz
2024-01-10 19:01:49 Uploading file: run11483.mid.gz
2024-01-10 19:01:49 Upload done: run11483.mid.gz
2024-01-10 19:04:57 Udatentig matadata for filer file: run11484.mid.gz
2024-01-10 19:05:11 Transferring file: run11484.mid.gz
2024-01-10 19:05:11 Uploading file: run11484.mid.gz
2024-01-10 19:05:11 Upload done: run11484.mid.gz
2024-01-10 19:08:32 Udatentig matadata for filer file: run11485.mid.gz
2024-01-10 19:08:38 Transferring file: run11485.mid.gz
2024-01-10 19:08:38 Uploading file: run11485.mid.gz
2024-01-10 19:08:38 Upload done: run11485.mid.gz
2024-01-11 07:35:08 Udatentig matadata for filer file: run11486.mid.gz
2024-01-11 07:35:18 Transferring file: run11486.mid.gz
2024-01-11 07:35:18 Uploading file: run11486.mid.gz
2024-01-11 07:35:18 Upload done: run11486.mid.gz
2024-01-11 07:38:45 Udatentig matadata for filer file: run11487.mid.gz
2024-01-11 07:39:01 Transferring file: run11487.mid.gz
2024-01-11 07:39:01 Uploading file: run11487.mid.gz
2024-01-11 07:39:01 Upload done: run11487.mid.gz
2024-01-11 07:41:52 Udatentig matadata for filer file: run11488.mid.gz
2024-01-11 07:42:01 Transferring file: run11488.mid.gz
2024-01-11 07:42:01 Uploading file: run11488.mid.gz
2024-01-11 07:42:01 Upload done: run11488.mid.gz
2024-01-11 07:45:46 Udatentig matadata for filer file: run11489.mid.gz
2024-01-11 07:45:55 Transferring file: run11489.mid.gz
2024-01-11 07:45:55 Uploading file: run11489.mid.gz
2024-01-11 07:45:55 Upload done: run11489.mid.gz
2024-01-11 07:49:16 Udatentig matadata for filer file: run11490.mid.gz
2024-01-11 07:49:25 Transferring file: run11490.mid.gz
2024-01-11 07:49:25 Uploading file: run11490.mid.gz
2024-01-11 07:49:25 Upload done: run11490.mid.gz
2024-01-11 07:52:46 Udatentig matadata for filer file: run11491.mid.gz
2024-01-11 07:52:56 Transferring file: run11491.mid.gz
2024-01-11 07:52:56 Uploading file: run11491.mid.gz
2024-01-11 07:52:56 Upload done: run11491.mid.gz
2024-01-11 07:56:56 Udatentig matadata for filer file: run11492.mid.gz
2024-01-11 07:57:11 Transferring file: run11492.mid.gz
2024-01-11 07:57:11 Uploading file: run11492.mid.gz
2024-01-11 07:57:11 Upload done: run11492.mid.gz
2024-01-11 07:59:57 Udatentig matadata for filer file: run11493.mid.gz
2024-01-11 08:00:10 Transferring file: run11493.mid.gz
2024-01-11 08:00:10 Uploading file: run11493.mid.gz
2024-01-11 08:00:10 Upload done: run11493.mid.gz
2024-01-11 08:03:55 Udatentig matadata for filer file: run11494.mid.gz
2024-01-11 08:04:05 Transferring file: run11494.mid.gz
2024-01-11 08:04:05 Uploading file: run11494.mid.gz
2024-01-11 08:04:05 Upload done: run11494.mid.gz
2024-01-11 08:06:31 Udatentig matadata for filer file: run11495.mid.gz
2024-01-11 08:06:36 Transferring file: run11495.mid.gz
2024-01-11 08:06:36 Uploading file: run11495.mid.gz
2024-01-11 08:06:36 Upload done: run11495.mid.gz
2024-01-11 08:17:37 Udatentig matadata for filer file: run11496.mid.gz
2024-01-11 08:17:45 Transferring file: run11496.mid.gz
2024-01-11 08:17:45 Uploading file: run11496.mid.gz
2024-01-11 08:17:45 Upload done: run11496.mid.gz
2024-01-11 08:21:18 Udatentig matadata for filer file: run11497.mid.gz
2024-01-11 08:21:35 Transferring file: run11497.mid.gz
2024-01-11 08:21:35 Uploading file: run11497.mid.gz
2024-01-11 08:21:35 Upload done: run11497.mid.gz
2024-01-11 08:24:27 Udatentig matadata for filer file: run11498.mid.gz
2024-01-11 08:24:35 Transferring file: run11498.mid.gz
2024-01-11 08:24:35 Uploading file: run11498.mid.gz
2024-01-11 08:24:35 Upload done: run11498.mid.gz
2024-01-11 08:27:56 Udatentig matadata for filer file: run11499.mid.gz
2024-01-11 08:28:07 Transferring file: run11499.mid.gz
2024-01-11 08:28:07 Uploading file: run11499.mid.gz
2024-01-11 08:28:07 Upload done: run11499.mid.gz
2024-01-11 08:31:03 Udatentig matadata for filer file: run11500.mid.gz
2024-01-11 08:31:14 Transferring file: run11500.mid.gz
2024-01-11 08:31:14 Uploading file: run11500.mid.gz
2024-01-11 08:31:14 Upload done: run11500.mid.gz
2024-01-11 08:34:25 Udatentig matadata for filer file: run11501.mid.gz
2024-01-11 08:34:34 Transferring file: run11501.mid.gz
2024-01-11 08:34:34 Uploading file: run11501.mid.gz
2024-01-11 08:34:34 Upload done: run11501.mid.gz
2024-01-11 08:37:56 Udatentig matadata for filer file: run11502.mid.gz
2024-01-11 08:38:06 Transferring file: run11502.mid.gz
2024-01-11 08:38:06 Uploading file: run11502.mid.gz
2024-01-11 08:38:06 Upload done: run11502.mid.gz
2024-01-11 08:41:28 Udatentig matadata for filer file: run11503.mid.gz
2024-01-11 08:41:37 Transferring file: run11503.mid.gz
2024-01-11 08:41:37 Uploading file: run11503.mid.gz
2024-01-11 08:41:37 Upload done: run11503.mid.gz
2024-01-11 08:44:53 Udatentig matadata for filer file: run11504.mid.gz
2024-01-11 08:44:59 Transferring file: run11504.mid.gz
2024-01-11 08:44:59 Uploading file: run11504.mid.gz
2024-01-11 08:44:59 Upload done: run11504.mid.gz
2024-01-11 08:48:10 Udatentig matadata for filer file: run11505.mid.gz
2024-01-11 08:48:14 Transferring file: run11505.mid.gz
2024-01-11 08:48:14 Uploading file: run11505.mid.gz
2024-01-11 08:48:14 Upload done: run11505.mid.gz
2024-01-11 08:54:29 Udatentig matadata for filer file: run11506.mid.gz
2024-01-11 08:54:37 Transferring file: run11506.mid.gz
2024-01-11 08:54:37 Uploading file: run11506.mid.gz
2024-01-11 08:54:37 Upload done: run11506.mid.gz
2024-01-11 08:58:00 Udatentig matadata for filer file: run11507.mid.gz
2024-01-11 08:58:10 Transferring file: run11507.mid.gz
2024-01-11 08:58:10 Uploading file: run11507.mid.gz
2024-01-11 08:58:10 Upload done: run11507.mid.gz
2024-01-11 09:00:49 Udatentig matadata for filer file: run11508.mid.gz
2024-01-11 09:00:57 Transferring file: run11508.mid.gz
2024-01-11 09:00:57 Uploading file: run11508.mid.gz
2024-01-11 09:00:57 Upload done: run11508.mid.gz
2024-01-11 09:04:33 Udatentig matadata for filer file: run11509.mid.gz
2024-01-11 09:04:43 Transferring file: run11509.mid.gz
2024-01-11 09:04:43 Uploading file: run11509.mid.gz
2024-01-11 09:04:43 Upload done: run11509.mid.gz
2024-01-11 09:07:41 Udatentig matadata for filer file: run11510.mid.gz
2024-01-11 09:07:50 Transferring file: run11510.mid.gz
2024-01-11 09:07:50 Uploading file: run11510.mid.gz
2024-01-11 09:07:50 Upload done: run11510.mid.gz
2024-01-11 09:10:28 Udatentig matadata for filer file: run11511.mid.gz
2024-01-11 09:10:37 Transferring file: run11511.mid.gz
2024-01-11 09:10:37 Uploading file: run11511.mid.gz
2024-01-11 09:10:37 Upload done: run11511.mid.gz
2024-01-11 09:14:01 Udatentig matadata for filer file: run11512.mid.gz
2024-01-11 09:14:08 Transferring file: run11512.mid.gz
2024-01-11 09:14:08 Uploading file: run11512.mid.gz
2024-01-11 09:14:08 Upload done: run11512.mid.gz
2024-01-11 09:16:56 Udatentig matadata for filer file: run11513.mid.gz
2024-01-11 09:17:10 Transferring file: run11513.mid.gz
2024-01-11 09:17:10 Uploading file: run11513.mid.gz
2024-01-11 09:17:10 Upload done: run11513.mid.gz
2024-01-11 09:20:34 Udatentig matadata for filer file: run11514.mid.gz
2024-01-11 09:20:45 Transferring file: run11514.mid.gz
2024-01-11 09:20:45 Uploading file: run11514.mid.gz
2024-01-11 09:20:45 Upload done: run11514.mid.gz
2024-01-11 09:23:45 Udatentig matadata for filer file: run11515.mid.gz
2024-01-11 09:23:49 Transferring file: run11515.mid.gz
2024-01-11 09:23:49 Uploading file: run11515.mid.gz
2024-01-11 09:23:49 Upload done: run11515.mid.gz
2024-01-11 09:37:05 Udatentig matadata for filer file: run11516.mid.gz
2024-01-11 09:37:13 Transferring file: run11516.mid.gz
2024-01-11 09:37:13 Uploading file: run11516.mid.gz
2024-01-11 09:37:13 Upload done: run11516.mid.gz
2024-01-11 09:40:25 Udatentig matadata for filer file: run11517.mid.gz
2024-01-11 09:40:34 Transferring file: run11517.mid.gz
2024-01-11 09:40:34 Uploading file: run11517.mid.gz
2024-01-11 09:40:34 Upload done: run11517.mid.gz
2024-01-11 09:43:58 Udatentig matadata for filer file: run11518.mid.gz
2024-01-11 09:44:05 Transferring file: run11518.mid.gz
2024-01-11 09:44:05 Uploading file: run11518.mid.gz
2024-01-11 09:44:05 Upload done: run11518.mid.gz
2024-01-11 09:47:05 Udatentig matadata for filer file: run11519.mid.gz
2024-01-11 09:47:13 Transferring file: run11519.mid.gz
2024-01-11 09:47:13 Uploading file: run11519.mid.gz
2024-01-11 09:47:13 Upload done: run11519.mid.gz
2024-01-11 09:50:26 Udatentig matadata for filer file: run11520.mid.gz
2024-01-11 09:50:38 Transferring file: run11520.mid.gz
2024-01-11 09:50:38 Uploading file: run11520.mid.gz
2024-01-11 09:50:38 Upload done: run11520.mid.gz
2024-01-11 09:53:37 Udatentig matadata for filer file: run11521.mid.gz
2024-01-11 09:53:46 Transferring file: run11521.mid.gz
2024-01-11 09:53:46 Uploading file: run11521.mid.gz
2024-01-11 09:53:46 Upload done: run11521.mid.gz
2024-01-11 09:56:36 Udatentig matadata for filer file: run11522.mid.gz
2024-01-11 09:56:46 Transferring file: run11522.mid.gz
2024-01-11 09:56:46 Uploading file: run11522.mid.gz
2024-01-11 09:56:46 Upload done: run11522.mid.gz
2024-01-11 10:00:11 Udatentig matadata for filer file: run11523.mid.gz
2024-01-11 10:00:19 Transferring file: run11523.mid.gz
2024-01-11 10:00:19 Uploading file: run11523.mid.gz
2024-01-11 10:00:19 Upload done: run11523.mid.gz
2024-01-11 10:03:12 Udatentig matadata for filer file: run11524.mid.gz
2024-01-11 10:03:21 Transferring file: run11524.mid.gz
2024-01-11 10:03:21 Uploading file: run11524.mid.gz
2024-01-11 10:03:21 Upload done: run11524.mid.gz
2024-01-11 10:06:22 Udatentig matadata for filer file: run11525.mid.gz
2024-01-11 10:06:26 Transferring file: run11525.mid.gz
2024-01-11 10:06:26 Uploading file: run11525.mid.gz
2024-01-11 10:06:26 Upload done: run11525.mid.gz
2024-01-11 10:16:05 Udatentig matadata for filer file: run11526.mid.gz
2024-01-11 10:16:12 Transferring file: run11526.mid.gz
2024-01-11 10:16:12 Uploading file: run11526.mid.gz
2024-01-11 10:16:12 Upload done: run11526.mid.gz
2024-01-11 10:19:00 Udatentig matadata for filer file: run11527.mid.gz
2024-01-11 10:19:09 Transferring file: run11527.mid.gz
2024-01-11 10:19:09 Uploading file: run11527.mid.gz
2024-01-11 10:19:09 Upload done: run11527.mid.gz
2024-01-11 10:22:10 Udatentig matadata for filer file: run11528.mid.gz
2024-01-11 10:22:24 Transferring file: run11528.mid.gz
2024-01-11 10:22:24 Uploading file: run11528.mid.gz
2024-01-11 10:22:24 Upload done: run11528.mid.gz
2024-01-11 10:25:36 Udatentig matadata for filer file: run11529.mid.gz
2024-01-11 10:25:44 Transferring file: run11529.mid.gz
2024-01-11 10:25:44 Uploading file: run11529.mid.gz
2024-01-11 10:25:44 Upload done: run11529.mid.gz
2024-01-11 10:29:10 Udatentig matadata for filer file: run11530.mid.gz
2024-01-11 10:29:19 Transferring file: run11530.mid.gz
2024-01-11 10:29:19 Uploading file: run11530.mid.gz
2024-01-11 10:29:19 Upload done: run11530.mid.gz
2024-01-11 10:32:19 Udatentig matadata for filer file: run11531.mid.gz
2024-01-11 10:32:31 Transferring file: run11531.mid.gz
2024-01-11 10:32:31 Uploading file: run11531.mid.gz
2024-01-11 10:32:31 Upload done: run11531.mid.gz
2024-01-11 10:35:56 Udatentig matadata for filer file: run11532.mid.gz
2024-01-11 10:36:05 Transferring file: run11532.mid.gz
2024-01-11 10:36:05 Uploading file: run11532.mid.gz
2024-01-11 10:36:05 Upload done: run11532.mid.gz
2024-01-11 10:38:56 Udatentig matadata for filer file: run11533.mid.gz
2024-01-11 10:39:06 Transferring file: run11533.mid.gz
2024-01-11 10:39:06 Uploading file: run11533.mid.gz
2024-01-11 10:39:06 Upload done: run11533.mid.gz
2024-01-11 10:41:45 Udatentig matadata for filer file: run11534.mid.gz
2024-01-11 10:41:52 Transferring file: run11534.mid.gz
2024-01-11 10:41:52 Uploading file: run11534.mid.gz
2024-01-11 10:41:52 Upload done: run11534.mid.gz
2024-01-11 10:44:28 Udatentig matadata for filer file: run11535.mid.gz
2024-01-11 10:44:33 Transferring file: run11535.mid.gz
2024-01-11 10:44:33 Uploading file: run11535.mid.gz
2024-01-11 10:44:33 Upload done: run11535.mid.gz
2024-01-11 11:09:01 Udatentig matadata for filer file: run11536.mid.gz
2024-01-11 11:09:09 Transferring file: run11536.mid.gz
2024-01-11 11:09:09 Uploading file: run11536.mid.gz
2024-01-11 11:09:09 Upload done: run11536.mid.gz
2024-01-11 11:12:36 Udatentig matadata for filer file: run11537.mid.gz
2024-01-11 11:12:45 Transferring file: run11537.mid.gz
2024-01-11 11:12:45 Uploading file: run11537.mid.gz
2024-01-11 11:12:45 Upload done: run11537.mid.gz
2024-01-11 11:16:16 Udatentig matadata for filer file: run11538.mid.gz
2024-01-11 11:16:26 Transferring file: run11538.mid.gz
2024-01-11 11:16:26 Uploading file: run11538.mid.gz
2024-01-11 11:16:26 Upload done: run11538.mid.gz
2024-01-11 11:20:06 Udatentig matadata for filer file: run11539.mid.gz
2024-01-11 11:20:20 Transferring file: run11539.mid.gz
2024-01-11 11:20:20 Uploading file: run11539.mid.gz
2024-01-11 11:20:20 Upload done: run11539.mid.gz
2024-01-11 11:23:25 Udatentig matadata for filer file: run11540.mid.gz
2024-01-11 11:23:34 Transferring file: run11540.mid.gz
2024-01-11 11:23:34 Uploading file: run11540.mid.gz
2024-01-11 11:23:34 Upload done: run11540.mid.gz
2024-01-11 11:26:51 Udatentig matadata for filer file: run11541.mid.gz
2024-01-11 11:26:59 Transferring file: run11541.mid.gz
2024-01-11 11:26:59 Uploading file: run11541.mid.gz
2024-01-11 11:26:59 Upload done: run11541.mid.gz
2024-01-11 11:30:14 Udatentig matadata for filer file: run11542.mid.gz
2024-01-11 11:30:32 Transferring file: run11542.mid.gz
2024-01-11 11:30:32 Uploading file: run11542.mid.gz
2024-01-11 11:30:32 Upload done: run11542.mid.gz
2024-01-11 11:33:22 Udatentig matadata for filer file: run11543.mid.gz
2024-01-11 11:33:33 Transferring file: run11543.mid.gz
2024-01-11 11:33:33 Uploading file: run11543.mid.gz
2024-01-11 11:33:33 Upload done: run11543.mid.gz
2024-01-11 11:37:01 Udatentig matadata for filer file: run11544.mid.gz
2024-01-11 11:37:22 Transferring file: run11544.mid.gz
2024-01-11 11:37:22 Uploading file: run11544.mid.gz
2024-01-11 11:37:22 Upload done: run11544.mid.gz
2024-01-11 11:39:35 Udatentig matadata for filer file: run11545.mid.gz
2024-01-11 11:39:41 Transferring file: run11545.mid.gz
2024-01-11 11:39:41 Uploading file: run11545.mid.gz
2024-01-11 11:39:41 Upload done: run11545.mid.gz
2024-01-11 11:47:47 Udatentig matadata for filer file: run11546.mid.gz
2024-01-11 11:47:57 Transferring file: run11546.mid.gz
2024-01-11 11:47:57 Uploading file: run11546.mid.gz
2024-01-11 11:47:57 Upload done: run11546.mid.gz
2024-01-11 11:51:00 Udatentig matadata for filer file: run11547.mid.gz
2024-01-11 11:51:14 Transferring file: run11547.mid.gz
2024-01-11 11:51:14 Uploading file: run11547.mid.gz
2024-01-11 11:51:14 Upload done: run11547.mid.gz
2024-01-11 11:53:52 Udatentig matadata for filer file: run11548.mid.gz
2024-01-11 11:54:03 Transferring file: run11548.mid.gz
2024-01-11 11:54:03 Uploading file: run11548.mid.gz
2024-01-11 11:54:03 Upload done: run11548.mid.gz
2024-01-11 11:57:57 Udatentig matadata for filer file: run11549.mid.gz
2024-01-11 11:58:04 Transferring file: run11549.mid.gz
2024-01-11 11:58:04 Uploading file: run11549.mid.gz
2024-01-11 11:58:04 Upload done: run11549.mid.gz
2024-01-11 12:00:56 Udatentig matadata for filer file: run11550.mid.gz
2024-01-11 12:01:04 Transferring file: run11550.mid.gz
2024-01-11 12:01:04 Uploading file: run11550.mid.gz
2024-01-11 12:01:04 Upload done: run11550.mid.gz
2024-01-11 12:04:33 Udatentig matadata for filer file: run11551.mid.gz
2024-01-11 12:04:48 Transferring file: run11551.mid.gz
2024-01-11 12:04:48 Uploading file: run11551.mid.gz
2024-01-11 12:04:48 Upload done: run11551.mid.gz
2024-01-11 12:07:27 Udatentig matadata for filer file: run11552.mid.gz
2024-01-11 12:07:34 Transferring file: run11552.mid.gz
2024-01-11 12:07:34 Uploading file: run11552.mid.gz
2024-01-11 12:07:34 Upload done: run11552.mid.gz
2024-01-11 12:10:13 Udatentig matadata for filer file: run11553.mid.gz
2024-01-11 12:10:20 Transferring file: run11553.mid.gz
2024-01-11 12:10:20 Uploading file: run11553.mid.gz
2024-01-11 12:10:20 Upload done: run11553.mid.gz
2024-01-11 12:13:52 Udatentig matadata for filer file: run11554.mid.gz
2024-01-11 12:13:59 Transferring file: run11554.mid.gz
2024-01-11 12:13:59 Uploading file: run11554.mid.gz
2024-01-11 12:13:59 Upload done: run11554.mid.gz
2024-01-11 12:17:03 Udatentig matadata for filer file: run11555.mid.gz
2024-01-11 12:17:09 Transferring file: run11555.mid.gz
2024-01-11 12:17:09 Uploading file: run11555.mid.gz
2024-01-11 12:17:09 Upload done: run11555.mid.gz
2024-01-11 12:26:46 Udatentig matadata for filer file: run11556.mid.gz
2024-01-11 12:26:52 Transferring file: run11556.mid.gz
2024-01-11 12:26:52 Uploading file: run11556.mid.gz
2024-01-11 12:26:52 Upload done: run11556.mid.gz
2024-01-11 12:29:57 Udatentig matadata for filer file: run11557.mid.gz
2024-01-11 12:30:02 Transferring file: run11557.mid.gz
2024-01-11 12:30:02 Uploading file: run11557.mid.gz
2024-01-11 12:30:02 Upload done: run11557.mid.gz
2024-01-11 12:33:45 Udatentig matadata for filer file: run11558.mid.gz
2024-01-11 12:33:50 Transferring file: run11558.mid.gz
2024-01-11 12:33:50 Uploading file: run11558.mid.gz
2024-01-11 12:33:50 Upload done: run11558.mid.gz
2024-01-11 12:36:54 Udatentig matadata for filer file: run11559.mid.gz
2024-01-11 12:37:01 Transferring file: run11559.mid.gz
2024-01-11 12:37:01 Uploading file: run11559.mid.gz
2024-01-11 12:37:01 Upload done: run11559.mid.gz
2024-01-11 12:39:53 Udatentig matadata for filer file: run11560.mid.gz
2024-01-11 12:40:05 Transferring file: run11560.mid.gz
2024-01-11 12:40:05 Uploading file: run11560.mid.gz
2024-01-11 12:40:05 Upload done: run11560.mid.gz
2024-01-11 12:42:56 Udatentig matadata for filer file: run11561.mid.gz
2024-01-11 12:43:01 Transferring file: run11561.mid.gz
2024-01-11 12:43:01 Uploading file: run11561.mid.gz
2024-01-11 12:43:01 Upload done: run11561.mid.gz
2024-01-11 12:46:30 Udatentig matadata for filer file: run11562.mid.gz
2024-01-11 12:46:41 Transferring file: run11562.mid.gz
2024-01-11 12:46:41 Uploading file: run11562.mid.gz
2024-01-11 12:46:41 Upload done: run11562.mid.gz
2024-01-11 12:48:59 Udatentig matadata for filer file: run11563.mid.gz
2024-01-11 12:49:06 Transferring file: run11563.mid.gz
2024-01-11 12:49:06 Uploading file: run11563.mid.gz
2024-01-11 12:49:06 Upload done: run11563.mid.gz
2024-01-11 12:52:22 Udatentig matadata for filer file: run11564.mid.gz
2024-01-11 12:52:28 Transferring file: run11564.mid.gz
2024-01-11 12:52:28 Uploading file: run11564.mid.gz
2024-01-11 12:52:28 Upload done: run11564.mid.gz
2024-01-11 12:55:47 Udatentig matadata for filer file: run11565.mid.gz
2024-01-11 12:55:52 Transferring file: run11565.mid.gz
2024-01-11 12:55:52 Uploading file: run11565.mid.gz
2024-01-11 12:55:52 Upload done: run11565.mid.gz
2024-01-11 13:00:54 Udatentig matadata for filer file: run11566.mid.gz
2024-01-11 13:01:00 Transferring file: run11566.mid.gz
2024-01-11 13:01:00 Uploading file: run11566.mid.gz
2024-01-11 13:01:00 Upload done: run11566.mid.gz
2024-01-11 13:04:30 Udatentig matadata for filer file: run11567.mid.gz
2024-01-11 13:04:40 Transferring file: run11567.mid.gz
2024-01-11 13:04:40 Uploading file: run11567.mid.gz
2024-01-11 13:04:40 Upload done: run11567.mid.gz
2024-01-11 13:07:48 Udatentig matadata for filer file: run11568.mid.gz
2024-01-11 13:08:01 Transferring file: run11568.mid.gz
2024-01-11 13:08:01 Uploading file: run11568.mid.gz
2024-01-11 13:08:01 Upload done: run11568.mid.gz
2024-01-11 13:10:53 Udatentig matadata for filer file: run11569.mid.gz
2024-01-11 13:11:04 Transferring file: run11569.mid.gz
2024-01-11 13:11:04 Uploading file: run11569.mid.gz
2024-01-11 13:11:04 Upload done: run11569.mid.gz
2024-01-11 13:13:56 Udatentig matadata for filer file: run11570.mid.gz
2024-01-11 13:14:01 Transferring file: run11570.mid.gz
2024-01-11 13:14:01 Uploading file: run11570.mid.gz
2024-01-11 13:14:01 Upload done: run11570.mid.gz
2024-01-11 13:17:32 Udatentig matadata for filer file: run11571.mid.gz
2024-01-11 13:17:39 Transferring file: run11571.mid.gz
2024-01-11 13:17:39 Uploading file: run11571.mid.gz
2024-01-11 13:17:39 Upload done: run11571.mid.gz
2024-01-11 13:20:22 Udatentig matadata for filer file: run11572.mid.gz
2024-01-11 13:20:33 Transferring file: run11572.mid.gz
2024-01-11 13:20:33 Uploading file: run11572.mid.gz
2024-01-11 13:20:33 Upload done: run11572.mid.gz
2024-01-11 13:24:30 Udatentig matadata for filer file: run11573.mid.gz
2024-01-11 13:24:36 Transferring file: run11573.mid.gz
2024-01-11 13:24:36 Uploading file: run11573.mid.gz
2024-01-11 13:24:36 Upload done: run11573.mid.gz
2024-01-11 13:27:19 Udatentig matadata for filer file: run11574.mid.gz
2024-01-11 13:27:26 Transferring file: run11574.mid.gz
2024-01-11 13:27:26 Uploading file: run11574.mid.gz
2024-01-11 13:27:26 Upload done: run11574.mid.gz
2024-01-11 13:30:44 Udatentig matadata for filer file: run11575.mid.gz
2024-01-11 13:30:47 Transferring file: run11575.mid.gz
2024-01-11 13:30:47 Uploading file: run11575.mid.gz
2024-01-11 13:30:47 Upload done: run11575.mid.gz
2024-01-11 14:24:08 Udatentig matadata for filer file: run11576.mid.gz
2024-01-11 14:24:15 Transferring file: run11576.mid.gz
2024-01-11 14:24:15 Uploading file: run11576.mid.gz
2024-01-11 14:24:15 Upload done: run11576.mid.gz
2024-01-11 14:27:16 Udatentig matadata for filer file: run11577.mid.gz
2024-01-11 14:27:26 Transferring file: run11577.mid.gz
2024-01-11 14:27:26 Uploading file: run11577.mid.gz
2024-01-11 14:27:26 Upload done: run11577.mid.gz
2024-01-11 14:30:08 Udatentig matadata for filer file: run11578.mid.gz
2024-01-11 14:30:16 Transferring file: run11578.mid.gz
2024-01-11 14:30:16 Uploading file: run11578.mid.gz
2024-01-11 14:30:16 Upload done: run11578.mid.gz
2024-01-11 14:33:09 Udatentig matadata for filer file: run11579.mid.gz
2024-01-11 14:33:15 Transferring file: run11579.mid.gz
2024-01-11 14:33:15 Uploading file: run11579.mid.gz
2024-01-11 14:33:15 Upload done: run11579.mid.gz
2024-01-11 14:36:34 Udatentig matadata for filer file: run11580.mid.gz
2024-01-11 14:36:39 Transferring file: run11580.mid.gz
2024-01-11 14:36:39 Uploading file: run11580.mid.gz
2024-01-11 14:36:39 Upload done: run11580.mid.gz
2024-01-11 14:39:34 Udatentig matadata for filer file: run11581.mid.gz
2024-01-11 14:39:45 Transferring file: run11581.mid.gz
2024-01-11 14:39:45 Uploading file: run11581.mid.gz
2024-01-11 14:39:45 Upload done: run11581.mid.gz
2024-01-11 14:43:17 Udatentig matadata for filer file: run11582.mid.gz
2024-01-11 14:43:23 Transferring file: run11582.mid.gz
2024-01-11 14:43:23 Uploading file: run11582.mid.gz
2024-01-11 14:43:23 Upload done: run11582.mid.gz
2024-01-11 14:46:04 Udatentig matadata for filer file: run11583.mid.gz
2024-01-11 14:46:13 Transferring file: run11583.mid.gz
2024-01-11 14:46:13 Uploading file: run11583.mid.gz
2024-01-11 14:46:13 Upload done: run11583.mid.gz
2024-01-11 14:49:07 Udatentig matadata for filer file: run11584.mid.gz
2024-01-11 14:49:13 Transferring file: run11584.mid.gz
2024-01-11 14:49:13 Uploading file: run11584.mid.gz
2024-01-11 14:49:13 Upload done: run11584.mid.gz
2024-01-11 14:51:54 Udatentig matadata for filer file: run11585.mid.gz
2024-01-11 14:51:58 Transferring file: run11585.mid.gz
2024-01-11 14:51:58 Uploading file: run11585.mid.gz
2024-01-11 14:51:58 Upload done: run11585.mid.gz
2024-01-11 16:06:43 Udatentig matadata for filer file: run11586.mid.gz
2024-01-11 16:06:51 Transferring file: run11586.mid.gz
2024-01-11 16:06:51 Uploading file: run11586.mid.gz
2024-01-11 16:06:51 Upload done: run11586.mid.gz
2024-01-11 16:10:54 Udatentig matadata for filer file: run11587.mid.gz
2024-01-11 16:11:04 Transferring file: run11587.mid.gz
2024-01-11 16:11:04 Uploading file: run11587.mid.gz
2024-01-11 16:11:04 Upload done: run11587.mid.gz
2024-01-11 16:14:24 Udatentig matadata for filer file: run11588.mid.gz
2024-01-11 16:14:38 Transferring file: run11588.mid.gz
2024-01-11 16:14:38 Uploading file: run11588.mid.gz
2024-01-11 16:14:38 Upload done: run11588.mid.gz
2024-01-11 16:17:23 Udatentig matadata for filer file: run11589.mid.gz
2024-01-11 16:17:36 Transferring file: run11589.mid.gz
2024-01-11 16:17:36 Uploading file: run11589.mid.gz
2024-01-11 16:17:36 Upload done: run11589.mid.gz
2024-01-11 16:21:25 Udatentig matadata for filer file: run11590.mid.gz
2024-01-11 16:21:39 Transferring file: run11590.mid.gz
2024-01-11 16:21:39 Uploading file: run11590.mid.gz
2024-01-11 16:21:39 Upload done: run11590.mid.gz
2024-01-11 16:24:21 Udatentig matadata for filer file: run11591.mid.gz
2024-01-11 16:24:29 Transferring file: run11591.mid.gz
2024-01-11 16:24:29 Uploading file: run11591.mid.gz
2024-01-11 16:24:29 Upload done: run11591.mid.gz
2024-01-11 16:27:51 Udatentig matadata for filer file: run11592.mid.gz
2024-01-11 16:28:02 Transferring file: run11592.mid.gz
2024-01-11 16:28:02 Uploading file: run11592.mid.gz
2024-01-11 16:28:02 Upload done: run11592.mid.gz
2024-01-11 16:31:22 Udatentig matadata for filer file: run11593.mid.gz
2024-01-11 16:31:29 Transferring file: run11593.mid.gz
2024-01-11 16:31:29 Uploading file: run11593.mid.gz
2024-01-11 16:31:29 Upload done: run11593.mid.gz
2024-01-11 16:35:30 Udatentig matadata for filer file: run11594.mid.gz
2024-01-11 16:35:37 Transferring file: run11594.mid.gz
2024-01-11 16:35:37 Uploading file: run11594.mid.gz
2024-01-11 16:35:37 Upload done: run11594.mid.gz
2024-01-11 16:38:06 Udatentig matadata for filer file: run11595.mid.gz
2024-01-11 16:38:10 Transferring file: run11595.mid.gz
2024-01-11 16:38:10 Uploading file: run11595.mid.gz
2024-01-11 16:38:10 Upload done: run11595.mid.gz
2024-01-11 16:58:27 Udatentig matadata for filer file: run11596.mid.gz
2024-01-11 16:58:39 Transferring file: run11596.mid.gz
2024-01-11 16:58:39 Uploading file: run11596.mid.gz
2024-01-11 16:58:39 Upload done: run11596.mid.gz
2024-01-11 17:01:37 Udatentig matadata for filer file: run11597.mid.gz
2024-01-11 17:01:47 Transferring file: run11597.mid.gz
2024-01-11 17:01:47 Uploading file: run11597.mid.gz
2024-01-11 17:01:47 Upload done: run11597.mid.gz
2024-01-11 17:04:30 Udatentig matadata for filer file: run11598.mid.gz
2024-01-11 17:04:46 Transferring file: run11598.mid.gz
2024-01-11 17:04:46 Uploading file: run11598.mid.gz
2024-01-11 17:04:46 Upload done: run11598.mid.gz
2024-01-11 17:07:41 Udatentig matadata for filer file: run11599.mid.gz
2024-01-11 17:07:56 Transferring file: run11599.mid.gz
2024-01-11 17:07:56 Uploading file: run11599.mid.gz
2024-01-11 17:07:56 Upload done: run11599.mid.gz
2024-01-11 17:10:26 Udatentig matadata for filer file: run11600.mid.gz
2024-01-11 17:10:42 Transferring file: run11600.mid.gz
2024-01-11 17:10:42 Uploading file: run11600.mid.gz
2024-01-11 17:10:42 Upload done: run11600.mid.gz
2024-01-11 17:14:03 Udatentig matadata for filer file: run11601.mid.gz
2024-01-11 17:14:17 Transferring file: run11601.mid.gz
2024-01-11 17:14:17 Uploading file: run11601.mid.gz
2024-01-11 17:14:17 Upload done: run11601.mid.gz
2024-01-11 17:17:04 Udatentig matadata for filer file: run11602.mid.gz
2024-01-11 17:17:13 Transferring file: run11602.mid.gz
2024-01-11 17:17:13 Uploading file: run11602.mid.gz
2024-01-11 17:17:13 Upload done: run11602.mid.gz
2024-01-11 17:19:58 Udatentig matadata for filer file: run11603.mid.gz
2024-01-11 17:20:05 Transferring file: run11603.mid.gz
2024-01-11 17:20:05 Uploading file: run11603.mid.gz
2024-01-11 17:20:05 Upload done: run11603.mid.gz
2024-01-11 17:24:08 Udatentig matadata for filer file: run11604.mid.gz
2024-01-11 17:24:17 Transferring file: run11604.mid.gz
2024-01-11 17:24:17 Uploading file: run11604.mid.gz
2024-01-11 17:24:17 Upload done: run11604.mid.gz
2024-01-11 17:26:55 Udatentig matadata for filer file: run11605.mid.gz
2024-01-11 17:27:04 Transferring file: run11605.mid.gz
2024-01-11 17:27:04 Uploading file: run11605.mid.gz
2024-01-11 17:27:04 Upload done: run11605.mid.gz
2024-01-11 17:34:10 Udatentig matadata for filer file: run11606.mid.gz
2024-01-11 17:34:20 Transferring file: run11606.mid.gz
2024-01-11 17:34:20 Uploading file: run11606.mid.gz
2024-01-11 17:34:20 Upload done: run11606.mid.gz
2024-01-11 17:37:03 Udatentig matadata for filer file: run11607.mid.gz
2024-01-11 17:37:17 Transferring file: run11607.mid.gz
2024-01-11 17:37:17 Uploading file: run11607.mid.gz
2024-01-11 17:37:17 Upload done: run11607.mid.gz
2024-01-11 17:40:13 Udatentig matadata for filer file: run11608.mid.gz
2024-01-11 17:40:21 Transferring file: run11608.mid.gz
2024-01-11 17:40:21 Uploading file: run11608.mid.gz
2024-01-11 17:40:21 Upload done: run11608.mid.gz
2024-01-11 17:43:04 Udatentig matadata for filer file: run11609.mid.gz
2024-01-11 17:43:12 Transferring file: run11609.mid.gz
2024-01-11 17:43:12 Uploading file: run11609.mid.gz
2024-01-11 17:43:12 Upload done: run11609.mid.gz
2024-01-11 17:46:08 Udatentig matadata for filer file: run11610.mid.gz
2024-01-11 17:46:22 Transferring file: run11610.mid.gz
2024-01-11 17:46:22 Uploading file: run11610.mid.gz
2024-01-11 17:46:22 Upload done: run11610.mid.gz
2024-01-11 17:50:12 Udatentig matadata for filer file: run11611.mid.gz
2024-01-11 17:50:26 Transferring file: run11611.mid.gz
2024-01-11 17:50:26 Uploading file: run11611.mid.gz
2024-01-11 17:50:26 Upload done: run11611.mid.gz
2024-01-11 17:53:23 Udatentig matadata for filer file: run11612.mid.gz
2024-01-11 17:53:38 Transferring file: run11612.mid.gz
2024-01-11 17:53:38 Uploading file: run11612.mid.gz
2024-01-11 17:53:38 Upload done: run11612.mid.gz
2024-01-11 17:56:09 Udatentig matadata for filer file: run11613.mid.gz
2024-01-11 17:56:24 Transferring file: run11613.mid.gz
2024-01-11 17:56:24 Uploading file: run11613.mid.gz
2024-01-11 17:56:24 Upload done: run11613.mid.gz
2024-01-11 17:59:21 Udatentig matadata for filer file: run11614.mid.gz
2024-01-11 17:59:32 Transferring file: run11614.mid.gz
2024-01-11 17:59:32 Uploading file: run11614.mid.gz
2024-01-11 17:59:32 Upload done: run11614.mid.gz
2024-01-11 18:02:29 Udatentig matadata for filer file: run11615.mid.gz
2024-01-11 18:02:33 Transferring file: run11615.mid.gz
2024-01-11 18:02:33 Uploading file: run11615.mid.gz
2024-01-11 18:02:33 Upload done: run11615.mid.gz
2024-01-11 18:09:44 Udatentig matadata for filer file: run11616.mid.gz
2024-01-11 18:10:04 Transferring file: run11616.mid.gz
2024-01-11 18:10:04 Uploading file: run11616.mid.gz
2024-01-11 18:10:04 Upload done: run11616.mid.gz
2024-01-11 18:12:36 Udatentig matadata for filer file: run11617.mid.gz
2024-01-11 18:12:53 Transferring file: run11617.mid.gz
2024-01-11 18:12:53 Uploading file: run11617.mid.gz
2024-01-11 18:12:53 Upload done: run11617.mid.gz
2024-01-11 18:15:37 Udatentig matadata for filer file: run11618.mid.gz
2024-01-11 18:15:47 Transferring file: run11618.mid.gz
2024-01-11 18:15:47 Uploading file: run11618.mid.gz
2024-01-11 18:15:47 Upload done: run11618.mid.gz
2024-01-11 18:19:10 Udatentig matadata for filer file: run11619.mid.gz
2024-01-11 18:19:21 Transferring file: run11619.mid.gz
2024-01-11 18:19:21 Uploading file: run11619.mid.gz
2024-01-11 18:19:21 Upload done: run11619.mid.gz
2024-01-11 18:22:47 Udatentig matadata for filer file: run11620.mid.gz
2024-01-11 18:23:00 Transferring file: run11620.mid.gz
2024-01-11 18:23:00 Uploading file: run11620.mid.gz
2024-01-11 18:23:00 Upload done: run11620.mid.gz
2024-01-11 18:25:45 Udatentig matadata for filer file: run11621.mid.gz
2024-01-11 18:25:51 Transferring file: run11621.mid.gz
2024-01-11 18:25:51 Uploading file: run11621.mid.gz
2024-01-11 18:25:51 Upload done: run11621.mid.gz
2024-01-11 18:29:42 Udatentig matadata for filer file: run11622.mid.gz
2024-01-11 18:29:58 Transferring file: run11622.mid.gz
2024-01-11 18:29:58 Uploading file: run11622.mid.gz
2024-01-11 18:29:58 Upload done: run11622.mid.gz
2024-01-11 18:32:45 Udatentig matadata for filer file: run11623.mid.gz
2024-01-11 18:32:58 Transferring file: run11623.mid.gz
2024-01-11 18:32:58 Uploading file: run11623.mid.gz
2024-01-11 18:32:58 Upload done: run11623.mid.gz
2024-01-11 18:35:55 Udatentig matadata for filer file: run11624.mid.gz
2024-01-11 18:36:06 Transferring file: run11624.mid.gz
2024-01-11 18:36:06 Uploading file: run11624.mid.gz
2024-01-11 18:36:06 Upload done: run11624.mid.gz
2024-01-11 18:38:37 Udatentig matadata for filer file: run11625.mid.gz
2024-01-11 18:38:41 Transferring file: run11625.mid.gz
2024-01-11 18:38:41 Uploading file: run11625.mid.gz
2024-01-11 18:38:41 Upload done: run11625.mid.gz
2024-01-11 18:55:25 Udatentig matadata for filer file: run11626.mid.gz
2024-01-11 18:55:40 Transferring file: run11626.mid.gz
2024-01-11 18:55:40 Uploading file: run11626.mid.gz
2024-01-11 18:55:40 Upload done: run11626.mid.gz
2024-01-11 18:58:28 Udatentig matadata for filer file: run11627.mid.gz
2024-01-11 18:58:48 Transferring file: run11627.mid.gz
2024-01-11 18:58:48 Uploading file: run11627.mid.gz
2024-01-11 18:58:48 Upload done: run11627.mid.gz
2024-01-11 19:01:07 Udatentig matadata for filer file: run11628.mid.gz
2024-01-11 19:01:17 Transferring file: run11628.mid.gz
2024-01-11 19:01:17 Uploading file: run11628.mid.gz
2024-01-11 19:01:17 Upload done: run11628.mid.gz
2024-01-11 19:04:56 Udatentig matadata for filer file: run11629.mid.gz
2024-01-11 19:05:05 Transferring file: run11629.mid.gz
2024-01-11 19:05:05 Uploading file: run11629.mid.gz
2024-01-11 19:05:05 Upload done: run11629.mid.gz
2024-01-11 19:07:54 Udatentig matadata for filer file: run11630.mid.gz
2024-01-11 19:08:02 Transferring file: run11630.mid.gz
2024-01-11 19:08:02 Uploading file: run11630.mid.gz
2024-01-11 19:08:02 Upload done: run11630.mid.gz
2024-01-11 19:10:48 Udatentig matadata for filer file: run11631.mid.gz
2024-01-11 19:10:56 Transferring file: run11631.mid.gz
2024-01-11 19:10:56 Uploading file: run11631.mid.gz
2024-01-11 19:10:56 Upload done: run11631.mid.gz
2024-01-11 19:13:56 Udatentig matadata for filer file: run11632.mid.gz
2024-01-11 19:14:07 Transferring file: run11632.mid.gz
2024-01-11 19:14:07 Uploading file: run11632.mid.gz
2024-01-11 19:14:07 Upload done: run11632.mid.gz
2024-01-11 19:16:52 Udatentig matadata for filer file: run11633.mid.gz
2024-01-11 19:17:08 Transferring file: run11633.mid.gz
2024-01-11 19:17:08 Uploading file: run11633.mid.gz
2024-01-11 19:17:08 Upload done: run11633.mid.gz
2024-01-11 19:22:13 Udatentig matadata for filer file: run11634.mid.gz
2024-01-11 19:22:31 Transferring file: run11634.mid.gz
2024-01-11 19:22:31 Uploading file: run11634.mid.gz
2024-01-11 19:22:31 Upload done: run11634.mid.gz
2024-01-11 19:23:20 Udatentig matadata for filer file: run11635.mid.gz
2024-01-11 19:23:43 Transferring file: run11635.mid.gz
2024-01-11 19:23:43 Uploading file: run11635.mid.gz
2024-01-11 19:23:43 Upload done: run11635.mid.gz
2024-01-11 19:30:04 Udatentig matadata for filer file: run11636.mid.gz
2024-01-11 19:30:29 Transferring file: run11636.mid.gz
2024-01-11 19:30:29 Uploading file: run11636.mid.gz
2024-01-11 19:30:29 Upload done: run11636.mid.gz
2024-01-11 19:33:25 Udatentig matadata for filer file: run11637.mid.gz
2024-01-11 19:33:38 Transferring file: run11637.mid.gz
2024-01-11 19:33:38 Uploading file: run11637.mid.gz
2024-01-11 19:33:38 Upload done: run11637.mid.gz
2024-01-11 19:36:49 Udatentig matadata for filer file: run11638.mid.gz
2024-01-11 19:37:03 Transferring file: run11638.mid.gz
2024-01-11 19:37:03 Uploading file: run11638.mid.gz
2024-01-11 19:37:03 Upload done: run11638.mid.gz
2024-01-11 19:40:55 Udatentig matadata for filer file: run11639.mid.gz
2024-01-11 19:41:02 Transferring file: run11639.mid.gz
2024-01-11 19:41:02 Uploading file: run11639.mid.gz
2024-01-11 19:41:02 Upload done: run11639.mid.gz
2024-01-11 19:44:10 Udatentig matadata for filer file: run11640.mid.gz
2024-01-11 19:44:22 Transferring file: run11640.mid.gz
2024-01-11 19:44:22 Uploading file: run11640.mid.gz
2024-01-11 19:44:22 Upload done: run11640.mid.gz
2024-01-11 19:47:21 Udatentig matadata for filer file: run11641.mid.gz
2024-01-11 19:47:28 Transferring file: run11641.mid.gz
2024-01-11 19:47:28 Uploading file: run11641.mid.gz
2024-01-11 19:47:28 Upload done: run11641.mid.gz
2024-01-11 19:51:07 Udatentig matadata for filer file: run11642.mid.gz
2024-01-11 19:51:19 Transferring file: run11642.mid.gz
2024-01-11 19:51:19 Uploading file: run11642.mid.gz
2024-01-11 19:51:19 Upload done: run11642.mid.gz
2024-01-11 19:54:06 Udatentig matadata for filer file: run11643.mid.gz
2024-01-11 19:54:16 Transferring file: run11643.mid.gz
2024-01-11 19:54:16 Uploading file: run11643.mid.gz
2024-01-11 19:54:16 Upload done: run11643.mid.gz
2024-01-11 19:57:28 Udatentig matadata for filer file: run11644.mid.gz
2024-01-11 19:57:39 Transferring file: run11644.mid.gz
2024-01-11 19:57:39 Uploading file: run11644.mid.gz
2024-01-11 19:57:39 Upload done: run11644.mid.gz
2024-01-11 20:00:37 Udatentig matadata for filer file: run11645.mid.gz
2024-01-11 20:00:52 Transferring file: run11645.mid.gz
2024-01-11 20:00:52 Uploading file: run11645.mid.gz
2024-01-11 20:00:52 Upload done: run11645.mid.gz
2024-01-11 20:03:25 Udatentig matadata for filer file: run11646.mid.gz
2024-01-11 20:03:33 Transferring file: run11646.mid.gz
2024-01-11 20:03:33 Uploading file: run11646.mid.gz
2024-01-11 20:03:33 Upload done: run11646.mid.gz
2024-01-11 20:22:41 Udatentig matadata for filer file: run11647.mid.gz
2024-01-11 20:22:57 Transferring file: run11647.mid.gz
2024-01-11 20:22:57 Uploading file: run11647.mid.gz
2024-01-11 20:22:57 Upload done: run11647.mid.gz
2024-01-11 20:26:15 Udatentig matadata for filer file: run11648.mid.gz
2024-01-11 20:26:34 Transferring file: run11648.mid.gz
2024-01-11 20:26:34 Uploading file: run11648.mid.gz
2024-01-11 20:26:34 Upload done: run11648.mid.gz
2024-01-11 20:29:35 Udatentig matadata for filer file: run11649.mid.gz
2024-01-11 20:29:52 Transferring file: run11649.mid.gz
2024-01-11 20:29:52 Uploading file: run11649.mid.gz
2024-01-11 20:29:52 Upload done: run11649.mid.gz
2024-01-11 20:32:51 Udatentig matadata for filer file: run11650.mid.gz
2024-01-11 20:33:11 Transferring file: run11650.mid.gz
2024-01-11 20:33:11 Uploading file: run11650.mid.gz
2024-01-11 20:33:11 Upload done: run11650.mid.gz
2024-01-11 20:36:10 Udatentig matadata for filer file: run11651.mid.gz
2024-01-11 20:36:27 Transferring file: run11651.mid.gz
2024-01-11 20:36:27 Uploading file: run11651.mid.gz
2024-01-11 20:36:27 Upload done: run11651.mid.gz
2024-01-11 20:39:40 Udatentig matadata for filer file: run11652.mid.gz
2024-01-11 20:39:58 Transferring file: run11652.mid.gz
2024-01-11 20:39:58 Uploading file: run11652.mid.gz
2024-01-11 20:39:58 Upload done: run11652.mid.gz
2024-01-11 20:43:54 Udatentig matadata for filer file: run11653.mid.gz
2024-01-11 20:44:16 Transferring file: run11653.mid.gz
2024-01-11 20:44:16 Uploading file: run11653.mid.gz
2024-01-11 20:44:16 Upload done: run11653.mid.gz
2024-01-11 20:47:29 Udatentig matadata for filer file: run11654.mid.gz
2024-01-11 20:47:52 Transferring file: run11654.mid.gz
2024-01-11 20:47:52 Uploading file: run11654.mid.gz
2024-01-11 20:47:52 Upload done: run11654.mid.gz
2024-01-11 20:50:30 Udatentig matadata for filer file: run11655.mid.gz
2024-01-11 20:50:49 Transferring file: run11655.mid.gz
2024-01-11 20:50:49 Uploading file: run11655.mid.gz
2024-01-11 20:50:49 Upload done: run11655.mid.gz
2024-01-11 20:53:24 Udatentig matadata for filer file: run11656.mid.gz
2024-01-11 20:53:33 Transferring file: run11656.mid.gz
2024-01-11 20:53:33 Uploading file: run11656.mid.gz
2024-01-11 20:53:33 Upload done: run11656.mid.gz
2024-01-11 21:14:10 Udatentig matadata for filer file: run11657.mid.gz
2024-01-11 21:14:22 Transferring file: run11657.mid.gz
2024-01-11 21:14:22 Uploading file: run11657.mid.gz
2024-01-11 21:14:22 Upload done: run11657.mid.gz
2024-01-11 21:18:18 Udatentig matadata for filer file: run11658.mid.gz
2024-01-11 21:18:36 Transferring file: run11658.mid.gz
2024-01-11 21:18:36 Uploading file: run11658.mid.gz
2024-01-11 21:18:36 Upload done: run11658.mid.gz
2024-01-11 21:21:38 Udatentig matadata for filer file: run11659.mid.gz
2024-01-11 21:22:03 Transferring file: run11659.mid.gz
2024-01-11 21:22:03 Uploading file: run11659.mid.gz
2024-01-11 21:22:03 Upload done: run11659.mid.gz
2024-01-11 21:24:14 Udatentig matadata for filer file: run11660.mid.gz
2024-01-11 21:24:40 Transferring file: run11660.mid.gz
2024-01-11 21:24:40 Uploading file: run11660.mid.gz
2024-01-11 21:24:40 Upload done: run11660.mid.gz
2024-01-11 21:27:14 Udatentig matadata for filer file: run11661.mid.gz
2024-01-11 21:27:32 Transferring file: run11661.mid.gz
2024-01-11 21:27:32 Uploading file: run11661.mid.gz
2024-01-11 21:27:32 Upload done: run11661.mid.gz
2024-01-11 21:30:35 Udatentig matadata for filer file: run11662.mid.gz
2024-01-11 21:30:52 Transferring file: run11662.mid.gz
2024-01-11 21:30:52 Uploading file: run11662.mid.gz
2024-01-11 21:30:52 Upload done: run11662.mid.gz
2024-01-11 21:33:53 Udatentig matadata for filer file: run11663.mid.gz
2024-01-11 21:34:07 Transferring file: run11663.mid.gz
2024-01-11 21:34:07 Uploading file: run11663.mid.gz
2024-01-11 21:34:07 Upload done: run11663.mid.gz
2024-01-11 21:37:50 Udatentig matadata for filer file: run11664.mid.gz
2024-01-11 21:38:04 Transferring file: run11664.mid.gz
2024-01-11 21:38:04 Uploading file: run11664.mid.gz
2024-01-11 21:38:04 Upload done: run11664.mid.gz
2024-01-11 21:42:34 Udatentig matadata for filer file: run11665.mid.gz
2024-01-11 21:42:54 Transferring file: run11665.mid.gz
2024-01-11 21:42:54 Uploading file: run11665.mid.gz
2024-01-11 21:42:54 Upload done: run11665.mid.gz
2024-01-11 21:44:22 Udatentig matadata for filer file: run11666.mid.gz
2024-01-11 21:44:32 Transferring file: run11666.mid.gz
2024-01-11 21:44:32 Uploading file: run11666.mid.gz
2024-01-11 21:44:32 Upload done: run11666.mid.gz
2024-01-11 22:17:57 Udatentig matadata for filer file: run11667.mid.gz
2024-01-11 22:18:15 Transferring file: run11667.mid.gz
2024-01-11 22:18:15 Uploading file: run11667.mid.gz
2024-01-11 22:18:15 Upload done: run11667.mid.gz
2024-01-11 22:21:05 Udatentig matadata for filer file: run11668.mid.gz
2024-01-11 22:21:22 Transferring file: run11668.mid.gz
2024-01-11 22:21:22 Uploading file: run11668.mid.gz
2024-01-11 22:21:22 Upload done: run11668.mid.gz
2024-01-11 22:24:11 Udatentig matadata for filer file: run11669.mid.gz
2024-01-11 22:24:30 Transferring file: run11669.mid.gz
2024-01-11 22:24:30 Uploading file: run11669.mid.gz
2024-01-11 22:24:30 Upload done: run11669.mid.gz
2024-01-11 22:27:06 Udatentig matadata for filer file: run11670.mid.gz
2024-01-11 22:27:30 Transferring file: run11670.mid.gz
2024-01-11 22:27:30 Uploading file: run11670.mid.gz
2024-01-11 22:27:30 Upload done: run11670.mid.gz
2024-01-11 22:30:04 Udatentig matadata for filer file: run11671.mid.gz
2024-01-11 22:30:22 Transferring file: run11671.mid.gz
2024-01-11 22:30:22 Uploading file: run11671.mid.gz
2024-01-11 22:30:22 Upload done: run11671.mid.gz
2024-01-11 22:33:10 Udatentig matadata for filer file: run11672.mid.gz
2024-01-11 22:33:31 Transferring file: run11672.mid.gz
2024-01-11 22:33:31 Uploading file: run11672.mid.gz
2024-01-11 22:33:31 Upload done: run11672.mid.gz
2024-01-11 22:36:20 Udatentig matadata for filer file: run11673.mid.gz
2024-01-11 22:36:45 Transferring file: run11673.mid.gz
2024-01-11 22:36:45 Uploading file: run11673.mid.gz
2024-01-11 22:36:45 Upload done: run11673.mid.gz
2024-01-11 22:38:53 Udatentig matadata for filer file: run11674.mid.gz
2024-01-11 22:39:16 Transferring file: run11674.mid.gz
2024-01-11 22:39:16 Uploading file: run11674.mid.gz
2024-01-11 22:39:16 Upload done: run11674.mid.gz
2024-01-11 22:41:51 Udatentig matadata for filer file: run11675.mid.gz
2024-01-11 22:42:13 Transferring file: run11675.mid.gz
2024-01-11 22:42:13 Uploading file: run11675.mid.gz
2024-01-11 22:42:13 Upload done: run11675.mid.gz
2024-01-11 22:45:56 Udatentig matadata for filer file: run11676.mid.gz
2024-01-11 22:46:02 Transferring file: run11676.mid.gz
2024-01-11 22:46:02 Uploading file: run11676.mid.gz
2024-01-11 22:46:02 Upload done: run11676.mid.gz
2024-01-12 08:56:27 Udatentig matadata for filer file: run11677.mid.gz
2024-01-12 08:56:46 Transferring file: run11677.mid.gz
2024-01-12 08:56:46 Uploading file: run11677.mid.gz
2024-01-12 08:56:46 Upload done: run11677.mid.gz
2024-01-12 08:59:37 Udatentig matadata for filer file: run11678.mid.gz
2024-01-12 08:59:54 Transferring file: run11678.mid.gz
2024-01-12 08:59:54 Uploading file: run11678.mid.gz
2024-01-12 08:59:54 Upload done: run11678.mid.gz
2024-01-12 09:03:11 Udatentig matadata for filer file: run11679.mid.gz
2024-01-12 09:03:31 Transferring file: run11679.mid.gz
2024-01-12 09:03:31 Uploading file: run11679.mid.gz
2024-01-12 09:03:31 Upload done: run11679.mid.gz
2024-01-12 09:06:36 Udatentig matadata for filer file: run11680.mid.gz
2024-01-12 09:06:54 Transferring file: run11680.mid.gz
2024-01-12 09:06:54 Uploading file: run11680.mid.gz
2024-01-12 09:06:54 Upload done: run11680.mid.gz
2024-01-12 09:10:10 Udatentig matadata for filer file: run11681.mid.gz
2024-01-12 09:10:31 Transferring file: run11681.mid.gz
2024-01-12 09:10:31 Uploading file: run11681.mid.gz
2024-01-12 09:10:31 Upload done: run11681.mid.gz
2024-01-12 09:13:50 Udatentig matadata for filer file: run11682.mid.gz
2024-01-12 09:14:10 Transferring file: run11682.mid.gz
2024-01-12 09:14:10 Uploading file: run11682.mid.gz
2024-01-12 09:14:10 Upload done: run11682.mid.gz
2024-01-12 09:17:03 Udatentig matadata for filer file: run11683.mid.gz
2024-01-12 09:17:20 Transferring file: run11683.mid.gz
2024-01-12 09:17:20 Uploading file: run11683.mid.gz
2024-01-12 09:17:20 Upload done: run11683.mid.gz
2024-01-12 09:20:24 Udatentig matadata for filer file: run11684.mid.gz
2024-01-12 09:20:47 Transferring file: run11684.mid.gz
2024-01-12 09:20:47 Uploading file: run11684.mid.gz
2024-01-12 09:20:47 Upload done: run11684.mid.gz
2024-01-12 09:23:24 Udatentig matadata for filer file: run11685.mid.gz
2024-01-12 09:23:41 Transferring file: run11685.mid.gz
2024-01-12 09:23:41 Uploading file: run11685.mid.gz
2024-01-12 09:23:41 Upload done: run11685.mid.gz
2024-01-12 09:26:31 Udatentig matadata for filer file: run11686.mid.gz
2024-01-12 09:26:39 Transferring file: run11686.mid.gz
2024-01-12 09:26:39 Uploading file: run11686.mid.gz
2024-01-12 09:26:39 Upload done: run11686.mid.gz
2024-01-12 09:58:30 Udatentig matadata for filer file: run11687.mid.gz
2024-01-12 09:59:00 Transferring file: run11687.mid.gz
2024-01-12 09:59:00 Uploading file: run11687.mid.gz
2024-01-12 09:59:00 Upload done: run11687.mid.gz
2024-01-12 10:08:42 Udatentig matadata for filer file: run11688.mid.gz
2024-01-12 10:08:51 Transferring file: run11688.mid.gz
2024-01-12 10:08:51 Uploading file: run11688.mid.gz
2024-01-12 10:08:51 Upload done: run11688.mid.gz
2024-01-12 10:13:35 Udatentig matadata for filer file: run11689.mid.gz
2024-01-12 10:13:48 Transferring file: run11689.mid.gz
2024-01-12 10:13:48 Uploading file: run11689.mid.gz
2024-01-12 10:13:48 Upload done: run11689.mid.gz
2024-01-12 10:18:31 Udatentig matadata for filer file: run11690.mid.gz
2024-01-12 10:18:40 Transferring file: run11690.mid.gz
2024-01-12 10:18:40 Uploading file: run11690.mid.gz
2024-01-12 10:18:40 Upload done: run11690.mid.gz
2024-01-12 10:24:47 Udatentig matadata for filer file: run11691.mid.gz
2024-01-12 10:25:05 Transferring file: run11691.mid.gz
2024-01-12 10:25:05 Uploading file: run11691.mid.gz
2024-01-12 10:25:05 Upload done: run11691.mid.gz
2024-01-12 10:29:52 Udatentig matadata for filer file: run11692.mid.gz
2024-01-12 10:30:10 Transferring file: run11692.mid.gz
2024-01-12 10:30:10 Uploading file: run11692.mid.gz
2024-01-12 10:30:10 Upload done: run11692.mid.gz
2024-01-12 10:33:36 Udatentig matadata for filer file: run11693.mid.gz
2024-01-12 10:33:55 Transferring file: run11693.mid.gz
2024-01-12 10:33:55 Uploading file: run11693.mid.gz
2024-01-12 10:33:55 Upload done: run11693.mid.gz
2024-01-12 10:39:10 Udatentig matadata for filer file: run11694.mid.gz
2024-01-12 10:39:27 Transferring file: run11694.mid.gz
2024-01-12 10:39:27 Uploading file: run11694.mid.gz
2024-01-12 10:39:27 Upload done: run11694.mid.gz
2024-01-12 10:44:13 Udatentig matadata for filer file: run11695.mid.gz
2024-01-12 10:44:29 Transferring file: run11695.mid.gz
2024-01-12 10:44:29 Uploading file: run11695.mid.gz
2024-01-12 10:44:29 Upload done: run11695.mid.gz
2024-01-12 10:49:23 Udatentig matadata for filer file: run11696.mid.gz
2024-01-12 10:49:39 Transferring file: run11696.mid.gz
2024-01-12 10:49:39 Uploading file: run11696.mid.gz
2024-01-12 10:49:39 Upload done: run11696.mid.gz
2024-01-12 10:54:15 Udatentig matadata for filer file: run11697.mid.gz
2024-01-12 10:54:27 Transferring file: run11697.mid.gz
2024-01-12 10:54:27 Uploading file: run11697.mid.gz
2024-01-12 10:54:27 Upload done: run11697.mid.gz
2024-01-12 11:01:47 Udatentig matadata for filer file: run11698.mid.gz
2024-01-12 11:02:05 Transferring file: run11698.mid.gz
2024-01-12 11:02:05 Uploading file: run11698.mid.gz
2024-01-12 11:02:05 Upload done: run11698.mid.gz
2024-01-12 11:06:22 Udatentig matadata for filer file: run11699.mid.gz
2024-01-12 11:06:38 Transferring file: run11699.mid.gz
2024-01-12 11:06:38 Uploading file: run11699.mid.gz
2024-01-12 11:06:38 Upload done: run11699.mid.gz
2024-01-12 11:10:52 Udatentig matadata for filer file: run11700.mid.gz
2024-01-12 11:11:07 Transferring file: run11700.mid.gz
2024-01-12 11:11:07 Uploading file: run11700.mid.gz
2024-01-12 11:11:07 Upload done: run11700.mid.gz
2024-01-12 11:15:29 Udatentig matadata for filer file: run11701.mid.gz
2024-01-12 11:15:45 Transferring file: run11701.mid.gz
2024-01-12 11:15:45 Uploading file: run11701.mid.gz
2024-01-12 11:15:45 Upload done: run11701.mid.gz
2024-01-12 11:19:00 Udatentig matadata for filer file: run11702.mid.gz
2024-01-12 11:19:17 Transferring file: run11702.mid.gz
2024-01-12 11:19:17 Uploading file: run11702.mid.gz
2024-01-12 11:19:17 Upload done: run11702.mid.gz
2024-01-12 11:23:02 Udatentig matadata for filer file: run11703.mid.gz
2024-01-12 11:23:18 Transferring file: run11703.mid.gz
2024-01-12 11:23:18 Uploading file: run11703.mid.gz
2024-01-12 11:23:18 Upload done: run11703.mid.gz
2024-01-12 11:27:15 Udatentig matadata for filer file: run11704.mid.gz
2024-01-12 11:27:33 Transferring file: run11704.mid.gz
2024-01-12 11:27:33 Uploading file: run11704.mid.gz
2024-01-12 11:27:33 Upload done: run11704.mid.gz
2024-01-12 11:30:57 Udatentig matadata for filer file: run11705.mid.gz
2024-01-12 11:31:15 Transferring file: run11705.mid.gz
2024-01-12 11:31:15 Uploading file: run11705.mid.gz
2024-01-12 11:31:15 Upload done: run11705.mid.gz
2024-01-12 11:34:47 Udatentig matadata for filer file: run11706.mid.gz
2024-01-12 11:35:03 Transferring file: run11706.mid.gz
2024-01-12 11:35:03 Uploading file: run11706.mid.gz
2024-01-12 11:35:03 Upload done: run11706.mid.gz
2024-01-12 11:39:04 Udatentig matadata for filer file: run11707.mid.gz
2024-01-12 11:39:21 Transferring file: run11707.mid.gz
2024-01-12 11:39:21 Uploading file: run11707.mid.gz
2024-01-12 11:39:21 Upload done: run11707.mid.gz
2024-01-12 11:46:31 Udatentig matadata for filer file: run11708.mid.gz
2024-01-12 11:46:47 Transferring file: run11708.mid.gz
2024-01-12 11:46:47 Uploading file: run11708.mid.gz
2024-01-12 11:46:47 Upload done: run11708.mid.gz
2024-01-12 11:50:38 Udatentig matadata for filer file: run11709.mid.gz
2024-01-12 11:50:56 Transferring file: run11709.mid.gz
2024-01-12 11:50:56 Uploading file: run11709.mid.gz
2024-01-12 11:50:56 Upload done: run11709.mid.gz
2024-01-12 11:54:45 Udatentig matadata for filer file: run11710.mid.gz
2024-01-12 11:55:05 Transferring file: run11710.mid.gz
2024-01-12 11:55:05 Uploading file: run11710.mid.gz
2024-01-12 11:55:05 Upload done: run11710.mid.gz
2024-01-12 11:58:37 Udatentig matadata for filer file: run11711.mid.gz
2024-01-12 11:58:54 Transferring file: run11711.mid.gz
2024-01-12 11:58:54 Uploading file: run11711.mid.gz
2024-01-12 11:58:54 Upload done: run11711.mid.gz
2024-01-12 12:02:01 Udatentig matadata for filer file: run11712.mid.gz
2024-01-12 12:02:20 Transferring file: run11712.mid.gz
2024-01-12 12:02:20 Uploading file: run11712.mid.gz
2024-01-12 12:02:20 Upload done: run11712.mid.gz
2024-01-12 12:05:30 Udatentig matadata for filer file: run11713.mid.gz
2024-01-12 12:05:41 Transferring file: run11713.mid.gz
2024-01-12 12:05:41 Uploading file: run11713.mid.gz
2024-01-12 12:05:41 Upload done: run11713.mid.gz
2024-01-12 12:09:00 Udatentig matadata for filer file: run11714.mid.gz
2024-01-12 12:09:17 Transferring file: run11714.mid.gz
2024-01-12 12:09:17 Uploading file: run11714.mid.gz
2024-01-12 12:09:17 Upload done: run11714.mid.gz
2024-01-12 12:12:22 Udatentig matadata for filer file: run11715.mid.gz
2024-01-12 12:12:32 Transferring file: run11715.mid.gz
2024-01-12 12:12:32 Uploading file: run11715.mid.gz
2024-01-12 12:12:32 Upload done: run11715.mid.gz
2024-01-12 12:16:35 Udatentig matadata for filer file: run11716.mid.gz
2024-01-12 12:16:45 Transferring file: run11716.mid.gz
2024-01-12 12:16:45 Uploading file: run11716.mid.gz
2024-01-12 12:16:45 Upload done: run11716.mid.gz
2024-01-12 12:19:40 Udatentig matadata for filer file: run11717.mid.gz
2024-01-12 12:19:47 Transferring file: run11717.mid.gz
2024-01-12 12:19:47 Uploading file: run11717.mid.gz
2024-01-12 12:19:47 Upload done: run11717.mid.gz
2024-01-12 12:25:57 Udatentig matadata for filer file: run11718.mid.gz
2024-01-12 12:26:10 Transferring file: run11718.mid.gz
2024-01-12 12:26:10 Uploading file: run11718.mid.gz
2024-01-12 12:26:10 Upload done: run11718.mid.gz
2024-01-12 12:29:05 Udatentig matadata for filer file: run11719.mid.gz
2024-01-12 12:29:15 Transferring file: run11719.mid.gz
2024-01-12 12:29:15 Uploading file: run11719.mid.gz
2024-01-12 12:29:15 Upload done: run11719.mid.gz
2024-01-12 12:32:37 Udatentig matadata for filer file: run11720.mid.gz
2024-01-12 12:32:48 Transferring file: run11720.mid.gz
2024-01-12 12:32:48 Uploading file: run11720.mid.gz
2024-01-12 12:32:48 Upload done: run11720.mid.gz
2024-01-12 12:36:08 Udatentig matadata for filer file: run11721.mid.gz
2024-01-12 12:36:22 Transferring file: run11721.mid.gz
2024-01-12 12:36:22 Uploading file: run11721.mid.gz
2024-01-12 12:36:22 Upload done: run11721.mid.gz
2024-01-12 12:39:30 Udatentig matadata for filer file: run11722.mid.gz
2024-01-12 12:39:38 Transferring file: run11722.mid.gz
2024-01-12 12:39:38 Uploading file: run11722.mid.gz
2024-01-12 12:39:38 Upload done: run11722.mid.gz
2024-01-12 12:43:01 Udatentig matadata for filer file: run11723.mid.gz
2024-01-12 12:43:13 Transferring file: run11723.mid.gz
2024-01-12 12:43:13 Uploading file: run11723.mid.gz
2024-01-12 12:43:13 Upload done: run11723.mid.gz
2024-01-12 12:46:34 Udatentig matadata for filer file: run11724.mid.gz
2024-01-12 12:46:53 Transferring file: run11724.mid.gz
2024-01-12 12:46:53 Uploading file: run11724.mid.gz
2024-01-12 12:46:53 Upload done: run11724.mid.gz
2024-01-12 12:50:22 Udatentig matadata for filer file: run11725.mid.gz
2024-01-12 12:50:37 Transferring file: run11725.mid.gz
2024-01-12 12:50:37 Uploading file: run11725.mid.gz
2024-01-12 12:50:37 Upload done: run11725.mid.gz
2024-01-12 12:53:45 Udatentig matadata for filer file: run11726.mid.gz
2024-01-12 12:53:59 Transferring file: run11726.mid.gz
2024-01-12 12:53:59 Uploading file: run11726.mid.gz
2024-01-12 12:53:59 Upload done: run11726.mid.gz
2024-01-12 12:56:52 Udatentig matadata for filer file: run11727.mid.gz
2024-01-12 12:56:58 Transferring file: run11727.mid.gz
2024-01-12 12:56:58 Uploading file: run11727.mid.gz
2024-01-12 12:56:58 Upload done: run11727.mid.gz
2024-01-12 13:40:42 Udatentig matadata for filer file: run11728.mid.gz
2024-01-12 13:41:16 Transferring file: run11728.mid.gz
2024-01-12 13:41:16 Uploading file: run11728.mid.gz
2024-01-12 13:41:16 Upload done: run11728.mid.gz
2024-01-12 13:46:13 Udatentig matadata for filer file: run11729.mid.gz
2024-01-12 13:46:27 Transferring file: run11729.mid.gz
2024-01-12 13:46:27 Uploading file: run11729.mid.gz
2024-01-12 13:46:27 Upload done: run11729.mid.gz
2024-01-12 13:51:15 Udatentig matadata for filer file: run11730.mid.gz
2024-01-12 13:51:35 Transferring file: run11730.mid.gz
2024-01-12 13:51:35 Uploading file: run11730.mid.gz
2024-01-12 13:51:35 Upload done: run11730.mid.gz
2024-01-12 13:55:44 Udatentig matadata for filer file: run11731.mid.gz
2024-01-12 13:56:01 Transferring file: run11731.mid.gz
2024-01-12 13:56:01 Uploading file: run11731.mid.gz
2024-01-12 13:56:01 Upload done: run11731.mid.gz
2024-01-12 14:00:04 Udatentig matadata for filer file: run11732.mid.gz
2024-01-12 14:00:05 Transferring file: run11732.mid.gz
2024-01-12 14:00:05 Uploading file: run11732.mid.gz
2024-01-12 14:00:05 Upload done: run11732.mid.gz
2024-01-12 14:03:41 Udatentig matadata for filer file: run11733.mid.gz
2024-01-12 14:03:42 Transferring file: run11733.mid.gz
2024-01-12 14:03:42 Uploading file: run11733.mid.gz
2024-01-12 14:03:42 Upload done: run11733.mid.gz
2024-01-12 14:08:57 Udatentig matadata for filer file: run11734.mid.gz
2024-01-12 14:09:11 Transferring file: run11734.mid.gz
2024-01-12 14:09:11 Uploading file: run11734.mid.gz
2024-01-12 14:09:11 Upload done: run11734.mid.gz
2024-01-12 14:14:00 Udatentig matadata for filer file: run11735.mid.gz
2024-01-12 14:14:01 Transferring file: run11735.mid.gz
2024-01-12 14:14:01 Uploading file: run11735.mid.gz
2024-01-12 14:14:01 Upload done: run11735.mid.gz
2024-01-12 14:19:04 Udatentig matadata for filer file: run11736.mid.gz
2024-01-12 14:19:05 Transferring file: run11736.mid.gz
2024-01-12 14:19:05 Uploading file: run11736.mid.gz
2024-01-12 14:19:05 Upload done: run11736.mid.gz
2024-01-12 14:24:18 Udatentig matadata for filer file: run11737.mid.gz
2024-01-12 14:24:26 Transferring file: run11737.mid.gz
2024-01-12 14:24:26 Uploading file: run11737.mid.gz
2024-01-12 14:24:26 Upload done: run11737.mid.gz
2024-01-12 14:28:01 Udatentig matadata for filer file: run11738.mid.gz
2024-01-12 14:28:02 Transferring file: run11738.mid.gz
2024-01-12 14:28:02 Uploading file: run11738.mid.gz
2024-01-12 14:28:02 Upload done: run11738.mid.gz
2024-01-12 14:35:23 Udatentig matadata for filer file: run11739.mid.gz
2024-01-12 14:35:23 Transferring file: run11739.mid.gz
2024-01-12 14:35:23 Uploading file: run11739.mid.gz
2024-01-12 14:35:23 Upload done: run11739.mid.gz
2024-01-12 14:39:42 Udatentig matadata for filer file: run11740.mid.gz
2024-01-12 14:39:44 Transferring file: run11740.mid.gz
2024-01-12 14:39:44 Uploading file: run11740.mid.gz
2024-01-12 14:39:44 Upload done: run11740.mid.gz
2024-01-12 14:48:43 Udatentig matadata for filer file: run11741.mid.gz
2024-01-12 14:48:44 Transferring file: run11741.mid.gz
2024-01-12 14:48:44 Uploading file: run11741.mid.gz
2024-01-12 14:48:44 Upload done: run11741.mid.gz
2024-01-12 15:02:14 Udatentig matadata for filer file: run11742.mid.gz
2024-01-12 15:02:26 Transferring file: run11742.mid.gz
2024-01-12 15:02:26 Uploading file: run11742.mid.gz
2024-01-12 15:02:26 Upload done: run11742.mid.gz
2024-01-12 15:06:15 Udatentig matadata for filer file: run11743.mid.gz
2024-01-12 15:06:16 Transferring file: run11743.mid.gz
2024-01-12 15:06:16 Uploading file: run11743.mid.gz
2024-01-12 15:06:16 Upload done: run11743.mid.gz
2024-01-12 15:10:07 Udatentig matadata for filer file: run11744.mid.gz
2024-01-12 15:10:17 Transferring file: run11744.mid.gz
2024-01-12 15:10:17 Uploading file: run11744.mid.gz
2024-01-12 15:10:17 Upload done: run11744.mid.gz
2024-01-12 15:14:34 Udatentig matadata for filer file: run11745.mid.gz
2024-01-12 15:14:36 Transferring file: run11745.mid.gz
2024-01-12 15:14:36 Uploading file: run11745.mid.gz
2024-01-12 15:14:36 Upload done: run11745.mid.gz
2024-01-12 15:18:14 Udatentig matadata for filer file: run11746.mid.gz
2024-01-12 15:18:14 Transferring file: run11746.mid.gz
2024-01-12 15:18:14 Uploading file: run11746.mid.gz
2024-01-12 15:18:14 Upload done: run11746.mid.gz
2024-01-12 15:21:25 Udatentig matadata for filer file: run11747.mid.gz
2024-01-12 15:21:26 Transferring file: run11747.mid.gz
2024-01-12 15:21:26 Uploading file: run11747.mid.gz
2024-01-12 15:21:26 Upload done: run11747.mid.gz
2024-01-12 15:26:41 Udatentig matadata for filer file: run11748.mid.gz
2024-01-12 15:26:43 Transferring file: run11748.mid.gz
2024-01-12 15:26:43 Uploading file: run11748.mid.gz
2024-01-12 15:26:43 Upload done: run11748.mid.gz
2024-01-12 15:32:11 Udatentig matadata for filer file: run11749.mid.gz
2024-01-12 15:32:16 Transferring file: run11749.mid.gz
2024-01-12 15:32:16 Uploading file: run11749.mid.gz
2024-01-12 15:32:16 Upload done: run11749.mid.gz
2024-01-12 15:35:25 Udatentig matadata for filer file: run11750.mid.gz
2024-01-12 15:35:29 Transferring file: run11750.mid.gz
2024-01-12 15:35:29 Uploading file: run11750.mid.gz
2024-01-12 15:35:29 Upload done: run11750.mid.gz
2024-01-12 15:38:50 Udatentig matadata for filer file: run11751.mid.gz
2024-01-12 15:38:50 Transferring file: run11751.mid.gz
2024-01-12 15:38:50 Uploading file: run11751.mid.gz
2024-01-12 15:38:50 Upload done: run11751.mid.gz
2024-01-12 15:41:59 Udatentig matadata for filer file: run11752.mid.gz
2024-01-12 15:41:59 Transferring file: run11752.mid.gz
2024-01-12 15:41:59 Uploading file: run11752.mid.gz
2024-01-12 15:41:59 Upload done: run11752.mid.gz
2024-01-12 15:46:05 Udatentig matadata for filer file: run11753.mid.gz
2024-01-12 15:46:11 Transferring file: run11753.mid.gz
2024-01-12 15:46:11 Uploading file: run11753.mid.gz
2024-01-12 15:46:11 Upload done: run11753.mid.gz
2024-01-12 15:49:18 Udatentig matadata for filer file: run11754.mid.gz
2024-01-12 15:49:19 Transferring file: run11754.mid.gz
2024-01-12 15:49:19 Uploading file: run11754.mid.gz
2024-01-12 15:49:19 Upload done: run11754.mid.gz
2024-01-12 15:53:11 Udatentig matadata for filer file: run11755.mid.gz
2024-01-12 15:53:12 Transferring file: run11755.mid.gz
2024-01-12 15:53:12 Uploading file: run11755.mid.gz
2024-01-12 15:53:12 Upload done: run11755.mid.gz
2024-01-12 15:56:35 Udatentig matadata for filer file: run11756.mid.gz
2024-01-12 15:56:40 Transferring file: run11756.mid.gz
2024-01-12 15:56:40 Uploading file: run11756.mid.gz
2024-01-12 15:56:40 Upload done: run11756.mid.gz
2024-01-12 16:00:16 Udatentig matadata for filer file: run11757.mid.gz
2024-01-12 16:00:17 Transferring file: run11757.mid.gz
2024-01-12 16:00:17 Uploading file: run11757.mid.gz
2024-01-12 16:00:17 Upload done: run11757.mid.gz
2024-01-12 16:03:33 Udatentig matadata for filer file: run11758.mid.gz
2024-01-12 16:03:34 Transferring file: run11758.mid.gz
2024-01-12 16:03:34 Uploading file: run11758.mid.gz
2024-01-12 16:03:34 Upload done: run11758.mid.gz
2024-01-12 16:11:15 Udatentig matadata for filer file: run11759.mid.gz
2024-01-12 16:11:21 Transferring file: run11759.mid.gz
2024-01-12 16:11:21 Uploading file: run11759.mid.gz
2024-01-12 16:11:21 Upload done: run11759.mid.gz
2024-01-12 16:14:44 Udatentig matadata for filer file: run11760.mid.gz
2024-01-12 16:14:45 Transferring file: run11760.mid.gz
2024-01-12 16:14:45 Uploading file: run11760.mid.gz
2024-01-12 16:14:45 Upload done: run11760.mid.gz
2024-01-12 16:17:12 Udatentig matadata for filer file: run11761.mid.gz
2024-01-12 16:17:13 Transferring file: run11761.mid.gz
2024-01-12 16:17:13 Uploading file: run11761.mid.gz
2024-01-12 16:17:13 Upload done: run11761.mid.gz
2024-01-12 16:20:38 Udatentig matadata for filer file: run11762.mid.gz
2024-01-12 16:20:39 Transferring file: run11762.mid.gz
2024-01-12 16:20:39 Uploading file: run11762.mid.gz
2024-01-12 16:20:39 Upload done: run11762.mid.gz
2024-01-12 16:23:34 Udatentig matadata for filer file: run11763.mid.gz
2024-01-12 16:23:35 Transferring file: run11763.mid.gz
2024-01-12 16:23:35 Uploading file: run11763.mid.gz
2024-01-12 16:23:35 Upload done: run11763.mid.gz
2024-01-12 16:27:14 Udatentig matadata for filer file: run11764.mid.gz
2024-01-12 16:27:15 Transferring file: run11764.mid.gz
2024-01-12 16:27:15 Uploading file: run11764.mid.gz
2024-01-12 16:27:15 Upload done: run11764.mid.gz
2024-01-12 16:30:10 Udatentig matadata for filer file: run11765.mid.gz
2024-01-12 16:30:11 Transferring file: run11765.mid.gz
2024-01-12 16:30:11 Uploading file: run11765.mid.gz
2024-01-12 16:30:11 Upload done: run11765.mid.gz
2024-01-12 16:34:21 Udatentig matadata for filer file: run11766.mid.gz
2024-01-12 16:34:26 Transferring file: run11766.mid.gz
2024-01-12 16:34:26 Uploading file: run11766.mid.gz
2024-01-12 16:34:26 Upload done: run11766.mid.gz
2024-01-12 16:37:37 Udatentig matadata for filer file: run11767.mid.gz
2024-01-12 16:37:37 Transferring file: run11767.mid.gz
2024-01-12 16:37:37 Uploading file: run11767.mid.gz
2024-01-12 16:37:37 Upload done: run11767.mid.gz
2024-01-12 16:40:05 Udatentig matadata for filer file: run11769.mid.gz
2024-01-12 16:40:05 Transferring file: run11769.mid.gz
2024-01-12 16:40:05 Uploading file: run11769.mid.gz
2024-01-12 16:40:05 Upload done: run11769.mid.gz
2024-01-12 16:40:24 Udatentig matadata for filer file: run11768.mid.gz
2024-01-12 16:40:25 Transferring file: run11768.mid.gz
2024-01-12 16:40:25 Uploading file: run11768.mid.gz
2024-01-12 16:40:25 Upload done: run11768.mid.gz
2024-01-12 16:50:37 Udatentig matadata for filer file: run11770.mid.gz
2024-01-12 16:50:38 Transferring file: run11770.mid.gz
2024-01-12 16:50:38 Uploading file: run11770.mid.gz
2024-01-12 16:50:38 Upload done: run11770.mid.gz
2024-01-12 16:58:23 Udatentig matadata for filer file: run11771.mid.gz
2024-01-12 16:58:24 Transferring file: run11771.mid.gz
2024-01-12 16:58:24 Uploading file: run11771.mid.gz
2024-01-12 16:58:24 Upload done: run11771.mid.gz
2024-01-12 17:03:18 Udatentig matadata for filer file: run11772.mid.gz
2024-01-12 17:03:19 Transferring file: run11772.mid.gz
2024-01-12 17:03:19 Uploading file: run11772.mid.gz
2024-01-12 17:03:19 Upload done: run11772.mid.gz
2024-01-12 17:08:13 Udatentig matadata for filer file: run11773.mid.gz
2024-01-12 17:08:14 Transferring file: run11773.mid.gz
2024-01-12 17:08:14 Uploading file: run11773.mid.gz
2024-01-12 17:08:14 Upload done: run11773.mid.gz
2024-01-12 17:13:37 Udatentig matadata for filer file: run11774.mid.gz
2024-01-12 17:13:42 Transferring file: run11774.mid.gz
2024-01-12 17:13:42 Uploading file: run11774.mid.gz
2024-01-12 17:13:42 Upload done: run11774.mid.gz
2024-01-12 17:17:23 Udatentig matadata for filer file: run11775.mid.gz
2024-01-12 17:17:24 Transferring file: run11775.mid.gz
2024-01-12 17:17:24 Uploading file: run11775.mid.gz
2024-01-12 17:17:24 Upload done: run11775.mid.gz
2024-01-12 17:22:33 Udatentig matadata for filer file: run11776.mid.gz
2024-01-12 17:22:34 Transferring file: run11776.mid.gz
2024-01-12 17:22:34 Uploading file: run11776.mid.gz
2024-01-12 17:22:34 Upload done: run11776.mid.gz
2024-01-12 17:26:29 Udatentig matadata for filer file: run11777.mid.gz
2024-01-12 17:26:29 Transferring file: run11777.mid.gz
2024-01-12 17:26:29 Uploading file: run11777.mid.gz
2024-01-12 17:26:29 Upload done: run11777.mid.gz
2024-01-12 17:30:27 Udatentig matadata for filer file: run11778.mid.gz
2024-01-12 17:30:28 Transferring file: run11778.mid.gz
2024-01-12 17:30:28 Uploading file: run11778.mid.gz
2024-01-12 17:30:28 Upload done: run11778.mid.gz
2024-01-12 17:34:23 Udatentig matadata for filer file: run11779.mid.gz
2024-01-12 17:34:24 Transferring file: run11779.mid.gz
2024-01-12 17:34:24 Uploading file: run11779.mid.gz
2024-01-12 17:34:24 Upload done: run11779.mid.gz
2024-01-12 17:38:48 Udatentig matadata for filer file: run11780.mid.gz
2024-01-12 17:38:49 Transferring file: run11780.mid.gz
2024-01-12 17:38:49 Uploading file: run11780.mid.gz
2024-01-12 17:38:49 Upload done: run11780.mid.gz
2024-01-12 17:45:53 Udatentig matadata for filer file: run11781.mid.gz
2024-01-12 17:45:58 Transferring file: run11781.mid.gz
2024-01-12 17:45:58 Uploading file: run11781.mid.gz
2024-01-12 17:45:58 Upload done: run11781.mid.gz
2024-01-12 17:49:39 Udatentig matadata for filer file: run11782.mid.gz
2024-01-12 17:49:39 Transferring file: run11782.mid.gz
2024-01-12 17:49:39 Uploading file: run11782.mid.gz
2024-01-12 17:49:39 Upload done: run11782.mid.gz
2024-01-12 17:53:23 Udatentig matadata for filer file: run11783.mid.gz
2024-01-12 17:53:27 Transferring file: run11783.mid.gz
2024-01-12 17:53:27 Uploading file: run11783.mid.gz
2024-01-12 17:53:27 Upload done: run11783.mid.gz
2024-01-12 17:56:53 Udatentig matadata for filer file: run11784.mid.gz
2024-01-12 17:56:53 Transferring file: run11784.mid.gz
2024-01-12 17:56:53 Uploading file: run11784.mid.gz
2024-01-12 17:56:53 Upload done: run11784.mid.gz
2024-01-12 18:00:34 Udatentig matadata for filer file: run11785.mid.gz
2024-01-12 18:00:35 Transferring file: run11785.mid.gz
2024-01-12 18:00:35 Uploading file: run11785.mid.gz
2024-01-12 18:00:35 Upload done: run11785.mid.gz
2024-01-12 18:05:29 Udatentig matadata for filer file: run11786.mid.gz
2024-01-12 18:05:37 Transferring file: run11786.mid.gz
2024-01-12 18:05:37 Uploading file: run11786.mid.gz
2024-01-12 18:05:37 Upload done: run11786.mid.gz
2024-01-12 18:09:19 Udatentig matadata for filer file: run11787.mid.gz
2024-01-12 18:09:20 Transferring file: run11787.mid.gz
2024-01-12 18:09:20 Uploading file: run11787.mid.gz
2024-01-12 18:09:20 Upload done: run11787.mid.gz
2024-01-12 18:13:02 Udatentig matadata for filer file: run11788.mid.gz
2024-01-12 18:13:02 Transferring file: run11788.mid.gz
2024-01-12 18:13:02 Uploading file: run11788.mid.gz
2024-01-12 18:13:02 Upload done: run11788.mid.gz
2024-01-12 18:17:01 Udatentig matadata for filer file: run11789.mid.gz
2024-01-12 18:17:02 Transferring file: run11789.mid.gz
2024-01-12 18:17:02 Uploading file: run11789.mid.gz
2024-01-12 18:17:02 Upload done: run11789.mid.gz
2024-01-12 18:21:00 Udatentig matadata for filer file: run11790.mid.gz
2024-01-12 18:21:01 Transferring file: run11790.mid.gz
2024-01-12 18:21:01 Uploading file: run11790.mid.gz
2024-01-12 18:21:01 Upload done: run11790.mid.gz
2024-01-12 18:42:05 Udatentig matadata for filer file: run11791.mid.gz
2024-01-12 18:42:13 Transferring file: run11791.mid.gz
2024-01-12 18:42:13 Uploading file: run11791.mid.gz
2024-01-12 18:42:13 Upload done: run11791.mid.gz
2024-01-12 18:45:28 Udatentig matadata for filer file: run11792.mid.gz
2024-01-12 18:45:29 Transferring file: run11792.mid.gz
2024-01-12 18:45:29 Uploading file: run11792.mid.gz
2024-01-12 18:45:29 Upload done: run11792.mid.gz
2024-01-12 18:48:28 Udatentig matadata for filer file: run11793.mid.gz
2024-01-12 18:48:29 Transferring file: run11793.mid.gz
2024-01-12 18:48:29 Uploading file: run11793.mid.gz
